LEI,Name
01ERPZV3DOLNXY2MLB90,"Libertyville Bank & Trust Company, National Association"
029200067A7K6CH0H586,CENTRAL SECURITIES CLEARING SYSTEM PLC
0292001167H3Q0GH7D41,CSL STOCKBROKERS LIMITED
0292001381F1R1IB5B85,STANBIC IBTC STOCKBROKERS LIMITED
0292001868F6N5VI5G15,GUARANTY TRUST BANK PLC
0292002067E3RH4D8768,UNITED BANK FOR AFRICA PLC
0292002317A4R1YH0E14,SUNTRUST BANK NIGERIA LIMITED
029200261G6Q56G8FG36,UNION BANK OF NIGERIA PLC
0292002658J9P5CI9J88,FSDH MERCHANT BANK LIMITED
029200268F8M5YI5I629,ZENITH BANK PLC
0292002717G4T0CH6E65,FBNQUEST MERCHANT BANK LIMITED
029200272C8R6X82I858,CORONATION MERCHANT BANK LIMITED
029200298A5K5WI0F567,FIDELITY BANK PLC
029200328C3N9YI2D660,ACCESS BANK PLC
0292003420A1T0UA0B05,INDORAMA ELEME FERTILIZER & CHEMICALS LIMITED
029200343C4N7D2E6H83,CITIBANK NIGERIA LIMITED
0292003440E3M3A4D637,UNITY BANK PLC
029200364B8N6X9F1I18,RAND MERCHANT BANK NIGERIA LIMITED
0292003737D4P1AH3E44,EFG HERMES NIGERIA LIMITED
029200378B3O1B9I1D22,TITAN TRUST BANK LIMITED
0292003898E7N8V6I421,NOVA COMMERCIAL BANK LIMITED
029200421B2S3W5N1C65,LOTUS BANK LIMITED
0292004258F9P7WI5J25,GREENWICH MERCHANT BANK LIMITED
0292004535H2Q4BF7C84,JAIZ BANK PLC
0292004905B9O1DF1J36,INTERSWITCH LIMITED
0292004918J0S8WI9A13,PROVIDUS BANK LIMITED
029200494H3E7D4H3E24,WEMA BANK PLC
029200648E6L8VI4G586,SKYE BANK PLC
029200807D9MH3J67D65,STERLING BANK PLC
02Q37D0NZ4LRWNCY0996,"AVENUE CAPITAL MANAGEMENT II, L.P."
03D0JEWFDFUS0SEEKG89,"TD Bank, National Association"
041IN8UC0WSUI58P8Q64,ADMINISTRADORA DE FONDOS DE PENSIONES CAPITAL S.A.
06BTX5UWZD0GQ5N5Y745,WESTINGHOUSE AIR BRAKE TECHNOLOGIES CORPORATION
073LKXEKEP6T62NK2G42,CITI BANK UGANDA LIMITED
07F5H7W3ET8ZLWNMFP29,STATE STREET GLOBAL ADVISORS EUROPE LIMITED
08C2IQ0VM1B2PBTVHC56,"RED HAT, LLC"
097900BEF50000000569,"Prvá stavebná sporiteľňa, a. s."
097900BEFH0000000217,"Centrálny depozitár cenných papierov SR, a.s."
097900BELS0000005586,"Wüstenrot stavebná sporiteľňa, a.s."
097900BFBJ0000007250,SAMOBORSKA BANKA dioničko društvo
097900BFEJ0000024657,"Slovenská záručná a rozvojová banka, a. s."
097900BFH50000030808,"RM - S Market o.c.p., a.s."
097900BGMG0000058204,CEE Active Asset Management Zrt.
097900BHFM0000074794,Ministerstvo financií Slovenskej republiky
097900BHFR0000075034,"J&T BANKA, a.s., pobočka zahraničnej banky"
097900BHH60000080393,AB House a.s.
097900BHHK0000079157,"Infinity ELITE, o.c.p., a.s."
097900BHI50000081698,"CAPITAL MARKETS, o.c.p., a.s."
097900BHIY0000081525,"PROXENTA Finance, o.c.p., a. s."
097900BHJN0000082014,"PRIVESTO CAPITAL, a.s., obchodník s cennými papiermi"
097900BHK00000087656,Agentúra pre riadenie dlhu a likvidity
097900BHKR0000084775,"International Investment Platform, o.c.p., a.s."
097900BHLC0000087788,"Wealth Effect Management o.c.p., a.s."
097900BHLO0000087297,"European Investment Centre, o.c.p., a. s."
097900BHMG0000096078,"QuantOn Solutions, o.c.p., a.s."
097900BHMP0000101457,SBF a.s.
097900BIIX0000168239,"Burza cenných papierov v Bratislave, a.s."
097900BJFP0000196858,"PARTNERS INVESTMENTS, o.c.p., a.s."
097900CAKA0000029657,K-PAY a.s.
097900CAKA0000052355,"PARTNERS Fond realitných investícií, o.p.f., PARTNERS ASSET MANAGEMENT, správ. spol., a. s."
0BGI85ALH27ZJP15DY16,BALL CORPORATION
0FRBUZNK0A53GHYLTX63,GOLDMAN SACHS (ASIA) FINANCE
0IKLU6X1B10WK7X42C15,SOCIETE GENERALE INTERNATIONAL LIMITED
0KH67AG8S2C0UUDZ7J79,ALPHADYNE ASSET MANAGEMENT LP
0NURKC5Q3CJYZPPK5046,Wacker Chemie AG
0O4KBQCJZX82UKGCBV73,BARRICK MINING CORPORATION
0OK00T8HAYS2LL2RVU43,"BRIGADE CAPITAL MANAGEMENT, LP"
0PHO5TIVSGUENHEGOR51,DRW INVESTMENTS L.L.C.
0SK1ILSPWNVBNQWU0W18,Landeskreditbank Baden-Württemberg -Förderbank-
0SNYM8YYKYB4ZH7G4F66,UNICREDIT LIFE INSURANCE S.P.A.
0W1U67PTV5WY3WYWKD79,HSBC BANK BERMUDA LIMITED
0W2PZJM8XOY22M4GG883,DEKABANK DEUTSCHE GIROZENTRALE
0W5QHUNYV4W7GJO62R27,HYPO TIROL BANK AG
0WWZ9WRSWZSADGTPNI62,MORGAN STANLEY (SWITZERLAND) GmbH
0XKTQGPTA3P542CII630,IBM FRANCE FINANCEMENT
0XNERYKNM1SJ16DXK809,BLUEBAY ASSET MANAGEMENT LLP
0YQH6LCEF474UTUV4B96,ENEL FINANCE INTERNATIONAL N.V.
0Z3VO5H2G7GRS05BHJ91,NOMURA GLOBAL FINANCIAL PRODUCTS INC.
11FPWBB1JSKFHLRO8E15,BERMUDA COMMERCIAL BANK LIMITED
123WALMHY1GZXG2YDL90,PVH CORP.
12UUJYTN7D3SW8KCSG25,CITADEL SECURITIES LLC
13250000000000000204,THE MAURITIUS COMMERCIAL BANK LIMITED
13250000000000000495,CENTRAL DEPOSITORY & SETTLEMENT CO. LTD
13250000000000000980,ABC BANKING CORPORATION LTD
13Y3SXL8Z04FPZVDWE47,COLONIAL FIRST STATE INVESTMENTS LIMITED
15952F0LOU8NPBM6BS91,DARK COSMOS CREATIVE LTD
1595PKFEYTAM6BDGMB47,HEIMDAL FORVALTNING AS
165GRDQ39W63PHVONY02,ZÜRCHER KANTONALBANK
18B0XXQZGRUMTWTLAN28,"""HANDLOWY FINANCIAL SERVICES"" SPÓŁKA Z OGRANICZONĄ ODPOWIEDZIALNOŚCIĄ"
1ASU5Y9CXIY9ETFWOY26,MERRILL LYNCH SOUTH AFRICA
1DU7IM20QESYGDO4HO54,The Northwestern Mutual Life Insurance Company
1FN51LDHILXJ06W1QN20,GOOGLE IRELAND HOLDINGS UNLIMITED COMPANY
1FOLRR5RWTWWI397R131,Aktiebolaget Svensk Exportkredit
1G3OSH3GLGJ7X1JC5I61,MASSACHUSETTS FINANCIAL SERVICES COMPANY
1I2P6JFFWFHRB5GISE58,"MONEYGRAM PAYMENT SYSTEMS, INC."
1IE8VN30JCEQV1H4R804,"HSBC BANK USA, NATIONAL ASSOCIATION"
1JJY8I27IN483BHQLX09,OCBC Bank (Hong Kong) Limited
1N66B6IZ3PPGHI6ZZQ73,Schroder & Co Bank AG
1P0UUG7LC1S92QTNHG39,BANCO CITIBANK S A
1QUOWSL4BB7F7HSZZ890,GUARDIANS OF NEW ZEALAND SUPERANNUATION
1V8Y6QCX6YMJ2OELII46,CREDIT SUISSE SECURITIES (USA) LLC
1VUV7VQFKUOQSJ21A208,CREDIT AGRICOLE CORPORATE AND INVESTMENT BANK
1VUZZZCW0TWP6R7N3Z33,Union Savings Bank
1YTX3EVB2EG3PFFYOI09,"ELLIOTT INTERNATIONAL, L.P."
1ZU7M6R6N6PXYJ6V0C83,KYTE BROKING LIMITED
207ALC1P1YM0OVDV0K75,"Capital One, National Association"
20FULDKQMC7ZL80LYR79,JPMORGAN ASSET MANAGEMENT (UK) LIMITED
20S05OYHG0MQM4VUIC57,FORD MOTOR COMPANY
20TVKH7M13MUBGE80C53,Independent Bank
213800111ONS9Z3VA813,PHOENIX ASSET MANAGEMENT PARTNERS LIMITED
21380011ZYMBN21SZ194,CROWN AGENTS BANK LIMITED
21380013CSERQJ9M2D59,LIQUID CAPITAL MARKETS LTD
21380013V6JI2T3MOG16,HAMPSHIRE TRUST BANK PLC
21380014FWEQLXPC7N30,HARGREAVES LANSDOWN SAVINGS LIMITED
21380014PZ7YEGITOB59,MAREX FX LIMITED
21380014S3KYPM6DSP95,"Kredito unija ""Saulėgrąža"""
21380016LC6HZPCIZM52,NS ASSET MANAGEMENT UK LTD
21380016LG58XVM8XF70,INTERNATIONAL AIR TRANSPORT ASSOCIATION
213800171YARKXTJAF17,AKTIEBOLAGET STENA FINANS
21380017BQK1NEOEXR43,ACCESSBANK TANZANIA LTD
21380017Q93AYXOJGK71,CHARTERHOUSE GENERAL PARTNERS (IX) LIMITED
21380017T2YZN2UGRB97,EXCELLENCE INVESTMENTS MANAGEMENT AND SECURITIES LTD
213800181YOLRJFDJF94,SHIFT4 LIMITED
21380018AJDKNF3A6712,TESCO CORPORATE TREASURY SERVICES PLC
21380018Q5GTQD6REI36,"IBS FORWARD PAYMENT SOLUTIONS, S.A."
2138001939R54S3QAM24,PVM OIL ASSOCIATES LTD.
21380019E5B2HR23LV10,SARANAC PARTNERS LIMITED
2138001A11QZTEW6I690,UNITED FRIENDLY INSURANCE LIMITED
2138001AVBSD1HSC6Z10,JOHNSON MATTHEY PLC
2138001AX63A2G3ZG696,ALTER DOMUS AGENCY SERVICES (UK) LIMITED
2138001BB6WD5MI1QD94,CMBC CAPITAL HOLDINGS LIMITED
2138001CNF45JP5XZK38,KONE OYJ
2138001E2H4N16WY5L59,INTEROGO TREASURY AG
2138001E2ZEL8AVW7O94,AIA SINGAPORE PRIVATE LIMITED
2138001ENWGPLH6F4Y25,Columbia Threadneedle Netherlands B.V.
2138001FDSSUIS78W319,SINGER CAPITAL MARKETS ADVISORY LLP
2138001GBION41P49M96,MIRABELLA FINANCIAL SERVICES LLP
2138001GKM54HSYO4Q41,BOV ASSET MANAGEMENT LIMITED
2138001HYSJ92GY2E198,URSUS BREWERIES SA
2138001IUY9CEJUEOG31,MERITUM SECURITIES LIMITED
2138001KFZ6XIBP7AT59,"LINK SECURITIES SOCIEDAD DE VALORES, S.A."
2138001KQ9WPRIO68E47,CAIXA ECONÓMICA DO PORTO ANEXA À A BENEFICÊNCIA FAMILIAR - ASSOCIAÇÃO DE SOCORROS MÚTUOS
2138001LJHSN6ZR49821,INVESTMENT & PORTFOLIO CONSULTANTS LIMITED
2138001M3QU1TG2HZG36,PERMIRA ADVISERS LLP
2138001M5OB5OE11NS50,BANK MANDIRI (EUROPE) LIMITED
2138001M7RUSIXTABC71,MEDINVESTMENT BANK SAL
2138001MRGNB2OZX6H38,HOTEL INVESTMENT PARTNERS S.A.
2138001MSA39Q44QTA18,სს თიბისი ბანკი
2138001N4NMSYRFXWR88,BANK OF ENGLAND ASSET PURCHASE FACILITY FUND LIMITED
2138001NBPMV81X1IP47,AUGUSTA & CO LIMITED
2138001OCJ42T73BY742,FIRST NATIONAL BANK GHANA LIMITED
2138001OFRC7WD2CK816,GENEVA CAPITAL MANAGEMENT LLC
2138001OK25UIN6NL309,PREVIP FONDO PENSIONE
2138001Q77JDLESS4Y50,"بنك اتش اس بى سى مصر"" شركة مساهمة مصرية"
2138001QZGOK42KGQM03,NATIONAL BANK OF EGYPT
2138001S6HODIT2QSE84,SWISS FINANCE CORPORATION LIMITED
2138001SIIX6F55L4L72,TRUE POTENTIAL INVESTMENTS LLP
2138001TG1S5MH96FF83,TSH GROUP HOLDING B.V.
2138001UDRAOJVSWVE59,IBANFIRST LIMITED
2138001UYFF4L8FOMN55,AXIS CAPITAL MARKETS LIMITED
2138001V76F66ASAJT81,HARGREAVES LANSDOWN STOCKBROKERS LTD
2138001VBBD3M1ADWB86,CITY HOUSE INVESTORS LIMITED
2138001WO21Z3B8Y8K20,LLOYDS BANK GMBH
2138001WTFJROEZTMX89,GMSA INVESTMENTS LIMITED
2138001WXZQOPMPA3D50,TRADEWEB EUROPE LIMITED
2138001X3KFOKGCXHA98,YAZAKI EUROPE MIDDLE EAST AFRICA
2138001XORMFD3NPVT36,FITCH MEXICO SA DE CV
2138001Y512RXGN3R994,THE BANK OF NEW YORK MELLON SA/NV – AMSTERDAM BRANCH
2138001YBO7CJNQOEE37,BANCO MEDIOLANUM SA
2138001Z5O6ZHTQLYW13,SNB GLOBAL LIMITED
2138002196AJP3QW9326,GOJI FINANCIAL SERVICES LIMITED
21380021TLO2CMFTYT54,ЕЛАНА ФОНД МЕНИДЖМЪНТ
21380023G8LF55V46281,EMR GROUP LIMITED
21380023ISLSM3JF7B32,WBS CLIENT NOMINEES LIMITED
21380023XILSCPFDSU24,WORLDWIDE CURRENCIES LIMITED
213800246DSYDX1BMF80,KEXIM BANK (UK) LIMITED
213800247F9DRTHRPW30,NINETY ONE FUND MANAGERS UK LIMITED
21380024WQ7CDTHQ8Q92,ΠΗΓΑΣΟΣ ΧΡΗΜΑΤΙΣΤΗΡΙΑΚΗ Α.Ε.Π.Ε.Υ.
21380025PU3NPIS4NF77,恒生證券有限公司
21380025TE85ILLXNU42,SCHRODER INVESTMENT MANAGEMENT AUSTRALIA LIMITED
21380026I4QYWUXSXN60,CARPHONE WAREHOUSE EUROPE LIMITED
21380026K8GC4PFCDP05,PUBLICIS FINANCE SERVICES
21380026MQCOVUWBIC85,HSBC PROVIDENT FUND TRUSTEE (HONG KONG) LIMITED
21380026NZGS8JYYY575,RFC AMBRIAN LIMITED
21380027LW8AF6I1WA03,ROEMER CAPITAL (EUROPE) LIMITED
21380027R6KMKXGKN581,AEON PAYMENT TECHNOLOGIES LIMITED
21380028ATJ79OTA9W17,SAUDI TELECOM COMPANY
21380029O1RSZIAVOR95,UCB BIOPHARMA
21380029WFT97C1ZX319,汇丰晋信基金管理有限公司
2138002A94VOQHNXKL95,SGM - FOREIGN EXCHANGE LIMITED
2138002AG4YCTF6Y6C17,ITALTEL S.P.A.
2138002AL4BZU16PET59,RATHBONES ASSET MANAGEMENT LIMITED
2138002D8485FW4F4A02,BASISFINANS A/S
2138002DFHCS6QER7P29,AL DAR FOR EXCHANGE WORKS
2138002DP5F5M9EFRX54,SWAPAGENT LIMITED
2138002DQL2YD4S8HE87,(بنك دبي التجاري (ش.م.ع
2138002DUZUTW7A25X27,湖北随州曾都汇丰村镇银行有限责任公司
2138002EMG9DRRXUXS82,LDC (MANAGERS) LIMITED
2138002ENGNNMA7WK626,SCHRODER UNIT TRUSTS LIMITED
2138002EVRD5TWEC3X33,AMSTEL SECURITIES LLP
2138002FGKUFD9BPZ711,MAUBANK LTD
2138002FX1MYCA5ZZH32,CALEDONIA INVESTMENTS PLC
2138002GAQFVOOCXUQ35,Société Internationale de Télécommunications Aéronautiques
2138002GH184KUKM1248,交銀國際證券有限公司
2138002GI1GKI3V4UG48,BROKERTEC EUROPE LIMITED
2138002GNA6VJZ2H6E97,CREST DEPOSITORY LIMITED
2138002GY7ZHKWT5WY33,SIGMA PRIVATE OFFICE LIMITED
2138002H4QLTWIPNVA44,華夏基金(香港)有限公司
2138002I8ITUA9OJ4Q72,Boson Alfa Ltd
2138002J6O3FSP59QS18,BARING FUND MANAGERS LIMITED
2138002JBPQSLWI1FC03,GROSVENOR FINANCIAL ASSET MANAGEMENT LIMITED
2138002KSVYO8VKTEK05,BANK OF AFRICA-NIGER
2138002L319H1ZIHGN15,KOTAK MAHINDRA (UK) LIMITED
2138002LI3FHE8CMMU59,ROYAL LONDON UNIT TRUST MANAGERS LIMITED
2138002M5U5K4OUMVV62,RINGKJØBING LANDBOBANK. AKTIESELSKAB
2138002MOUW7MFTDEF84,JOHNSON CONTROLS INTERNATIONAL
2138002NCURQ4WOF8719,HOLBEIN PARTNERS LLP
2138002OAS93SFYSFT13,滙豐金融期貨(香港)有限公司
2138002P5RNKC5W2JZ46,TESCO PLC
2138002PETQIOI6YQU40,FONDY LTD
2138002PRXSLSTN6CN40,ICAP FUTURES (AUSTRALIA) PTY LTD
2138002PT1Z3N88ITP70,الشركة الكويتية للمقاصة / مساهمة المقفلة
2138002PV74I1EAGGO59,"ZENIT KAPITAL O.C.P., A.S."
2138002PVBMEHILJ1340,Mitsubishi UFJ Investor Services & Banking (Luxembourg) S.A.
2138002QGPYHPA7YJZ93,BAVARIA & CIA SCA
2138002R77PYY7AEKF25,JAMES HAMBRO & PARTNERS LLP
2138002RV6AUUX19F397,הבנק הבינלאומי הראשון לישראל בעמ
2138002TJAEVDAI8BF78,SAXO CAPITAL MARKETS UK LTD
2138002U29YTPPRF1O03,BANQUE INTERNATIONALE POUR LE COMMERCE ET L'INDUSTRIE DE LA GUINÉE. - SA
2138002UA2YDWN1XF943,ICC-UK LIMITED
2138002V98D1E3TINN53,Stichting Custodian Modulr Finance
2138002VQRM34SEUVL84,興證國際證券有限公司
2138002VSUCA8PMPE555,GIVAUDAN INTERNATIONAL SA
2138002XB6T14IGKGU43,ICICI BANK UK PLC
2138002XZG664PVZFZ92,AXA ASSICURAZIONI SPA
2138002Y1HNQLA8IG706,DUDLEY BUILDING SOCIETY
2138002Y3WMK6RZS8H90,FIRST ABU DHABI BANK P.J.S.C.
2138002YAB7Z9KO21397,MONOOVA GLOBAL PAYMENTS PTY LTD
2138002YRB54CNYA1E73,GOTTEX BROKERS SA
2138002ZGMX41L9ZCN58,HUNTING KNIGHTSBRIDGE HOLDINGS LIMITED
2138002ZKYBVIEH1MI41,GLOBAL INVESTMENT STRATEGY UK LIMITED
2138002ZW2HMFTRYF147,BANCA DI CREDITO COOPERATIVO DEL METAURO - SOCIETA' COOPERATIVA
21380031335M4LHQJ436,LIQUIDNET CANADA INC.
21380031YAV2JTNT6X10,ARLINGTON GROUP ASSET MANAGEMENT LIMITED
21380032DOSHV6AFSI63,OBAM N.V.
2138003319Y7NM75FG53,"Galp Energia, SGPS, S.A."
21380033UO9CD6G1C848,بنك البحر المتوسط ش.م.ل
2138003488D1LGCBRV23,IFAST GLOBAL BANK LIMITED
21380034DOJHZ2T7BN13,FORTEN ASSET MANAGEMENT LIMITED
21380035C5N1U63AZA68,TRADE NATION FINANCIAL UK LTD
2138003627XTQM6CSN30,Amundi Austria GmbH
2138003692UO9DKNP157,LHCM LTD
21380036BEFEQ3ZRP871,W H IRELAND LIMITED
21380036LA1ULHP1FI20,VOLT TECHNOLOGIES HOLDINGS LIMITED
21380037PNZOFQCZY486,RESERVE BANK OF MALAWI
21380037YFKONTT23854,HRT FINANCIAL LP
21380038NTY1PVJ3IY34,"ARBUTHNOT LATHAM & CO., LIMITED"
21380038URSV8JOD6I20,MDRN-FX SERVICES LIMITED
21380038XUUU6JI5WI02,NINETY ONE GUERNSEY LIMITED
213800398WCKXP4LS328,NAOS ASSET MANAGEMENT LIMITED
21380039DXZZIN38WR68,ZEMPLER BANK LIMITED
2138003A5Q1M7ANOUD76,IG GROUP HOLDINGS PLC
2138003BPEJKCL54BL15,(ΠΡΙΛΙΟΥΜ) PRELIUM ΑΝΩΝΥΜΗ ΕΤΑΙΡΙΑ ΠΑΡΟΧΗΣ ΕΠΕΝΔΥΤΙΚΩΝ ΥΠΗΡΕΣΙΩΝ
2138003CSNVJEPFZ3U52,PRINCIPALITY BUILDING SOCIETY
2138003E7UBOEXP61F19,法銀巴黎證券股份有限公司
2138003GCEENOS7F9B70,APEX GROUP FIDUCIARY SERVICES LIMITED
2138003GMKAIWQ1PGY37,WALTER SCOTT & PARTNERS LIMITED
2138003H9ZPU1CLHW410,THE PENTECOSTAL CREDIT UNION LIMITED
2138003HSB2WUIM4TH48,FONDO PENSIONE PER IL PERSONALE DELL'EX BANCA DI ROMA
2138003HW6485HGVSH88,ICBC (LONDON) PLC
2138003ID8XMMFINHI31,COLUMBIA THREADNEEDLE REP AM LIMITED
2138003IEBBQGQOFSP42,INTERBANK FINANCIAL SERVICES SPÓŁKA Z OGRANICZONĄ ODPOWIEDZIALNOŚCIĄ W LIKWIDACJI
2138003IGGAUDLPNC244,IZOLA BANK P.L.C.
2138003ITQC6LMRHGV74,JLT BENEFIT SOLUTIONS LIMITED
2138003J5QNXXY2V3W55,АДАМАНТ КЕПИТЪЛ ПАРТНЪРС
2138003K4HA4JNKW7342,BANCA DI CREDITO COOPERATIVO DI PERGOLA E CORINALDO - SOCIETA' COOPERATIVA
2138003KFKE6J3SQT654,TOR FX PTY LIMITED
2138003L16TYQQA1YN24,JTC (Jersey) Limited
2138003LXONKR247S255,REVOLUT BANK UK LTD
2138003MIFPEAP59X276,YUE XIU FUTURES COMPANY LIMITED
2138003MLD2U3GEMHS70,THE SEAPORT GROUP EUROPE LLP
2138003N17LZV91MMW15,COLUMBIA THREADNEEDLE AM (HOLDINGS) LIMITED
2138003N4C1X1IS7BN65,VINCI CONSTRUCTION GRANDS PROJETS
2138003NEBX5VRP3EX50,STHREE PLC
2138003NUK6SXCDIAT89,MARECHALE CAPITAL PLC
2138003O6LNVBPNZPP60,"EFG PRIVATE BANK LIMITED, JERSEY BRANCH"
2138003OH3SXO9J3ME75,GML CAPITAL LLP
2138003OYFB1WCAXKP17,CRANE INVESTMENT ANALYSIS LIMITED
2138003R8H9EWXIWMJ77,LIM ASIA SPECIAL SITUATIONS MASTER FUND LIMITED
2138003RL58W1AG82S71,恒生授信有限公司
2138003SR8NMDONGQQ76,ORANGE SCISSORS LTD
2138003UXX47G28CC919,NOMAD FOODS EUROPE LIMITED
2138003XB6XELS2WCJ37,UNITED SECURITIES CO.
2138003Z5T9GUQ2WTQ68,MBDA TREASURY COMPANY LIMITED
2138003Z5ZVN16GFYV70,BANCO FINANTIA S.A.
2138003ZKY8W9TE5EI86,BRANDON HILL CAPITAL LIMITED
21380041RFHPJWV7VH32,THE LINK ASSET AND SECURITIES COMPANY LIMITED
21380041YBGOQDFAC823,B.A.T. INTERNATIONAL FINANCE P.L.C.
21380043SQYWR6JY9Y11,S & T ASSET MANAGEMENT LLP
21380043Y95S8KQ3PA19,HRTEU LIMITED
21380043Z5PYHMM98708,RAMSEY CROOKALL & CO. LIMITED
21380044A6M8OU5BE124,TENAX CAPITAL LIMITED
21380044F9PCZ7L6F892,NIBANK LTD.
21380044UHMK3CJ55U06,"BANCO NACIONAL DE CREDITO, C.A. BANCO UNIVERSAL"
21380045XBJYPVI1FJ72,UNITING ETHICAL INVESTORS LIMITED
2138004624W8CKCSJ177,PETROFAC LIMITED
213800464ZNGK18E9N91,INNISFREE LIMITED
21380046BLMA7H864C55,PGIM FUND MANAGEMENT LIMITED
213800476OGH8UFXRK90,HEDGEFLOWS LTD
21380047DNBRQ54F9W43,BANK OF AFRICA
21380047EAR1ENO9TJ03,CSC EUROPE LIMITED
21380047O6HVRZLJG951,TICKMAKER LIMITED
213800499ZFMADCY7Q89,OCORIAN LIMITED
21380049H1IZKM8PL922,THE KANTAR GROUP LIMITED
21380049QLRWWUS8N676,EBURY MASS PAYMENTS LIMITED
2138004A38ZO2DEMSU28,ACG ADVISORS (UK) LLP
2138004B394AFP9NMZ67,WEALTHTIME LIMITED
2138004B6ZS1X5867V18,"Absa Bank Mocambique, SA"
2138004CCKDSH6RE1G26,HENSOLDT SENSORS GMBH
2138004DY7JBUMEL4X69,FIBONATIX (UK) LIMITED
2138004FGNVZBPPAW663,FLEXEWALLET PTY LTD
2138004FIUXU3B2MR537,"CAIXA ECONOMICA MONTEPIO GERAL, CAIXA ECONÓMICA BANCÁRIA, S.A."
2138004FUUD4I7X8H721,THE COMMERCIAL BANK (P.S.Q.C.)
2138004G59FXEAZ6IO10,COVENTRY BUILDING SOCIETY
2138004GV27BUAY7O765,SUNU BANK SÉNÉGAL
2138004HYX8L6R78JV97,PLATFORM SECURITIES INTERNATIONAL LIMITED
2138004IJP5F97ODIH29,HOVIONE FARMACIÊNCIA S.A.
2138004J5VSRWX5VMN77,MAYBANK SECURITIES PTE. LTD.
2138004JBXWWJKIURC57,PEARSON PLC
2138004JHFADM38LBP89,EDMOND DE ROTHSCHILD (MONACO)
2138004JRVG2M5ZJLJ39,CURZON SECURITIES LIMITED
2138004JY6ZNEQ9TZB39,RUSSELL WOOD LIMITED
2138004M68FO1QKVPT44,BEDFORD ROW CAPITAL PLC
2138004MXEU34VKAPI32,ABSA TRUST
2138004N9K31CATCK953,KINGDOM BANK LIMITED
2138004NOGHLON9I7M94,DIT SA en liquidation
2138004NQFROVWSKHW82,ME SOLARIS COMMODITIES FZCO
2138004OB9M9TL96L181,MMC SECURITIES LIMITED
2138004PM63R6524XR26,SCHRODER INVESTMENT MANAGEMENT LIMITED
2138004Q59KLNICZU191,CALICO CAPITAL LIMITED
2138004RRDC64K7UD291,SIGMA BROKING LIMITED
2138004RV2LG9PZKUL77,OGURY LIMITED
2138004SLEFZ7O9RRQ40,"LAZARD & CO., LIMITED"
2138004SY2P3MV7Q1653,LOFOTEN ASSET MANAGEMENT LIMITED
2138004TGT1KBQ71WI58,ΑΤΛΑΣ ΧΡΗΜΑΤΙΣΤΗΡΙΑΚΗ Α.Ε.Π.Ε.Υ.
2138004THIY3MSFVP862,MIR LIMITED UK LTD
2138004TIG2A3X9LLI41,CHRISTIAN AID
2138004TUI3ONH2MK159,RBC GLOBAL ASSET MANAGEMENT (UK) LIMITED
2138004U3NLEWA5ZHY32,PIRELLI INTERNATIONAL LIMITED
2138004U6JJM296SOF26,HERONBRIDGE INVESTMENT MANAGEMENT LLP
2138004UADE7XZYOY375,REGENCY ASSET MANAGEMENT (CYPRUS) LIMITED
2138004UNDYXLICL8H10,MITON GROUP PLC
2138004V8KAHW2GE5Y12,申萬宏源證券(香港)有限公司
2138004WUM8WYEBBWP52,MVAJET LTD
2138004XALS1KSCRMG03,HENDERSON ROWE LIMITED
2138004XB9VDV2ENW753,APS CAPITAL AB
2138004YBSJVUUIRA750,HABIB BANK AG ZÜRICH
2138004YRD2QPF95YH46,NUNTIUS ΧΡΗΜΑΤΙΣΤΗΡΙΑΚΗ ΜΟΝΟΠΡΟΣΩΠΗ ΑΝΩΝΥΜΗ ΕΤΑΙΡΙΑ ΠΑΡΟΧΗΣ ΕΠΕΝΔΥΤΙΚΩΝ ΥΠΗΡΕΣΙΩΝ ΜΟΝΟΠΡΟΣΩΠΗ ΑΝΩΝΥΜΗ ΕΤΑΙΡΙΑ
2138004YUYHTHXMUIU13,EQUITY TRUSTEES FUND SERVICES LTD
21380051MF78L87PI591,ΒΕΤΑ ΧΡΗΜΑΤΙΣΤΗΡΙΑΚΗ ΑΝΩΝΥΜΗ ΕΤΑΙΡΙΑ ΠΑΡΟΧΗΣ ΕΠΕΝΔΥΤΙΚΩΝ ΥΠΗΡΕΣΙΩΝ
213800523555X8AGR173,"""STATE BANK"" JSC"
21380052HNRVKOC1CI62,MERIT ΧΡΗΜΑΤΙΣΤΗΡΙΑΚΗ ANΩΝΥΜΗ ΕΤΑΙΡΙΑ ΠΑΡΟΧΗΣ ΕΠΕΝΔΥΤΙΚΩΝ ΥΠΗΡΕΣΙΩΝ
21380055DUNS6NF26T32,BIRMINGHAM BANK LIMITED
21380055O4MIP3XI7F44,LEO STEVENS & CIE
21380055QW99UJMWYV65,PRACTIKA FINANCE LTD
21380056PF7L32XJYP53,D BANK LTD
21380057HUGFEAF25W84,NOBA BANK GROUP AB (PUBL)
21380058ERUIT9H53T71,東短ＩＣＡＰ株式会社
21380058KMSRJIL8C294,BANK OF INDIA LIMITED
2138005952US1BK73L88,J M FINN & CO LTD
2138005A64T9BK11SV48,JANUS HENDERSON INVESTORS UK LIMITED
2138005ASNB8XE2FYS15,LBG EQUITY INVESTMENTS LIMITED
2138005CG1LXB26DKE60,SODITIC ASSET MANAGEMENT LLP
2138005CNV9TY74WAR28,PHOENIX GROUP MANAGEMENT SERVICES LIMITED
2138005CXARJSSKXI995,ASOS PAYMENTS UK LIMITED
2138005DRCU66B8BNY04,ABG SUNDAL COLLIER ASA
2138005E73WFKMUWB750,FNALITY UK LIMITED
2138005FD9MF6EWMPQ38,FINBANK S.A
2138005FDGARM12E7D05,REDHEDGE ASSET MANAGEMENT LLP
2138005FDK48ZZCM3K08,Grammont Finance SA
2138005G7OZ24BLZMP56,BANCA DI PESARO CREDITO COOPERATIVO - SOCIETA' COOPERATIVA
2138005GCFJACFTZUD90,FERROGLOBE PLC
2138005GGSUB8VHSZL36,FNB CAPITAL SAL
2138005GZ9NIUNAYIX89,BNP PARIBAS CARDIF VITA COMPAGNIA DI ASSICURAZIONE E RIASSICURAZIONE S.P.A.
2138005I443DGTD2RC28,BERGEN CAPITAL MANAGEMENT AS
2138005IBE41C824QF22,VANQUIS BANK LIMITED
2138005J6IMAQUR36I17,IONA CAPITAL LTD
2138005JZ7C23CXVJF86,THE EXETER PRACTICE LIMITED
2138005M92IEIQVEL297,AS INBANK
2138005MGIT3X9ZTMP37,RØNDE SPAREKASSE
2138005N93KG8SY7ZN43,PIXXLES LTD
2138005NNERSR7ODIC73,LEGAL & GENERAL INVESTMENT MANAGEMENT LIMITED
2138005NRPF24GXXZP31,ADVICORP PUBLIC LIMITED COMPANY
2138005O9XJIJN4JPN90,NATWEST GROUP PLC
2138005PQVSNKBZ2AX62,BALLINGER MARKETS LTD.
2138005PR3L49ZS15G64,PERENNA BANK PLC
2138005QPVI3K8CTGY46,MITON ASSET MANAGEMENT LIMITED
2138005RIJIL7ST31H42,BNKPRO LTD
2138005RO8TZ9PLJ6770,EQUISTONE PARTNERS EUROPE LIMITED
2138005RTH2WREDDOM75,THE BRITISH LINEN COMPANY LIMITED
2138005RWEZRJPQX2653,T. BAILEY ASSET MANAGEMENT LIMITED
2138005SP78ELT822P61,KBC SECURITIES
2138005TIA9DGNYLA172,PAYSTREE LTD
2138005U6PFAG1EGQ670,THE BANK OF NEW YORK MELLON SA/NV - DUBLIN BRANCH
2138005V2ZQ2G86FZJ50,SKRILL LIMITED
2138005VOSNPE3MLAC08,AAF LIMITED
2138005WBTDA5ZJY2U73,KHAZANAH NASIONAL BERHAD
2138005YNZGB4JGPNL33,BANCA DI CREDITO COOPERATIVO DI RECANATI E COLMURANO - SOCIETA' COOPERATIVA
2138005YUU5EFETQ1257,Aukštaitijos kredito unija
2138005Z1VIHWTRSZO95,THE FOREMOST CURRENCY GROUP LTD
2138005ZEOWWBQI5ZU43,三菱日聯證券亞洲有限公司
2138005ZJSKL41494805,KLESCH & COMPANY LIMITED
213800616HA2JM8RMK31,BANK OF AFRICA SENEGAL
21380061NK7EDRA9BS34,"BANCO ATLÂNTICO EUROPA, S.A."
21380061THWMIVRMCB05,Conduit Securities Pte. Ltd.
21380061Y9JUANJ4DJ45,ABSA CAPITAL SECURITIES
21380062NCGSFNJ3LR64,MORGANS FINANCIAL LIMITED
21380062OLOC8IXGOQ78,SEILERN INVESTMENT MANAGEMENT LTD.
21380062Q7VI4YDKSS36,LIQUIDNET AUSTRALIA PTY LTD
21380063C9WS18D6WJ21,DANISH CROWN A/S
21380063ZX54EUEMBR73,TP ICAP MTF LIMITED
213800641NEEA3KG9K90,FREEMARKETFX LIMITED
21380064JXN6YW7QAS86,FINANTIA UK LIMITED
21380064SUJ91D9D4V88,EUROCORP ΑΝΩΝΥΜΗ ΕΤΑΙΡΕΙΑ ΠΑΡΟΧΗΣ ΕΠΕΝΔΥΤΙΚΩΝ ΥΠΗΡΕΣΙΩΝ
21380065OVUSBK99TQ03,OXBURY BANK PLC
213800676U6GTEUXZE17,ALBOURNE PARTNERS LIMITED
21380067QLVQ3Z8RVT47,"LÆRERNES PENSION, FORSIKRINGSAKTIESELSKAB"
21380067YHFI7E7MX696,TRUELAYER LIMITED
21380068LJCDYA42GJ76,AFRICAN EXPORT - IMPORT BANK
21380068TTB6Z9ZEU548,PLAYTECH PLC
21380069F2WW2192UO48,VODAFONE GROUP SERVICES LIMITED
2138006AACENARGZJ838,PUNJAB NATIONAL BANK (INTERNATIONAL) LIMITED
2138006AXBAC4F1AWD58,TRADING 212 UK LIMITED
2138006AZECFVF4BN875,LLOYDS DEVELOPMENT CAPITAL (HOLDINGS) LIMITED
2138006BN642M7T45776,LEDBETTER LIMITED
2138006D32F9PXQ74N03,TRINITYBRIDGE LIMITED
2138006DHU9CTXV86Z88,APOLLO MANAGEMENT INTERNATIONAL LLP
2138006EK4WLNRQNJ364,QUILTER CHEVIOT INTERNATIONAL LIMITED
2138006FDWVEHMYAYK28,THIRD PLATFORM SERVICES LIMITED
2138006FECWIZUO67V37,國泰君安國際控股有限公司
2138006FMU2AQDQRJN35,PATRIA CREDIT INSTITUȚIE FINANCIARĂ NEBANCARĂ S.A.
2138006FNR865VUT1Q20,RBS INTERNATIONAL DEPOSITARY SERVICES S.A.
2138006H4YYN1CQFGX41,BEVERLEY BUILDING SOCIETY
2138006K7ABK4LRUP760,BALLINGER & CO. LTD
2138006MF4UXJA6C5A50,T.C. ZIRAAT BANKASI A S
2138006MHNIPTX474J89,"GEMINI PAYMENTS UK, LTD"
2138006N5LLOF59UG643,BANK OF AFRICA RDC
2138006N88Y57SVJYT49,SHARELINK SECURITIES AND FINANCIAL SERVICES LIMITED
2138006NIWZKTBTEQ490,GÖTEBORGS STAD
2138006NO5KSOIHM7H18,"MONTEPIO VALOR - SOCIEDADE GESTORA DE FUNDOS DE INVESTIMENTO, S.A."
2138006OGPE8PCA2AB75,EARL SHILTON BUILDING SOCIETY
2138006OSP9B2OSQBQ32,TRANSFERGO LTD
2138006PDDMTP3WDX242,Absa Bank Kenya PLC
2138006PH5CH5B63UA96,THE CHORLEY AND DISTRICT BUILDING SOCIETY
2138006PRPC7DIAIZV82,SINGER CAPITAL MARKETS LIMITED
2138006Q4P69VVS8MZ72,FREEDOM FINANCE EUROPE LTD
2138006QBN4BY5TE7574,WHITMAN HOWARD LIMITED
2138006R2IS13SA8EF62,SILCHESTER INTERNATIONAL INVESTORS LLP
2138006RD9NTR6UGG449,BANCOPOSTA FONDI S.P.A. SOCIETA' DI GESTIONE DEL RISPARMIO O
2138006REDF2GHELSE07,PT BUMIPUTERA SEKURITAS
2138006REMIK9KHZ3424,AL JAZEERA EXCHANGE COMPANY
2138006RZQ2Q5WP2V343,BANCA DI CREDITO COOPERATIVO DI FANO - SOCIETA' COOPERATIVA
2138006SKBMJJUE2HV03,TURQUOISE GLOBAL HOLDINGS LIMITED
2138006TR5OJ2EC1JB20,EUROCHANGE LIMITED
2138006TSK7BN1MDC772,SAGE TREASURY COMPANY LIMITED
2138006U3NWTQGC8QT20,ROBERT W. BAIRD LIMITED
2138006XK2FFFY53L343,TANDEM BANK LIMITED
2138006YNX8OGV67KH72,TABULA INVESTMENT MANAGEMENT LIMITED
2138006YWTJ8WVTDWK64,FXPRO UK LIMITED
21380071F98RZP7Q6F58,MARIANA INVESTMENT PARTNERS LLP
21380071JTH8HJFJDK78,SANLAM INVESTMENTS UK LIMITED
21380071OC6R1N8EPX06,CFP ENERGY LIMITED
2138007232T7JB81CP53,POSITIVE EQUITY LIMITED
21380072FPLBTFOSYG49,華泰資本投資有限公司
21380072G4NGH8FU1P58,WEST MIDLANDS ENTERPRISE LIMITED
21380073P7J4PAD91E29,EMKAP Ltd
21380074NBOIVN65R818,C&A TREASURY S.A.
21380076AAHNE6WA5G51,MARKS AND SPENCER UNIT TRUST MANAGEMENT LIMITED
21380076R9CRDLUI6F41,شركة المزيني للصيرفة ش م ك م
213800776KQOMMVHUW15,COLUMBIA THREADNEEDLE FUND MANAGEMENT LIMITED
2138007775I9GY8YOL39,AXI FINANCIAL SERVICES (UK) LIMITED
21380078CCZSEEIIKA41,THE ROYAL BANK OF SCOTLAND INTERNATIONAL LIMITED
21380078FJXYHFE8KP46,"ΓΡΗΓΟΡΗΣ ΣΑΡΑΝΤΗΣ ΑΝΩΝΥΜΗ ΒΙΟΜΗΧΑΝΙΚΗ ΚΑΙ ΕΜΠΟΡΙΚΗ ΕΤΑΙΡΕΙΑ ΚΑΛΛΥΝΤΙΚΩΝ, ΕΝΔΥΜΑΤΩΝ, ΟΙΚΙΑΚΩΝ ΚΑΙ ΦΑΡΜΑΚΕΥΤΙΚΩΝ ΕΙΔΩΝ"
213800796SX7ZILTTX83,BANKING CIRCLE (LIECHTENSTEIN) AG
21380079AATLUNGD9Q32,UAE EXCHANGE UK LIMITED
2138007APLBQW5QGSX72,CHARTERHOUSE GENERAL PARTNERS (VIII) LIMITED
2138007BDV9IRS8AYD07,ISX FINANCIAL UK LTD
2138007BQ69NDVLRWH55,TRAVELEX LIMITED
2138007BUZRJ5YSHWF17,WILLIAMS INVESTMENT MANAGEMENT LLP
2138007C6HK7X4KY9567,NATION LANKA EQUITIES (PVT) LIMITED
2138007CJI27QYS3KL61,C. CZARNIKOW SUGAR FUTURES LIMITED
2138007CNPNW8FJ7KI18,SAMBA BANK LIMITED
2138007D4SHGY1KX4T75,FXPRO FINANCIAL SERVICES LTD
2138007DX2PGI77JX128,ОБЩИНСКА БАНКА
2138007EM894YQ19S568,استثمار القابضة ش.م.ع.ق
2138007EX5VCR4QPB730,TC ZIRAAT BANKASI AS
2138007F5HA5FFJROB80,"RIETUMU BANKA, AKCIJU SABIEDRĪBA"
2138007FKYFDIXTWQZ43,"HSBC SECURITIES INDONESIA, PT"
2138007HCL683ZPDD829,CLSA SINGAPORE PTE LTD
2138007HV8ZZO49STE85,TESCO PENSION INVESTMENT LIMITED
2138007JGI1M5YF7FJ53,Sydjysk Sparekasse
2138007K1UARPXBB8341,MUFG CORPORATE MARKETS (UK) LIMITED
2138007LKRN5CICILZ80,BLACK KETTLE INTERNATIONAL LIMITED
2138007LUPBTFEH45U88,BUTTERFIELD BANK (CHANNEL ISLANDS) LIMITED
2138007MMLDA9OQ1CQ40,GARBAN INTERNATIONAL
2138007NPQWP4AU2MC83,"FAIRWINDS INTERNATIONAL BANK, LLC"
2138007PG2OUTZ3VRC44,CAPITAL ΧΡΗΜΑΤΙΣΤΗΡΙΑΚΗ Α.Ε.Π.Ε.Υ.
2138007QHNWFQT39WW03,LIQUID GAS EQUIPMENT LIMITED
2138007QS5DDSY9HE584,FUTURE VALUE CONSULTANTS LIMITED
2138007QUZXQLFGCSV45,DANSK LANDBRUGS GROVVARESELSKAB A.M.B.A.
2138007R6SO8SJRB9Z36,NATIONAL FARMERS UNION MUTUAL INSURANCE SOCIETY LIMITED(THE)
2138007RMZJ9ZLEO9N66,"АКЦІОНЕРНЕ ТОВАРИСТВО """"УКРСИББАНК"""""
2138007SX6JDAUVXLI53,EDENTREE INVESTMENT MANAGEMENT LIMITED
2138007T3HU9R2V9SY68,SURESWIPE E.M.I. PLC
2138007TCSMGLHKSD677,VENDOME ASSET MANAGEMENT LIMITED
2138007TNJ412N79RU03,HARDCASTLE TRADING AG
2138007TW2T6EAHOTJ15,PRAXISIFM TRUST LIMITED
2138007VTXDM13PEUR82,"CHINA CITIC BANK CORPORATION LTD, LONDON BRANCH"
2138007WKF5CM2EUM824,"Citfin, spořitelní družstvo"
2138007WOMB3LIL5D546,INDIAN PACIFIC FUNDS MANAGEMENT PTY LTD
2138007YQFTUALU3GX55,ARAB BANK AUSTRALIA LIMITED
2138007ZHUXSGBB53N72,VANTAGE CAPITAL MARKETS LLP
2138007ZL8V6CFDRD656,IDEALING.COM LIMITED
21380081EP12LC86CB82,HSBC UK BANK PLC
21380081WSLNCSRX7115,"FONDO PENSIONE COMPLEMENTARE A CAPITALIZZAZIONE PER I LAVORATORI DELL'INDUSTRIA TESSILE - ABBIGLIAMENTO, DELLE CALZATURE E DEGLI ALTRI SETTORI INDUSTRIALI DEL SISTEMA MODA - PREVIMODA"
21380084NPZQSVLFJ124,INVESTEC AUSTRALIA LIMITED
21380085JLUHBLN69M35,COURTIERS INVESTMENT SERVICES LIMITED
21380086HP4FCV669J97,LIBERUM WEALTH LIMITED
21380087BRFAG9GDG481,HOM RE LIMITED
2138008864ADTHGQP554,MILLEIS BANQUE
213800888AEKT9RLEP27,الاتحاد الدولية للاستثمار - ذ م م
21380088AIDOVWME8H93,Ν. ΧΡΥΣΟΧΟΪΔΗΣ ΧΡΗΜΑΤΙΣΤΗΡΙΑΚΗ Α.Ε.Π.Ε.Υ.
21380088W2QBX7J5YZ92,S.I.T. SAVINGS LIMITED
21380089SXODJHI8OB46,ΙΝΤΕΛ ΕΞΠΡΕΣ ΙΔΡΥΜΑ ΠΛΗΡΩΜΩΝ ΑΝΩΝΥΜΗ ΕΤΑΙΡΕΙΑ
2138008ANZZHTOFO9Y42,RATHBONES INVESTMENT MANAGEMENT LIMITED
2138008AVF4W7FMW8W87,CEC BANK SA
2138008B5JPVTW2TCO70,FIDUS S.A.L
2138008BB2VS8R2PF621,BRITISH-AMERICAN TOBACCO (SINGAPORE) PRIVATE LIMITED
2138008BI2R18ERUEV19,SYMPHONY FINANCIAL PARTNERS (SINGAPORE) PTE. LTD.
2138008D75HEW8CH7F05,SPARK VENTURE MANAGEMENT LIMITED
2138008DSU51RVK2B468,WEALTHKERNEL LIMITED
2138008E9R5T8EA11I22,COFRA HOLDING AG
2138008EEJ75O782LP96,DUET ALTERNATIVE INVESTMENTS (UK) LIMITED
2138008EY5V67I9UY420,AVIVA WRAP UK LIMITED
2138008GGHD1Q6OZZ280,THIS BANK LIMITED
2138008GPO4TWA5DY372,MARKET HARBOROUGH BUILDING SOCIETY
2138008H1YNPC4OQXJ61,FNZ (UK) LTD
2138008ILOS84VKZRL98,ARQAAM SECURITIES BROKERAGE S.A.E
2138008JJ5PA8H5UIL69,JONESTRADING INSTITUTIONAL SERVICES LLC
2138008JU13PJ6VIC648,BANK OF AFRICA COTE D'IVOIRE
2138008K7KVOA2SVGD38,Investment Funds Direct Limited
2138008KTNTDICZU8L25,BANK SADERAT PLC
2138008L3B3MCG1DFS50,IMPERIAL BRANDS FINANCE PLC
2138008L5TTIZ79N5B27,ZADIG ASSET MANAGEMENT S.A.
2138008LEZ3ZLF8HJ541,CYNERGY BANK PLC
2138008LHD1TOYE4JE90,PIPER SANDLER LTD
2138008LQAHZJRBA1V88,GEMBA FINANCE LTD
2138008M9PIED5GJH856,KILTEARN PARTNERS LLP
2138008NEORY2DQV4R24,THORNBRIDGE INVESTMENT MANAGEMENT LLP
2138008NFY1BWOWPPK18,FABIAN J.A. FINLAY M.C.S.I.
2138008NIL42YTU4S857,XCONNECT TRADING LIMITED
2138008NSD1X1XFUK750,ΤΡΑΠΕΖΑ OPTIMA BANK A.E.
2138008O64PY6OS36I10,"CM CAPITAL MARKETS BOLSA, SOCIEDAD DE VALORES, S.A."
2138008OW7I7XOPH9X24,RVB CURRENCY UK LIMITED
2138008P3KOPXRP43C25,LOCAL PENSIONS PARTNERSHIP INVESTMENTS LTD
2138008P9NOMBRMROI73,LLOYDS BANK CORPORATE MARKETS WERTPAPIERHANDELSBANK GMBH
2138008PI5A1ZRB22X49,CAL INVESTMENTS LIMITED
2138008R2E4S7263EI48,BANCA DEL CERESIO SA
2138008RSFB9GXWKG684,بنك القاهرة عمان فرع شركة أجنبية
2138008RTFDU4QBT5686,KAMO INVESTMENTS LIMITED
2138008TN5EE8G988R66,BTIG AUSTRALIA LIMITED
2138008TNTD8XDWP4Y26,로스만스파이브스트비브이 (영업소)
2138008U6LKT8VG2UK85,ICAP CRIF A.E.
2138008UE4L8Z5IZXB19,FIS GLOBAL EXECUTION SERVICES LIMITED
2138008UL4MT8SNYKX10,TOWER RESEARCH CAPITAL EUROPE B.V.
2138008UN96JP2NBEA77,TELLWORTH INVESTMENTS LLP
2138008VIMXS2JH9RM85,MAKO GLOBAL DERIVATIVES PARTNERSHIP LLP
2138008VPZBXEN4VIA76,中信保诚基金管理有限公司
2138008VUMLNNMQ2W368,"MISR FOR CENTRAL CLEARING, DEPOSITORY & REGISTRY"
2138008X4AGVXBZN9J59,Tellus Fonder AB
2138008XQGT18GHKTS56,ALBERT E SHARP LLP
2138008XV9MITMPN2970,HERALD INVESTMENT MANAGEMENT LIMITED
2138008Y2XLPUGN6P703,WIREX LIMITED
2138008YMW56NUYN5S60,AMATI GLOBAL INVESTORS LIMITED
2138008Z54IOGPGG1838,"BENTOEL INTERNASIONAL INVESTAMA TBK, PT"
2138008ZUXHJXU69LB74,BANKPRO LIMITED
2138009113L7IDGEM175,RIO TINTO FINANCE PLC
21380091POGUW6TA4G79,EUROCHANGE FINANCIAL SERVICES LIMITED
21380092WROQH9AFU851,"MONTEPIO GESTÃO DE ACTIVOS - SOCIEDADE GESTORA DE ORGANISMOS DE INVESTIMENTO COLETIVO, S.A."
2138009547R4LBKW3U87,SPARK ADVISORY PARTNERS LIMITED
21380095A6VWMRKJZZ27,TOWER TRADING GROUP LIMITED
213800962URDJ8MY7540,ALGOENGINEERING EUROPE LIMITED
21380097KEMGO7TV4I35,مياب ش.م.ل
21380097NK4EDWWPMZ33,ORO PAY LTD
21380097QNN7QGLDSR92,ARIAN FINANCIAL LLP
213800984CWACNBY8F31,SPAREKASSEN FOR NR. NEBEL OG OMEGN
21380098NKAKODAG8W73,CANACCORD GENUITY WEALTH (INTERNATIONAL) LIMITED
21380099IEX9PVCH4523,KBR FOREIGN EXCHANGE LIMITED
21380099RT73NFBYS559,SPARKASSE BANK MALTA PUBLIC COMPANY LIMITED
2138009A2ADI4STS9925,"ALLIANCE CAPITAL INTERNATIONAL BANK, INC."
2138009BPIB3N98CK876,MODULR FINANCE B.V.
2138009CAEGO41Q6HB61,ALDERMORE BANK PLC
2138009CE61AAKCM8C29,PERCEPTIVE ECLINICAL LIMITED
2138009CEMNOB2KRSZ29,ONEIO SWISS GMBH
2138009CM5DCI2OQW132,PERSHING (CHANNEL ISLANDS) LIMITED
2138009CXUOQZ3WWFP41,Credit Agricole Securities (Asia) Limited
2138009D5LO4NW85DK68,CHELVERTON ASSET MANAGEMENT LIMITED
2138009E8SY23133YR81,RBS HG (UK) LIMITED
2138009EY9ZVHVBJN715,UNIVERSAL SECURITIES & INVESTMENTS LIMITED
2138009F8YAHVC8W3Q52,FITCH RATINGS LTD
2138009GJYEYRODQ3Q51,HSBC PORTFÖY YÖNETİMİ ANONİM ŞİRKETİ
2138009GKOGCFS4USD64,EIGHTCAP EU LTD
2138009H8W7UDCV4AM62,UNIVERSAL MERCHANT BANK LIMITED
2138009HB2SUK1ABV560,JOHNSON CONTROLS RECYCLING GMBH
2138009HCMOFPLJDX642,СОФИЯ ИНТЕРНЕШЪНЪЛ СЕКЮРИТИЗ
2138009HQG7PPER2C920,ASHURST LLP
2138009IVDK5K9E6X944,BNP PARIBAS EL DJAZAÏR
2138009IY65NWMRNV733,INVESTMENT SERVICES UK LIMITED
2138009JF724N67UOX62,HSBC証券株式会社
2138009KG1B7J1LZPU65,ΚΥΚΛΟΣ ΧΡΗΜΑΤΙΣΤΗΡΙΑΚΗ Α.Ε.Π.Ε.Υ.
2138009KZO3MK7TV6372,SHORE CAPITAL STOCKBROKERS LIMITED
2138009LKV8MTQNLPV29,ELEVATE PORTFOLIO SERVICES LIMITED
2138009LQJCIELC72U55,CORNELIAN ASSET MANAGERS LIMITED
2138009M124EE2Q9ZK29,MARKS AND SPENCER FINANCIAL SERVICES PLC
2138009M3J56JQ9UH307,CINVEN LIMITED
2138009MQOMM5QRC4N88,P/F BETRI BANKI
2138009NJZSZQPYO8W25,اتش اس بى سى سكيورتيز ايجيبت
2138009NTJ7FDGURJ138,PARMENION CAPITAL PARTNERS LLP
2138009OAUOROKMFPK95,RAMSDENS FINANCIAL LIMITED
2138009ODJ86B31Z4259,GF FINANCIAL MARKETS (UK) LIMITED
2138009QCHFQV9RC4R40,LIETUVOS CENTRINĖ KREDITO UNIJA
2138009QIYIJIFHLOI25,華為全球金融(香港)有限公司
2138009RSHBBFY9NQA62,BANQUE INTERNATIONALE POUR LE COMMERCE ET L'INDUSTRIE DU GABON
2138009SLAM48YVX9X83,S.P. ANGEL CORPORATE FINANCE LLP
2138009SZ4USUGP1IM38,"CLSA PHILIPPINES, INC."
2138009V1NHVCXIQ6V62,CHARLES TAYLOR LIMITED
2138009W7VFCTUTYZG32,SUNRATE PARTNERS UK LIMITED
2138009W8HFNXTP6DG27,GORDIAN CAPITAL SINGAPORE PRIVATE LIMITED
2138009WF4R7XHKV7U62,SAVE THE CHILDREN INTERNATIONAL
2138009Y59EAR7H1UO97,"CITADELE BANKA, AKCIJU SABIEDRĪBA"
2138009YRV91LJ4YRP36,LINK SCHEME LTD
2138009ZY9F63P4MCK37,POLUNIN CAPITAL PARTNERS LIMITED
213800A1KVW9Y7MR5C64,YFM PRIVATE EQUITY LIMITED
213800A1O379I6DMCU10,APS BANK P.L.C.
213800A1PNS41NG89H87,IMC Trading B.V.
213800A1UXCRXZBMS586,SAHARA ENERGY RESOURCE LIMITED
213800A2J4WCES8TPM32,CHANNEL INVESTMENT MANAGEMENT LIMITED
213800A3KLRXIIXJGI79,TAM ASSET MANAGEMENT LTD
213800A3YBCKWVF3DM64,VIVABANK ΜΟΝΟΠΡΟΣΩΠΗ ΑΝΩΝΥΜΗ ΤΡΑΠΕΖΙΚΗ ΕΤΑΙΡΕΙΑ
213800A4MPQ69BJNWI51,انفستكورب القابضة ش.م.ب (مقفلة)
213800A58YTPJWO3JX39,MAGYAR COFIDIS BANK ZÁRTKÖRŰEN MŰKÖDŐ RÉSZVÉNYTÁRSASÁG
213800A5US82UYY9H485,Dragon Capital (Cyprus) Limited
213800A6B77OYFMPJ124,DOWGATE WEALTH LIMITED
213800A6KGK5GO17EZ17,BROOKS MACDONALD ASSET MANAGEMENT LIMITED
213800A6ROLXD5G13B92,JS GLOBAL CAPITAL LIMITED
213800A6Y3HK3RQF8X81,VIVA PAYMENT SERVICES S.A
213800A7BEQATAOUAN40,INSTINET GERMANY GMBH
213800A7BOPQRC475O81,OAKNORTH BANK PLC
213800A846PRFCGT7P34,TS CAPITAL LIMITED
213800A8XWE825ERQP88,PANASONIC HOLDING (NETHERLANDS) B.V.
213800A8YYXFAW3J4E54,Resilience Asset Management (IOM) Ltd
213800A916APXLJZFD29,"TOLOMEO BANK INTERNATIONAL, CORP."
213800A9FKHWR4AHQG70,FLOENE ENERGIAS S.A.
213800A9GT65GAES2V60,バークレイズ証券株式会社
213800AB46IBMI36YY02,THOMAS GRANT & COMPANY LIMITED
213800AB6ACQ6JZUS306,VAN LANSCHOT KEMPEN INVESTMENT MANAGEMENT (UK) LTD
213800ABZ1O2Q65O2834,JAMES BREARLEY & SONS LIMITED
213800AC1F7GHULDMD33,ONE.IO UK LIMITED
213800AC6WKTSLP9PM85,ACM LIMITED
213800ADE5WM2O6T4186,BROWN ADVISORY LIMITED
213800ADTTGIOL88BK40,HSBC TRUST COMPANY (CANADA)
213800AE4AHNE9BJS682,CHINGGIS KHAAN BANK LLC
213800AE5VSF3V1PAV23,STARLING BANK LIMITED
213800AE7WZ7XD54KI94,ΒΟΡΕΙΟΥ ΕΛΛΑΔΟΣ ΑΝΩΝΥΜΗ ΕΤΑΙΡΕΙΑ ΠΑΡΟΧΗΣ ΕΠΕΝΔΥΤΙΚΩΝ ΥΠΗΡΕΣΙΩΝ
213800AFN5B5PXBI9Q38,ΕΛΛΗΝΙΚΑ ΤΑΧΥΔΡΟΜΕΙΑ Α.Ε.
213800AFQW3ASUKG7I91,J P JENKINS LIMITED
213800AG2H8MB5FGJ538,GUY BUTLER LIMITED
213800AG3HQ35SCTZQ84,STRATA GLOBAL LIMITED
213800AGKVL18YKQSV51,BANCO MARCHIGIANO CREDITO COOPERATIVO
213800AGN9P9YEU6AG92,LAWCOMM SOLICITORS
213800AHASVLW3QIYP34,INTERCONTINENTAL INVESTMENT BANK LTD
213800AI8LO7V2B65L29,TTG CAPITAL LIMITED
213800AINT5U4D66UA65,ALRAYAN BANK LIMITED
213800AJ5EJQFUG1O945,METHODOLOGY ASSET MANAGEMENT (UK) LLP
213800AJC8I72ZCD2E71,LEGAL & GENERAL FINANCE PLC
213800AKFASSQE52AZ88,NATIONAL BANK OF RWANDA
213800ALAYXML9EXV983,"LUSOPAY INSTITUIÇÃO DE PAGAMENTO, LDA"
213800ALVRC52VN3I821,CAVENDISH SECURITIES PLC
213800AM3GW6EP363318,LOWES FINANCIAL MANAGEMENT LIMITED
213800AM4YPXWV56D273,GREENERGY FUELS LIMITED
213800AMC6NV2C4RHT24,CMC MARKETS CANADA INC.
213800AN74H6CW4MAP75,BANQUE INTERNATIONALE POUR LE COMMERCE ET L'INDUSTRIE DE CÔTE D'IVOIRE
213800ANK59AYB612F23,INTACT INSURANCE UK LIMITED
213800ANMAAZGPH2NN22,瀚亞證券投資信託股份有限公司
213800AO44WSY18G9884,GLOBAL EXCHANGE LIMITED
213800APBQ4LDMURMV76,HSBC CASA DE BOLSA SA DE CV GRUPO FINANCIERO HSBC
213800APH22OWJSEUG89,CDAM (UK) LIMITED
213800AQ53KT5ACALQ54,"BNI - BANCO DE NEGOCIOS INTERNACIONAL (EUROPA), S.A."
213800AQHMYPEH8NNA33,BANK OF BEIRUT (UK) LTD
213800ARTVZQSADRZ559,KING & SHAXSON LIMITED
213800ATLYK9ETQ3AX94,PZ CUSSONS (INTERNATIONAL) LIMITED
213800ATOEC2O773PJ02,OX GLOBAL INVESTMENTS LTD
213800AU3TK8WLTHMK32,ЗАГОРА ФИНАКОРП АД
213800AUGBYHWNB1OX30,BREWIN NOMINEES LIMITED
213800AUWICF8C8Z8Q68,SHARP INTERNATIONAL FINANCE (U.K.) PLC
213800AVH7PAL4AJN374,TELCO UK PUBLIC LIMITED COMPANY
213800AW2EANOAI37934,FRANK SMYTHSON LIMITED
213800AWGB5LLXMDGD46,ROMETSCH & MOOR LIMITED
213800AWTJESHH3ZZM26,INTERNATIONAL STRATEGY & INVESTMENT (UK) LIMITED
213800AXCQ9J9EVHNP33,PROCHOICE CHRIMATISTIRIAKI LIMITED
213800AXQUILVAQS3374,ΣΥΝΕΤΑΙΡΙΣΤΙΚΗ ΤΡΑΠΕΖΑ ΗΠΕΙΡΟΥ ΣΥΝ.Π.Ε
213800AYQA28LZ7J6M48,UNION BANK OF INDIA (UK) LIMITED
213800AYTX5HOEOMXH86,OHENTPAY UK LIMITED
213800AZGTTC1AVBT150,CORUSCANT
213800B1L4EG1U684272,EQUALS MONEY INTERNATIONAL LIMITED
213800B1PHY5T6364353,씨엘에스에이코리아증권(주)
213800B263DJ49BZMI48,VENN SOFTWARE INC.
213800B2Z5KT33SW4D67,CAYMAN NATIONAL BANK (ISLE OF MAN) LIMITED
213800B4JQSRXQZPLD35,BCP BANK (MAURITIUS) LTD
213800B4RV7E6945FK16,FELCE MANAGEMENT CO LIMITED
213800B51FP17LGMHI59,RM CAPITAL MARKETS LIMITED
213800B5H2YBMFMFGX72,MONDO TV (SUISSE) SA
213800B5JIJ6CLE1UB91,FORSYTH BARR LIMITED
213800B6NFUNHBD4J569,SALT BANK S.A.
213800B7528Q4DIF2G76,FITCH RATINGS CIS LTD
213800B76FU2LH8AOQ08,MARLBOROUGH FUND MANAGERS LTD.
213800B7TI4OVNNTB714,MONEX EUROPE MARKETS LIMITED
213800B7TYG6ZC24PM32,AL FARDAN EXCHANGE SOLE PROPRIETORSHIP L.L.C.
213800B7YR2EA67O3G77,IG INDEX LIMITED
213800B8TGGY5OVJ4779,SHAREGAIN LTD
213800B94Q9U7RMRD715,OIL BROKERAGE LIMITED
213800B95DV1LI4ETG25,SHORE CAPITAL AND CORPORATE LIMITED
213800B9EV3SYDO3W459,AVEVA SOLUTIONS LIMITED
213800B9W4D1EISCLP26,CLSA AUSTRALIA PTY LTD
213800BABSIOVJ9U9136,BANCA DI RIPATRANSONE E DEL FERMANO - CREDITO COOPERATIVO - SOCIE TA' COOPERATIVA
213800BAPGNQ9VPQB562,LUNAPAY LIMITED
213800BAVAE4RB7YMN93,CAPITAL FOUR AIFM A/S
213800BAYEA7JOSHFN56,ANSA MERCHANT BANK LIMITED
213800BB6VMHW8R9AY64,B & C E FINANCIAL SERVICES LIMITED
213800BBJLB2YOGX9N56,LUCID INVESTMENT BANK SAL
213800BBR4OZKCP8GC80,UNLIMIT EU LTD
213800BC4TEGCCQH9V07,MELLI BANK PLC
213800BCVXHJRQIO9E23,XCONNECT MARKET MAKER LLP
213800BD519H2YV9R748,WINTERFLOOD GILTS LIMITED
213800BFC3UMJBH34V67,SONALI BANGLADESH (UK) LIMITED
213800BFX99HDP2V8G89,"WISDOM FIXED INCOME MANAGEMENT, LLC"
213800BG61RYOH8ERW53,BNY MELLON FUND MANAGERS LIMITED
213800BGF1TQB5M6PH65,MØNS BANK A/S
213800BHPTQXE7XZTU83,ASHBURTON (JERSEY) LIMITED
213800BIHR6TUQE4PB80,I & M BANK LIMITED
213800BJFRCI88UOLL93,LIDION BANK P.L.C.
213800BJV32JT6IRCS96,MONDI FINANCE PLC
213800BKA7N1LAEMZP97,EQUINITI FINANCIAL SERVICES LIMITED
213800BMCUOQSBVQ3P52,BNY MELLON FUND SERVICES (IRELAND) DESIGNATED ACTIVITY COMPANY
213800BN99SWPAHNM998,TRANZFAR LTD
213800BNHI3MXUAWD672,MISTRAL PAY LTD
213800BNX9QP1G5HBQ10,NATIONAL DEPOSITORY CENTER OF THE REPUBLIC OF AZERBAIJAN
213800BO4SXT9R8PHV43,WORLDREMIT LTD.
213800BOHWWKDL36W902,BARCLAYS BANK PLC PARIS BRANCH
213800BPCBF5HNEY3R49,NATIONAL SAVINGS AND INVESTMENTS
213800BQBKPGJWNF7T67,"MONTE ROSA OPPORTUNITIES, SICAV-SIF"
213800BSGA16NLD4U121,FTAG INVESTMENT BANK LTD.
213800BSSRYP2B397835,BTIG HONG KONG LIMITED
213800BTRTXBC24XE442,ABERFORTH PARTNERS LLP
213800BUP533SXZZ5N61,JK INVESTMENT MANAGEMENT LLP
213800BVEFNZ8UYPKL03,STIFEL NICOLAUS EUROPE LIMITED
213800BVHZ8XUCN63U23,"Citfin - Finanční trhy, a.s."
213800BVVQOBUSJXSB53,S&P Global Limited
213800BYUZ96WQ8YUV83,OLD PARK LANE CAPITAL PLC
213800BZ9V4RRA2IRN26,"ULSTER BANK, LIMITED"
213800C183NFVG587E43,SHINKIN INTERNATIONAL LTD.
213800C1LJRHXHO5QC19,AMIUS LIMITED
213800C1QJ4I6OQHJ146,CONFIANCE LIMITED
213800C6EJ416VA4M180,MUFG PENSION & MARKET SERVICES (NZ) LIMITED
213800C6Q14JHU8S2L30,ILLIQUIDX LIMITED
213800C78WI8VFJCYR09,SPAREKASSEN BREDEBRO
213800C7D4235MPY6384,JAMES SHARP & CO LLP
213800C863GH68M3GV88,CAPITA LIFE & PENSIONS REGULATED SERVICES LIMITED
213800C8G8MWTRJAOJ67,MTS ASSOCIATED MARKETS
213800C8W49H2BS46702,MARGETTS FUND MANAGEMENT LIMITED
213800C932YI7ZZL8L10,APAX PARTNERS LLP
213800CADCL6VLMAOJ47,GPIM LIMITED
213800CAHL6BV66NEZ11,AUSBIL INVESTMENT MANAGEMENT LIMITED
213800CBOERFQH934Q10,INTESA SANPAOLO BRASIL S.A. - BANCO MULTIPLO
213800CC647R2IOYWC56,VINCI CONSTRUCTION FRANCE
213800CD235ST4TMNL94,HSBC PRIVATE BANK (LUXEMBOURG) S.A.
213800CD4SC3ZWW63756,GLOBAL FINANCIAL INNOVATIONS LTD
213800CDECFSRZECKI07,RONIT CAPITAL LLP
213800CDJOF7ZZVSKW68,AS Mintos Marketplace
213800CDTWE98WGDPY11,MERCER ALTERNATIVES LIMITED
213800CDWDK4DEKCG515,CPN INVESTMENT MANAGEMENT LLP
213800CEN8XVF5RLT897,ABSA STOCKBROKERS AND PORTFOLIO MANAGEMENT
213800CF5G9GRZD2RV79,中信里昂證券有限公司
213800CFVO15RD8JO257,LIM ASIA MULTI-STRATEGY FUND INC.
213800CGBTEUT6NCVR66,BRITISH CARIBBEAN BANK LIMITED
213800CGHVK7ELH3IG75,GEOJIT FINANCIAL SERVICES LIMITED
213800CH61IN1FCWME48,BABCOCK INTERNATIONAL LIMITED
213800CH6IZ9J98PIS59,OPPENHEIMER EUROPE LTD.
213800CI6MQ4BYCHLL95,ERB FUNDS VCIC PLC
213800CIE2A3PL24C432,VINCI ENERGIES
213800CJDKL2HYJGF260,ABG SUNDAL COLLIER LIMITED
213800CKBBZUAHHARH83,香港場外結算有限公司
213800CNRQUJCNNSNB93,SOUTH32 SA COAL HOLDINGS PROPRIETARY LIMITED
213800CO8UC7MUUHRN52,اندكس للصرافة ذ م م
213800COBKLK44GUUE74,SONY EMCS (MALAYSIA) SDN. BHD.
213800CPGWUNNOVIMK75,SUMMIT FUND SERVICES JERSEY LIMITED
213800CR4PTIQPMO5B17,Interogo Liquidity SICAF-RAIF
213800CRESVKU6PQEO46,CONTRARIUS INVESTMENT SERVICES (SOUTH AFRICA)
213800CS5FNII1SF4S30,SOLEN VERSICHERUNGEN AG
213800CT66HTAXDLJ372,LANCELOT ASSET MANAGEMENT AKTIEBOLAG
213800CT9EVOBAGLKM04,TRIODOS BANK UK LIMITED
213800CTG78NC7H13637,FONDO AGENTI SPEDIZIONIERI E CORRIERI
213800CUNRETRSSNVJ95,MARYLEBONE PARTNERS LLP
213800CUU4DWKKD7DU66,PANGAEA SECURITIES LIMITED
213800CWAHHW6YYZII58,GSA CAPITAL PARTNERS LLP
213800CWNXMPW5BZ9M90,LANDBRUGETS FINANSIERINGSINSTITUT A/S
213800CWWS2B77LUJ848,BERMUDA TRUST COMPANY LIMITED
213800CX75TGT3CP5X77,GTS SECURITIES EUROPE LTD
213800CXIBLC2TMIGI76,SECURE TRUST BANK PUBLIC LIMITED COMPANY
213800CXWV2463YXD139,EVELYN PARTNERS SECURITIES
213800CY7UK7DYGWPL83,BANK OF CHINA (MAURITIUS) LIMITED
213800CYWGYQVT1ZBQ57,Arab national bank
213800CZ8BNV4HPJI851,LONDON AND OXFORD CAPITAL MARKETS LIMITED
213800CZM9YMSN4AL882,ICAP ENERGY LIMITED
213800D1EI4B9WTWWD28,LONDON STOCK EXCHANGE PLC
213800D1L3R2MWV39G88,QATAR NATIONAL BANK _TUNISIA
213800D3UKCFEQXCQD09,EURIVEX LTD
213800D41PZHBTEHQN06,KROO BANK LTD
213800D57EATERQQHI45,KREIS CONSULTING LIMITED
213800D62YIAFF4IIB75,SILVERFLEET CAPITAL LIMITED
213800D78C3TAILDRE75,MELTEMI INVESTMENT MANAGEMENT LIMITED
213800D7B1LHZ9IZVW13,БОГД БАНК ХХК
213800D7KZL474UAPT09,ICAP SECURITIES HONG KONG LIMITED
213800D7MNLOSCIW1Q04,Absa Bank (Seychelles) Limited
213800D836LM6FFK9U60,"WILLIAM BLAIR INTERNATIONAL, LTD"
213800D85UTZM852ER89,IMC PACIFIC PTY LTD
213800D8Y3L51SB9F532,SPREADEX LIMITED
213800D8ZGDJZPOC9180,OCTOPUS INVESTMENTS LIMITED
213800D9NCAPJ37UN538,"PROVIDENCE LIFE LIMITED, PCC"
213800D9O7FUQDH83V62,VALMET OYJ
213800D9VGJPQFNUK934,OPAL TRANSFER LTD
213800DA888C8JEFHX93,JLT INVESTMENT MANAGEMENT LIMITED
213800DAFKGCXA75BD06,WALKER CRIPS INVESTMENT MANAGEMENT LIMITED
213800DBQIB6VBNU5C64,ΑΛΦΑ ΤΡΑΠΕΖΑ Α.Ε.
213800DBUPOWGFXI8P63,BRIDGEPOINT ADVISERS LIMITED
213800DC6FGF4NI1GZ35,TOONA TREE CAPITAL LIMITED
213800DCGUIXGBT4KU10,元大證券股份有限公司
213800DD8GVBIP1HM239,FIRSTBANK UK LIMITED
213800DEGR1LRZNWUP58,PT. EASTSPRING INVESTMENTS INDONESIA
213800DF88N444TZD357,SOLIDUS SECURITIES ΑΕΠΕΥ
213800DG2M8QX22U6P30,BANK OF CEYLON (UK) LIMITED
213800DGSMXUM6Q7U474,ΔΗΜ. ΑΘ. ΤΣΕΚΟΥΡΑΣ ΧΡΗΜΑΤΙΣΤΗΡΙΑΚΗ ΑΝΩΝΥΜΗ ΕΤΑΙΡΙΑ ΠΑΡΟΧΗΣ ΕΠΕΝΔΥΤΙΚΩΝ ΥΠΗΡΕΣΙΩΝ
213800DGZGQGCLREAY39,PLATFORM SECURITIES LLP
213800DH6UHCSVBP7F78,NOVUM BANK LIMITED
213800DIEMENQXV8TT12,BANK OF CHINA (ZAMBIA) LIMITED
213800DIFN7NR7B97A50,MFE-MEDIAFOREUROPE N.V.
213800DIYIKDWRCFOC55,JONESTRADING INTERNATIONAL LIMITED
213800DJQ5OCWSES4R64,"CB PAYMENTS, LTD"
213800DJV7WRJBE2II28,ASCOT GROUP LIMITED
213800DK2Y6OXICO2F34,بنك تونس العالمي
213800DKZ4WHI3JFWW71,STIFEL EUROPE HOLDINGS LIMITED
213800DL8OJU4EUDND95,HAWKSMOOR INVESTMENT MANAGEMENT LIMITED
213800DLWE4JIVICBM62,FIRST CAPITAL BANK LIMITED
213800DM562SYIKV2W22,NMB BANK LIMITED
213800DMBE34KEPM8B30,Banque Eric Sturdza SA
213800DP1WJ8UNVBHC67,HSBC GLOBAL ASSET MANAGEMENT (SINGAPORE) LIMITED
213800DPCMTCD7VRF336,SIZEWELL C LIMITED
213800DPWK1AXSAJZM30,CLSA EUROPE B.V.
213800DQISR6G49WXI83,VIG Befektetési Alapkezelő Magyarország Zártkörűen Működő Részvénytársaság
213800DQRQ2XA8OUVI98,SAMSUNG SECURITIES (EUROPE) LIMITED
213800DQZ468OUMHM676,HSBC SECURITIES (SINGAPORE) PTE LIMITED
213800DRPZ5C6375UQ12,COLOGNY ADVISORS LLP
213800DRXFPTU91Z5S63,ΕΛΛΑΣΦΙΝ ΑΝΩΝΥΜΗ ΕΤΑΙΡΙΑ ΠΑΡΟΧΗΣ ΕΠΕΝΔΥΤΙΚΩΝ ΥΠΗΡΕΣΙΩΝ
213800DS3JM6J5SUGS88,ARAB TUNISIAN BANK
213800DSKO9YRDOUWU96,AFEX OFFSHORE LIMITED
213800DSLFNRYQXCJB22,BIBBY FOREIGN EXCHANGE LIMITED
213800DSWHX26RRA1N75,CAVENDISH CAPITAL MARKETS LIMITED
213800DTIGD1UVIFJZ29,GULF EXCHANGE COMPANY
213800DTVT3A94CK4R75,LEK SECURITIES UK LIMITED
213800DU4C4T96IJZ896,Frontier Investment Management Partners Ltd.
213800DV1EMZCVD53742,PALA INVESTMENTS LIMITED
213800DVCFBA2TVL1T25,HABIB BANK ZURICH PLC
213800DXECSXBR79QK58,BANK OF CHINA INTERNATIONAL (UK) LIMITED
213800DXLLF6KPYUAV64,EVO PAYMENTS UK LTD
213800DY1FCSSIUD8I22,IPGL LIMITED
213800DYNHX13O9RJR56,CAPITAL FOUR MANAGEMENT FONDSMÆGLERSELSKAB A/S
213800E1YI1B7HEO3O72,LIBERTY FINANCE MANAGEMENT (LIG) LTD
213800E4QT6C67P9QR72,BANCA DI PESCIA E CASCINA CREDITO COOPERATIVO - SOCIETA' COOPERAT IVA S.C.
213800E4ZDFSGEAMPT92,PAYMASTER (1836) LIMITED
213800E5SMXAVTVHI943,PT SCHRODER INVESTMENT MANAGEMENT INDONESIA
213800E5ZQJAC73GUG91,BRITISH-AMERICAN TOBACCO MARKETING (SINGAPORE) PRIVATE LIMITED
213800E74C7ANPL9BW10,ADVENT CAPITAL MANAGEMENT UK LIMITED
213800E7CLLKHY84ZD22,EURONOVA ASSET MANAGEMENT UK LLP
213800E7XTJZ88BL6P73,M.Z. INVESTMENT SERVICES LIMITED
213800E8CRYM2HV3E816,MULVANEY CAPITAL MANAGEMENT LIMITED
213800EAQGGC37SGYS04,AVIVA PENSION TRUSTEES UK LIMITED
213800EBI1FRM3CMCK27,PRAESIDIAD LIMITED
213800EBWL6KOI24EO05,QUEEN STREET FINANCE LTD
213800EBZ4IG9IK3XI53,GUEVOURA FUND LIMITED
213800EC6PW5VU4J9U64,UPM-KYMMENE OYJ
213800ED5AN2J56N6Z02,DAVIDE CAMPARI-MILANO N.V.
213800ED8YJ253EPTV49,TOP TECHNOLOGY VENTURES LIMITED
213800EDD8OH1W913P86,N. RODITI AND CO. LIMITED
213800EEH345LAZ57T15,ΛΕΩΝ ΔΕΠΟΛΑΣ ΧΡΗΜΑΤΙΣΤΗΡΙΑΚΗ Α.Ε.Π.Ε.Υ.
213800EF3SHQLBJPGB20,BRITISH ARAB COMMERCIAL BANK PLC
213800EF56WXNQPZDD73,HYBRIDAN LLP
213800EFKXASBIQ5IR69,"SIBS PAGAMENTOS, S.A."
213800EH9GL2IL4WO939,耀才證券國際(香港)有限公司
213800EHDCBNHJOTPE34,N.F.U. MUTUAL UNIT MANAGERS LIMITED
213800EKBJTGNMXEDF11,HOMESERVE LIMITED
213800EKSLD4QSMO4F72,ACCESS UK LTD
213800ELT33ICEHC3654,SAMSUNG C&T U.K. LIMITED
213800EM4GB3UD5XEE29,PT BNP PARIBAS SEKURITAS INDONESIA
213800EM6BT4AHJDKX45,BELL POTTER SECURITIES LIMITED
213800EMGTT74XZB3H82,QUILTER INVESTMENT PLATFORM LIMITED
213800EMS2KUT8JTKY77,CENTRAL FX LIMITED
213800EMUW8RV61NGP70,CAURI LTD
213800EN6XZANR1AFE93,里昂證券(投資)有限公司
213800ENC4GWMKBPHQ58,DKSH MANAGEMENT PTE. LTD.
213800ENUIW77M4EJN24,越秀証券有限公司
213800EO3S4IKXAPB795,RELIANCE BANK LIMITED
213800EO3U8SDQVY5L79,GROSVENOR GROUP MANAGEMENT SERVICES LIMITED
213800EP9YBFPONNJO66,CMI2I LIMITED
213800EQPT6S3LB2Z440,BARNETT CAPITAL BANK CORPORATION
213800ERKBHUFX9T5390,HALEON UK TRADING LIMITED
213800ESW6QQHOTGFV56,BROMPTON ASSET MANAGEMENT LLP
213800EUD395AUZB1G21,CAF BANK LIMITED
213800EUDXECGWMKKR98,COMMBANK EUROPE LIMITED
213800EUPFNTFZLZAF40,"BNY MELLON GLOBAL FUNDS, PUBLIC LIMITED COMPANY"
213800EVVIYZ6N5CYA85,SCHRODER REAL ESTATE INVESTMENT MANAGEMENT LIMITED
213800EVYSBI2KAA8R59,FX PULSE LTD
213800EXYSUW56F46Z15,SCOTTISH FRIENDLY ASSET MANAGERS LIMITED
213800EZ5QWZOX2PSW43,BUCKINGHAMSHIRE BUILDING SOCIETY
213800EZQ98FF1ZGV445,UBS (MONACO) S.A.
213800EZSBDBPH6YCY88,INVESTINDUSTRIAL ADVISORS LIMITED
213800EZZ2CCRAVHZT79,ZOUK VENTURES LIMITED
213800F19DFL9NQ7YL21,SHARD CAPITAL PARTNERS LLP
213800F1BB4S4H554W68,ALLSPRING GLOBAL INVESTMENTS (UK) LIMITED
213800F1GA4FGFBINP91,KTEC NZ LIMITED
213800F2325Q6YL2VA03,ZUMA BANK CORPORATION
213800F3IFWY8CWYWO07,KUWAIT FINANCE HOUSE PLC
213800F3UJ48R4NJ9W49,SABIC INNOVATIVE PLASTICS B.V.
213800F4342BHAUJYR17,SCOTTISH FRIENDLY INSURANCE SERVICES LIMITED
213800F5LEV1NQJ68T87,شركة ابوظبي للمواني ش م ع
213800F6CHS1SEYK1842,ZEUS CAPITAL LIMITED
213800F785TUXEDPMN35,ALBEMARLE ASSET MANAGEMENT LIMITED
213800F8BC7QS1SGPG53,PHOENIX LIFE LIMITED
213800F8C8V12SJ7UO74,BLACKFINCH INVESTMENTS LIMITED
213800F8E4X648142844,MICRO FOCUS INTERNATIONAL PLC
213800F8OW4UN1JOIP51,MAYBANK SECURITIES (LONDON) LIMITED
213800FA8O8GIBK9CX47,英美煙草亞太地區有限公司
213800FAC3RJ7V6Z1B20,EVERETT OPPORTUNITIES MASTER FUND LP
213800FBJFAQI44VVQ54,LOGIC INVESTMENTS LTD
213800FBLSRUE4GWHZ29,"THE BANK OF NEW YORK MELLON SA/NV, LUXEMBOURG BRANCH"
213800FD3LOR6LPZPH83,GUARANTY TRUST BANK (UK) LIMITED
213800FDR2F2CZWT7981,QUDOS MUTUAL LTD
213800FDUIWD8G84FV06,PHILLIPCAPITAL UK LTD
213800FDYJNDR4TU9E59,SWAN SECURITIES LTD
213800FE9VNQIOBUWE72,APPLEDORE SHIPBUILDERS (2004) LIMITED
213800FEDHL6RMFRO951,TROY ASSET MANAGEMENT LIMITED
213800FERQ5LE3H7WJ58,DENTSU INTERNATIONAL LIMITED
213800FFPXOGQUT9U708,ASSOCIATION OF CHARTERED CERTIFIED ACCOUNTANTS
213800FFWYE3BQ1CU978,CREDIABANK ΑΝΏΝΥΜΗ ΤΡΑΠΕΖΙΚΉ ΕΤΑΙΡΕΊΑ
213800FGCC5R3KOEJ353,브리티쉬아메리칸토바코코라아제조주식회사
213800FGVBCUFJWNIN13,EVERETT CAPITAL ADVISORS UK LLP
213800FHH43CXRBL8561,SOLETANCHE FREYSSINET
213800FHX4VCUAQI1I21,LIQUIDITY FINANCE LLP
213800FI6SPNWT9DXA80,MILLER & CO. INVESTMENT MANAGEMENT LIMITED
213800FIIH91HWEUVI79,EUROZ HARTLEYS LIMITED
213800FIIXJAMEVRIH48,COMMERCIAL INTERNATIONAL BANK- EGYPT
213800FJOIW3QFJIPD25,EVENLODE INVESTMENT MANAGEMENT LIMITED
213800FKGFR7Q2ACLS83,BBVA SA
213800FL3FQISXK5IP29,KENSINGTON MORTGAGE COMPANY LIMITED
213800FL6TGT7OP13174,DCC HOLDINGS (UK) LIMITED
213800FLAB1OVA8OHT72,ETORO (UK) LIMITED
213800FLZB75NI6NRO92,SNAPPI ΤΡΑΠΕΖΑ ΑΝΩΝΥΜΗ ΕΤΑΙΡΕΙΑ
213800FMMB2ISWZBOH08,BUTTERFIELD TRUST (BERMUDA) LIMITED
213800FOJJ6DUVY62C12,DELCAP ASSET MANAGEMENT LIMITED
213800FP3PEOX3EW6W13,BEDROCK ASSET MANAGEMENT (UK) LTD
213800FP9RNTV6Z4YX30,"AXA AURORA VIDA, SOCIEDAD ANONIMA DE SEGUROS Y REASEGUROS"
213800FPESEISUNTH153,QUARTET CAPITAL PARTNERS LLP
213800FPRS3SOPZVJO14,MT BUSINESS SOLUTIONS LIMITED
213800FQ8UOQOJFZTT95,BANCO HSBC S.A.
213800FQMF114AN3CM47,FIELDINGS INVESTMENT MANAGEMENT LIMITED
213800FSCPQI7CR92461,HERBERT SMITH FREEHILLS LLP
213800FSR9RNDUOTXO25,TELIA COMPANY AB
213800FTHNTFBXSUZK52,PREPAY TECHNOLOGIES LIMITED
213800FU9DEQ1T881Q48,CMC MARKETS GERMANY GMBH
213800FUO17YIR2VY530,NATWEST SERVICES (SWITZERLAND) AG
213800FUOGGLQ4FL3R57,PENSIONDANMARK PENSIONSFORSIKRINGSAKTIESELSKAB
213800FV4ZT8ZR5FJS38,SBI INTERNATIONAL LIMITED
213800FVJ6R9N8797493,BANCO PORTUGUÊS DE GESTÃO S.A.
213800FWHEE6QOUVNH62,SSP FINANCING LIMITED
213800FXAY1EVUBL9G92,METROPOLIS CAPITAL LTD
213800FXT8YDQ67AE287,AXIA VENTURES GROUP LTD
213800FZY2ZRXFI6H814,STATE STREET PARTNERED TRADING UK LIMITED
213800G2682LV7UAU667,KANTOX LTD
213800G2GSNLFT2TMH60,"EASYBANK INTERNATIONAL, INC."
213800G3X76VBG9SB504,DOWNING LLP
213800G4XGA63KXW6A59,EMFI Securities Limited
213800G6WASVN8WE2306,UNICORN ASSET MANAGEMENT LIMITED
213800G73Y7F1IY53188,BTIG SINGAPORE PTE. LTD.
213800G7DGV6B2R3UV25,COLAJACOMO & PARTNERS S.R.L.
213800G9LNIZUTNGAG91,HALIFAX SHARE DEALING LIMITED
213800G9VBKGD9AP8H22,KEPLER CHEUVREUX LONDON BRANCH
213800G9XQZIV76VNB36,AMUNDI IRELAND LIMITED
213800GB4UKF8L5HSB60,ONE PLUS CAPITAL LIMITED
213800GDJXLQ6XDM2O02,DIGITAL MONEYBOX LIMITED
213800GDZE9V9JS8U197,BRITISH AIRWAYS PENSION INVESTMENT MANAGEMENT LIMITED
213800GE7HGOIWP8M758,CALEIDO GROUP S.P.A.
213800GEIK9AZNTJVZ29,JULIAN HODGE BANK LIMITED
213800GENYLECAS14690,SVM ASSET MANAGEMENT LIMITED
213800GFV8ECIZWMM670,EIGER SICAV P.L.C.
213800GFW5ZLF5G5OH34,DELOITTE LLP
213800GH3F4OW1COOV72,RAYMOND JAMES FINANCIAL INTERNATIONAL LIMITED
213800GI1LKW2KY84R66,J.P. MORGAN PERSONAL INVESTING LIMITED
213800GI9A52IETUJJ18,MONMOUTHSHIRE BUILDING SOCIETY
213800GIM1G1SBZ3QX36,TALARIA ASSET MANAGEMENT PTY LTD
213800GJE1F89TNGZS70,JNFX LIMITED
213800GJGGCDXZXY5811,OBERON INVESTMENTS LIMITED
213800GJHWB8WAJ1OE03,CAPRICORN FUND MANAGERS LIMITED
213800GK124AQ6HK8S42,Banque du Léman SA
213800GK3K7QZWWKXU03,METHOD INVESTMENTS & ADVISORY LTD
213800GKG6WLQZ894321,DBG MARKETS (UK) LLP
213800GKIJZVJEKN6E93,ALLX LTD
213800GL8IU2EJVXG214,BERKELEY BANK & TRUST LIMITED
213800GLP1CKLW9KFM35,AXION SWISS BANK SA
213800GM8RB7MS4L3Z24,PANMURE LIBERUM LIMITED
213800GMA1ELH6EXVA75,FORESTER MACLEAN LIMITED
213800GMMG27S6C61412,ETERUM AB
213800GMUK1ZLZPLGI29,LIM & TAN SECURITIES LTD
213800GNABQM2M887812,ADM INVESTOR SERVICES INTERNATIONAL LIMITED
213800GNGTD3GOQTBS02,THEISEN SECURITIES LIMITED
213800GNOS9QQ31DCK54,LINEAR INVESTMENTS LIMITED
213800GO21RWIB6O9Q29,MIDDELFART SPAREKASSE
213800GR9PMZV1HA6636,MAMOURA DIVERSIFIED GLOBAL HOLDING P.J.S.C.
213800GRWA67I8Q8O524,MONTEPIO INVESTIMENTO S.A.
213800GT9O5USAMC8Z86,SODITIC LIMITED
213800GTGBAMDDN1YF43,TERIUM LLP
213800GV5LP3HCLLZY42,BANK OF ST HELENA LTD
213800GV7S9JSGKG9548,KNG SECURITIES LLP
213800GVGWERXJD6LO75,WEAVEPAY LIMITED
213800GW3ZNUVMWMGQ46,GOULANDRIS BROTHERS LIMITED
213800GW5HSVEA8QZR95,LYNX ASSET MANAGEMENT AB
213800GW7YZONZ74GU54,RF TRUSTEE CO. LIMITED
213800GWMSRCJYDTHO27,BRITANNIA GLOBAL MARKETS LIMITED
213800GWQW3S3JI32H60,BRUMMER MULTI-STRATEGY AB
213800GWRS99DHF7K418,ALKEN ASSET MANAGEMENT LTD.
213800GWWTP8ACT1TT41,AQA UCITS Funds SICAV plc
213800GXQRY1EL318251,SUSSEX PLACE VENTURES LIMITED
213800GY4EJ529SQ2G40,CBRE INVESTMENT MANAGEMENT (UK FUNDS) LIMITED
213800GZGM4WP8ODMB34,MONEX EUROPE LIMITED
213800H1A9HWDO9TP892,HUATAI FINANCIAL HOLDINGS (HONG KONG) LIMITED
213800H1KRMV1NY4OQ86,HSBC INSTITUTIONAL TRUST SERVICES (SINGAPORE) LIMITED
213800H2UOPJDGKRTY19,"BANCO BNP PARIBAS PERSONAL FINANCE, S.A."
213800H2V3R744RSI114,CARFIN
213800H3COEKQ1BZJU21,HIFX EUROPE LIMITED
213800H3MQH718V43A59,STANDARD BANK JERSEY LIMITED
213800H3TEBTFHD5JR69,汇丰前海证券有限责任公司
213800H3ZVKSFNJXN236,MONEYCORP FINANCIAL RISK MANAGEMENT LIMITED
213800H48U11IL2Y7L58,"CITIC SECURITIES INTERNATIONAL USA, LLC"
213800H4DHMU4YC8VG71,FITCH RATINGS BRASIL LTDA
213800H51ZSFQ6RUS586,HSBC (MALAYSIA) TRUSTEE BERHAD
213800H52CPXWV6G2V32,AMT FUTURES LIMITED
213800H6AW8KQH23MS96,BARRY CALLEBAUT SOURCING AG
213800H6EME21H2ZWX75,HEKA FUNDS SICAV P.L.C.
213800H89YHJVUSWYG83,ABN AMRO CLEARING LONDON LIMITED
213800H8OMS6CJVYPW59,LUMON FX EUROPE LIMITED
213800H8TQ9L5B5ZAX56,LONDON COMMUNITY CREDIT UNION LIMITED
213800H95OG9OHRT4Y78,NGÂN HÀNG TRÁCH NHIỆM HỮU HẠN MỘT THÀNH VIÊN HSBC (VIỆT NAM)
213800H98CXW8UMB9D39,EVELYN PARTNERS INTERNATIONAL LIMITED
213800H9YENAI8OAKP52,KOREA INVESTMENT & SECURITIES EUROPE LTD.
213800HAMZBZXW9E1J10,大華繼顯(香港)有限公司
213800HB6EPYEET9NB34,GE CAPITAL LIMITED
213800HBDYZM8J5CHJ19,JARVIS INVESTMENT MANAGEMENT LIMITED
213800HD3GNPXS6IC996,MONTANARO ASSET MANAGEMENT LIMITED
213800HDA4AIN7OC3F87,GHC CAPITAL MARKETS LTD.
213800HDCZ7UDLCEML95,CBAM INVESTMENTS LIMITED
213800HDDT5HP32QRN02,EBURY PARTNERS BELGIUM
213800HET946BZ6NL663,PEGASUS CAPITAL LLP
213800HFBG8GID98ID84,VELES INTERNATIONAL LIMITED
213800HG41IGD58YD316,MEDSECURITIES INVESTMENT SAL (MEDSEC)
213800HHKG1TKV8LMW56,UNITED NATIONS DEVELOPMENT PROGRAMME
213800HJ715VLH7RDS70,FONDENERGIA FONDO PENSIONE
213800HJTKG243ZWAA56,BNY XBK (UK) LIMITED
213800HJYUX71LBJUG67,BLUE PLANET INVESTMENT MANAGEMENT LTD.
213800HK727V5WI17K12,HANDELSBANKEN WEALTH & ASSET MANAGEMENT LIMITED
213800HKM3CQN56ZW855,DOWGATE CAPITAL LIMITED
213800HLYBZJCQ1FPZ76,VCUK FINANCIAL SERVICES LTD
213800HNMHLXGF7HLQ53,Logoplaste Group S.à r.l.
213800HOE4P7HB8WO744,EQUITY DEVELOPMENT LIMITED
213800HPLDT7UBN2AO37,SELECTOR FUNDS MANAGEMENT LIMITED
213800HQC9ZOHLR4G518,SIDIAN BANK LIMITED
213800HQZYBMURES6D84,GOLD CORPORATION
213800HROV6Y9MUU8375,JD SPORTS FASHION PLC
213800HRR5TJL8BV2R18,BRITISH AMERICAN TOBACCO BOTSWANA PROPRIETARY LIMITED
213800HS1FEZRZZ8D775,MET CAPITAL MANAGEMENT LLP
213800HSKBBO1GCVRG79,"LIQUIDNET, INC."
213800HTCKGCV7FZCG91,AMBROSIA CAPITAL LTD
213800HTIY6D1KMBG757,PERSIA INTERNATIONAL BANK PLC
213800HTO56PM5EHA387,VALIDUS RISK MANAGEMENT LIMITED
213800HTQYANHHKR1W44,ALPHA TRUST ΣΥΜΜΕΤΟΧΩΝ ΑΝΩΝΥΜΗ ΕΤΑΙΡΕΙΑ
213800HTWI8MN1D23D78,DAIWA ASSET MANAGEMENT (EUROPE) LTD
213800HU63CWV5J8YK95,W.A.G PAYMENT SOLUTIONS PLC
213800HUKPYHUTENTG87,KNOX D'ARCY INVESTMENT MANAGEMENT LIMITED
213800HVF4H4GD6WSK83,HSBC SECURITIES SERVICES (IRELAND) DESIGNATED ACTIVITY COMPANY
213800HW5IDIRLWH1203,PT BANK HSBC INDONESIA
213800HWU1V2FUDJKU06,LLOYDS INTERNATIONAL MANAGEMENT SERVICES (JERSEY) LIMITED
213800HX3NN1E7FQEQ06,BANCA DEI SIBILLINI-CREDITO COOPERATIVO DI CASAVECCHIA-SOCIETA' COOPERATIVA
213800HX7FMPA2CIEF02,MCBRIDE PLC
213800HXG1JC5CCYBE19,ICON INFRASTRUCTURE LLP
213800HXR6XZKC2G7U74,ZENITH BANK (UK) LIMITED
213800HYE2VYP5WKFI43,HOUSING FINANCE CORPORATION
213800HYL1S7VAXG6Z48,NORDIC INVESTMENT BANK
213800HYRR7B4WXK4L71,BRADESCO-KIRTON CORRETORA DE TITULOS E VALORES MOBILIARIOS S.A.
213800HZ54TG54H2KV03,MIZUHO INTERNATIONAL PLC
213800HZ9JK1SGIMJ396,富融銀行有限公司
213800HZTUSEIN3M1Z46,CAMBRIDGE & COUNTIES BANK LIMITED
213800I1CALWZMPA5V05,JURBARKO KREDITO UNIJA
213800I1IZ9IZIAXR107,TYLER CAPITAL LIMITED
213800I1YVSBZ1Y7U510,BAKER YOUNG STOCKBROKERS LIMITED
213800I2S1GU26ART714,ABC FINANCIAL MARKETS
213800I4BU18JONP9V25,INVESTEC BANK (SWITZERLAND) AG
213800I5A7SO5MCELZ58,TETHYS ADVISORS LIMITED
213800I5WY9A7GV1PD83,"EDMOND DE ROTHSCHILD (EUROPE), SUCURSAL EM PORTUGAL"
213800I6BGT38Q6V2G26,UOB KAY HIAN PRIVATE LIMITED
213800I6CKXFIP79EX26,INDIGO PARK
213800I716W5Q5RJF918,MAKO TRADING AUSTRALIA PTY LTD
213800I87NNR9ZO1D625,AMAIZ LTD
213800I8BTSW6ITP9581,OPELLA HEALTHCARE GROUP SAS
213800I92TAU7I3FP232,CARDIF LUX VIE
213800I9R63HTSO59405,PRIVALGO LIMITED
213800I9TWC9K22N4502,中国国际航空股份有限公司
213800I9XHTVLX73Z109,ΠΕΙΡΑΙΩΣ ΜΟΝΟΠΡΟΣΩΠΗ ΑΝΩΝΥΜΗ ΕΤΑΙΡΕΙΑ ΠΑΡΟΧΗΣ ΕΠΕΝΔΥΤΙΚΩΝ ΥΠΗΡΕΣΙΩΝ
213800IBHG6SEZ2SR747,P V M OIL FUTURES LTD
213800IBT39XQ9C4CP71,NATIONAL WESTMINSTER BANK PUBLIC LIMITED COMPANY
213800ICVRLPU57BQ280,PREMIER PORTFOLIO MANAGERS LIMITED
213800IDCM7GMJ1CTB50,APEX CORPORATE TRUSTEES (UK) LIMITED
213800IDTFN19XBEAA74,"321CRÉDITO, INSTITUIÇÃO FINANCEIRA DE CRÉDITO S.A."
213800IEULHHEV1KGL34,CAMBRIDGE BUILDING SOCIETY
213800IF2RICE613K743,CÔNG TY CỔ PHẦN CHỨNG KHOÁN SSI
213800IF891AO3C3TU63,PREMIER FUND MANAGERS LIMITED
213800IFAWGXPH9AGQ29,WORLDPAY AP LTD.
213800IFF5ECE7XKUG07,SIBILLA SOLUTIONS LIMITED
213800IGJ7W18TSDE672,RBS COLLECTIVE INVESTMENT FUNDS LIMITED
213800IGL3A63R6G2948,JRS Asset Management AB
213800IH11IDUT6WSM06,HEMPEL A/S
213800IH7OQC8S26P314,EGNSINVEST HOLDING A/S
213800IJGJFB3GND1T26,ΤΡΑΠΕΖΑ ΣΑΝΤΕΡΑΤ ΙΡΑΝ
213800IKZ1Z1BOI2RL67,JUMP TRADING INTERNATIONAL LIMITED
213800IM7OJT6Z9NRD26,HINCKLEY AND RUGBY BUILDING SOCIETY
213800IMKAUV5KW28586,RENTA 4 BANCO SA
213800IMPV5IYAQVOR71,PELLO HOLDINGS LIMITED
213800IN41H99Q1EGH90,TRINITYBRIDGE FUND MANAGEMENT LIMITED
213800INM3OFHF9QS122,BANCA ZARATTINI & CO. SA
213800IORGL29LJ11Y95,"АКЦИОНЕРНОЕ ОБЩЕСТВО ""МЕЖДУНАРОДНЫЕ УСЛУГИ ПО МАРКЕТИНГУ ТАБАКА"
213800IQIA4A595WTT06,BABCOCK SUPPORT SERVICES (INVESTMENTS) LIMITED
213800ISPOVAZO9F9D70,HANSA CAPITAL PARTNERS LLP
213800IT3UAQF6QX5G11,RESERVE INVEST (CYPRUS) LIMITED
213800ITGNV7VZHVSW48,SPEIRS & JEFFREY LIMITED
213800ITO7QMNQ9SFG53,SINGER CAPITAL MARKETS SECURITIES LIMITED
213800IU529ADVZ1GL50,CMC MARKETS UK PLC
213800IUJJ148W3R6G10,SALTUS PARTNERS LLP
213800IVCUDUM5RO3820,ALPHAGREP PTE. LTD.
213800IW1BRHE5GGPU06,VOYAGER ALLIANCE CREDIT UNION LIMITED
213800IW53U9JMJ4QR40,EURONEXT CLEARING ATHENS Α.Ε.
213800IWK5MDNC6ECQ26,滙豐金融證券(香港)有限公司
213800IWUC3ZNPKG2D93,ISIGNTHIS EMONEY (AU) PTY LTD
213800IWW1ISDO3LDY86,FIRST NATIONAL BANK S.A.L.
213800IWXH2PMBVHE552,INTEGRAL WEALTH SECURITIES LIMITED
213800IXJSF5E1SIW150,AQUIS EXCHANGE LIMITED
213800IXMLB94ZODQ267,PETERHOUSE CAPITAL LIMITED
213800IYC1OTOKSX1414,CITY FINANCIAL ASSET MANAGEMENT LIMITED
213800IYZNFUEIYMDE59,EUROBANK EQUITIES ΜΟΝΟΠΡΌΣΩΠΗ ΑΝΏΝΥΜΗ ΕΤΑΙΡΕΊΑ ΠΑΡΟΧΉΣ ΕΠΕΝΔΥΤΙΚΏΝ ΥΠΗΡΕΣΙΏΝ
213800J23UDOYX616925,W1M INVESTMENT MANAGEMENT LIMITED
213800J256ZBGMGZLV44,XTX MARKETS SAS
213800J2IAOOH68K8A76,中銀國際英國保誠信託有限公司
213800J36W1T73RAUM25,AEGON UK CORPORATE SERVICES LIMITED
213800J3DP278ZUVOD11,EQUALS MONEY PLC
213800J3MPR8KO94D535,BURBERRY LIMITED
213800J4UQDTR4WJPP25,ҮНДЭСНИЙ ХӨРӨНГӨ ОРУУЛАЛТЫН БАНК
213800J5ITBY3DSPU157,INVICTA SECURITIES LIMITED
213800J6YAAN1NRSD427,ANCORIA BANK LIMITED
213800J746Z77B4DR794,BORDER TO COAST PENSIONS PARTNERSHIP LIMITED
213800J7R5S5HB56BJ48,BANCA DI CREDITO COOPERATIVO DI OSTRA E MORRO D'ALBA - SOCIETA' C OOPERATIVA
213800J84XVGP446FR39,BATH INVESTMENT & BUILDING SOCIETY
213800J8DU4K8NQTRQ18,滙豐機構信託服務(亞洲)有限公司
213800JAQKUZDEEDAS79,PRAXISIFM TRUST LIMITED
213800JB8XU8L1AO8W51,CONSTRUCTION AND BUILDING UNIONS SUPERANNUATION FUND
213800JCBMV4BGSVIB06,CURRENCY SOLUTIONS LIMITED
213800JCFD358CCSSK44,BANCO CREDIBOM S.A.
213800JCL1FHBQK3M654,HSBC NORTH AMERICA HOLDINGS INC.
213800JD2L89GGG7LF07,LUMINOR BANK AS
213800JDA8GXK9UN7Z19,BANCO MILLENNIUM ATLANTICO
213800JDGK6R55U59G76,شركة ارامكـــو للتجارة
213800JDUB2TC3GM5189,BELLECAPITAL UK LIMITED
213800JES38XOD9PVP02,MHA WEALTH LIMITED
213800JEZBUPZKWJGF49,TECNICAS REUNIDAS SA
213800JF3JFF6MMR2P36,FYNSKE BANK A/S
213800JH88W6JWSEJF05,ARMIRA CAPITAL LIMITED
213800JHBLEXOBIP9R49,JUB CAPITAL MANAGEMENT LLP
213800JHE6JNX1IOOJ72,ICG MANAGER LIMITED
213800JIIAH1SISZM676,BALLINGER EUROPE LIMITED
213800JJAQITHQEUO997,NORTHLAND CAPITAL PARTNERS LIMITED
213800JJP2ED9VHVXG61,STONEHAGE FLEMING ADVISORY LIMITED
213800JJRR1FRJ6IAD31,ALGO CAPITAL MANAGEMENT LIMITED
213800JK8C8LFUZPLU14,XPATE LTD
213800JKAE2H7YH5SK11,INTERPOLITAN MONEY P.L.C.
213800JKW1JFDG5BY944,BECK & POLLITZER ENGINEERING LIMITED
213800JKYNTCU1Y7VO14,بنك البحرين الوطني ش.م.ب
213800JLOOMVYHQJC212,LIM ADVISORS LIMITED
213800JMKOMQ1NAIM748,上海国际信托有限公司
213800JN435WOWCN5904,XTX EXECUTION SERVICES LLC
213800JNOUJLZ7CCCM63,OPENPAYD FINANCIAL SERVICES MALTA LIMITED
213800JONGF7ZPXVUE47,HSBC TRUSTEE (HONG KONG) LIMITED
213800JPRY6Q79O7RK98,HSBC SECURITIES AND CAPITAL MARKETS (INDIA) PRIVATE LIMITED
213800JQ3ZED2VM5WX46,DNB Luxembourg S.A.
213800JQ417QJPZNUL30,HOTELBEDS SPAIN SL
213800JQ9CR1K91OE582,AMALGAMATED METAL TRADING LIMITED
213800JR7T2ZUXPX8G49,FIRST EQUITY LIMITED
213800JT1H4W9XL5LT32,HIMALAYAN BANK LIMITED
213800JTHPE2LUEMTP38,BA GLASS B.V.
213800JU3395ZLRVU510,BVK PERSONALVORSORGE DES KANTONS ZÜRICH
213800JU9B527QKIIN57,ACTIVTRADES PLC
213800JUUB6Z5G73OS85,CZARNIKOW GROUP LIMITED
213800JV5WLWSDKPWA96,Maven Investment Partners Ltd
213800JVPPI7YT2ZYP40,INFRARED CAPITAL PARTNERS LIMITED
213800JX65PXZWVVTX89,SPARK IMPACT LIMITED
213800JYBIAQ27TKEX04,UNIPAAS FINANCIAL SERVICES LIMITED
213800JZBJ5AJWZ3N969,شركة الإستثمارات البترولية الدولية (ايبيك)
213800JZDXBI4OX4CI90,TOLOMEO BANK LIMITED
213800JZWXRK3OU8H225,GCB BANK PLC
213800K128DDF4MTYT38,SAND AIRE LIMITED
213800K15L8N1KC15L54,GILDENCREST CAPITAL LIMITED
213800K1J1QM54ASLC31,DATAMARS SA
213800K2AVTAFWJ4DP64,EMBLA MEDICAL HF.
213800K2LJ7JKL6CU689,"Sava pokojninska družba, d.d."
213800K38VRJZ5UZYP24,SEPAGA E.M.I. LIMITED
213800K52QAFJDRWM206,NATWEST MARKETS N.V (LONDON BRANCH)
213800K5KTZFSUS8MR51,TÜRKIYE CUMHURIYETI ZIRAAT BANKASI ANONIM ŞIRKETI
213800K5ZFNCMMGZHN18,HSBC GLOBAL ASSET MANAGEMENT (MALTA) LIMITED
213800K6C4KNGPPIM966,TUTMAN FUND SOLUTIONS LIMITED
213800K6OBHUHJVDO783,I&M BANK (T) LIMITED
213800K6QQFMK4B6K577,IMPAX ASSET MANAGEMENT LIMITED
213800K6VJ62SKV9VL48,TITAN WEALTH (CI) LIMITED
213800K7TKCQHQ7V8Q83,EUROXX ΧΡΗΜΑΤΙΣΤΗΡΙΑΚΗ Α.Ε.Π.Ε.Υ.
213800KAIPNCYCB9T410,SITUS ASSET MANAGEMENT LIMITED
213800KAK8V384P1G580,BRITISH AMERICAN TOBACCO KENYA PLC
213800KBF6VPPOPP1470,台灣巴克萊證券股份有限公司
213800KBMZEOIJU77J66,WOLVERINE TRADING UK LIMITED
213800KCGQ3VYFG3Q246,NEWGATE PRIVATE EQUITY LIMITED
213800KD6S4RG5S2DB60,MOAI WEALTH LIMITED
213800KDCV1AH1O9J481,Banque Des Monts Blancs SA
213800KDMQN5BRCLLS40,OXBURGH PARTNERS LLP
213800KDMRJLS2KX8Z18,TAVIRA FINANCIAL LIMITED
213800KDQAJRJL2A3X94,WESLEYAN ASSURANCE SOCIETY
213800KDQFY4NBXFKP66,STREAMBANK PLC
213800KE9H3MPD4FG305,HUBWISE SECURITIES LIMITED
213800KEKCMCLHAWYQ77,KING & SHAXSON ASSET MANAGEMENT LIMITED
213800KEL9UDPW9J4463,TRADING.COM MARKETS UK LIMITED
213800KFFNB48JLNWC19,PALA ASSETS HOLDINGS LIMITED
213800KGF4EFNUQKAT69,ΤΡΑΠΕΖΑ EUROBANK ΑΝΩΝΥΜΗ EΤΑΙΡΕΙΑ
213800KGW98YMGR1B906,TRADERISKS LIMITED
213800KHG4Y7PKJZWD94,CHALKHILL PARTNERS LLP
213800KIJXN7BIRCF102,"BANCO DE FOMENTO ANGOLA, S.A."
213800KIX91S9BH9GM77,GUINNESS ASSET MANAGEMENT LIMITED
213800KJGAYVISGD2863,HAMPDEN & CO PLC
213800KJR7KQ7NNURJ57,W1M ASSET MANAGEMENT LIMITED
213800KJYTIIZXGNU554,شركة عمان للصرافة ذ م م
213800KK1F4HFJA5Q612,HSBC BANK ANONIM ŞIRKETI
213800KL2QZT2GQMQQ34,LOUIS CAPITAL MARKETS UK LLP
213800KLOW6MD7632580,SUN GLOBAL INVESTMENTS LIMITED
213800KLWLMQ6AR2JW28,BABCOCK INTEGRATED TECHNOLOGY LIMITED
213800KM3J1Z36WO4R15,TOKAI TOKYO SECURITIES EUROPE LIMITED
213800KMOGCH6JSI6A95,OLIM LIMITED
213800KN1ILJ9VYH5B29,MUNRO ASSET MANAGEMENT LIMITED
213800KN4H8FSJQ3NS64,華泰國際金融控股有限公司
213800KNCOJ85KBUZ591,EMIRATES NATIONAL BANK OF DUBAI (S.A.E)
213800KOJ5JSZ6ID2R91,BALLING SPAREKASSE
213800KOKJOGTGS1V324,SODALI & CO LIMITED
213800KP7EA2FB15D311,EUSTON SECURITIES LIMITED
213800KP9DOI9YB3UF14,AFH INDEPENDENT FINANCIAL SERVICES LIMITED
213800KPD9LZ8ZFP1X08,MULTREES INVESTOR SERVICES LIMITED
213800KPXGCCKECC4779,TOTUS ALPHA MANAGEMENT PTY LTD
213800KQ5WV6TCIRB276,ARBION LIMITED
213800KRNTZFOY1DA806,ARDEN PARTNERS PLC
213800KTICJ13B5OQC74,ALBR CAPITAL LIMITED
213800KTOVXS24IKA678,KITE LAKE CAPITAL MANAGEMENT (UK) LLP
213800KURY33VIX1BF32,ECLIPSE FUTURES (HK) LIMITED
213800KV5KMVMN5HCC92,"""BANK OF BAKU"" AÇIQ SƏHMDAR CƏMİYYƏTİ"
213800KVUP3NVXN7U960,CAPITAL MARKETS TRADING UK LLP
213800KVWISYQCOJ4Y07,CLSA SECURITIES MALAYSIA SDN. BHD.
213800KXAR1MXC1DZ106,Ahli Bank (Q.P.S.C)
213800KY2U1HEMN1SF69,LASALLE INVESTMENT MANAGEMENT
213800KYUPNOQPAQL758,BANCO DE INVESTIMENTO GLOBAL S.A.
213800L1AVX6D5HBUK47,المحفظة الوطنية للاوراق المالية
213800L24E4CGKC8DD35,INDUSTRIAL DEVELOPMENT AND WORKERS BANK OF EGYPT
213800L2NNQOBXPF1425,BANCTRUST INVESTMENT BANK LIMITED
213800L2STU1JK5JQA57,NOVIA GLOBAL LIMITED
213800L3C6BPBRFK3S94,"BANPLUS BANCO UNIVERSAL, C.A."
213800L3V7E61NDJ7150,บริษัท หลักทรัพย์ ซี แอล เอส เอ (ประเทศไทย) จำกัด
213800L6ERIFAN15KI98,HSBC GLOBAL ASSET MANAGEMENT (UK) LIMITED
213800L6IV5M3I6AOL41,SUN GROWTH SECURITIES LIMITED
213800L7WX45LP7FYJ46,BANCO DE INVESTIMENTO GLOBAL SA SUCURSAL EN ESPAÑA
213800L8AQD59D3JRW81,LME CLEAR LIMITED
213800L9V84UL88WAV68,IMPERIAL CAPITAL (INTERNATIONAL) LLP
213800LAXWIUOOBZ3908,RECKITT BENCKISER TREASURY SERVICES PLC
213800LAZNPXSBKVHR17,SOUTH32 LIMITED
213800LBM6PT85IGM996,BERNSTEIN AUTONOMOUS LLP
213800LBMMAIG1FQP389,SABIC CAPITAL I B.V.
213800LBUUOODDH3MG53,MUFG CORPORATE MARKETS TRUSTEES (UK) LIMITED
213800LCDPGJ1BI7KX98,JSC DEVELOPMENT BANK OF KAZAKHSTAN
213800LDRAXN2C28UP85,PRADERA LIMITED
213800LEOB8EWZLIDA22,COVESTIUM LTD
213800LESOS2KNAKNI79,INFINITY FOREIGN EXCHANGE LTD
213800LET72H98S77D04,TILNEY ASSET MANAGEMENT SERVICES LIMITED
213800LFPK48IEQQW552,MAKO DERIVATIVES AMSTERDAM B.V.
213800LFXNCMV8V79A98,IMPERIAL CAPITAL - SOCIETA' DI INTERMEDIAZIONE MOBILIARE S.P.A.
213800LG568DE2MTJ864,HURLEY PARTNERS LIMITED
213800LGMAJK7USM1M98,LGT WEALTH MANAGEMENT UK LLP
213800LGTSCCHWNQQQ47,FURNESS BUILDING SOCIETY
213800LH1D8DCTCVJ222,COATS LIMITED
213800LH6T9XDYZCA534,STEPHENS INC.
213800LHGUAC8MK5VF48,WAYFOONG FINANCE LIMITED
213800LHW17DHRGTI512,NGÂN HÀNG THƯƠNG MẠI CỔ PHẦN CÔNG THƯƠNG VIỆT NAM
213800LISYCOUHWK7S47,NEDBANK PRIVATE WEALTH
213800LJ95CI2K33YR81,MONETLEY LTD
213800LJCYLIJ1KE6L69,GATE CAPITAL GROUP LTD.
213800LJMU2YF5MPB426,NATION REMIT LTD
213800LJU4K7L7CBFN57,CANACCORD GENUITY WEALTH LIMITED
213800LK2TGWU7FK8440,HANG SENG BANK (BAHAMAS) LIMITED
213800LKFXEMM8WLMA04,LEGAL AND GENERAL ASSURANCE SOCIETY LIMITED
213800LMJ7XCNT3LGQ42,MAUNBY INVESTMENT MANAGEMENT LIMITED
213800LMXJM24T7BDV55,Absa Bank Uganda Limited
213800LMZUA4SYKUZ262,AFRICAN BANKING CORPORATION LIMITED
213800LNIYUECQT1IB69,VALU-TRAC INVESTMENT MANAGEMENT LIMITED
213800LOV39TJH6YQY23,STATE BANK OF INDIA (UK) LIMITED
213800LPLRYOVLFVSZ63,RBOS (UK) LIMITED
213800LQ9OHW2VS95K19,THEOREMA ADVISORS UK LLP
213800LQRQEUXTPJB960,WALLWOOD CAPITAL MANAGEMENT LIMITED
213800LRO7NS5CYQMN21,BT GROUP PLC
213800LRQ1STUE7BNS89,DYSON TREASURY SERVICES PTE. LTD.
213800LSIJOBVPKHTW65,LUMON PAY LTD
213800LTKMGR9P864J31,"CM CAPITAL MARKETS CORRETORA DE CÂMBIO, TÍTULOS E VALORES MOBILIÁRIOS LTDA."
213800LTKXLERCNH5Q83,COBRAL SRL
213800LV3887OL9JK947,FINANCE INCORPORATED LIMITED
213800LV7IETNIKD4526,WEDBUSH EUROPE LTD
213800LVC4VFY12S3G49,S.S.I.F. BLUE ROCK FINANCIAL SERVICES S.A.
213800LVQN54C5LIXE21,CENTRAL BANK OF CURACAO AND ST. MAARTEN
213800LW4J68M4B3GR20,ST. JAMES’S PLACE INVESTMENT MANAGEMENT LIMITED
213800LWO9MF1YJ5OX03,信達國際證券有限公司
213800LXFHRRXIJRXW97,AFRICA FINANCE CORPORATION
213800LXP1J51ILX9Y54,"BNP PARIBAS ASSET MANAGEMENT, PT"
213800LXYGUXTTAINM18,WORLDPAY LIMITED
213800LYWFZT5XMZ5842,FINDLAY PARK PARTNERS LLP
213800LZU65P34WD8A92,UNITED TRUST BANK LIMITED
213800M16PLHI57T7K69,OMNIBSIC BANK GHANA LIMITED
213800M3QPFEMU2TPU36,VSA CAPITAL LIMITED
213800M47GF5CDYCDU68,CHECKOUT LTD
213800M4PALWKTSLLI88,MILLENNIUM EUROPE LIMITED
213800M4QRJUQAAI5Y46,PERESEC PRIME BROKERS
213800M5DLL21LHGMS91,LYNTON-EDWARDS STOCKBROKERS (PRIVATE) LTD
213800M5SZU3KLAROZ16,AS Industra Bank
213800M7T3CYVZ3ZRT12,SPAREBANKEN NORGE
213800M93D4AW8I3DE48,SAMSUNG C&T ECUK LIMITED
213800M96F4KL2BXKH87,IFX (UK) LTD
213800M9F9L6CSF27N63,DUNDEE SECURITIES EUROPE LIMITED
213800M9V48985N1MS38,PANASONIC GLOBAL TREASURY CENTER B.V.
213800M9XCA6NR98E873,"APPLUS SERVICES, S.A."
213800MB7UGCSL5S3P42,HSBC GLOBAL ASSET MANAGEMENT (USA) INC.
213800MBWEIJDM5CU638,LLOYDS BANK CORPORATE MARKETS PLC
213800MCD9XXAA9KQ337,IPS CAPITAL LLP
213800MD7J71D11UAH72,شركة وصاية العالمية للاستثما
213800MDW41W5UZQIX82,WILLIAM HILL LIMITED
213800MERXJL2DHKZE39,INFRARED (INFRASTRUCTURE) CAPITAL PARTNERS LIMITED
213800MFFIM8KCZ8EY98,BLAKENEY LLP
213800MH7JDX8W2COF51,ANAVIO CAPITAL PARTNERS LLP
213800MIMZ9M6KCKW783,BB SECURITIES LIMITED
213800MJ9751NRH6NG24,بنك الاتحاد
213800MJL6IPZS3ASA11,SMITHS GROUP PLC
213800MK6LE9OZ7BQB85,LSEG POST TRADE SERVICES LIMITED
213800MLL4APN9UP1J53,RISE SPAREKASSE
213800MMLBGQ2TMFML59,SLATER INVESTMENTS LIMITED
213800MOWH3Y1SFEGU61,FEXSERV FINANCIAL SERVICES LTD
213800MPOXEIL682JL70,COLUMBIA THREADNEEDLE (EM) INVESTMENTS LIMITED
213800MQJJYKAB7IV778,MS AMLIN CORPORATE SERVICES LIMITED
213800MRUJNKM97EY816,WEBB TRADERS UK LTD
213800MSAGKXH7JYWE25,SIX CONTINENTS LIMITED
213800MSK6IY7NX8XM32,GHANA INTERNATIONAL BANK PUBLIC LIMITED COMPANY
213800MSPIUZVV9RWM87,CITY CREDIT CAPITAL (UK) LIMITED
213800MT17LM2ZDT5B78,FRESHFIELDS LLP
213800MTCBLX12RLVP59,HAVNEGATEN INVEST AS
213800MUO1UFO9U9VH39,53 HOUSE LLP
213800MUX4RIR4HITS15,ODIN FORVALTNING AS
213800MUXSS7L95BSI24,RBC GLOBAL ASSET MANAGEMENT (ASIA) LIMITED
213800MVNGU56WXYB883,MONCEAU ASSET MANAGEMENT
213800MW4LLNH95RPV75,EMBARK INVESTMENT SERVICES LIMITED
213800MWJ1TXNQIF5J22,TOURMALINE EUROPE LLP
213800MXAKR2LA1VBM44,INSTINET EUROPE LIMITED
213800MXXDGQ3ITPXI41,FLSMIDTH & CO. A/S
213800MYDO8WUITPGO40,UFG ADVISORS LIMITED
213800MYGKX2HTG4WQ20,ΣΥΝΕΤΑΙΡΙΣΤΙΚΗ ΤΡΑΠΕΖΑ ΠΙΕΡΙΑΣ - ΟΛΥΜΠΙΑΚΗ ΠΙΣΤΗ ΣΥΝ.Π.Ε.
213800MYMN5ZDJKFCU24,GULF INVESTMENT SERVICES HOLDING CO SAOG
213800MZ1VUQEBWRFO39,JSE Limited
213800MZ412TC3WMLB35,VOLUE MARKET SERVICES AS
213800MZ8SY49DGWN237,REDWOOD BANK LIMITED
213800MZBUNKN3EE7Q48,CENTENARY RURAL DEVELOPMENT BANK LIMITED
213800N1GRADIDQ2LC50,H&P FACILITIES LTD
213800N2KFBZBWWT8D92,XTX MARKETS TRADING LIMITED
213800N3A2EZWGLPFW11,BARRATT & COOKE LIMITED
213800N42HSNX3DVQ324,GOULD STEELE & COMPANY LIMITED
213800N4WZ773G6JFA94,LODGE PARTNERS PTY LTD
213800N4ZST6W4GDRU11,NEDGROUP INVESTMENTS (UK) LIMITED
213800N5GBDVDJHAJK60,البنك الاهلي الاردني
213800N6FQGY4U7I2F47,CANADA LIFE ASSET MANAGEMENT LIMITED
213800N6OUNPDR663I59,"BANCO BIG MOÇAMBIQUE, S.A"
213800N7TB6R4NCA3R64,KEITH BAYLEY ROGERS & CO. LIMITED
213800N8F8XBQEVWPB58,NOTESCO UK LIMITED
213800N8NK41P3YXTJ89,CONTECH L.P.
213800N9IIJR149KZ535,JN BANK LIMITED
213800NAAYOQNIIUIS66,ΣΥΝΕΤΑΙΡΙΣΤΙΚΗ ΤΡΑΠΕΖΑ ΘΕΣΣΑΛΙΑΣ ΣΥΝ.Π.Ε.
213800NAOHHKRD9IHE35,香港聯合交易所期權結算所有限公司
213800NB8G5VRT1DXC91,THE LONDON METAL EXCHANGE
213800NC6RIJUZNF1D59,LIM JAPAN EVENT MASTER FUND
213800NCOJLY8JW3YI89,BANK SEPAH INTERNATIONAL PLC
213800NCSKH968YFDB88,المؤسسة العربيه المصرفيه ش.م.ب
213800NCX7MNTJMIK748,REPUBLIC INTERNATIONAL BANK N.V.
213800NEXLGIZ79A9575,SPREAD CO LIMITED
213800NEYB7AD3MF5D48,AIOI NISSAY DOWA EUROPE LIMITED
213800NF9TPLSYQQJZ80,"מור מגנה איי. אם בע""מ"
213800NGFJHBX9DUK957,"BYBLOS - FONDO NAZIONALE PENSIONE COMPLEMENTARE PER I LAVORATORI DELLE AZIENDE ESERCENTI L'INDUSTRIA DELLA CARTA E DEL CARTONE, DELLE AZIENDE GRAFICHE ED AFFINI E DELLE AZIENDE EDITORIALI"
213800NGHVYL5PFZI692,XRYMA PLC
213800NH4N481R4CJM49,A PLACE IN THE SUN CURRENCY LIMITED
213800NH6YFH1P7BQJ09,NINETY ONE UK LIMITED
213800NHXXULT15OMC15,LIM JAPAN EVENT FUND
213800NISCV8CQI6LW27,VIRGIN MONEY LIMITED
213800NJ87B1XDBIUQ55,EVELYN PARTNERS INVESTMENT MANAGEMENT (EUROPE) LIMITED
213800NK3BTRGYL97Q79,FUNDROCK PARTNERS LIMITED
213800NKX83414QQZ664,ATTIJARIWAFABANK
213800NLJCYY4AZZLS92,FCMB BANK (UK) LIMITED
213800NLUU42SM9HJN26,LUMON RISK MANAGEMENT LTD
213800NM8ZN1F16ARD34,香港中央結算有限公司
213800NMEZS3MD2IUP33,TP ICAP MARKETS LIMITED
213800NP668Y18LISX10,CREDO CAPITAL LIMITED
213800NQGCWPZ7UH3B47,SOLDO FINANCIAL SERVICES LTD
213800NR44FZFC9RPO56,INSIGHT INVESTMENT MANAGEMENT (GLOBAL) LIMITED
213800NR4FSW7P4DVL58,"BDT CAPITAL PARTNERS, LLC"
213800NRFLLAE9AF6P35,BANK OF LONDON AND THE MIDDLE EAST PLC
213800NRHA6N6788C286,SCHRODER INVESTMENT MANAGEMENT (GUERNSEY) LIMITED
213800NRSZ1N2Y6LEX44,FRONERI INTERNATIONAL LIMITED
213800NSBY4X3N2RR320,THE MORTGAGE WORKS (UK) PLC
213800NSS3EIP9IEMK16,ALNAIR AB
213800NT5JLFSUFW8A14,GARTMORE INVESTMENT MANAGEMENT LIMITED
213800NU2LNOBI31FQ12,FUNDMENT LIMITED
213800NU93V2TQZQTV61,KIMERA LIMITED
213800NUSHGBLI4CO575,FAMILY INVESTMENT MANAGEMENT LIMITED
213800NVU66DN88L4U91,JTC SHARE PLAN TRUSTEES (UK) LIMITED
213800NW35DTWHTMX505,GPB-FINANCIAL SERVICES LIMITED
213800NW5WGGPPYLR183,PT. BENTOEL PRIMA
213800NWZWYYTIEXU364,BENEFIT STREET PARTNERS LIMITED
213800NY6ROCJ5CURZ13,SCOTTISH BUILDING SOCIETY
213800NYDTVQM4SDUD67,"АКЦИОНЕРНОЕ ОБЩЕСТВО ""НАРОДНЫЙ БАНК КАЗАХСТАНА"""
213800NYHF16GEON4K07,NEC MONEY TRANSFER LIMITED
213800O1HNB2OJSHNJ03,INOVYN GROUP TREASURY LIMITED
213800O24R9L3ZG21H70,AEGON ASSET MANAGEMENT UK PLC
213800O2FTUPFGPH3J11,SOCIETY OF LLOYD'S
213800O2JB9EIR724H22,TERMINAL INVESTMENT LIMITED HOLDING
213800O3XDBNRZMFE998,CBRE INDIRECT INVESTMENT SERVICES LIMITED
213800O4EMKOXXZY9130,BANQUE DES ETATS DE L'AFRIQUE CENTRALE
213800O4WPTMQ9RQXQ63,HOBART CAPITAL MARKETS LLP
213800O61IIMGUQNGI04,MFM INVESTMENT LTD
213800O647LRO31RG918,VITALITY LIFE LIMITED
213800O66553ESU7RD35,SOCIETE GENERALE
213800O6ACOQMPIVGQ80,ALBARAKA BANK EGYPT SAE
213800O745YAU8XJDM35,RMG HOLDING LIMITED
213800O7QMOIZFJZ3K44,MARKETAXESS POST-TRADE LIMITED
213800O8EJ9UNYJNTF82,YEALAND FUND SERVICES LIMITED
213800O95EHO85XS2U17,비엔피파리바증권주식회사
213800O9FNN179AUWX06,EVELYN PARTNERS INVESTMENT MANAGEMENT SERVICES LIMITED
213800O9L2G7HXZTRN43,Absa Bank Zambia PLC
213800O9OO4VS2MUDX27,"CLSA SEKURITAS INDONESIA, PT"
213800OABD8MGQJE9436,EGR WEALTH LIMITED
213800OAC3YGZ9O2P726,UNATRAC HOLDING LIMITED
213800OANOWGT2KW8O63,EUROMTS LIMITED
213800ODDEKSV8H9NH56,ALEXANDER MANN SOLUTIONS LIMITED
213800OEDOK2L1N9BJ55,GRAAFFS TRUST LIMITED
213800OEIJJPAMOFV795,CENTRAL BANK OF CYPRUS
213800OF417GZWJGBY93,EBURY PARTNERS AUSTRALIA PTY LTD
213800OFFR9NLMLXI686,ARGENTEX LLP
213800OFO773FCZ2QY77,CCBI GLOBAL MARKETS (UK) LIMITED
213800OFPBAH4SVW7519,AHLI UNITED BANK LIMITED
213800OH1K9GFDYVHB98,EMKAP UK LTD
213800OI473FSBR52K95,MITON TRUST MANAGERS LIMITED
213800OICE1SFTC9ZZ07,BAT ASPAC SERVICE CENTRE SDN. BHD.
213800OIUUC13DOYFC20,ΚΑΡΑΜΑΝΩΦ ΧΡΗΜΑΤΙΣΤΗΡΙΑΚΗ ΑΕΠΕΥ
213800OJ4LG8R54XIX88,BANCA DI ANCONA E FALCONARA MARITTIMA CREDITO COOPERATIVO - SOCIE TA' COOPERATIVA
213800OKCE66AW6EFT61,ARUNDEL GROUP LIMITED
213800OKIMOAH1VOGY89,WAVE TRANSFER LIMITED
213800OKK4SBX2U4WH11,EIGER SECURITIES LLP
213800OKOG16F8OCGZ87,APSE CAPITAL LLP
213800OL1CBWHTDTOW48,QUAI INVESTMENT SERVICES LIMITED
213800OL96O67MO6RY80,BANK AL HABIB LIMITED
213800OLF8OE1I3HVY91,MONUMENT BANK LIMITED
213800OM9UEOFXJU2R36,JAY CAPITAL LTD
213800OMDTVWIIX95Y89,TTT MONEYCORP LIMITED
213800OMMIS2SMS6GH89,BTOMORROW VENTURES LIMITED
213800ON9SUZE6E64108,PHARMANOVIA BIDCO LIMITED
213800OO4CMNCGGP6M12,EURO-IB LIMITED
213800OOT97XZGKQPY40,BANK OF IRELAND (UK) PLC
213800OOUC2ZOTD3OM60,THE STAFFORD RAILWAY BUILDING SOCIETY
213800OP76GJJBHVJL78,CROSBY SECURITIES LIMITED
213800OPSXO91XCPAM65,VENCAP INTERNATIONAL PLC
213800OQBGR93O2MAS20,"JOINT-STOCK COMMERCIAL BANK ""TENGE BANK"""
213800OSGA6CJFZG6C32,MITSUBISHI CORPORATION FINANCE PLC
213800OSPASB7VI1NN70,DLA PIPER UK LLP
213800OSPFCAP4NWMO07,QUICKREMIT LIMITED
213800OSQM1JJ4CCXK11,ΣΤ. ΕΜΜ. ΛΑΥΡΕΝΤΑΚΗΣ ΧΡΗΜΑΤΙΣΤΗΡΙΑΚΗ ΑΕΠΕΥ
213800OT2PNJ92I4GA07,BRICK LANE CAPITAL MANAGEMENT LIMITED
213800OTQ2BHFRVL6A46,NATIONAL BANK OF KUWAIT (INTERNATIONAL) PLC
213800OU3FQKGM4M2U23,"ENAGAS, S.A."
213800OV8Y4H6GMWM670,惠譽國際評級有限公司
213800OWKJBRZTLDMX19,PROSDOCIMI LIMITED
213800OXC6NYYB9FWS28,IIU ASSET STRATEGIES LIMITED
213800OXEMN39OBN8M61,INSPARO ASSET MANAGEMENT LIMITED
213800OYHR1MPQ5VJL60,ΤΡΑΠΕΖΑ ΠΕΙΡΑΙΩΣ ΑΝΩΝΥΜΟΣ ΕΤΑΙΡΕΙΑ
213800OZNJQMV6UA7D79,"ARC RATINGS, S.A."
213800OZO2PQP43WCZ92,RIA CAPITAL MARKETS LIMITED
213800OZSDOA9UEAFP83,UNITED NATIONS OFFICE FOR PROJECT SERVICES
213800P1P13ABO5R9V78,SOCIETE GENERALE BANK - CYPRUS LIMITED
213800P3F4RT97WDSX47,NUMIS SECURITIES LIMITED
213800P518N21FOKDU50,BANQUE BEMO SAL
213800P6JVHRWB8UK129,PAYRNET LIMITED
213800P7ACFS66ZLR993,STOCKBROKERS BOTSWANA LIMITED
213800P7QU9BRRX4LI42,AXA SEGUROS GENERALES SOCIEDAD ANONIMA DE SEGUROS Y REASEGUROS
213800P851UZCLVK4X17,MMC INTERNATIONAL TREASURY CENTRE LIMITED
213800P8QPUPE3SOGX14,THETIS CAPITAL ΑΝΩΝΥΜΗ ΕΤΑΙΡΕΙΑ ΠΑΡΟΧΗΣ ΕΠΕΝΔΥΤΙΚΩΝ ΥΠΗΡΕΣΙΩΝ
213800P92PNWWOSITY17,TITAN SETTLEMENT & CUSTODY LTD
213800PA2Q75PE1FIC23,GMG BROKERS LTD
213800PBPMC23C4GZS83,NOVIA FINANCIAL PLC
213800PCL6YS5J6ES625,ALPHAGEN CAPITAL LIMITED
213800PCXWP25N81UC09,ION ASSET ARCHITECTURE UK LIMITED
213800PD7T6E6VXOJZ89,CAPITAL INTERNATIONAL BANK LIMITED
213800PDDFTVZ8MAK774,BABCOCK PTY LTD
213800PDXP2YDEP5OQ46,ELDERSTREET INVESTMENTS LIMITED
213800PERENGATFCHD95,CLEARBANK LIMITED
213800PF8P1MMQTV8B30,MAJA FINANCE S.R.L.
213800PGUKWJ6VON6251,STONEWEG INVESTMENT LUXEMBOURG S.A R.L.
213800PL15V1KMS75V62,SMART CURRENCY EXCHANGE LIMITED
213800PL6I726XOBAO45,Global X Management (AUS) Limited
213800PL9UJMEOI4DN65,경남 은행
213800PLIGVGFM4K2R87,BREWIN DOLPHIN LIMITED
213800PLUYXGZ8LU7T61,MONZO BANK LTD
213800PMAHB6CM2JKS72,"UAB ""TRANSFERGO LITHUANIA"""
213800PMOOCUZYCAIA03,BNP PARIBAS LEASING SOLUTIONS
213800PN8BSF31FXFM06,KBC IFIMA S.A.
213800PNWYME8874XZ32,GRIFFIN BANK LTD
213800POPD476LX1UB82,MAXIS INVESTMENTS LTD
213800PPIXH753HQGL60,WOCOM SECURITIES LIMITED
213800PPUH5NKJ7O4G72,EVELYN PARTNERS TRUST CORPORATION LIMITED
213800PPVN6ORMUD1506,LONDON CAPITAL GROUP LIMITED
213800PRS63QRXI6KR55,INTEGRAL FX LLP
213800PRXJ7WA41AIN67,MUFG BANK MEXICO SOCIEDAD ANONIMA INSTITUCION DE BANCA MULTIPLE FILIAL
213800PSAO13NMA4J664,ARENA WEALTH MANAGEMENT LIMITED
213800PSSU2QXF1WLR89,GLENCORE INTERNATIONAL AG
213800PT7RA4T829Q205,GTX UK LLP
213800PTNGQXCRUOIF04,CÔNG TY LIÊN DOANH THUỐC LÁ BAT-VINATABA
213800PTPUC2FVX4WI34,أرقام سيكيوريتيز (ش.ذ.م.م)
213800PV59VLYB285I38,TRIVE FINANCIAL SERVICES UK LIMITED
213800PVGRZAJC1ZAG14,KODAK ALARIS HOLDINGS LIMITED
213800PX57VULWV8AK43,UNITY TRUST BANK PLC
213800PY5I5D4T5NED50,THE BANK OF NEW YORK MELLON SA/NV - MILAN BRANCH
213800PZ9381T5E5NI63,OCORIAN (UK) LIMITED
213800PZ9DVANTRNXG39,TEACHERS' BUILDING SOCIETY
213800PZDUGEXMRMKR15,AXA INVESTMENT MANAGERS UK LIMITED
213800PZEFVE6I1RUD20,VOLCAFE LTD
213800PZM4ABXKHUVC54,THOMAS MILLER INVESTMENT LTD
213800PZWYFKIOAGQY35,OLIVE TREE CAPITAL MARKETS LIMITED
213800Q2SV4RFPY6WO79,THE TRINIDAD AND TOBAGO CENTRAL DEPOSITORY LIMITED
213800Q3LL8GBWJG4S51,"RATO bankas, UAB"
213800Q3WACMSCQ5YX36,"Paul Stricker, SA"
213800Q4D6TEW8UQLZ48,ΟΡΓΑΝΙΣΜΟΣ ΣΙΔΗΡΟΔΡΟΜΩΝ ΕΛΛΑΔΟΣ
213800Q4M6JBU7AYVT66,TRIUM BANK & TRUST LTD
213800Q66D4FUSHCJA76,ARNOLD STANSBY & CO. LIMITED
213800Q6LW85M22SGX13,PGIM PRIVATE CAPITAL LIMITED
213800Q6ROFLJI7H1M10,ORBIT INVESTMENT SECURITIES SERVICES LIMITED
213800Q7NKHLTVEORI36,EUROTRUST ΧΡΗΜΑΤΙΣΤΗΡΙΑΚΗ ΑΕΠΕΥ
213800Q83XDHOIB6TI19,AFROTRADE LIMITED
213800Q8Q666WOBZZV11,EMFI Capital Limited
213800Q8Y34WUZYSWA36,HOULIHAN LOKEY ADVISORY LIMITED
213800Q8Z6JRR1RRIR46,NOVA CAPITAL MANAGEMENT LIMITED
213800Q9L17H8Y9EPH80,DRAGON CAPITAL VIETFUND MANAGEMENT JOINT STOCK COMPANY
213800Q9ORSUKE748Y52,WITAN INVESTMENT SERVICES LIMITED
213800QA9L9NUDBF7922,DUNNHUMBY LIMITED
213800QABNLB2PWW2W74,PHOTON DANCE FINTECH UK LIMITED
213800QALON78XPT6322,FUNDBANK LTD.
213800QCI7X27H677R39,QUILTER CHEVIOT LIMITED
213800QCJ2O32AX1JY44,"OREY FINANCIAL - INSTITUIÇÃO FINANCEIRA DE CRÉDITO, S.A."
213800QCVQCX88M5U770,Valcourt SA
213800QD7GVC7HEIF556,LOUGHBOROUGH BUILDING SOCIETY
213800QDENCLGX6N9O06,HONDA MOTOR EUROPE LIMITED
213800QDGFHUU6ZEGP21,SUNRISE HOLDCO V B.V.
213800QDJQNB4546YV16,HUDSON RIVER TRADING EUROPE LTD.
213800QDN1C6AT4FYL97,CASTLEFIELD INVESTMENT PARTNERS LLP
213800QDODE9J88XPD88,CURRENCIES DIRECT LIMITED
213800QFPP8QFI9PUP95,STIFEL EUROPE LIMITED
213800QG23EVN9OC9X75,NIPPON LIFE SCHRODERS ASSET MANAGEMENT EUROPE LIMITED
213800QH1824YW4EQO06,AK JENSEN LIMITED
213800QH62U49J4QC226,BARING NORTH AMERICA LLC
213800QIJ8Y2MDAGUE12,TFI ECOMMPAY LTD
213800QILIUD4ROSUO03,Deutsche Bank Europe GmbH
213800QL3V1PYPQMLU38,NASDAQ DUBAI LIMITED
213800QMTDYZ56UF6Y43,EASYJET AIRLINE COMPANY LIMITED
213800QMYGA8YSG5WR05,STARMARK INVESTMENT MANAGEMENT LIMITED
213800QOWEG1BEBH4976,MST FINANCIAL SERVICES PTY. LTD.
213800QOYKM6VP77V440,HEJAZ FUNDS MANAGEMENT PTY LTD
213800QP1A1E9IQSRM65,FUTURE PLANET CAPITAL (VENTURES) LIMITED
213800QQ3P2K8TO2L655,MICROEQUITIES ASSET MANAGEMENT PTY LTD
213800QR1BLUTLQGPF83,BNP PARIBAS FUND III N.V.
213800QR8JQHFI5BLV92,OTKRITIE BROKER LTD
213800QRC7LNX935OZ09,ROCKWOOL A/S
213800QRM76KC7Q86N58,中國銀河證券香港有限公司
213800QRNU1DQCQ9UH22,ETA MONEY LIMITED
213800QROYZWHBKS7A94,ADIENT BELGIUM
213800QSZ77DG7RUBT86,SQUARE GLOBAL
213800QT1MN517VCZK32,FRANSABANK S.A.L.
213800QTEJ512NUDDT70,CLSA INDIA PRIVATE LIMITED
213800QTJCQIMJF3IA71,COLUMBIA THREADNEEDLE MANAGEMENT LIMITED
213800QUGKCFF2WVMT82,KCA DEUTAG ALPHA LIMITED
213800QV4EBMZW6Y2M48,CHALHOUB GROUP LIMITED
213800QVGEFMX9PQ1679,SECTRAM PARTNERS SA
213800QW4D2Z6HZ9AJ53,LUDGATE INVESTMENTS LIMITED
213800QW7QJVVCL9RZ56,ZOPA BANK LIMITED
213800QY8N1NAEXA1852,GENERATION ASSET MANAGEMENT (UK) LIMITED
213800QZ3DCH7RYKTE53,JAMAICA MONEY MARKET BROKERS LIMITED
213800QZOMBKQCQGOA66,"PALAMON CAPITAL PARTNERS, LP"
213800R1B3QMMKVP2A27,MERCER LIMITED
213800R1BS3Z253M2J72,CG ASSET MANAGEMENT LIMITED
213800R1F1EJYM4ICO85,BARRY CALLEBAUT SERVICES
213800R28WI15UIOEM04,CGS INTERNATIONAL SECURITIES UK LTD.
213800R2FLOQ3WX9D173,مركز يونيفيرسال للصرافة
213800R2JJF6YLU9BJ92,CRESCENT CAPITAL NI LIMITED
213800R2WKC8P5MNT536,ALDER INVESTMENT MANAGEMENT LIMITED
213800R4F8HHN2TEAM53,MYPOS PAYMENTS LTD
213800R4VFQLKZTGYD20,BROOKS MACDONALD FINANCIAL CONSULTING LIMITED
213800R54EFFINMY1P02,TP ICAP (EUROPE)
213800R62RPGBBLQRT21,RAYMOND JAMES WEALTH MANAGEMENT LIMITED
213800R62T72K1N8TS35,SHORELINE SECURITIES CORP.
213800R6JFLAG7MI8549,FINO 2 SECURITISATION S.R.L.
213800R6YVGU4VP7XK84,PERSHING LIMITED
213800R8KE944LTNSO68,"UAB ""PROBANX SOLUTIONS"""
213800R9W4BDUVGI6O12,HSBC INVESTMENT FUNDS (HONG KONG) LIMITED
213800R9WTWHCWK9M627,國泰君安證券(香港)有限公司
213800RA4QIHSIMFZL73,CASTLE TRUST CAPITAL PLC
213800RA7UFZME6PI197,TIPTON AND COSELEY BUILDING SOCIETY
213800RBM8VDZ3I3VP26,ARQAAM CAPITAL LIMITED
213800RCIAV2VC3HYP60,VISA PAYMENTS LIMITED
213800RCIKMJSCEFVB28,INTRINSIC CAPITAL LLP
213800RCXJN9G7PQAS09,SHIFT FINANCIAL SERVICES LTD
213800RD4OXIB1Y5ZK47,HSBC GLOBAL ASSET MANAGEMENT LIMITED
213800RDGIF6Y5WLOJ02,ЕЛАНА ТРЕЙДИНГ
213800REJK69YVJTMC76,ΑΛΦΑ FINANCE ΜΟΝΟΠΡΟΣΩΠΗ ΑΝΩΝΥΜΗ ΕΤΑΙΡΙΑ ΠΑΡΟΧΗΣ ΕΠΕΝΔΥΤΙΚΩΝ ΥΠΗΡΕΣΙΩΝ
213800RENLNKMWZV8767,LOLLANDS BANK A/S
213800RFEQH5H2XK8L40,WM THOMSON & SONS
213800RG14PKT8BC8K42,AGEAS PORTUGAL - COMPANHIA DE SEGUROS DE VIDA S.A.
213800RG4WF4YPRU9X76,ACTIVUS WEALTH LIMITED
213800RGHPGY5SER3811,BRITISH AMERICAN TOBACCO-ALBANIA
213800RGYOAL3KL2XL02,SSY FUTURES LTD
213800RHR8ADTMECK284,VERNON BUILDING SOCIETY
213800RHZ63F9LBR3968,AXA INVESTMENT MANAGERS GS LIMITED
213800RJ27MKB7A3WU97,"АКЦИОНЕРНОЕ ОБЩЕСТВО ""БРИТИШ АМЕРИКАН ТОБАККО-СПБ"
213800RJ4INPEDECYC41,CBRE INVESTMENT MANAGEMENT INDIRECT LIMITED
213800RLPT1GANM6TC98,PEU (TRE) LIMITED
213800RLRA3QAXIYSG40,EVERSHEDS SUTHERLAND (INTERNATIONAL) LLP
213800RLZ3L54Y59RL77,MONUMENT ASSET MANAGEMENT LIMITED
213800RMACLIXKKOY866,LTL KREDITO UNIJA
213800RME8DSSB1XGC68,Magyar Posta Zártkörűen Működő Részvénytársaság
213800RMKPDXCUO92335,ALGBRA FS UK LIMITED
213800RNCUQ66C57MV78,THE CHARITY BANK LIMITED
213800RNU2KSFXNZSH87,CÔNG TY TNHH LIÊN DOANH VINA-BAT
213800ROVK72CQLNN629,FINCO TREASURY MANAGEMENT LTD
213800RPS6UGAVWQ6T48,ARCANUM ASSET MANAGEMENT LTD
213800RPWI2W331TBF44,ORCA INVESTMENTS LIMITED
213800RQ3U5WMXYDTO77,ROTHMANS FAR EAST B.V.
213800RQHQJV817FI835,A N EXPRESS LIMITED
213800RQIGJW9IXHRN53,CLOUDMARGIN LIMITED
213800RQJX39IJETT690,HATHAWAY INVESTMENT MANAGEMENT LIMITED
213800RQTGWKM42CJU35,HSBC SECURITIES ASIA NOMINEES LIMITED
213800RR26GGHC7EBQ41,WESLEYAN UNIT TRUST MANAGERS LIMITED
213800RR7AZQHJURH844,CAPITAL TRUST FINANCIAL MANAGEMENT LTD
213800RRX1TYUVV2R518,EUROPE ARAB BANK PLC
213800RS5T5R9CMPX149,BUREAU SOLUTIONS LIMITED
213800RTGODUAP4OCD68,SUNRATE SOLUTIONS LIMITED
213800RTIU9M8KW52I52,Γ.Α. ΠΕΡΒΑΝΑΣ ΧΡΗΜΑΤΙΣΤΗΡΙΑΚΗ ΑΝΩΝΥΜΗ ΕΤΑΙΡΕΙΑ ΠΑΡΟΧΗΣ ΕΠΕΝΔΥΤΙΚΩΝ ΥΠΗΡΕΣΙΩΝ
213800RUDVAGJWO6I253,JANUS HENDERSON ADMINISTRATION UK LIMITED
213800RUJKNJ1A9ZX173,STANDARD LIFE FUND MANAGERS LIMITED
213800RUSOIJPJD19H13,"INA-INDUSTRIJA NAFTE, D.D."
213800RUT3C1PCHUQP60,MARBLE BAR ASSET MANAGEMENT LLP
213800RVA6CA8HN1RT89,ASTRAZENECA TREASURY LIMITED
213800RVYQW1IIV48A09,ATTESTOR LIMITED
213800RW4997SJUBJW02,EQ INVESTORS LIMITED
213800RWVKKIRX1AUH58,ABU DHABI COMMERCIAL BANK
213800RXIYPJASC77A98,STERLING ISA MANAGERS LIMITED
213800RXNXMJB2ZSHA68,Ι.Χ. ΜΑΥΡΙΚΗΣ ΧΡΗΜΑΤΙΣΤΗΡΙΑΚΗ Α.Ε.Π.Ε.Υ.
213800RY3XPI2MINMS84,CITY ASSET MANAGEMENT PLC
213800RYKU8E7RTLAE11,SOGEA-SATOM
213800RYL659B8YFRF90,兆豐證券股份有限公司
213800RZ3GCUXMBGYN59,RENAISSANCE CAPITAL LIMITED
213800RZNIZJTS4C9P97,IFDC LIMITED
213800RZSDK2H99RLB55,PREPAID FINANCIAL SERVICES LIMITED
213800RZWDYDL7SD2C84,KOALA MONEY LIMITED
213800S2Q2OOYMBRL266,KB Securities Hong Kong Limited
213800S2TA8P2U4L5P50,ENNISMORE FUND MANAGEMENT LIMITED
213800S3A3PDMP82R193,FS FIRST SOLUTIONS LIMITED
213800S3IRIPK1R3JQ58,REDMAYNE-BENTLEY LLP
213800S3KTWVNRTWA706,"POLARIS CAPITAL MANAGEMENT, LLC"
213800S3S8OOT4X7M727,GC PARTNERS (DIFC) LIMITED
213800S4DUJWMDMVYE58,UTMOST INTERNATIONAL ISLE OF MAN LIMITED
213800S4ISEZPDMALS29,EXPORT DEVELOPMENT BANK OF EGYPT
213800S4QPWSX1GXY767,QIB (UK) PLC
213800S4ZNRQLEHSD331,BANCO BAI CABO VERDE S.A.
213800S5I8AHISIGZE12,THE ONELIFE COMPANY S.A.
213800S5PUTOA53H7962,CLUBB CAPITAL LIMITED
213800S766I9BW9T7Y55,ALPHA FX LIMITED
213800S7FGLGM4J4MV84,MAREX PRIME SERVICES LIMITED
213800S7FPNAUPWJGT37,PUBLIC WORKERS CO-OPERATIVE CREDIT UNION LIMITED
213800S7UF5OC3RWR533,MERCANTILE & MARITIME ENERGY PTE. LTD.
213800S8K5XZJ2K6OB13,ALPHA BANK LONDON LIMITED
213800S9AGLZ2F6WM693,SHARE IN LTD
213800S9XLLXTF1ASP18,FIC SHARECO LIMITED
213800SAKJIU22I6RO87,MITSUBISHI UFJ ASSET MANAGEMENT (UK) LTD.
213800SAP2ZFO5TUVP71,FIRST CAPITAL CORPORATION LIMITED
213800SAU6FDJU8A8O43,MITIE TREASURY MANAGEMENT LIMITED
213800SAZX6COB8ML838,HO CHI MINH CITY SECURITIES CORPORATION
213800SB6EOB8SSK9W63,FINNAIR OYJ
213800SC2Q1PYBJHEG17,BAT (NEW ZEALAND) LIMITED
213800SCELOUHKL5AP84,SWISS INVESTMENT CORPORATION LIMITED
213800SD2GIX7QLTSA39,PAYALLY LIMITED
213800SDA1ARDKUAED07,CHUBB UNDERWRITING AGENCIES LIMITED
213800SE4KPTY278KZ54,JARDEN SECURITIES LIMITED
213800SGT5S6EKUW2987,MULTITUDE BANK P.L.C.
213800SH89C76FX4SZ16,R C BROWN INVESTMENT MANAGEMENT PLC
213800SHGGWDBFVRPS03,ΑΛΦΑ ASSET MANAGEMENT ΜΟΝΟΠΡΟΣΩΠΗ ΑΝΩΝΥΜΗ ΕΤΑΙΡΙΑ ΔΙΑΧΕΙΡΙΣΕΩΣ ΑΜΟΙΒΑΙΩΝ ΚΕΦΑΛΑΙΩΝ
213800SHVRXHARXXSU58,RMB INTERNATIONAL (MAURITIUS) LTD
213800SIBC5KH8VFX532,PRICEWATERHOUSECOOPERS (MIDDLE EAST GROUP) LIMITED
213800SK7JU5D3GJBW27,MCHATTIE INVESTMENT MANAGEMENT LIMITED
213800SKEP4JH8FNEL05,CGS INTERNATIONAL SECURITIES SINGAPORE PTE. LTD.
213800SKGJVPDHS7EU30,GREENWICH DEALING TRADING GROUP SA
213800SKGQNZQT4HFB16,BANK OF SYDNEY LTD
213800SKIFATQX7XZV24,TOYOTA TSUSHO METALS LIMITED
213800SL4OQH2614HP92,CMC SPREADBET PLC
213800SMPWZVT6GGQZ69,EUROBANK ASSET MANAGEMENT Α.Ε.Δ.Α.Κ.
213800SMQKWRJHU9X118,TITAN PRIVATE WEALTH LIMITED
213800SNGBP3QFNJU761,NOVATUM TECH LIMITED
213800SO27IQR1PYRC09,フィッチ・レーティングス・ジャパン株式会社
213800SPKRBBB549EH83,UNION BANCAIRE POUR LE COMMERCE ET L'INDUSTRIE
213800SR5WQLNGICJ928,المحدود (الشرق الأوسط) يونيون بنك كابيتال
213800SS8FNQ24KTNB18,ΠΑΝΤΕΛΑΚΗΣ ΧΡΗΜΑΤΙΣΤΗΡΙΑΚΗ ΑΝΩΝΥΜΗ ΕΤΑΙΡΕΙΑ ΠΑΡΟΧΗΣ ΕΠΕΝΔΥΤΙΚΩΝ ΥΠΗΡΕΣΙΩΝ
213800SS94VGJTFLIG64,TD EXECUTION SERVICES LIMITED
213800SSRKB265DZVK91,NEWBURY BUILDING SOCIETY
213800STF2DMHFBAR129,MERCIA REGIONAL VENTURES LIMITED
213800STG3UV87MDGA96,CHINA INTERNATIONAL CAPITAL CORPORATION (UK) LIMITED
213800STIAB337CE2L24,EVELYN PARTNERS ASSET MANAGEMENT LIMITED
213800STLYQPIPETHY46,Смарт Фънд Асет Мениджмънт
213800STWHOOKPRZYF07,MET ASSET MANAGEMENT UK LLP
213800SUA4ONWVG1W711,SAUNDERSON HOUSE LIMITED
213800SVCJUHY6VX7884,BANK OF CHINA (UK) LIMITED
213800SVCZ6YZ8YJI569,EUROSTAR INTERNATIONAL LIMITED
213800SVXQT2O99EX376,SI CAPITAL LTD
213800SX31RZAUG51A35,مصرف الهلال ش م ع
213800SX88YWAGOKYF25,"GEN II FUND SERVICES, LLC"
213800SXNF1HRW6WZZ04,Global Capital Securities and Financial Services Limited
213800SXS8EYUUA6SV95,MIRAE ASSET SECURITIES (UK) LTD.
213800SXUXZQH8G61195,CORDIFIN S.P.A.
213800SY355LFLWB1517,IG BANK S.A.
213800SY54I4NMEEN166,GLEN DIMPLEX EUROPE HOLDINGS LIMITED
213800SZZD4E2IOZ9W55,ALLIANCE WITAN PLC
213800T1A9HGD58GM585,INSTINET GLOBAL SERVICES LIMITED
213800T26OOLJ4M68603,GIBRALTAR ASSET MANAGEMENT LIMITED
213800T38ERVY7FN8L42,アクサ生命保険株式会社。株式会社。
213800T43C5JI9BX6R78,BRENNUS ASSET MANAGEMENT LLP
213800T4OJPVQB8MDS04,OCTOPUS MONEY UNIT TRUST MANAGERS LIMITED
213800T4YBMQPBTOSS68,PIE FUNDS MANAGEMENT LIMITED
213800T6KRBL2I1JLZ30,恒生银行（中国）有限公司
213800T71F7VD5ANZI55,WALKER CRIPS GROUP LIMITED
213800T7ODL5BSNMRA82,ERIS FX LIMITED
213800T8PC8Q4FYJZR07,ATLAS COPCO AKTIEBOLAG
213800T997FAXTPC4D63,シュローダー・インベストメント・マネジメント株式会社
213800T9EJ233VTJLR16,FTT GLOBAL LIMITED
213800T9OJMZA69QDM04,SOVA CAPITAL LIMITED
213800T9SJP3TKAM6Q96,ΤΡΙΛΙΑ ΝΕΤ ΙΔΡΥΜΑ ΠΛΗΡΩΜΩΝ ΑΝΩΝΥΜΗ ΕΤΑΙΡΕΙΑ
213800TAJ3BG1S8I6U50,ISS GROUP HOLDINGS LIMITED
213800TB2E78VBL1WW50,AXON ΧΡΗΜΑΤΙΣΤΗΡΙΑΚΗ ΑΕΠΕΥ
213800TBJD9OS7B4BW78,FITCH RATINGS SINGAPORE PTE. LTD.
213800TC346BFSYEGW90,CAPITAL FINANCIAL MARKETS LIMITED
213800TCAT8TP3LFRF81,FUNDING CIRCLE LTD
213800TCU33AW4PFYB88,MANULIFE INVESTMENT MANAGEMENT (EUROPE) LIMITED
213800TD77W87BZYP661,GOVERNMENT OF ST LUCIA
213800TDN78CL1ET8574,ALTUS INVESTMENT MANAGEMENT LIMITED
213800TE1VETDDTPKN12,FORTE SECURITIES LIMITED
213800TEMPHBTH8XQT25,BNP PARIBAS TRUST SERVICES SINGAPORE LIMITED
213800TFHKG4Q3XKMI63,BEAUMONT CORNISH LIMITED
213800TFSEDK4Y98VZ05,AURIGA GLOBAL INVESTORS SOCIEDAD DE VALORES SA
213800THY2EXG32PVK33,BNP PARIBAS SECURITIES INDIA PRIVATE LIMITED
213800TKOS7J5UA3ZI07,EUROPE ARAB BANK SA
213800TKR59ER8Z69V16,CO-OPERATIVE GROUP LIMITED
213800TKTG69M7OKAT75,CAPE CAPITAL AG
213800TLZ6PCLYPSR448,THE CO-OPERATIVE BANK P.L.C.
213800TOFB5VNV9L6J73,ADG TRADING LLP
213800TP125UOGWQ7N12,PINEMONT SECURITIES LIMITED
213800TPOR8UE5PHPX60,GALLAGHER SECURITIES UK LIMITED
213800TPPAPTYLS8Z364,MAKO FINANCIAL MARKETS PARTNERSHIP LLP
213800TQ22QLNOWBKC41,PSI - PAY LTD
213800TR2QUHTOHDPR41,POSTEN BRING AS
213800TSKOLX4EU6L377,BABCOCK INTERNATIONAL GROUP PLC
213800TSQG4HTYVIIQ58,SAPIEN CAPITAL LIMITED
213800TSUEO1BP2F4Z08,TD BANK EUROPE LIMITED
213800TTKLDKHAMM6G29,FITCH AUSTRALIA PTY LTD
213800TTOK5GLNRMXM39,METAGE CAPITAL LIMITED
213800TTWISTAC8DFL04,KW INVESTMENT MANAGEMENT LIMITED
213800TTX77KOEB2IJ42,HAMILTON STUART CAPITAL LTD
213800TUOKZC29M46H06,G.H. FINANCIALS LIMITED
213800TUUUQUT8GHZ555,Mirae Asset Securities (HK) Limited
213800TVEAVMX986XA93,FIL INVESTMENT ADVISORS (UK) LIMITED
213800TVFZLS2UKKDC72,STARK GROUP A/S
213800TW3BMETPAIIV03,ALTANA WEALTH LIMITED
213800TWSHPHH7ZH2P97,AEGEAN BALTIC BANK Α.Τ.Ε.
213800TX8ZB391LJX140,IFC INVESTMENTS CYPRUS LTD
213800TXIHXICIOAJC91,EUROCORP FINANCE Α.Ε.Π.Ε.Υ.
213800TXRQEIU31IP105,OXFORD TECHNOLOGY MANAGEMENT LIMITED
213800TZOFHTZTVVYX79,MAREX CAPITAL (AD) LIMITED
213800U1CRWB98839672,KOMPANIA PIWOWARSKA SPÓŁKA AKCYJNA
213800U25JDUSE6WZQ48,SAPIA PARTNERS LLP
213800U2UUIWCJKMB182,LIBERTY SPECIALTY MARKETS LIMITED
213800U3E43JJDXJB778,EMIRATES NBD GLOBAL MARKETS LLC
213800U3Y9UL7Y4QVM11,ΜΟΤΟΡ ΟΙΛ (ΕΛΛΑΣ) ΔΙΥΛΙΣΤΗΡΙΑ ΚΟΡΙΝΘΟΥ Α.Ε.
213800U4GNTXRFYZKG18,Wise Payments Limited
213800U5S3O1D9S8SY78,COSMOTE PAYMENTS - ΥΠΗΡΕΣΙΕΣ ΗΛΕΚΤΡΟΝΙΚΟΥ ΧΡΗΜΑΤΟΣ ΑΝΩΝΥΜΟΣ ΕΤΑΙΡΕΙΑ
213800U6JL78EYKR3548,INEOS HOLDINGS LIMITED
213800U6KUF87S1KCC03,PANMURE LIBERUM CAPITAL LIMITED
213800U7P9GOIRKCTB34,EQT AB
213800U948ND5S746O10,ACORN CAPITAL LIMITED
213800U9O19NADJ9T203,ABRDN LIFE AND PENSIONS LIMITED
213800U9PYCRT9ZUJ626,SKYSCANNER LIMITED
213800U9YG19GFXT3S09,CYPRUS STOCK EXCHANGE
213800UAKGM2TVQJQV58,NAPIER PARK GLOBAL CAPITAL LTD
213800UBQT4F9F9N5E03,CURRENCY UK LIMITED
213800UEB5PQMZYOFM66,AEGON INVESTMENT SOLUTIONS LTD.
213800UEM5AN3L8GX195,VFX FINANCIAL PLC
213800UFLAA5SS55IZ10,"BANCO L. J. CARREGOSA, S.A."
213800UG7CXN5LWJ3H39,BABCOCK MARINE (ROSYTH) LIMITED
213800UGICKWKBKUBX07,PILLING & CO STOCKBROKERS LTD
213800UGRZ9QHNCBPO55,MP PAYMENTS UK LIMITED
213800UHF7TEFY61T896,DF CAPITAL BANK LIMITED
213800UHJUCFNA7KY464,TURKISH BANK (UK) LIMITED
213800UI2HP3QOZIDO48,SWAPFOREX LIMITED
213800UIMM88P3K5ZV42,GATEHOUSE BANK PLC
213800UIS63NQUVUIY40,STANHOPE CAPITAL (SWITZERLAND) SA
213800UK7516IBWZO445,BORBJERG SPAREKASSE
213800UL7Z7B6GLBZ213,C&J CLARK LIMITED
213800ULJZJ62U8HD929,ANB GLOBAL MARKETS LIMITED
213800UPCTZ7JX9YXN13,INTERNATIONAL ASSET MANAGEMENT LIMITED
213800UQRHYN2BB9PP18,ENTAIN OPERATIONS LIMITED
213800UQVP2J3N33CS81,"WILLIAMS TRADING EUROPE, LLP"
213800UR6ZKO8ZUQZI03,ALT 21 LIMITED
213800URRQ4HTSWKXZ41,EBURY PARTNERS UK LIMITED
213800US7R2ZZM3KKD52,CEYLON TOBACCO COMPANY PLC
213800USD6DCMLLYBV59,AMICORP BANK AND TRUST LIMITED
213800USFMW9SRU33F16,CROSSBORDER CAPITAL LIMITED
213800UTILPJXXGYHN52,NFU MUTUAL INVESTMENT SERVICES LIMITED
213800UTRFM2N8LMMT64,RLUM LIMITED
213800UU8AHE2B6QUI26,GBM SECURITIES LIMITED
213800UUGANOMFJ9X769,BARCLAYS BANK UK PLC
213800UUJ4VGSW9RGK75,SCHRODER INVESTMENT MANAGEMENT BRASIL LTDA
213800UUV3ALHJJCA996,INDUSTRIAL COMMON OWNERSHIP FINANCE LIMITED
213800UV7Z5F66Q37P26,AXA Versicherung Aktiengesellschaft
213800UVBWYXM97HSY04,THE KOREA DEVELOPMENT BANK
213800UVKX1J4PMQR360,"HOWDEN TIGER CAPITAL MARKETS & ADVISORY, LLC"
213800UW4Q5SEGFJLJ86,SYD FUND MANAGEMENT A/S
213800UWBKJSC471FG52,IPAGOO LLP - GERMAN BRANCH
213800UWVX5JSNXJS434,Ipoteka-Bank ATIB
213800UXUUI64UHQK837,PAN ASSOCIATES
213800UYAHIRLZ4NSN67,LÅN & SPAR BANK A/S
213800UYR4MJ6VKWZS44,AL BARAKA ISLAMIC BANK B.S.C - CLOSED
213800UZRUTK6JGYQV57,SEYCHELLES CREDIT UNION
213800V1TZ5IPI3X3417,جويالوكاس للصرافة
213800V2YODXDRX33B90,RUFFER LLP
213800V3DODCBXK7HW27,DECOMAR S.P.A.
213800V3EFO8FMJNPR06,FIRST CAPITAL BANK LIMITED
213800V41GEZTRIJT462,BIALETTI INDUSTRIE S.P.A.
213800V59UAE4BG51L90,SURVITEC GROUP LIMITED
213800V5P3CRADXQTP56,RASMALA PLC
213800V635PLJWV3PW34,WILFRED T. FRY (EXECUTOR AND TRUSTEE) LIMITED
213800V6EW8MXEVQ7K55,UNITY CREDIT UNION
213800V716ZRVKB1GS80,"UAB ""INVL Asset Management"""
213800V7B2AQW2OQ8247,INTEROGO HOLDING AG
213800V7H3IE2C1USM93,BAKER STEEL CAPITAL MANAGERS LLP
213800V899TGZUZ2LQ41,EFG ASSET MANAGEMENT (UK) LIMITED
213800V8FTFA1RVRAN82,DIOMEDES CAPITAL LTD
213800V8QK9WQ3LPRD72,"FITCH RATINGS, INC."
213800V8S6SAU9X2LX23,NEO CAPITAL MARKETS S.V. S.A.
213800V8TNER6L45XC07,CHARTERHOUSE DEVELOPMENT CAPITAL LIMITED
213800V93QFW53NB7Y29,BODYCOTE PLC
213800V9HH3WP51GWK07,CENTRAL BANK OF BELIZE
213800VABJKY29IV2756,BROWN BROTHERS HARRIMAN INVESTOR SERVICES LTD.
213800VAG8CX989RGF57,STAMFORD ASSOCIATES LIMITED
213800VASDYVHHJPJ166,AXA INVESTMENT MANAGERS ASIA (SINGAPORE) LTD.
213800VAZKZYAXMFIN23,THE SHARE REPUBLIC.COM LTD
213800VBSS5QKJCWGS08,FIRST GLOBAL (UK) LTD.
213800VCJUJI4KTRSJ25,Bordier & Cie SCmA
213800VCY3DMKTTDI617,FORTRADE LIMITED
213800VD1J4J4QUU5402,DSAM PARTNERS (LONDON) LTD
213800VEJNHTMJO2T519,CENTRAL BANK OF SOLOMON ISLANDS
213800VEN92NOOOJF520,INVESTEC BANK (MAURITIUS) LIMITED
213800VGFKO4K5IJUI20,bridport & cie sa
213800VHZWBPB7NRJV20,AP CAPITAL INVESTMENT LIMITED
213800VIH5AL9VOSRF63,BESTSELLER A/S
213800VII71629XRFF21,KESTREL CAPITAL (EAST AFRICA) LIMITED
213800VIUO4728ORI866,HAITONG INTERNATIONAL (UK) LIMITED
213800VIYJF4U5FLXU59,National Bank of Commerce Limited
213800VJ1GMACBBTYZ14,ROYAL LONDON ASSET MANAGEMENT LIMITED
213800VJ45AXUNOGXH55,MILKSTONE LIMITED
213800VKAB1ECRJFP314,GVQ INVESTMENT MANAGEMENT LIMITED
213800VLLQNL31U3TJ67,RUDOLF WOLFF LIMITED
213800VLRZE4K61IEG21,QUILTER CHEVIOT EUROPE LIMITED
213800VLY8N58Y1PKO02,MITSUBISHI UFJ BAILLIE GIFFORD ASSET MANAGEMENT LIMITED
213800VN3A9AZNZ4LE10,BOHLER & ASSOCIATES LIMITED
213800VOUIHME91H1J05,WS FINANCIAL AND INVESTMENT SERVICES LIMITED
213800VPE6YIJKA66X97,MAGNA CAPITAL LIMITED
213800VQ1PQHOJXDDQ88,BARONSMEAD VENTURE TRUST PLC
213800VQ96GU9PLDDE48,富途證券國際(香港)有限公司
213800VQLSHHWOYKKZ33,HSBC FINANCIAL SERVICES (MIDDLE EAST) LIMITED CO
213800VQWC8RFWYS2W46,STORMHARBOUR SECURITIES LLP
213800VSQ5XC64W8OM58,HSBC INVESTDIRECT (INDIA) PRIVATE LIMITED
213800VTOMUWD41GIT12,BEAZLEY PLC
213800VVX3EXBZ82R105,TGA FUNDS SICAV P.L.C.
213800VVY9S2ZR865R37,CROWN AGENTS INVESTMENT MANAGEMENT LIMITED
213800VWE196Q3LP2575,THE MANSFIELD BUILDING SOCIETY
213800VX7M3WJYC56N96,ASPIRE PAYMENTS LIMITED
213800VXEUCGD61KDH27,HYCM CAPITAL MARKETS (UK) LIMITED
213800VZMAGVIU2IJA72,CLSA (UK)
213800VZW861M5FHMD50,AMUNDI LUXEMBOURG S.A.
213800VZXYSAVTEGFN89,DEVONPORT ROYAL DOCKYARD LIMITED
213800W1NGBLERUS6M39,BANKING CIRCLE S.A.
213800W1SSQYMIHQII43,MORANT WRIGHT MANAGEMENT LIMITED
213800W27SOOM7NSFG15,NETWEALTH INVESTMENTS LIMITED
213800W2XOTEIWVRS823,SUCDEN FINANCIAL LIMITED
213800W381O32X1T4884,SUFFOLK BUILDING SOCIETY
213800W6FDIXMO54JA55,FINO 1 SECURITISATION S.R.L.
213800W6KCECL8MCGZ36,UNITED NATIONAL BANK LIMITED
213800W773FZ1SG95202,MCINROY & WOOD LIMITED
213800W77XW3CHTXEF40,"FONDO NAZIONALE PENSIONE COMPLEMENTARE PER IL PERSONALE NON DIRIGENTE DI POSTE ITALIANE S.P.A., IN FORMA ABBREVIATA FONDOPOSTE"
213800W83HVYOHLDZU72,COSTAIN LIMITED
213800W8BPY9AZHWGL77,KROLL ISSUER SERVICES LIMITED
213800W8EZ31N7TSXZ04,NUVEEN ADMINISTRATION LIMITED
213800W8JREIOHLEOD79,EMERCHANTPAY LIMITED
213800W8UXH47WWEY827,ΔΥΝΑΜΙΚΗ ΑΝΩΝΥΜΗ ΕΤΑΙΡΕΙΑ ΠΑΡΟΧΗΣ ΕΠΕΝΔΥΤΙΚΩΝ ΥΠΗΡΕΣΙΩΝ
213800W9QJ49KP8RVW80,FONDO PENSIONI DIPENDENTI DOW - FIP-DOW
213800WAK8A6T1IX1X67,LENDLEASE REAL ESTATE INVESTMENTS (EUROPE) LIMITED
213800WB16RTWVWRXQ16,IQ EQ FUND SERVICES (GUERNSEY) LIMITED
213800WBIA1XFRSKOM97,HSBC BANK PLC (PARIS BRANCH)
213800WBOKEV18VYWR51,ACCURO TRUST (JERSEY) LTD AS TRUSTEES OF THE KCANPAT TRUST
213800WC2DNEK5NLOB97,LUNARO FINANCIAL SERVICES LIMITED
213800WC3HXXB865WC96,WAVE SECURITIES LLP
213800WD22EFMZ5NUC40,ARGONAUT SECURITIES PTY LIMITED
213800WDBCP28M4C9E37,DINOSAUR MERCHANT BANK LIMITED
213800WFDKVYRAARFL16,الرستماني الدولية للصرافة ش.ذ.م.م
213800WFNXTV7R6OU669,NEWPEAK CAPITAL LLP
213800WFQ334R8UXUG83,VINCI
213800WG3A9RJ78EGT48,"מסלקת הבורסה לניירות ערך בתל – אביב בע""מ"
213800WHBEMCI8A1YX25,WILSONS ADVISORY AND STOCKBROKING LIMITED
213800WHR4XUR7FE9C59,RENDE SHOPPING CENTRE S.R.L.
213800WJ4NTN2NNNXT24,LORD NORTH STREET LIMITED
213800WJ6E2A1A6XG215,THAMES RIVER CAPITAL LLP
213800WJVGFAK5UCHW04,TRANSAVE CREDIT UNION LIMITED
213800WKOUWXWFJ5Z514,YARA INTERNATIONAL ASA
213800WLLX72KF2BWG41,中銀國際英國保誠資產管理有限公司
213800WM5TRGBJNTYE66,MESSRS HOARE TRUSTEES
213800WMLZ87OAYT3X87,JORDAN INTERNATIONAL BANK PLC
213800WMU5SCSVR3WI75,CGS INTERNATIONAL SECURITIES INDIA PRIVATE LIMITED
213800WNT6L5MIUDLZ59,BRAZAUK LTD
213800WODZ8C4U351J97,LIQUIDNET SINGAPORE PRIVATE LIMITED
213800WOH66GV9J6R212,HSBC AMANAH MALAYSIA BERHAD
213800WOK59EEP4B4Q11,FORESIGHT GROUP LLP
213800WPA78FCDJEW825,ΣΥΝΕΤΑΙΡΙΣΤΙΚΗ ΤΡΑΠΕΖΑ ΚΑΡΔΙΤΣΑΣ ΣΥΝ.Π.Ε.
213800WPJUJBAVXI5162,香港期貨結算有限公司
213800WPKYWLQ2N6W930,اتش اس بي سي الشرق الاوسط للاوراق المالية ذ.م.م
213800WPTIY9961G2O04,XTX MARKETS LIMITED
213800WPZYBPB6WU3U15,BARCLAYS EXECUTION SERVICES LIMITED
213800WRWWDT3HW3HE26,TRUSTED NOVUS BANK LIMITED
213800WSGIIZCXF1P572,JAGUAR LAND ROVER LIMITED
213800WT2FV8TTBG4574,LEGAL & GENERAL (PORTFOLIO MANAGEMENT SERVICES) LIMITED
213800WT6QBIJNJDI483,HSBC YATIRIM MENKUL DEĞERLER ANONİM ŞİRKETİ
213800WTQKOQI8ELD692,ONESAVINGS BANK PLC
213800WTRYAXFXA1EH42,HG POOLED MANAGEMENT LIMITED
213800WURONFETWFUL26,21 INVESTIMENTI HOLDING S.R.L.
213800WVUFKAN6D4C135,FINTEUM LTD
213800WWEG2ERRNV4T32,BANCA DI CREDITO COOPERATIVO DI OSTRA VETERE SOCIETA' COOPERATIVA
213800WWTABZ1GOJHH37,BROADRIDGE FINANCIAL SOLUTIONS LIMITED
213800WWVCAPAMOZ1M98,NSG UK ENTERPRISES LIMITED
213800WXVR7DAHD34K62,WEALTHIFY LIMITED
213800WXX2IQ9KUTMP52,MCB SECURITIES LTD
213800WY7LMNUUCB3P93,ARGUS STOCKBROKERS LTD
213800WZFXF3FHZR4F57,BRI WEALTH MANAGEMENT PLC
213800X1S9GLXITOH663,CANAL BANK S. A.
213800X1T29YFAYMPC26,SCOTTISH EQUITABLE PLC
213800X27KHVIYF1DP61,PLUS500UK LTD
213800X2A45NONQPNW91,CBH WEALTH UK LIMITED
213800X45JWXKN298O39,PANMURE LIBERUM INC.
213800X54BJCYHJISY15,LOEB ARON & COMPANY LTD
213800X5E31YSIKONI13,BORDIER & CIE (UK) PLC
213800X5NCNIAF9USD75,BNY MELLON INVESTMENT MANAGEMENT EMEA LIMITED
213800X5WU57YL9GPK89,METRO BANK PLC
213800X631GMJVFDYU82,ADCB MARKETS (CAYMAN) LIMITED
213800X66YAI8Y1TUN31,EUROCHEM GROUP AG
213800X6Q4DV5P6GQY25,BANK OF JAMAICA
213800X871ZXZBO6UC23,DFG CAPITAL (CYPRUS) LIMITED
213800X9CPEFYEFVPS78,HARGREAVES LANSDOWN ASSET MANAGEMENT LIMITED
213800XAG4FBT63W3E98,ΗΛΕΚΤΡΟΝΙΚΟΣ ΕΘΝΙΚΟΣ ΦΟΡΕΑΣ ΚΟΙΝΩΝΙΚΗΣ ΑΣΦΑΛΙΣΗΣ(E-Ε.Φ.Κ.Α.)/ΛΟΓΑΡΙΑΣΜΟΣ ΕΙΔΙΚΟΥ ΚΕΦΑΛΑΙΟΥ E-Ε.Φ.Κ.Α.
213800XCL5HICBBA5180,NBG INTERNATIONAL LIMITED
213800XD7I1IQO29GA19,GRAFF DIAMONDS LIMITED
213800XD81JIIVGC6X08,BIBBY FINANCIAL SERVICES LIMITED
213800XG8GPDDJ61LE20,ABF INVESTMENTS PLC
213800XGEY2Q7BXJV280,SILVERBIRD GLOBAL LIMITED
213800XH6HEB4LKU4F15,HC BROKERAGE (S.A.E)
213800XIMGX2GKJ8IV34,أوبتيموم إنفست ش.م.ل
213800XIMY3681Q11181,ECOLOGY BUILDING SOCIETY
213800XJY1CUVMC29H81,RCI BANK UK LIMITED
213800XKTLHCRXD3Y345,GATEWAY BANK LTD
213800XLIXD1GEJ8XX61,HARPENDEN BUILDING SOCIETY
213800XLPZI6PECOUC58,BRUMMER & PARTNERS AB
213800XLZGL9MX1X2Y70,MONEYCORP BANK LIMITED
213800XMDCYP9G4LEI48,GREENLEYS MERCHANT BANK LLP
213800XMV5SQCLOTCH91,COMPUTERSHARE INVESTOR SERVICES PLC
213800XNM41U23KMM860,WORLDPAY B.V.
213800XNM6R7H7YDYM15,BANCA DI FILOTTRANO - CREDITO COOPERATIVO DI FILOTTRANO E DI CAME RANO - SOCIETA' COOPERATIVA
213800XO3BY3E1SLA392,MONEYCORP TECHNOLOGIES LIMITED
213800XP1JFY2ONG8W44,CAPITAL MARKETS BROKERS LTD
213800XQMOI4VP63MX43,KREFISERVICING
213800XQQ7EZBHYC2G17,POSCO CAPITAL PARTNERS PLC
213800XQVC7ZTHV56Y85,"ALTA Invest, investicijske storitve, d.d. - v likvidaciji"
213800XR4JOMD5RMVH93,Alfa Kraft Fonder AB
213800XR79PEP5ADGN30,PETRA CAPITAL PTY LTD
213800XRAZENM8HCYL92,AMBROSIA CAPITAL HELLAS ΜΟΝΟΠΡΟΣΩΠΗ ΑΝΩΝΥΜΗ ΕΤΑΙΡΕΙΑ ΠΑΡΟΧΗΣ ΕΠΕΝΔΥΤΙΚΩΝ ΥΠΗΡΕΣΙΩΝ
213800XRUPSOZUPSF553,COFUNDS LIMITED
213800XRVTFKWDGW6Y09,"BARROW, HANLEY, MEWHINNEY & STRAUSS, LLC"
213800XS271U2SWMXX90,LIBERTY SIPP LIMITED
213800XSHRKUIZK86B68,SHAWBROOK BANK LIMITED
213800XT6AISSCI7CZ83,CAMPBELL LUTYENS & CO. LTD
213800XU1VF6345RNX76,CROSSBRIDGE CAPITAL LLP
213800XUT141E9CPRI88,INCHCAPE FINANCE PLC
213800XVJPAVTR1R9K54,JANUS HENDERSON FUND MANAGEMENT UK LIMITED
213800XVNQIAFMPR3Z27,PARK CARD SERVICES LIMITED
213800XVRPG36R8SG538,SAFFRON BUILDING SOCIETY
213800XW1LGOEG3T6L75,CLEAR TREASURY (UK TRADING) LIMITED
213800XWTOBRTKB66O96,OMEGA BAAP LIMITED
213800XX1TM8TUHLXB71,RLAM (NOMINEES) LIMITED
213800XXEF271QEJOF98,CRAWLEY FUTURES LIMITED
213800XXJHO94742B484,RBS PRIME SERVICES (INDIA) PRIVATE LIMITED
213800XZNSUBELB27Q82,الاعتماد المالي انفست ش.م.ل
213800XZUS1JOWGZ8N14,RAVENSCROFT INVESTMENTS (UK) LIMITED
213800Y1K7JWK2RFVL30,ASTOR RIDGE LLP
213800Y23IAGK5JHI381,HENDERSON EQUITY PARTNERS LIMITED
213800Y2NQNDVGJO7Y93,BROTHER FINANCE (U.K.) PLC
213800Y2OJ5121KMJ968,STANDARD BANK ISLE OF MAN LIMITED
213800Y39WDKGBTX4B95,UNITED BANK FOR AFRICA (UK) LIMITED
213800Y3SGO9RF29QJ80,BANQUE ATLANTIQUE COTE D'IVOIRE
213800Y3V72PI6W8KG10,GRUPO PESTANA - S.G.P.S. S.A.
213800Y4I7TN34WUBD71,AJ BELL SECURITIES LIMITED
213800Y5M15EQP33PO41,TREASURY LIMITED
213800Y7WLJILTZZ5I67,IBP MARKETS LTD
213800Y87SDO5V1SSP98,MCARTHURGLEN UK LIMITED
213800Y8V239PBU4SY21,SWISS FINANCE & PROPERTY AG
213800Y8ZDXBTHEIVW06,MERCER RISK MANAGEMENT LIMITED
213800Y98VED3KSXX710,VICTORIA COMMERCIAL BANK PUBLIC LIMITED COMPANY
213800Y9NLKKGAHPXR62,HENDERSON UNIT TRUSTS LTD
213800Y9TOY3ZBIAGP65,恒生投資管理有限公司
213800YA735GBTUVP579,ALCHEMY SPECIAL OPPORTUNITIES LLP
213800YADX4LJTQR5L62,C-VIEW LIMITED
213800YAX1FFH224FE36,CONSISTENT UNIT TRUST MANAGEMENT COMPANY LIMITED
213800YBD7RIGHY2DK88,PUMA INVESTMENT MANAGEMENT LIMITED
213800YBJ1NPJ6R8G216,SCIOPAY LTD
213800YCDIODNYQ3KN91,CHURCHILL CAPITAL LTD.
213800YD7WP4IMB52K89,TRIOPTIMA AB
213800YDBPLD3YO69A78,DARLINGTON BUILDING SOCIETY
213800YDGKX53231X481,CLARKSONS FUTURES LIMITED
213800YDKF8QAT7S7R14,BANK OF AFRICA MER ROUGE SA
213800YEERKSGMFRTY72,KEY CURRENCY LIMITED
213800YEFD6DCPNNUK73,FAB GLOBAL MARKETS (CAYMAN) LIMITED
213800YEKLOP9E1LRX08,NEDBANK PRIVATE WEALTH LIMITED
213800YET2PHWGWXTS98,ROCKWOOL A/S
213800YEVZJ54GZQT342,NAMIBIA SECURITIES EXCHANGE
213800YFILWI652F2I48,COMMONWEALTH BANK & TRUST LIMITED
213800YGLP66PQFJDE14,EMIL BANCA - CREDITO COOPERATIVO - SOCIETA' COOPERATIVA
213800YHAR3DBH4BPS22,Акционерное общество «Altyn Bank»
213800YIJVX7WSX9MI62,VISTA BANK BURKINA
213800YJ9TVFQEK81937,FIN CENTER LIMITED
213800YLJV4Y2T91L225,LONDON MUTUAL CREDIT UNION LIMITED
213800YLY31JBQXIBV41,INVESTMENTS ANALYSIS FINANCIAL SERVICES Α.Ε.Π.Ε.Υ.
213800YMG7E1F48JC136,HAVIN BANK LTD
213800YMKONSUSVXNM63,"RIZZO, FARRUGIA & CO (STOCKBROKERS) LTD"
213800YN74RX5F1QDS49,SCHNEIDER PROPRIETARY TRADING LLP
213800YNEQ72ZY679C22,HEADSTART ADVISERS LTD
213800YNLVGTZYOFC739,LEGACY RHIM LP
213800YPC42DYBKVPF97,HARBOUR ENERGY PLC
213800YPZ1GNQBD19507,BRUMMER MULTI-STRATEGY 2XL (BERMUDA) LTD.
213800YR9S9QWX3WF904,RAYMOND JAMES INVESTMENT SERVICES LIMITED
213800YRA1J9QFBMU217,MARIANA UFP LLP
213800YTVSXYQN17BW16,HONG KONG EXCHANGES AND CLEARING LIMITED
213800YU337IV9KCN470,GROSVENOR INVESTMENT MANAGEMENT LIMITED
213800YUV362W4E1LP46,H & M Hennes & Mauritz GBC AB
213800YVW8TP8WUSIP24,S&W PARTNERS CORPORATE FINANCE LIMITED
213800YWQOYL4VQODV50,ATOM BANK PLC
213800YXL6OGJYA74L69,OPTIVA SECURITIES LIMITED
213800YY211UYDQ9MX35,HANLEY ECONOMIC BUILDING SOCIETY
213800YY7TDIDCNMPQ47,THAYER BROOK PARTNERS LLP
213800YYPFS1TS7BJ393,EDMOND DE ROTHSCHILD CAPITAL HOLDINGS LIMITED
213800YZ3P59EWY75X78,XBZ LIMITED
213800YZBOTFGE38UH93,ABSOLUTE CAPITAL GROUP AG
213800YZE7UX9SHSHE23,TURICUM PRIVATE BANK LIMITED
213800YZFZSL5YVJ5P04,HEARTLAND A/S
213800YZXS7U4QZP6441,BTIG LIMITED
213800Z156GT4VXSGZ89,ACCUNIA FONDSMÆGLERSELSKAB A/S
213800Z1IBI2PWUC8G83,FUSION WEALTH LIMITED
213800Z1OEDYC7RETU96,PHONGSAVANH BANK LIMITED
213800Z1YSZTCTGENQ23,滙豐證券經紀(亞洲)有限公司
213800Z2GUSRPYZB7X42,NORTHLIGHT GROUP LLP
213800Z328UNYNGB9294,REGENTS PARK SECURITIES LTD
213800Z38J623HQWC228,MEGA EQUITY SECURITIES & FINANCIAL SERVICES PUBLIC LTD
213800Z3AIGG6K714R39,ELEMENT ALPHA SA
213800Z3MVLUUB93BX21,CANACCORD GENUITY FINANCIAL LIMITED
213800Z4CO2CZO3M3T10,SPECTRIS PLC
213800Z4WYRFZW2Z7D58,リクイドネット証券株式会社
213800Z5PKJOV7GWXE43,FISKE PLC
213800Z67VYVM8EQ1C25,SEVEN INVESTMENT MANAGEMENT LLP
213800Z6ZVP4TNER8851,RONIN EUROPE LIMITED
213800Z7YENDMEB1M524,COURTIERS ASSET MANAGEMENT LIMITED
213800Z83QIIJHCKE930,MJ HUDSON FUND MANAGEMENT LIMITED
213800Z9KFBIC4EEGW98,ДЕЛТАСТОК
213800ZAC8VAGV4L2K61,EFG PRIVATE BANK LIMITED
213800ZBWY3BU3UUMA42,Nedbank Limited
213800ZCPPE6ZPPGY453,NEDBANK PRIVATE WEALTH LIMITED BRANCH
213800ZCPY5ZNSY5I637,CHARTER COURT FINANCIAL SERVICES LIMITED
213800ZCTFZZZJSK8645,شركة السعودية للصناعات الأساسيه سابك
213800ZD1FHMZ9TPYA58,NOVA INVESTMENT MANAGEMENT LIMITED
213800ZD31YIOEE51B19,ANGLIAN WATER SERVICES LIMITED
213800ZD686TR7FEP983,PARAGON BANK PLC
213800ZDX7ZWPH8IEV51,ANDARIA FINANCIAL SERVICES UK LTD
213800ZE4ZL1UXC4JG65,ASSET MANAGEMENT ONE INTERNATIONAL LTD.
213800ZE6DHELLJ2GO84,"CERBERUS EUROPEAN CAPITAL ADVISORS, LLP"
213800ZESLEC74IL4Y76,ANDARIA FINANCIAL SERVICES LIMITED
213800ZFSFI2GXHEKC65,MBDA FRANCE
213800ZFTXJC7RV9UQ92,RECOGNISE BANK LIMITED
213800ZFZCDD5RS28U68,MGL WALLET LTD
213800ZG6QXSK9G9GO74,PGMS (GLASGOW) LIMITED
213800ZGG2AH4JPXYQ25,FAMILY EQUITY PLAN LIMITED
213800ZIGVOZ992FNQ85,BPCE LIFE
213800ZIMERURQLR2F38,TUI HOLDING SPAIN SL
213800ZIRB79BE5XQM68,LIQUIDNET EUROPE LIMITED
213800ZJDQX7HSUO2P32,BABCOCK MARINE HOLDINGS (UK) LIMITED
213800ZJEUQ8ZOC9AL24,CAPRICORN ENERGY PLC
213800ZKVG732J7QPI31,CFS-ZIPP LIMITED
213800ZL5TGZAJYTLM40,FINANCIAL TRADING & CONSULTANCY LIMITED
213800ZLNNZW8TRDCF23,VIRTU ITG UK LIMITED
213800ZMFJI9XA7GFH58,EQUALS MONEY UK LIMITED
213800ZMKPUV1VKLCT69,MTS S.P.A.
213800ZMQ7HGA4B69H23,KILLIK & CO LLP
213800ZNVCVND3VQE886,萊斯遠東有限公司
213800ZOADXV69DW8Z91,INTERNATIONAL ORGANIZATION FOR MIGRATION
213800ZOEA48MF4DCI88,SCOTTISH WIDOWS ADMINISTRATION SERVICES (NOMINEES) LIMITED
213800ZOI1EW481WPV90,FCM BANK LIMITED
213800ZQ6LTG7N863K85,HSBC CORPORATE FINANCE (HONG KONG) LIMITED
213800ZRN9VPAEIME121,WARWYCK PRIVATE BANK LTD
213800ZRRQ8OQ4BX6F75,"NODUS INTERNATIONAL BANK, INC."
213800ZRS8AC4LSTCE39,TRYG A/S
213800ZRZLK2WDBS1B37,MORNINGSTAR WEALTH INTERNATIONAL LIMITED
213800ZSEMCXQOTV1O47,INTEGRATED FINANCIAL ARRANGEMENTS LTD
213800ZSX8888YLFDT35,ST.JAMES'S PLACE MANAGEMENT SERVICES LIMITED
213800ZTMDN8S67S1H61,SMITH & NEPHEW PLC
213800ZUAQRBYL67JS90,HONEYWELL AEROSPACE INC.
213800ZUCEFNYC1JAX11,REDHEDGE SICAV P.L.C.
213800ZVIELEA55JMJ32,DIAGEO PLC
213800ZX7D4KYJ2W1948,MORNINGSTAR WEALTH ADMINISTRATION LIMITED
213800ZXJI3S6VKHTX31,NOVATE GLOBAL MARKETS LIMITED
213800ZXV9DIT92WY768,FARLEY & THOMPSON LLP
213800ZYGBT68NCM6Q12,EFG PRIVATE BANK (CHANNEL ISLANDS) LIMITED
213800ZYSCPV8POQA284,STONEHAGE FLEMING INVESTMENT MANAGEMENT LIMITED
213800ZYT9DTU1VP2I80,TradeXBank AG
213800ZYUELJCOU3PP25,WORLDPAY (UK) LIMITED
213800ZZIGOX2RNNWH18,SECCL CUSTODY LIMITED
213800ZZS2KUF9Y6LF44,CALCULUS CAPITAL LIMITED
2221000MD2YP7WLTNC52,ESSENDI S.A.
22210018GZLMLY54IS74,GLOBAL INCOME
22210018MLEVW7CTGU78,CHINA EVERBRIGHT BANK (EUROPE) S.A.
2221001DEH26JK948860,"ASSOCIATION DES BANQUES ET BANQUIERS, LUXEMBOURG"
2221001FAMMFQUAGXQ13,FIL (Luxembourg) S.A.
2221001MNY7XQ9N6GH73,Credicorp Capital Asset Management Fund
2221001T21S5REVBLB93,BLI - BANQUE DE LUXEMBOURG INVESTMENTS
222100247FRDWTAL8F68,Worldline Financial Services (Europe) S.A.
2221002ZFFMAB61TQQ16,PICTET ALTERNATIVE FUNDS
2221003IE1TFIZPP7732,Engelwood Asset Management
2221005LDBVCZF49ZX04,AMFIE - ASSOCIATION COOPÉRATIVE FINANCIÈRE DES FONCTIONNAIRES INTERNATIONAUX
2221007TDHL8NJ2B3448,AXA ASSURANCES VIE LUXEMBOURG
2221007YM6XY7PI28I04,CAIXABANK WEALTH MANAGEMENT LUXEMBOURG S.A.
2221008462KYO6NPKI38,EURASIAN RESOURCES GROUP
2221008TDJMT8TFLCV69,ALPHA BANK S.A. - LUXEMBOURG BRANCH
222100ASRGLGU95SM714,VIVID MONEY S.A.
222100BG2FQQTASJ7290,Macquarie Investment Management Europe S.A.
222100BHJ657QD6M2U49,MANGOPAY S.A.
222100BV3WGRWD8XI851,Swiss Re International SE
222100CO2ZOTEPGJO223,CPI PROPERTY GROUP
222100CPLL7Z7YSSBK34,D.F. HOLDING S.A.
222100F32NUKGGEIT751,RAKUTEN EUROPE BANK S.A.
222100GKCWYUD7P32B38,Delen (Suisse) SA
222100H3J2JDK6NCYY27,OREA CAPITAL
222100I12S92YQIZQD75,CLEARSTREAM INTERNATIONAL S.A.
222100I6KMHMB34RKP21,BANK PICTET & CIE (EUROPE) AG - SUCCURSALE MONACO
222100J8J1P6R6T1AQ07,European Private Trust Kommanditbolag
222100K5I82OWZJIL195,"BANK PICTET & CIE (EUROPE) AG, LONDON BRANCH"
222100LLF0VJZ82DX827,BANQUE DE COMMERCE ET DE PLACEMENTS S.A.
222100LLN7HBO5YEC577,POST LUXEMBOURG
222100M2PU043YB7YQ06,EUROPEAN INVESTMENT FUND
222100MW9J21UAWET888,PICTET SICAV II
222100NH1J9IYK61PH71,UI EFA S.A.
222100OPQ55337JBLX08,GADD & CIE S.A.
222100OVTRNXJKD79806,CLEARSTREAM AUSTRALIA LIMITED
222100OW6UHQXNHKN143,EUROPEAN FINANCIAL STABILITY FACILITY
222100OWMIOR5WN9MF69,BANQUE CENTRALE DU LUXEMBOURG
222100Q4X4N9DZ4QT620,PICTET TR
222100QBJIL53AS12W25,CLEARSTREAM FUND CENTRE S.A.
222100QXK1KP5WAJCQ47,OPPORTUNITÉ LUXEMBOURG S.A.
222100R80LJ0KDQ8EC35,AZ Euro Investments S.A.
222100RHVHGHNBQ4VV91,CALI Europe
222100RNOYDH6A6BB422,SWISS LIFE (SINGAPORE) PTE. LTD.
222100S7ZQ6Q5KYE7B10,NIPPON LIFE INDIA ASSET MANAGEMENT (SINGAPORE) PTE. LTD.
222100SCYG0PA48T4I92,"SERES Investments S.à r.l., SPF"
222100SROVDPQTLZKT42,Quintet Asset Management S.A.
222100SXDSRCT6QIB307,AUSTRALIAN EXECUTOR TRUSTEES LIMITED
222100T37JIWHYSRRR28,SS&C (LUXEMBOURG)
222100T6ICDIY8V4VX70,LUXCSD S.A.
222100TOUO3GLDBU6H74,RiverBank S.A.
222100V03Y766EM5TZ83,BROWN BROTHERS HARRIMAN (LUXEMBOURG) S.C.A.
222100V6LEUZGUR8Q752,CREUTZ & PARTNERS THE ART OF ASSET MANAGEMENT S.A.
222100VH0RCN1835XT39,MOVENTUM S.C.A.
222100W4EEAQ77386N50,EUROPEAN STABILITY MECHANISM
222100WEINWYKXJXWW56,MEDIOBANCA MANAGEMENT COMPANY S.A.
222100XCBWVDY8NQ7W70,APICIL INVEST S.A.
222100Y14NR5T2IND786,GEN II LUXEMBOURG SERVICES S.À R.L.
222100YT3TT9HR81IS56,AFI.ESCA LUXEMBOURG S.A.
222100Z1ZNMJXBFVDF22,CALLIOPE S.R.L.
23ZYQ4KSBEDVYML8NC86,Donner & Reuschel Aktiengesellschaft
24C4CXKSJUS7LUHQN688,"The Bancorp Bank, National Association"
24F6LSZD18II6ICG6S41,"ITRON, INC."
253400009AA3PGAXJ027,"Акционерное общество ""Российский Банк поддержки малого и среднего предпринимательства"""
25340000QGMWTRG3X533,"Публичное акционерное общество ""БыстроБанк"""
25340008GF2H0T8HKN44,"""СДМ-Банк"" (публичное акционерное общество)"
25340008PDNDU1FT7F89,"""Банк Заречье"" (Акционерное общество)"
253400099D2WJ4GX0276,"Акционерное общество ""СПБ Банк"""
2534000BBKV682BSKN35,"Акционерное общество Инвестиционно - финансовая компания ""Солид"""
2534000HKBB8MZGNPE40,Прио-Внешторгбанк (публичное акционерное общество)
2534000JY55893SGEG45,"Общество с ограниченной ответственностью коммерческий банк ""Взаимодействие"""
2534000KL0PLD6KG7T76,"Акционерное общество ""ТБанк"""
2534000M10JE1UCFJ111,"Новосибирский социальный коммерческий банк ""Левобережный"" (публичное акционерное общество)"
2534000ND6AY20VNR640,"ПУБЛИЧНОЕ АКЦИОНЕРНОЕ ОБЩЕСТВО ""НОВЫЙ ИНВЕСТИЦИОННО-КОММЕРЧЕСКИЙ ОРЕНБУРГСКИЙ БАНК РАЗВИТИЯ ПРОМЫШЛЕННОСТИ"""
2534000R9X3PNNE57C55,"""МОСКОВСКИЙ КРЕДИТНЫЙ БАНК"" (публичное акционерное общество)"
2534000UYV6DNA2AHY07,"Общество с ограниченной ответственностью ""Земский банк"""
253400107RVERSM1FX70,"""Азиатско-Тихоокеанский Банк"" (Акционерное общество)"
25340010D9W9PXFT0W10,"Акционерный коммерческий банк ""Капиталбанк"""
253400111GRSTFA20J41,"Общество с ограниченной ответственностью ""БМВ Банк"""
25340011K39ECHPV7N75,"Акционерное общество Банк ""Объединенный капитал"""
253400148Q3J4CU8RB44,"Акционерный коммерческий банк ""ПЕРЕСВЕТ"" (Публичное акционерное общество)"
253400158TN8TJ0YJK75,"АКЦИОНЕРНЫЙ ЧЕЛЯБИНСКИЙ ИНВЕСТИЦИОННЫЙ БАНК ""ЧЕЛЯБИНВЕСТБАНК"" (ПУБЛИЧНОЕ АКЦИОНЕРНОЕ ОБЩЕСТВО)"
25340019U0SFT4YC9G79,"акционерный коммерческий банк ""Приморье"" (публичное акционерное общество)"
2534001CP3G4Q59KWT56,Промышленный сельскохозяйственный банк (Общество с ограниченной ответственностью)
2534001D1T6SAAG2CT23,"Общество с ограниченной ответственностью ""Коммерческий банк внешнеторгового финансирования"""
2534001F52UDT7V2KR58,"Акционерное общество коммерческий банк ""Ланта-Банк"""
2534001FLCV8VELTUH59,"Акционерное общество Банк ""Развитие-Столица"""
2534001KM4BYJLLGW123,"Акционерное общество ""Углеметбанк"""
2534001KQ4N137FALS60,"Коммерческий банк ""Ренессанс Кредит"" (Общество с ограниченной ответственностью)"
2534001LN0K9UC58X789,"Акционерное общество ""Яндекс Банк"""
2534001S10F0UF6P8U55,"Акционерное общество ""КОШЕЛЕВ-БАНК"""
2534001TS0M7VRJK2567,"Общество с ограниченной ответственностью Коммерческий банк ""СИНКО-БАНК"""
25340020UL0L3B2R3N51,"Общество с ограниченной ответственностью ""Чайна сельскохозяйственный банк"""
25340021X4U05MWVZ818,"Акционерное общество ""Экспобанк"""
25340023SRW6QU1G8243,"""Первый Клиентский Банк"" (Общество с ограниченной ответственностью)"
25340027612MR0DNQ406,"АКЦИОНЕРНЫЙ КОММЕРЧЕСКИЙ БАНК ""МЕТАЛЛУРГИЧЕСКИЙ ИНВЕСТИЦИОННЫЙ БАНК"" (ПУБЛИЧНОЕ АКЦИОНЕРНОЕ ОБЩЕСТВО)"
2534002DX9V8SXRCFM30,"Акционерное общество ""Кранбанк"""
2534002K28P0AJGQJZ40,"""AccessBank"" Closed Joint-Stock Company"
2534002LM3JWKX94A106,"Closed Joint-Stock Company ""Neo Bank Asia"""
25340031B17DBDF14181,"Акционерное общество Коммерческий банк ""Русский Народный Банк"""
25340031R6A1E6TW7M44,"Акционерное общество Банк ""Национальный стандарт"""
25340038P8SYW80B9W34,Адкрытае акцыянернае таварыства «Белзнешэканамбанк»
253400397QM0B6AM0H48,"АКЦИОНЕРНОЕ ОБЩЕСТВО АКЦИОНЕРНЫЙ КОММЕРЧЕСКИЙ БАНК ""МЕЖДУНАРОДНЫЙ ФИНАНСОВЫЙ КЛУБ"""
2534003FVQCS07729113,"""Банк Развития Русской Сети Интернет"" (Общество с ограниченной ответственностью)"
2534003K6H2HYV034349,"Акционерное общество коммерческий банк ""Уральский финансовый дом"""
2534003WK8HX1F04F031,"Публичное акционерное общество Банк ""Кузнецкий"""
2534003Y23N1RGC3NG33,"Общество с ограниченной ответственностью ""ЖИВАГО БАНК"""
25340045EEL351X3W326,"""БНП ПАРИБА Банк"" Акционерное общество"
25340047U7CXR02TRA83,"""Банк ""МБА-МОСКВА"" Общество с ограниченной ответственностью"
253400483V90C0CBLM07,"АКЦИОНЕРНОЕ ОБЩЕСТВО КОММЕРЧЕСКИЙ БАНК ""АГРОПРОМКРЕДИТ"""
2534004K7RR0YWR1QL22,"Акционерный коммерческий банк ""СЛАВИЯ"" (акционерное общество)"
2534004MXMS4MB1Q9614,"коммерческий банк ""Межрегионбанк"" (общество с ограниченной ответственностью)"
2534004Q8CZQUFSL5U63,“Асакабанк” акциядорлик жамияти
25340055X567PVL2JG25,"Акционерное общество ""Инвестиционный Кооперативный Банк"""
2534005803A5MMD61T78,"Публичное акционерное общество ""МТС-Банк"""
2534005A84927EKSR789,Signet Bank AS
2534005CNLWSGNPLG062,"Акционерное общество ""ИНВЕСТИЦИОННАЯ КОМПАНИЯ ""ПРОСПЕКТ"""
2534005FGCP61AM3L807,"Акционерное общество ""СЕВЕРГАЗБАНК"""
2534005Q5PQAXQ1U1X49,"Акционерное общество закрытого типа ""ИНЕКОБАНК"""
2534005QLYRKQSPDVE54,"Акционерное Общество ""Банк Жилищного Финансирования"""
2534005RJREQQGY26K86,"Акционерный Коммерческий Банк ""НОВИКОМБАНК"" акционерное общество"
2534005YHT2PDKJC6T26,"Акционерное общество коммерческий банк ""ОРЕНБУРГ"""
253400635FGT2J6TBE85,"Акционерное общество ""Мурманский социальный коммерческий банк"""
25340064YRGGFKJQ4H44,"Акционерное общество ""ЛОГОС"""
25340066B1F9YU4PUB28,"Общество с ограниченной ответственностью ""Костромаселькомбанк"""
2534006G7F7F1TFC9T77,"Акционерное общество ""ЮниКредит Банк"""
2534006HF1L4YF10UD91,"Акционерное общество ""Райффайзенбанк"""
2534006J694XCKJDSF77,"""ИНТЕРПРОГРЕССБАНК"" (Акционерное общество)"
2534006PTRD33TPU0D59,"Акционерное общество ""ИШБАНК"""
2534006RLLML72J5R053,"Акционерное общество ""Московский Коммерческий Банк"""
2534006SR63SEUSS8172,"Акционерное общество ""БМ-Банк"""
2534006SYNF9P08RE288,"Общество с ограниченной ответственностью ""Драйв Клик Банк"""
2534006V8K8528P81R91,"Закрытое акционерное общество ""МТБанк"""
2534006WDUE2J9S01D70,"Акционерное общество ""Акционерный Банк ""РОССИЯ"""
253400718P0QJPYR1R91,"Открытое акционерное общество ""Рай, Ман энд Гор секьюритиз"""
25340076UP17XECUF417,"государственная корпорация развития ""ВЭБ.РФ"""
25340077S9WKUJJ9YT95,"""VTB Bank (Armenia)"" Closed Joint-Stock Company"
2534007K00A37GLA3D37,"Общество с ограниченной ответственностью ""банк Раунд"""
2534007T2QFUSCHQPU36,"Акционерное общество ""Реалист Банк"""
2534007U1R0F5Q600G58,"Общество с ограниченной ответственностью ""СОЦИУМ-БАНК"""
2534007UK6G30KDX1A47,"Небанковская кредитная организация-центральный контрагент ""Национальный Клиринговый Центр"" (Акционерное общество)"
2534007W8ESE627GYV61,"Акционерный коммерческий банк ""БЭНК ОФ ЧАЙНА"" (акционерное общество)"
2534007XS3LE71389163,"АКЦИОНЕРНОЕ ОБЩЕСТВО ""БАНК СОЦИАЛЬНОГО РАЗВИТИЯ ТАТАРСТАНА ""ТАТСОЦБАНК"""
25340080MLWXGXT26935,"Акционерное общество ""Петербургский социальный коммерческий банк"""
25340083BKK3QVY4X088,"Публичное акционерное общество ""Балтийский Инвестиционный Банк"""
25340083P1SA7VE24E48,"Общество с ограниченной ответственностью ""Автоторгбанк"""
25340087YA538T76BX11,"""Коммерческий Индо Банк"" Общество с ограниченной ответственностью"
2534008830TYUHVETH79,"Акционерное общество Банк ""Венец"""
2534009ARDTY9AMF4752,"Адкрытае акцыянернае таварыства ""Парытэтбанк"""
2534009DFBF8TDASQK18,"""Северный Народный Банк"" (акционерное общество)"
2534009G3EP0JQ7JFD79,"Публичное акционерное общество ""Уральский банк реконструкции и развития"""
2534009JCM7EVJBMEB60,"общество с ограниченной ответственностью коммерческий банк ""Геобанк"""
2534009JTH2EJ2710B06,"""Home Credit Bank"" АҚ (""ForteBank"" АҚ ЕБ)"
2534009X0G4STQL3S227,"Банк ""РЕСО Кредит"" (Акционерное общество)"
2534009Y7GKZRT4R5U96,"Акционерное общество ""Сити Инвест Банк"""
253400A1C30ARX8W0205,"Акционерный коммерческий банк ""Энергобанк"" (акционерное общество)"
253400A1PV07NW3KPF50,"Общество с ограниченной ответственностью ""Банк Точка"""
253400AAUDQ6NK0HNK41,National Bank of the Republic of Belarus
253400ACDACKUC3WNC05,"""Национальный инвестиционно-промышленный банк"" (Акционерное Общество)"
253400AEV47Q026JSY20,"Общество с ограниченной ответственностью ""Универсальный фондовый банк"""
253400AQWY5B3GAKJS72,"""Коммерческий банк развития"" (общество с ограниченной ответственностью)"
253400AU1YFUM0C4QG84,"Акционерное общество ""БКС Банк"""
253400B2D4HEEB176H41,"""Креди Агриколь Корпоративный и Инвестиционный Банк"" акционерное общество"
253400B7Q2QAJ5ARLX57,ԱՐԱՐԱՏԲԱՆԿ բաց բաժնետիրական ընկերություն
253400BACGR8JARNHA10,"Общество с ограниченной ответственностью Коммерческий банк ""Столичный Кредит"""
253400BALNXYSEKDBB64,"Адкрытае акцыянернае таварыства ""Беларуская валютна-фондавая біржа"""
253400BBBP7990NS0M56,"Публичное акционерное общество ""Совкомбанк"""
253400BBBR0XNDH1Y584,"Акционерное общество ""Тойота Банк"""
253400BCBR616MTH6594,"Коммерческий Банк ""ЛОКО-Банк"" (акционерное общество)"
253400BEVESMWQRXBQ11,"ПУБЛИЧНОЕ АКЦИОНЕРНОЕ ОБЩЕСТВО ""БАНК ""САНКТ-ПЕТЕРБУРГ"""
253400BR21A4E1D0V852,"Акционерное общество ""Специализированный депозитарий ""ИНФИНИТУМ"""
253400BR826U1V508R32,"Коммерческий Банк ""АГОРА"" (общество с ограниченной ответственностью)"
253400BT1SKX0A889G06,"Акционерное общество ""Банк Финсервис"""
253400C4Y1DEKPMY3V30,"Акционерное общество Коммерческий банк ""РУБанк"""
253400C8FMASXQKW7203,Таурус Банк (закрытое акционерное общество)
253400C9UUE0CK2K7D34,"АКЦИОНЕРНОЕ ОБЩЕСТВО ""ГУТА-БАНК"""
253400CHFC0XZ6QMP406,Закрытае акцыянернае таварыства «Альфа-Банк»
253400CM1NDPRTJUJQ96,"Акционерный коммерческий ипотечный банк ""АКИБАНК"" (публичное акционерное общество)"
253400CW8F4L53HWU734,"Общество с ограниченной ответственностью ""Бланк банк"""
253400CX1FM21GUUT841,"Общество с ограниченной ответственностью ""Цифра банк"""
253400D214P5D31NSL16,"""Российский акционерный коммерческий дорожный банк"" (публичное акционерное общество)"
253400D2DDB0E8JXA126,"Акционерное общество ""Банк Интеза"""
253400D38E021531V531,"Публичное Акционерное Общество Банк ""АЛЕКСАНДРОВСКИЙ"""
253400D41E6VN0NCHW49,"Калужский газовый и энергетический акционерный банк ""Газэнергобанк"" (акционерное общество)"
253400D4JRB0M70A0687,"адкрытае акцыянернае таварыства ""Банк развiцця Рэспублiкi Беларусь"""
253400D9TTHM66P87109,"Международный коммерческий инвестиционный банк ""РОССИТА-БАНК"" Общество с ограниченной ответственностью"
253400D9ZMLFR8FLTB43,"Общество с ограниченной ответственностью ""МКБ Инвестиции"""
253400DDBMVJB94SYU22,"Публичное акционерное общество ""НБД-Банк"""
253400DH1646EKE3BC66,"Общество с ограниченной ответственностью ""СМЛТ Банк"""
253400DXUG310QX4H487,"Акционерное общество коммерческий банк ""Пойдём!"""
253400E0EQN8LTWYK150,"Коммерческий Банк ""АРЕСБАНК"" общество с ограниченной ответственностью"
253400E0UWDL3K049T48,"Общество с ограниченной ответственностью ""Ренессанс Брокер"""
253400E66QH7F01AGQ96,"Акционерное общество ""Денизбанк Москва"""
253400EB56NKL2M3WT18,Центральный банк Российской Федерации
253400EBCBBVB9TUHN50,FINSTELLA LTD
253400EH37SSJEEJFB05,"Акционерное общество ""Солид Банк"""
253400EK3FYLLMNH1422,"Коммерческий банк ""Долинск"" (акционерное общество)"
253400EQ2YNXZQ7V3R40,"Акционерное общество ""Вологдабанк"""
253400EQTKMKYG260405,"Акционерное общество ""ТелеПорт Банк"""
253400ES6B5GGK2A4506,"Акционерный коммерческий банк ""ЦентроКредит"" (акционерное общество)"
253400F1C0J3H75V5935,"Общество с ограниченной ответственностью ""Камский коммерческий банк"""
253400FBCYVAJS5W8Q06,"Акционерное Общество ""Коммерческий Акционерный Банк ""Викинг"""
253400FCC111BF009V78,"Банк ""Первомайский"" (публичное акционерное общество)"
253400FJQG9888ZAGY13,"Общество с ограниченной ответственностью ""КЭБ ЭйчЭнБи Банк"""
253400FL26RUMP6CWK46,"Акционерное общество ""Объединенный резервный банк"""
253400FUATAK0S2CAM79,Айви Банк (акционерное общество)
253400G0HFH9B367JU28,"Акционерное общество Коммерческий банк ""Индустриальный Сберегательный Банк"""
253400G0MDT0S05JFJ94,"Коммерческий банк ""Газтрансбанк"" (Общество с ограниченной ответственностью)"
253400G2LYALZ099F578,"Общество с ограниченной ответственностью ""СОВЛИНК"""
253400G5CHDVSB8DH114,"Небанковская кредитная организация ""Альтернатива"" (Общество с ограниченной ответственностью)"
253400G68QCPUKYL1937,"Акционерный коммерческий банк ""НООСФЕРА"" (акционерное общество)"
253400G98C3HU3KF1525,"Акционерное Общество ""Нижневолжский коммерческий банк"""
253400GCG0X8W4X00156,Акционерное общество Банк Инго
253400GGF1HLBFVMU380,Акционерный коммерческий банк Трансстройбанк (Акционерное общество)
253400GRCV94X91GAW80,"Общество с ограниченной ответственностью ""Компания Брокеркредитсервис"""
253400GTA5PKPW4J0X50,"Акционерное общество ""НК Банк"""
253400H0WYAKUHUUSQ38,"Общество с ограниченной ответственностью ""АТОН"""
253400H48DKCDEUC5N25,"Банк ""Клиентский"" (акционерное общество)"
253400HA5JHKJ85DGJ91,"Публичное акционерное общество ""Межрегиональный промышленно-строительный банк"""
253400HA6URWT39X2982,Государственный специализированный Российский экспортно-импортный банк (акционерное общество)
253400HA8YB1HUTNC692,Международный банк экономического сотрудничества
253400HBP98BGHH1AS22,"Акционерный коммерческий банк ""Азия - Инвест Банк"" (акционерное общество)"
253400HG4LFS780VDR17,"Акционерное общество ""Банк Воронеж"""
253400HGXRLW3EFSMC03,Эс-Би-Ай Банк Общество с ограниченной ответственностью
253400HTRLA4RF06MG88,"Акционерный коммерческий банк ""Национальный Резервный Банк"" (акционерное общество)"
253400HY8YZWZJYADF40,"АКЦИОНЕРНОЕ ОБЩЕСТВО ""ПЕРВОУРАЛЬСКБАНК"""
253400HYBTF10T9XBR98,"Публичное акционерное общество ""БАНК УРАЛСИБ"""
253400HYQQDWMEBWCW75,ICFI (CYPRUS) LIMITED
253400J0FSCXHPLY3642,"Акционерное общество ""Эм-Ю-Эф-Джи Банк (Евразия)"""
253400J0PTWKFG782T93,"Акционерное общество ""Российский Сельскохозяйственный банк"""
253400J19F8SERH6VS44,"КОММЕРЧЕСКИЙ БАНК ""СТРОЙЛЕСБАНК"" ОБЩЕСТВО С ОГРАНИЧЕННОЙ ОТВЕТСТВЕННОСТЬЮ"
253400JFB0DD08U9KJ68,"Общество с ограниченной ответственностью Коммерческий банк ""Уралфинанс"""
253400JY0S265ECBJP93,ПромТрансБанк (Общество с ограниченной ответственностью)
253400JYF26KUD0RLW67,"Акционерное общество ""Сбербанк КИБ"""
253400K0YW101WWQ0Y67,"Акционерное общество ""НТХ БАНК"""
253400K1TTC1FABJCE13,"Акционерный Коммерческий банк ""АВАНГАРД"" - публичное акционерное общество"
253400K6UD6YL01TQV15,"Акционерное общество ""Акционерный коммерческий банк ""АЛЕФ-БАНК"""
253400K8490BM0R69348,"""Акционерный коммерческий банк ""Держава"" публичное акционерное общество"""
253400KDCJH4J89WM664,"Коммерческий банк ""Москоммерцбанк"" (акционерное общество)"
253400KGSSLCSJL4CX41,"Адкрытае акцыянернае таварыства ""Ашчадны банк Беларусбанк"""
253400KJC8G770XQ0Y02,"Небанковская кредитная организация ""Платежи и Расчеты"" (акционерное общество)"
253400KKNZ5H8HTNJ694,КИТ Финанс (Акционерное общество)
253400KMM0WT5A5ATW39,"Публичное Акционерное Общество ""Донхлеббанк"""
253400KMRF2HSNE00T31,"АКЦИОНЕРНОЕ ОБЩЕСТВО АКЦИОНЕРНЫЙ ИНВЕСТИЦИОННЫЙ БАНК МОСКОВСКОГО МЕЖДУНАРОДНОГО ДЕЛОВОГО ЦЕНТРА ""МОСКВА-СИТИ"""
253400KSE377R969RM21,"Общество с ограниченной ответственностью Коммерческий банк ""Мегаполис"""
253400L6NLNGU4FXSB96,"Публичное акционерное общество ""ТРАНСКАПИТАЛБАНК"""
253400LL9EMESVGBB783,"Закрытае акцыянернае таварыства ""Банк росту і развіцця бізнесу"""
253400LQ1NK1Q02MXE95,"Публичное акционерное общество ""Норвик Банк"""
253400LSHTTQD2JY1520,"Общество с ограниченной ответственностью Коммерческий банк ""Дружба"""
253400LTWKWWN6SQCF62,"Общество с ограниченной ответственностью коммерческий банк ""РостФинанс"""
253400M18U5TB02TW421,"Небанковская кредитная организация акционерное общество ""Национальный расчетный депозитарий"""
253400M5M1222KPNWE87,"Публичное акционерное общество ""Московская Биржа ММВБ-РТС"""
253400M71G1LBJSCC493,"Общество с ограниченной ответственностью ""Брокерская компания ""РЕГИОН"""
253400MAWMM2E7FLBA26,"открытое акционерное общество ""Белагропромбанк"""
253400MF70R9W1E92E58,ББР Банк (акционерное общество)
253400ML866V3CRYT079,"Central Depository of Armenia"" Open Joint Stock Company"
253400MSF9T7H1BA5P54,"Акционерное общество ""Инвестиционный Банк ""ФИНАМ"""
253400MU9A9LV5V2DT37,"Акционерное общество ""Мидзухо Банк (Москва)"""
253400MWL1GZ0BN1HX63,"АКЦІОНЕРНЕ ТОВАРИСТВО ""БАНК АЛЬЯНС"""
253400MY6HU1CM9F6G13,"Акционерное общество ""Тольяттихимбанк"""
253400N2R0RF14JQ0060,Акционерное общество Арована Капитал
253400N6AVPRD6KKWB14,"Акционерный коммерческий банк ""Новация"" (открытое акционерное общество)"
253400NT4MB307747N58,Банк ЗЕНИТ (публичное акционерное общество)
253400P8R9GCE755K262,"Публичное акционерное общество Банк ""ВВБ"""
253400PHXLMU3TLFYV40,РОСКОМСНАББАНК (публичное акционерное общество)
253400Q2AQ3F58BLL187,Евразийский банк развития
253400Q5SDY489NPAF44,"Общество с ограниченной ответственностью ""Инбанк"""
253400QDD0EJLSBQVD52,"Акционерный коммерческий банк ""Форштадт"" (Акционерное общество)"
253400QH144H9FB5UK28,"Акционерный инвестиционный коммерческий банк ""Енисейский объединенный банк"" (акционерное общество)"
253400QJ52DDK62V1009,"Акционерное общество ""Сумитомо Мицуи Рус Банк"""
253400QJNKYYP2C7PA85,Кыргыз Республикасынын Улуттук Банкы Кыргыз Республикасынын Борбордук банкы
253400QKS3G6F9V6QX81,"Акционерное общество ""Сургутнефтегазбанк"""
253400QLNK164AFJ2E30,"Joint Stock Commercial Bank with Foreign Capital ""Hamkorbank"""
253400QR501VVARKW142,"Публичное акционерное общество Национальный банк ""ТРАСТ"""
253400QWEQNERA6RJS29,"АКЦИОНЕРНОЕ ОБЩЕСТВО ""АЛЬФА-БАНК"""
253400R1Y9QV378WYH65,"коммерческий банк ""Кубань Кредит"" общество с ограниченной ответственностью"
253400R9321UP8XXUB33,"АКЦИОНЕРНЫЙ КОММЕРЧЕСКИЙ БАНК ""ЕВРОФИНАНС МОСНАРБАНК"" (акционерное общество)"
253400RBNM1AMSSKEL15,"Общество с ограниченной ответственностью Коммерческий Банк ""Конфидэнс Банк"""
253400RP1GTPC8W8AT76,Межгосударственный банк
253400RQYN91FHYPRS96,"""Кредит Урал Банк"" (Акционерное общество)"
253400RZEK1TUV0K0G53,"""ՀԱՅԲԻԶՆԵՍԲԱՆԿ"" փակ բաժնետիրական ընկերություն"
253400S1NRL4VGVS2269,"Акционерное общество ""Банк Кредит Свисс (Москва)"""
253400S7032SMH1CJ918,"Акционерное общество ""ИНВЕСТТОРГБАНК"""
253400S76FWMXGUJC185,"АКЦИОНЕРНОЕ ОБЩЕСТВО НОВГОРОДСКИЙ КОММЕРЧЕСКИЙ БАНК ""СЛАВЯНБАНК"""
253400SLU3Z4KE4LLA03,"АКЦИОНЕРНОЕ ОБЩЕСТВО ""БАНК ЦЕНТРКРЕДИТ"""
253400SR5PKC4YLT8019,"АКЦИОНЕРНОЕ ОБЩЕСТВО ""БАЛАКОВО-БАНК"""
253400SW1QJQSB3A2U49,"""Qimmatli qog'ozlar markaziy depozitariysi"" aksiyadorlik jamiyati"
253400SWAV30WRVHXJ09,"Акционерное общество ""Фора - Оппортюнити Русский Банк"""
253400T1524HLVLPUC37,"Общество с ограниченной ответственностью ""Специализированная депозитарная компания ""Гарант"""
253400T8G8SXRUHTL526,"Публичное акционерное общество ""СПБ Биржа"""
253400TD5K0GYG98VH27,"Общество с ограниченной ответственностью ""Приморский территориальный коммерческий банк"""
253400TG3W7MLFGHL696,"Акционерное общество ""Профессионал Банк"""
253400THGNF0UK0D2657,"Акционерное общество ""Инвестиционная компания Д8"""
253400TRM3DLQLJGHB08,"Публичное акционерное общество ""Банк Ставр"""
253400TZJ7T1YULTGN68,"""Ўзбекистон Республикаси Ташқи иқтисодий фаолият миллий банки"" акциядорлик жамияти"
253400UB8VXT708U1C76,"""КСБ Коммерциялык Банк"" Жабык акционердик коому"
253400UEEJPNF0G35X65,"КОММЕРЧЕСКИЙ БАНК ""ЭНЕРГОТРАНСБАНК"" акционерное общество"
253400UERQYEKFELB483,Банк развития и модернизации промышленности (акционерное общество)
253400UFXCB1FEH0RV56,"Акционерное общество ""Ури Банк"""
253400UHT2TS4GT8YT72,"Акционерное общество ""Банк ""Вологжанин"""
253400UMQ5SYMQC0A110,"Коммерческий банк ""Пульс Столицы"" - общество с ограниченной ответственностью"
253400UMYM03M1PHUG08,"Общество с ограниченной ответственностью ""Чайна Констракшн Банк"""
253400UQS2QLH2209P60,МОРСКОЙ АКЦИОНЕРНЫЙ БАНК (Акционерное Общество)
253400URAPVQ3J1HQG33,"Публичное акционерное общество Социальный коммерческий банк Приморья ""Примсоцбанк"""
253400USPWD55XXK2223,"Акционерный коммерческий банк ""ФОРА-БАНК"" (акционерное общество)"
253400UW6BJW3A8AVT52,"Общество с ограниченной ответственностью Коммерческий банк ""Агросоюз"""
253400UX25RE3VRW2G37,"Коммерческий банк ""ХАКАССКИЙ МУНИЦИПАЛЬНЫЙ БАНК"" (Общество с ограниченной ответственностью)"
253400UYVFB24M90T690,"""ԱյԴի Բանկ"" Փակ Բաժնետիրական Ընկերություն"
253400V1H6ART1UQ0N98,Банк ВТБ (публичное акционерное общество)
253400V1J0HW91P87A98,"Общество с ограниченной ответственностью ""Управляющая компания ""Альфа-Капитал"""
253400V2XBNT0R8V8U70,"Акционерное общество Коммерческий банк ""КОСМОС"""
253400V4HY4PH2NE7E79,"Акционерное общество коммерческий банк ""Солидарность"""
253400VB6K0S0B7E7X78,"Акционерный коммерческий инвестиционный банк ""КУРГАН"" публичное акционерное общество"
253400VXM2X52M4JS131,"Banca Comerciala ""COMERTBANK"" S.A."
253400W0VR3AMTA4A414,"Акционерный банк ""Капитал"" (акционерное общество)"
253400W29T5225G8X631,"Адкрытае акцыянернае таварыства ""Банк Дабрабыт"""
253400W3H9DQ3UWGF192,"коммерческий банк ""Хлынов"" (акционерное общество)"
253400W559GLXW7E4W37,"Закрытое акционерное общество ""Белорусско-Швейцарский Банк ""БСБ Банк"""
253400WD8ULWSUGGXP64,Акционерное общество Банк Синара
253400WE18BBLQFEX189,"Публичное акционерное общество ""ФИНСТАР БАНК"""
253400WMV1LDNKA3P870,Акционерное общество МОСКОВСКИЙ ОБЛАСТНОЙ БАНК
253400WSS48YWMBUA688,"""Газпромбанк"" (Акционерное общество)"
253400WVY97MTMFC0U22,FINTAILOR INVESTMENTS LIMITED
253400X3XKQQHU0BBR08,"Акционерное общество ""Булгар банк"""
253400X5QVHG00BMYJ83,"БАНК ""НАЛЬЧИК (общество с ограниченной ответственностью)"
253400XBYBDWX0NXT319,"""БАНК ГОРОД"" (Акционерное общество)"
253400XCR2Y10G342Q56,"Акционерное общество ""Первый Инвестиционный Банк"""
253400XEMNQ5WBPN5635,"Акционерный коммерческий банк ""АК БАРС"" (публичное акционерное общество)"
253400XG24WV7PY3HY18,"Адкрытае акцыянернае таварыства ""Беларускi банк развiцця i рэканструкцыi ""Белiнвестбанк"""
253400XSDD336BT6BJ60,"Акционерное общество ""Мир Бизнес Банк"""
253400XYDW42YX9BAP86,"""Банк Глобус"" (Акционерное общество)"
253400YGH90JM0RMLU50,"Акционерное общество ""Дальневосточный банк"""
253400YGMAHH3EQH3G74,"Акционерный коммерческий банк ""Абсолют Банк"" (публичное акционерное общество)"
253400YNQHSUXD70VJ14,"Акционерный коммерческий банк ""Профессиональный инвестиционный банк"" (акционерное общество)"
253400YV80GJ3T8WLV21,"Общество с ограниченной ответственностью коммерческий банк ""Уральский капитал"""
25490000F44JLXQKGP81,Ajeej Capital (AD) Limited
25490000MX377HHPSR96,Nepal Rastra Bank
25490000VM5YTLF4NM50,FOCUS BANK
254900014X4G6Q0SPF80,"Eagle Asset Management, Inc."
25490002QDEB2KTLNK39,"Latvijas Republika, ko pārstāv Latvijas Republikas Valsts kase"
25490003PASAH33YSQ08,Cornerstone Macro LLC
25490004B8LKDPE9SE12,西京投資管理有限公司
254900050TD7BGSBDM07,MOERUS CAPITAL MANAGEMENT LLC
25490008Y63EPI9XB932,Ngân hàng TNHH Một thành viên Public Việt Nam
2549000A07AM4AQ9NP46,Arzan Financial Group for Financing and Investment K.P.S.C.
2549000AMI28C7939111,John Keells Stock Brokers (Pvt) Ltd
2549000AVPAJ4T852T92,SBM BANK (KENYA) LIMITED
2549000BIG2459P3YB08,4D Infrastructure Pty Ltd
2549000BVY0UENZ14355,First Overseas Bank Limited
2549000CMF9XVJWL6U84,Kingston Securities Limited
2549000CT2I1OE0WRL19,Northern Capital Management LLC
2549000DUR72WYLKY616,"CICC US SECURITIES, INC."
2549000G31V20XVIQV72,Republica AFAP S.A.
2549000H0WG6XTA5IV30,CI CASA DE BOLSA SA DE CV
2549000HYYAUPFRFTQ09,Topline Securities Limited
2549000IB2PRJ20M2Q93,"BB&T Securities, LLC"
2549000IQCP3EZPSVN26,DAVIBANK (COSTA RICA) SOCIEDAD ANÓNIMA
2549000IV408A4RRND84,STANDARD BANK SWAZILAND LIMITED
2549000JUR5RS6W85S40,AlphaTerra Capital Μονοπρόσωπη Ανώνυμη Εταιρεία Διαχείρισης Οργανισμών Εναλλακτικών Επενδύσεων
2549000K7N9T4QREED49,EC POHL & CO PTY LTD
2549000K8Q3SATS64678,AQUARIAN HOLDINGS INVESTMENT MANAGEMENT LLC
2549000KIQ4DPHTBE746,"""Асман Банкы"" жабык акционердик коому"
2549000L42F1L349F697,"Scotiabank República Dominicana, S.A. Banco Múltiple"
2549000LH3SWRWU99Y13,NATIONAL INVESTMENTS COMPANY K.S.C.
2549000LSCTO83QYU961,OSIRIS Capital Partners LLP
2549000MORJL26OQTW11,"SEIZERT CAPITAL PARTNERS, LLC"
2549000NGTVLJ7D06R96,Palestine Islamic Bank
2549000O3QUBVISG0051,PT BANK OF INDIA INDONESIA TBK
2549000OI9EV2K64W083,BANCHILE CORREDORES DE BOLSA S A
2549000P1WDRUBLULJ60,ZYRIO CORPORATION
2549000PB5BA9MOMBQ96,台灣三星電子股份有限公司
2549000PIDVVMQ04Q334,Mizuho Americas LLC
2549000QX6RLQOZ2XC11,"ACADEMY SECURITIES, INC."
2549000RNFUNT5TMDC84,بنك الاسكان العماني
2549000TD638BHKAAW68,Capital Alliance PLC
2549000TI4IJJKZA8M91,Central Bank Of Lesotho
2549000UI4P7PR7YZH67,Mizuho Bank (Malaysia) Berhad
2549000ULJFODQ80G890,"Sit Investment Associates, Inc."
2549000UWAE4MLO6VE36,宏遠證券股份有限公司
2549000VHWC18I2KUX06,SP SUSTAINABILITY & ENGINEERING PTE. LTD.
2549000VTAZVMQ1H0A12,Chase Securities Pakistan (Private) Limited
2549000VZJASQT1J2W80,"VENEZOLANO DE CREDITO, S.A. BANCO UNIVERSAL"
2549000X7ZI1Z3Q0SJ56,Bank of Saint Lucia Limited
2549000XVVQ6RVZWX334,SAMSUNG ASIA PTE. LTD.
2549000Y5HPQL48NCR60,"ANCHORAGE CAPITAL ADVISORS, L.P."
2549000Z769QHSX2KP78,OCTAL SAOC FZC
25490010IISQ8WULOA05,BANCO MERCANTIL SANTA CRUZ S.A.
25490011XDT7X3A4RE81,兆豐票券金融股份有限公司
25490012KFFZI81TDT02,The Fidelity Bank
25490013P30Z4VD8U044,"BANCO DELTA, S.A."
25490014A6WZ13FN1F07,Asia Investment Banking Corporation
25490015NV5N13SL7A73,BANCO DE COMÉRCIO E INDÚSTRIA
25490016AUF2VKWH1B34,"Акционерное общество ""Казпочта"""
25490016G0WR60ANOK04,德商德意志銀行股份有限公司
25490016YP1CA2DWO768,DIAMOND TRUST BANK TANZANIA PUBLIC LIMITED COMPANY.
25490019262YKP45AM56,"Ecobank Moçambique, SA"
2549001BV3F3ILGEVK83,CHAVAL PROPERTIES PTY LTD
2549001DQZLC2BCOI885,Falcon Global Capital Inc.
2549001EEHT5J258UH58,FINACO SECURITIES SA
2549001FA0EM5A6OAV71,"AWX Lithuania, UAB"
2549001FYPTVQFBJ2058,"C.V.V. CAJA VENEZOLANA DE VALORES, S.A."
2549001HVR669OGRHG04,"PMA SECURITIES, LLC"
2549001J1GXRMS93SD78,ECOBANK GUINEA ECUATORIAL
2549001K2DZ52GXWAK91,SOUTHWEST SECURITIES (HK) BROKERAGE LIMITED
2549001LWA3Q0GEGBF30,Databank Brokerage Limited
2549001M1QCD7NV2FL63,NIUM PTE. LTD.
2549001MFDXXJB4IQU56,Bank of Zambia
2549001MQ5QUG93CPW30,Eagle Capital Management L.L.C.
2549001N78TW5HSDYK66,Elefant Markets Inc.
2549001O28ZENA1KKP30,City Bank PLC
2549001O2KZSUFGORT17,บริษัท หลักทรัพย์ ทิสโก้ จำกัด
2549001Q03B6LTGM5D87,POLTI S.P.A.
2549001Q4C03IIXR5O84,"OAK ASSOCIATES, LTD."
2549001R67IOB4EQJS41,Vunani Fund Managers (Pty) Ltd
2549001SGCT0DXW9UA79,The First National Bank of Mount Dora
2549001SMFSVFT382M09,Time Bank
2549001ST8PTG2IRBN95,PAMEROY MANAGEMENT LTD
2549001T72VRU0W37E62,International Development Bank for Investment and Finance
2549001TCLW32XNXL270,Bancaribe Curaçao Bank N.V.
2549001TWO8T8B6UMU91,"China Construction Bank, Agencia en Chile"
2549001V43WAUXY86V96,ธนาคารทิสโก้ จำกัด (มหาชน)
2549001VXPHNWP53OG72,"Bank of Communications Co. Ltd., Luxembourg Branch"
2549001W0Y6FBB6L2N68,AMBIT CAPITAL PRIVATE LIMITED
2549001XTCSAG6QXSM10,UAB BLENDER LITHUANIA F1
2549001YGPI509AQA664,Rabitabank
2549001YYB62BVMSAO13,"Computershare Trust Company, National Association"
2549001ZA93O65N2ZM60,MMC SECURITIES LLC
2549001ZVMA0RHLTU649,Banco Nacional de Bolivia S.A.
254900204BE8ADEL0R94,Colombo Stock Exchange
25490020S7LRC26ODV45,Nouryon Chemicals International B.V.
254900216QB7RNQPBT04,AMEN BANK
25490023CL6FR7B8Z532,Էվոկաբանկ ԲԲԸ
25490026AB9ME1DX2507,星展唯高達香港有限公司
25490026JIOC977I1D10,NATIONAL BANK LIMITED
25490026VMDH1V6YFS53,"Williams, Jones & Associates, LLC"
25490026YLGBRVFNTV42,"פועלים סהר בע""מ"
25490027SAB0DJXC4I46,Vision Bank Limited
25490029IZD59ASLZV41,الفؤاد للصرافة
25490029NMSQ5BZRJA38,AT ASSET MANAGEMENT PTE. LTD.
25490029OUUQVDHTBV14,Compass Bank and Trust Corporation
25490029SAA3XR1IFK27,LGT WEALTH MANAGEMENT LIMITED
2549002DS3XJ9UG3J088,ORBIT SECURITIES COMPANY LIMITED
2549002GKP15RU9AME82,第一金證券股份有限公司
2549002HC6KJWQ8JJ892,PhillipCapital (India) Private Limited
2549002HM95108F7P207,"Banco Exterior, C.A, Banco Universal"
2549002I5KBVC969P230,Chapel Hill Denham Securities (Ghana) Limited
2549002IV33Y1OTI7O73,ARGAMON MARKETS PTY LTD
2549002J8BB66THYB069,Central Bank of Eswatini
2549002JMHYQGFTPXE67,LOGAN CAPITAL MANAGEMENT INCORPORATED
2549002K86NU1W6NM465,Alias Partners SA
2549002LXBY6U72Z6629,SKYDO TECHNOLOGIES PRIVATE LIMITED
2549002OCMCJIOOONI88,United Bank of Iowa
2549002OD3DEYB277P44,"VAUDOISE GENERALE, Compagnie d'Assurances SA"
2549002P85FEXXI0ND36,Remote Team Inc.
2549002QCUH9VKMEXE05,BNC International Banking Corporation
2549002RJETTB5INJW97,東方證券(香港)有限公司
2549002RX9QANY14OL51,AFFIN BANK BERHAD
2549002SIFOER1TFOK04,MCB Bank Limited
2549002SWSGB0VPO1R33,First National Bank Zambia Limited
2549002W9XHPJUH9Z717,AROHI ASSET MANAGEMENT PTE. LTD.
2549002WJYM18U2L8A24,"USTS Nassau, Bahamas Ltd."
2549002ZJFR82IL68010,RHB BANK BERHAD
25490030EXC4CQV3JH29,UNITED BANK LIMITED
25490030MB3LJ3S8TQ65,Bank Alfalah Limited
25490033CJ9CFTSR8044,TAYLOR COLLISON LIMITED
25490034N24IWYJ5YO77,Santen SA
25490035DW7073N6TR69,جي سي سي للصرافة
25490035OEX8E488EB14,SCM PRIVATE LLP
25490035SD2RQGJ8E557,CONTINENTAL GENERAL INSURANCE COMPANY
2549003610VD03OOHP39,PREMIERE AGENCE DE MICROFINANCE PAMF
25490037PLZ7NK7WFO62,JM FINANCIAL SERVICES LIMITED
25490037UV2GCHX1IK53,Acker Finley Inc.
254900389MX726AJTC88,مصرف الخليج الأول الليبي
2549003981JHPJAS3H82,Quds Bank
25490039BSO2ZF8JZ448,CENTRAL BANK OF KENYA
2549003AOK7ESGAHQD79,J M FINANCIAL AND INVESTMENT CONSULTANCY SERVICES PRIVATE LIMITED
2549003AY2X6A55ATF21,工銀國際控股有限公司
2549003CT61K58T27J39,E.L. & C. Baillieu Limited
2549003DAILATLCBDJ67,"CIC MARKET SOLUTIONS, INC."
2549003DOMXEZEEIW508,Banque Malgache de l'Océan Indien
2549003ENO36WUFKQE23,BILDERLINGS PAY LIMITED
2549003EO6WFLYLBWX33,裕民航運股份有限公司
2549003FCPBAKYFCOD09,UBS Real Estate GmbH
2549003FU06Q8U2G9H58,SINGAPORE DISTRICT COOLING AMK PTE. LTD.
2549003FUN0J81X78908,FGV CAPITAL SDN. BHD.
2549003GVRFH6F3M6971,浦銀國際證券有限公司
2549003HAZU0OD9LB569,"KORNITZER CAPITAL MANAGEMENT, INC."
2549003IUT1BV50L7X69,SAI GON JOINT STOCK COMMERCIAL BANK
2549003IWFO4GH02W363,"SUMMERHAVEN INVESTMENT MANAGEMENT, LLC"
2549003L5ZG5M2ZSE107,NATIXIS
2549003LGN967YNCUB62,Latin Securities S.A. Agente de Valores.
2549003LUQ6579FHYJ10,CORIS BANK INTERNATIONAL TOGO
2549003M3XTXY3UOUU19,彤安有限公司
2549003NP3IRAJGWV343,Шинхан Банк Казахстан
2549003O85RNZ1LL3Y88,統一綜合證券股份有限公司
2549003OO2V9897HYY46,"MERGANSER CAPITAL MANAGEMENT, LLC"
2549003P7NIDT7ESSF47,"Barings Investment Fund (LUX) SCSp, SICAV-RAIF"
2549003PG287VLAXFD17,Banco del Caribe C.A. Banco Universal
2549003QHK9R8OEFZO07,叁點壹肆網絡科技有限公司
2549003RPFV2JYJACF51,Paddle.Com Market Limited
2549003T6K5JUHG1O121,British American Tobacco Uganda Limited
2549003V10SLVLYDH587,Diamond Trust Bank Burundi
2549003VQ218USFVEQ93,翔鷹資產管理有限公司
2549003YW25MXGZRGR36,Larrain Vial SpA
2549003YW3T6PERKZM60,WILMINGTON TRUST COMPANY
2549003Z8R5QM0WPS603,IDB Global Federal Credit Union
2549003ZJNX6MDMSX187,BANK OF BARODA (KENYA) LIMITED
254900404F0X4A4UKR70,MASON STEVENS PTY LIMITED
25490040PDT9C3JZG295,АКЦИОНЕРНОЕ ОБЩЕСТВО ЕВРАЗИЙСКИЙ БАНК
25490041AK3KSFKB6O93,N S B FUND N4ANAGEMENT COMPANY LIMITED
25490041LT78XEQ8QE43,"DEARBORN PARTNERS, L.L.C."
2549004392OYOFHKGR40,บริษัท หลักทรัพย์ พาย จำกัด (มหาชน)
25490043FER1B108XE95,SANIMA BANK LIMITED
254900461UF6GC9HCO98,HARVEST LANE ASSET MANAGEMENT PTY LTD
254900464JJKK3AJB760,CQUR Bank LLC
25490047EII6XV0TTY26,ECOBANK TCHAD SA
25490047O14E5QWWEY42,M & A Securities Sdn. Bhd.
25490047URNYJHD4I310,鐘港資本有限公司
25490047WQ1DHZC83A17,Paysimple Financial Inc
254900489AYBH6QVA116,Lead Bank
25490049RRVB8S6CG210,Farmers And Merchants Bank Of Long Beach
2549004A5L4XQ96U3224,IMC EXECUTION SERVICES LLC
2549004BOCU15LMNDJ92,Bursa de Valori Bucuresti SA
2549004C59GTS57KNX52,ХасБанк ХХК
2549004CVHPXSF0QQA30,“UNIBANK Kommersiya Bankı” Açıq Səhmdar Cəmiyyəti
2549004DENUUZY85ZB69,"ARISTOTLE CAPITAL MANAGEMENT, LLC"
2549004EIIEQY4GXG575,"RURAL BANK OF SILAY CITY, INC."
2549004GMVCHRYS8LW05,BDO SECURITIES CORPORATION
2549004HM407FPC40N46,"CORNERCAP INVESTMENT COUNSEL, INC."
2549004HQRTM88ES4D15,ТОВАРИСТВО З ОБМЕЖЕНОЮ ВIДПОВIДАЛЬНIСТЮ І-НВЕСТ
2549004I3EACJ9G3IL08,Ecobank - Togo
2549004IPXPSM9EJFC92,"MISCHLER FINANCIAL GROUP, INC."
2549004ITUH4C1O33876,Demerara Bank Limited
2549004KKYPQI765R825,YACKTMAN ASSET MANAGEMENT LP
2549004KUH807UVUOD86,"ТОВАРИСТВО З ОБМЕЖЕНОЮ ВІДПОВІДАЛЬНІСТЮ ""БТС БРОКЕР"""
2549004KZ5LTHMEFUI47,"Creditstar Lithuania, UAB"
2549004L4LE44HR7SG24,Algemene Spaar- en Kredietcoöperatie ACU
2549004MW2QAB6OS4P40,"Garcia Hamilton & Associates, L.P."
2549004N3P710UQ9X454,البنك المركزي العراقي
2549004OXVRVI1I3IS40,სს ბანკი ქართუ
2549004PCRVQJ5CDOF98,"VAUDOISE VIE, COMPAGNIE D'ASSURANCES SA"
2549004QFK5ZBBM34V55,ECOBANK MALAWI LIMITED
2549004QXOW7DKYI4H53,SOUTHERN CROSS CREDIT UNION LTD
2549004R68ZXQ6YYFI14,Navigare Securities (Pty) Ltd
2549004SD26YJTXNZT46,"9823 CAPITAL, L.P."
2549004TS5QUBFGAWE51,NGÂN HÀNG THƯƠNG MẠI CỔ PHẦN NGOẠI THƯƠNG VIỆT NAM
2549004UU5YYSKKYY479,Equity Bank (Kenya) Limited
2549004V2SJN1RVH9T31,Công ty TNHH Chứng khoán ACB.
2549004VBR76MR9RPW07,PT Mirae Asset Sekuritas Indonesia
2549004W4HOGLS179S28,PRIMA CAPITAL ADVISORS LLC
2549004X4BLL0JIZ9R33,AL Ahly Pharos Securities Brokerage
2549004X9TN4AX1F5C38,EFG HERMES KENYA LIMITED
2549004XO8LFW6OLD674,"J. M. LUMMIS & COMPANY, INC."
2549004YP4KLXNS87R38,"Beck, Mack & Oliver LLC"
2549004Z898950GUFQ10,中國銀河國際證券(香港)有限公司
25490050R7G2DGHI2N35,BANCO SOFISA S.A CAYMAN BRANCH
25490050SRE49YK2FW92,Citizens Bank International Limited
25490052WX0QM50N6M05,Hipotekarna banka AD Podgorica
25490053PNHZJ84RB321,TERRA PAYMENT SERVICES USA LLC
254900541PJMQ5LPXI32,First Security Islami Bank PLC.
254900546DTVV2038Z05,FAULU MICROFINANCE BANK LIMITED
254900561K135J92VD38,First Security Bank
25490058DZOU0ONFQQ26,UNIBANK OJSC
25490058VIPF86Y5SN62,شركة الأول للاستثمار شركة شخص واحد مساهمه مقفله
25490059PCT57U2F4E29,บริษัท หลักทรัพย์ ฟินันเซีย ไซรัส จำกัด (มหาชน)
2549005A2JLYOCK58T76,Woodward Partners Securities Limited
2549005AHDKYXTI3YE23,BANCO DE DESENVOLVIMENTO DE ANGOLA
2549005ASA9TUACEW325,MOTILAL OSWAL SECURITIES LTD
2549005B1QB9BHUPTU40,ECOBANK REPUBLIQUE DEMOCRATIQUE DU CONGO
2549005BZL5S92UQEF42,"Lulu Financial Services (Phils.), Inc."
2549005E28O59364A755,CÔNG TY CỔ PHẦN CHỨNG KHOÁN MIRAE ASSET (VIỆT NAM)
2549005EC6BBRXUKMF75,"BANCO BAC SAN JOSE, S.A."
2549005EDRD72VJ2O895,Công Ty TNHH Chứng Khoán Vietcombank
2549005G75NMAK8TM233,Central Bank of Kuwait
2549005H7EFB6RX1Y168,CARTESIA
2549005HCUUDNX18CL91,Savings Bank of Walpole
2549005HENFMYGRM9S10,Stanbic Bank Zimbabwe Limited
2549005IM0O4GMSQDJ13,Holvi Payment Services Oy
2549005KDAZEEI1LEY31,BANCO CENTRAL DE S. TOMÉ E PRÍNCIPE
2549005KPF9L8IKKB306,Royal Monetary Authority of Bhutan
2549005LWPNKBZM5GD91,KINDRED (LONDON) LIMITED
2549005MJ1B2H6QY0685,Exos Securities LLC
2549005N903KCZC52486,George K. Baum & Company
2549005NFP04P9CJUJ84,PRABHU BANK LIMITED
2549005PLRIBS05XDH85,مصرف الإستثمار العربي الإسلامي
2549005Q9UPJZP9QN894,Hatton National Bank PLC
2549005R1E81M02BTE57,FAST TRACK HOLDINGS LIMITED
2549005T4M7PO9MWDW31,HINES INTERESTS LIMITED PARTNERSHIP
2549005TB4S3CP5Y3K96,بنك الاتحاد لتمويل الاصغر
2549005TTUFPR93NZP53,Northmill Bank AB
2549005UO0MSGJ2M7O07,TSB Bank Limited
2549005V2JZJUOQENP39,XY SA
2549005VGBA580BGCO65,BURSA MALAYSIA SECURITIES CLEARING SDN. BHD.
2549005VYPQV10HMKP26,"MULTI-BANK SECURITIES, INC."
2549005W7S9FWTK30R34,Statrys Limited
2549005WQVD23RMNE850,NGÂN HÀN THƯỢNG MAI CỔ PHẦN LỘC PHÁT VIỆT NAM
2549005Y5NQYW7Z1XE69,APC Bank N.V.
2549005YJE8QL5UJBK65,BNI Madagascar
2549005YJM8ENGWSJR83,Sinopac Securities Corporation
2549005YKO4EK97TJX21,EPMAP LIMITED
2549005ZC5RXAOO7FH41,Woodside Energy Group Ltd
254900600P224MZQZD69,Gulf Bank KSCP
254900602WOIDVUFDP09,CITCO BANK AND TRUST COMPANY LIMITED
25490061PVFNGN0YMO97,BANCO BCT SOCIEDAD ANONIMA
25490061U8AL49462B58,Samsung Electronics Chile Limitada
25490062FTQ9WPTK8B78,Marcuard Family Office AG
25490065C95TQEXI1M19,Mercantil Bank (Schweiz) AG
25490065OSV2524LCR32,Asian Infrastructure Investment Bank
25490065XGJV695OQV71,PT Verdhana Sekuritas Indonesia
254900667M5CK6Y3DF27,Banco do Brasil Americas
254900676S4DFFKF4K78,Scotia Investments Trinidad and Tobago Limited
2549006795IEBDHHWM56,Banco C6 S.A.
25490069I63UAUQ90017,United Nations on behalf of the United Nations Joint Staff Pension Fund
2549006AGQNGH15BNV77,中國人壽富蘭克林資產管理有限公司
2549006AU8WIR5VMKD68,Knit Payment Services (Canada) Inc.
2549006B9FP5VOIKMB54,บริษัทหลักทรัพย์ InnovestX จำกัด
2549006BDDX0A6DA6H12,CONCORDE BANK LIMITED
2549006CCP8ZTAMO1049,ECOBANK GAMBIA LIMITED
2549006CZMUKQ9A1QY90,BMA Capital Management Limited
2549006DTQ8LSJ1ZBS16,Paysera Albania
2549006DVXEOF1JIKY44,SUDAMERIS BANK S.A.E.C.A.
2549006EA6NMW14TWS10,"LM CAPITAL GROUP, LLC"
2549006EHFY98CQJZN84,China Construction Bank Corporation
2549006EK2L53MAY4J31,CÔNG TY CỔ PHẦN CHỨNG KHOÁN PHÚ HƯNG
2549006EUOEZE5CFIV89,中國人保香港資產管理有限公司
2549006FI2WBTM6W5X94,مصرف ليبيا المركزي
2549006FYT191TKGWO59,TRADEXEC (TEX) LTD
2549006GXQ1JLB44T390,"UAB ""NIUM EU"""
2549006HFGS7YTXN2Z15,"BITACORA VALORES PUESTO DE BOLSA, S.A."
2549006I3Q3M98KHOT11,CITIC Limited
2549006IZSSRYT8L1609,SHAW AND PARTNERS LIMITED
2549006J6QH567BNDE76,RNC Capital Management LLC
2549006JPPHE1RTIHT82,CONFIDENT INVEST BUCURESTI S.R.L
2549006JW3A2OTXXV772,ТОВАРИСТВО З ОБМЕЖЕНОЮ ВІДПОВІДАЛЬНІСТЮ УНІВЕР КАПІТАЛ
2549006K00N49D826378,EAST INDIA SECURITIES LTD
2549006K0YM46HY0A607,PLAYFAIR ASSET MANAGEMENT PTY LTD
2549006KK7LTI9G87P64,Guaranty Trust Bank (Kenya) Ltd.
2549006L4JDWZU8JBG94,"СПІЛЬНЕ ПІДПРИЄМСТВО ТОВАРИСТВО З ОБМЕЖЕНОЮ ВІДПОВІДАЛЬНІСТЮ ""ДРАГОН КАПІТАЛ"""
2549006LECDZGK4RBC19,BERNSTEIN INSTITUTIONAL SERVICES LLC
2549006O24D4ZUP2X838,"AIPH Merchant Services, Inc."
2549006O7NBGRQ97Z707,"VIDENT ADVISORY, LLC"
2549006Q2SCXK1988H68,"BCP Securities, Inc."
2549006Q5GJXMB9XTT77,الدوليه للاوراق الماليه ذ.م.م
2549006QPDU8W01S7859,Ascendis Financial Services
2549006RWNEW44CYFF59,BANCO DAYCOVAL S.A.
2549006RZET62B51UR82,BANK OF BARODA (UK) LIMITED
2549006S4DE4WEZKWU87,Centrale Bank van Suriname
2549006SNAUNGKOGKZ83,Beltone Securities Brokerage
2549006T0F3Q9O4SAD93,Cephei Capital Management (Hong Kong) Limited
2549006T3HT0TI9IRV62,ピジョン株式会社
2549006U8SXATH10WI14,Exchange Bank & Trust
2549006V9LWC0F2YJT14,Bank Aston Limited
2549006WLARR9BW17H19,Aqua Investment Bank Ltd.
2549006WUX6DYQEGZN20,บริษัท ซัมซุง ซี แอนด์ ที (ประเทศไทย) จำกัด
2549006XGNAM079KX864,香港海泰付科技有限公司
2549006YVUACKNYWLP55,Bank of China (New Zealand) Limited
2549006Z0T7NF7KV4H29,RVX Asset Management LLC
2549006Z78UKVUDHTF79,Banco Ripley
2549006ZK0V36YILIB44,GLOBE TAX SERVICES INCORPORATED
2549006ZQ1MUJIL0VD24,眾安銀行有限公司
25490070F191CD745X36,OZFOREX (HK) LIMITED
25490070QB5LWJ9JID79,"Community Bank & Trust, Waco, Texas"
25490071ZKWP8NQL0613,KANJALOCHANA FINSERVE PRIVATE LIMITED
25490072ONTDMQSG5R37,中銀集團人壽保險有限公司
25490072VWO70SXBEI23,BANKA KOMBETARE TREGTARE SH.A.
25490072XNI1Y4MA3656,Surbana Jurong Private Limited
25490073T3PT0CA5SP91,"UNDER TECHNOLOGIES, INC."
2549007459TPK026M577,PT Sucor Sekuritas
25490074EFRBM1MC1K04,Qatar Navigation
25490074J2C2B2SQ2609,將來商業銀行股份有限公司
25490074P0AZ35Z01A02,"1919 Investment Counsel, LLC"
25490075KWKUTD06EL36,"GBM INTERNATIONAL, INC."
25490075PGS91BAA5X57,PT Bank Mega Tbk
25490075YO15PEHSJS37,ELIXIR SECURITIES PAKISTAN (PVT.) LIMITED
25490076B734BP7UYI53,Canaccord Genuity (Australia) Limited
25490076D2BHGL7IT794,GOCARDLESS LTD
25490076IC0B6G738H62,B&K PROPERTIES NYC LLC
25490077CURC3ML3O056,"E. Sun Asset Management Co., Ltd."
25490077NVBBJDT4SB46,極支好有限公司
25490078AFJM7QYBG842,Intermarket Securities Limited
25490079GAIMWKRLCC78,VOLTINVEST SA
2549007C1O8DHHSJ3G19,"ASC ""Xalq"" Bankı"
2549007CZED68TY7PX52,"בנק יהב לעובדי המדינה בע""מ"
2549007FENPV277DG028,Mobis Parts Australia Pty Limited
2549007G9H7FOWOUFD75,SMARTITUDE SOLUTIONS PTY LTD
2549007H11SP7GCXGN21,SMBC BANK INTERNATIONAL PLC
2549007HTI2GPELM0894,Ngân hàng Thương mại cổ phần Sài Gòn-Hà Nội
2549007HZK4BMGJLNI04,Capital Security Bank Limited
2549007IAZ4HOFUNIH94,Development Bank of Southern Africa
2549007JTKROHF9RH015,المدينة للصرافة
2549007KV0MEUNARXE23,BLUE OWL ALTERNATIVE CREDIT ADVISORS LLC
2549007KX0N057S9BC98,Kuwait Finance House (K.S.C.P.)
2549007L4GTN729MG213,AGRI-EGENS SPAREKASSES FOND
2549007MUPGDVZ83SC95,Atlantic Community Bankers Bank
2549007QIL2OWTYKJ816,LUNA WEALTH ASSET MANAGEMENT LTD
2549007RC9VIYYPWDD04,GLOBAL INFRASTRUCTURE FINANCE LLC
2549007SYGUV2OH99M89,致富期貨商品有限公司
2549007SZGKT5N5ND952,QATAR INTERNATIONAL ISLAMIC BANK
2549007U113GWJD9EV46,WAAFI BANK LTD.
2549007UD4DGNW84BE02,"ACCESS SECURITIES, LLC"
2549007VBBNOQL2IVZ08,Bank Alfalah Limited
2549007VCODE9Z9DN335,"Beekash Payment Solution, s.r.o."
2549007VUS0NAK9M9E91,Lesha Bank LLC (Public)
2549007VY3IWUVGW7A82,ENEL COLOMBIA S.A. E.S.P
2549007WW63A447PMP14,CRDB BANK DR CONGO
2549007Y8MPAOTHT7X38,Phillip Capital Management (S) Ltd
2549007YVFPTTDV7II54,"CRAWFORD INVESTMENT COUNSEL, INC."
2549008016PV8V3NK464,DMP ASSET MANAGEMENT LTD
25490080FCCI6EWCDR23,Economy Bank for Investment and Finance
25490080W5BR794FYW42,بنك الإسكان للتجارة والتمويل
254900817MMI6HPG5411,CGS INTERNATIONAL FUTURES MALAYSIA SDN. BHD.
25490082929AT2L3F485,全國農業金庫股份有限公司
25490082V879FSTYT315,Kredito Unija Zanavykų Bankelis
25490083JSZ2Q13I1S34,3S Money (Luxembourg) S.A.
25490084P914AA0V8D84,ធនាគារ មេយប៊ែង (ខេមបូឌា) ភីអិលស៊ី
254900857QA40BZ67169,Wirexend Payments Inc
25490085YEKHP961Y751,THE BANK OF KHYBER
254900860GPB3ZDW1548,Nabil Bank Limited
25490086QPEHYFGF8J74,CIMD (DUBAI) LIMITED
25490086TTF7Z2MMP179,廣發國際資產管理有限公司
2549008736DL2TJMUA03,ECOBANK BENIN
2549008761PL6SQJ1G04,Адкрытае акцыянернае таварыства «Тэхнабанк»
25490087B4GFZLJZE912,MIRAE ASSET SECURITIES (USA) INC.
25490087XD2N5U9J9O68,XTransfer UK Limited
25490087XKGBK7X97W87,Holm Bank AS
254900885O8EZ60NJ250,DYER AND BLAIR INVESTMENT BANK LIMITED
254900888UCSAN4N4Q57,Bank Of China (Brasil) Banco Múltiplo S/A
25490089V5DJHFQMOA03,First National Bank Alaska
2549008AL2RBF4T9L642,台新綜合證券股份有限公司
2549008C2ZRAHD075O81,Prometheus Capital Finance Limited
2549008C5VU11VLIEP08,Singapore Power Limited
2549008DVKKPZI3BLG38,BANCO KEB HANA DO BRASIL S.A.
2549008E1DI99JHCCA80,"KRANE FUNDS ADVISORS, LLC"
2549008EAIN17AQLIQ54,NAEEM SHARES & BONDS (L.L.C)
2549008EIPHL87LLJU02,"TERRA PAYMENT SERVICES (ITALY) SOCIETA' A RESPONSABILITA' LIMITATA -IN SIGLA ""TERRA PAYMENT SERVICES (ITALY) S.R.L."""
2549008FSC7VX7OL0Z45,UNLIMIT UK LTD
2549008GP9ZQIBMM9953,"BBVA ASSET MANAGEMENT, S.A. SOCIEDAD FIDUCIARIA (BBVA FIDUCIARIA)"
2549008I7DKL974K4B68,BUCKLER SECURITIES LLC
2549008IH6C21AWXH567,"METROBANK, S,A."
2549008JKPHX8EZXTT28,Holberg Fondsforvaltning AS
2549008KYFU2FBT45859,"UAB ""BEBAWA"""
2549008LE2RUZQOLUU98,Capital Investment and Brokerage - Jordan Ltd. Co
2549008LK3474E9U2888,ONPOINT COMMUNITY CREDIT UNION
2549008ML8G84N6HCJ75,Athena Capital Advisors LLC
2549008MYN3KTWGXXU71,東海東京證券(亞洲)有限公司
2549008N97YG7EEH3A85,ECOBANK GUINEE SA
2549008NALQZ62954Z94,"SAWGRASS ASSET MANAGEMENT, LLC"
2549008NO122MY7STH18,"Banca Comercială,,ENERGBANK'' S.A."
2549008NVZNTKVX87256,SMIFS LIMITED
2549008NWGMA5O07OF79,INVEST BANK P.S.C.
2549008OCTC9S985IM85,Công ty TNHH Chứng khoán Maybank
2549008PS4JNZDMVF460,"CastleArk Management, LLC"
2549008QC5MTGCB0W334,Abax Investments (Pty) Limited
2549008QQU0CJLWUXL04,"Netbank (A Rural Bank), Inc."
2549008RP1KXMQJNSF63,DEVON FUNDS MANAGEMENT LIMITED
2549008RXWOGEV5R9X96,PAYHAWK FINANCIAL SERVICES LIMITED
2549008S5ONW9RERQE86,Pacific Alliance Bank
2549008SOJUNLZ5Z5D59,"Banco Multiple Santa Cruz, S.A."
2549008TGRJ60HAHDT33,ASIA ALLIANCE BANK
2549008TT6UNYR7AXF54,"Sunflower Bank, National Association"
2549008UP5LW6G3XIW43,Leonteq Securities AG (Amsterdam Branch)
2549008VXH81GNM3JS55,Sico BSC (C)
2549008W9QK6DLKQJ765,Kaspi Bank JSC
2549008X8SL1B1J86F98,AFRICAN BANK LIMITED
2549008XLHWW5H9K1389,CHINA CONSTRUCTION BANK (NEW ZEALAND) LIMITED
2549008XR506UE9RCV06,"BANCO DE BOGOTÁ (PANAMÁ), S.A."
2549008YV7LSNJCZ0E18,PT Samuel Sekuritas Indonesia
254900907EF6ASV4D876,"Kredito unija ""Kupiškėnų taupa"""
254900917WTXX451VA48,Moneycierge Pte. Ltd.
25490091H73KBDI8H717,EZREMIT PTY LTD
25490092BD1ODAYUIH40,Majid Al Futtaim Holding (L.L.C.)
254900930YMK9AXL9O17,臺灣中小企業銀行股份有限公司
254900967NH31TMFYS96,BANQUE NATIONALE D'INVESTISSEMENT (BNI)
25490096PEYULAWR0I22,"BANCO DE INVESTIMENTO RURAL, SA"
25490096QJS5N3LGYX92,RAILWAYS CREDIT UNION LIMITED
2549009823CRAOMMNR11,บริษัท หลักทรัพย์ เมย์แบงก์ (ประเทศไทย) จำกัด (มหาชน)
254900984ZP5U7NB7Y34,Fairpointe Capital LLC
25490098BAHUHJD9P581,Global IME Bank Limited
25490098XYO24KDUPJ65,"Nathan Hale Capital, LLC"
254900995QZI3T80Z744,BANK JULIUS BAER & CO. LTD.
254900999KZWUWIQ1466,ECOBANK-NIGER SA
25490099OGG2MVED5Y76,Pareto Asset Management AS
25490099R3TAY2DYU649,SDC Science Park Pte. Ltd.
2549009AOD2RSND56011,岡三國際(亞洲)有限公司
2549009AOX259OY87H37,Baker-Boyer National Bank
2549009B2H0UBFM61V58,"Rural Bank of Angeles, Inc."
2549009BLYOGL9ZLAW17,PT BANK TABUNGAN NEGARA (PERSERO) TBK
2549009CUJBL7X9X8K80,GEA Limited
2549009DKF775JSGXF86,PAN AMERICAN LIFE INS COMPANY
2549009DU8VPDL0I3693,Minas Center Limited
2549009EKCR3IPJNKB08,HEWARD INVESTMENT MANAGEMENT INC.
2549009FSHIQ7QHHSN37,Xprowire Holdings Ltd.
2549009G3YGA8LFQJ649,State of Arizona Treasurer's Office
2549009GDCGUR2T6KU55,"Hingham Institution for Savings, The"
2549009H2HEH6G0DLU87,Maybank Kim Eng Securities USA Inc.
2549009HRIBJ205Z3974,MA MOELIS AUSTRALIA SECURITIES PTY LTD
2549009JAD8W668TBE48,Averest Capital Limited
2549009JHLRZKJKZXD59,IP SECURITIES LLC
2549009JSTRFMR7A8D34,Kuala Lumpur Kepong Berhad
2549009K95DS91UMHT41,M. Couto Alves Holding B.V.
2549009KRSS9RD6GH491,CCZ Equities Australia Pty Ltd
2549009KXVL256RSXX58,"ATIVA INVESTIMENTOS S/A CORRETORA DE TITULOS, CAMBIO E VALORES"
2549009M1XE833W1X637,Bolsa de Valores de Montevideo S.A
2549009M2APGDVG8KZ77,"Phalanx Capital Management, LLC"
2549009NFZU04JBKYQ70,Jordan Ahli Bank
2549009O6K3BQU1F0387,RHB Securities Singapore Pte. Ltd.
2549009OT0CBUZKSBN42,"TROVATA, INC."
2549009PFD4MWIPLOV24,Everett Harris & Co.
2549009PI4DYJ4YCTZ23,TRANGLO SDN. BHD.
2549009PL37PSF69QF42,"CGS International Sekuritas Indonesia, PT"
2549009PU43L2CIXJJ40,POLPO CAPITAL MANAGEMENT LLC
2549009PV9M05UBLJ540,Smallco Investment Manager Limited
2549009RT8EBKOTFOV58,Pan Asia Banking Corporation PLC
2549009SAXGSK9CVT972,AZALEA INVESTMENT MANAGEMENT PTE. LTD.
2549009SLSAR134AYG98,Arab Banking Corporation Tunisie
2549009SLV9L2AAN3089,Amalgamated Bank of Chicago
2549009T1PTIDQVJ5H20,"MAR VISTA INVESTMENT PARTNERS, LLC"
2549009TLMPNYVEXBY60,CENTRAL BANK OF TURKMENISTAN
2549009TRYUHTING7J42,Imperia Investment Group Pty Ltd
2549009X2AG1P20YAJ63,Axos Bank
2549009X896HBULSKL94,CDG Capital
2549009XL8YAWSBQOS45,PT Allianz Global Investors Asset Management Indonesia
2549009YPMR9VYICC362,Banque Richelieu (Switzerland) Ltd
2549009YXOX7RF5WJZ03,OCEAN NETWORK EXPRESS PTE. LTD.
2549009ZC8LA41IDFT17,NIC Asia Bank Limited
2549009ZNE72F6STVN76,Banco Mercantil Do Brasil S.A.
254900A0DI312HS2MG44,Mastercard Transaction Services (UK) Ltd.
254900A0PM1YPJVDW880,NGÂN HÀNG THƯƠNG MẠI CỔ PHẦN VIỆT NAM THỊNH VƯỢNG
254900A1DC4R90ALZ503,BANCO TOPAZIO S.A.
254900A1J3VUCUZ21S97,Noble Resources Limited
254900A39DC9VARHLI74,建銀國際證券有限公司
254900A3KRK81VFYER64,中國銀河國際資產管理(香港)有限公司
254900A45IDI73LAUW45,PHILIPPUS DE WITT
254900A4F8L7587BJL14,AXYS STOCKBROKING LTD
254900A4OGUD9ENXE223,Elaf Islamic Bank
254900A59RAPFPLEUD58,AUTOMATIC DATA PROCESSING LIMITED
254900A61SBP7J7C6973,Forte Securities Europe
254900A6CRCZZ8DCFM85,لامارات العالمية للألمنيوم ش.م.خ.
254900A6T3DFUFIE5Y90,PT Bank Pembangunan Daerah Jawa Tengah
254900A6T6YMJ08HT755,"Акціонерне товариство ""Державний ощадний банк України"""
254900A7R1ZPCYRB4A85,BANCO BANDES URUGUAY S.A.
254900A80CKHQ8IZGI16,First Capital Treasuries PLC
254900A8SI8AQTG7ET32,OZ CORRETORA DE CÂMBIO S.A
254900A9YXC3UW0MBB64,CITIC FINANCE INTERNATIONAL LIMITED
254900ABQ7Q0GFG7FD81,AGF INVESTMENTS INC.
254900ADZVV7VHFWXU62,"NIPPON LIFE GLOBAL INVESTORS AMERICAS, INC."
254900AFNFMYBL9EK384,Acumen Capital (Pty) Ltd
254900AGGKGA82EYEP73,PAYMASTER24 LTD
254900AI4SJIWRIO1C04,AJMAN BANK /P. J. S. C
254900AIRLJQPPQLAF34,Công ty Cổ phần Chứng khoán VPBank
254900AJRJFBKW35HR72,First National Banker's Bank
254900AK72ZT65LWAB60,Onchain Custodian Pte. Ltd.
254900AL6569W32B3G27,Bank of Baroda (Tanzania) Limited
254900AMT6QDVD6GO926,PT BANK KB INDONESIA Tbk.
254900AN0UK98N0XUJ80,O.P.M. Security Corporation
254900AQO8CABFDJ5989,華富建業資產管理有限公司
254900AR7JV99Y8SL787,Velox Clearing LLC
254900ASE7KSYZL1P471,工銀國際證券有限公司
254900ATNKY6IPI95J86,WACAN EXPRESS PTY. LTD.
254900AVAVLK0058RW26,Oak Trust (Guernsey) Limited
254900AVP2JVTYYT3V92,"THE PEOPLES BANK, BILOXI, MISSISSIPPI"
254900AW3RDC9G3NYV96,LOOP PAYMENTS INC.
254900AWC4EKFU9OSL80,BANCO MULTIPLE CARIBE INTERNACIONAL
254900AWP3R80F2WHC77,Catalyst Fund Managers (Pty) Ltd
254900AYE19EEY8D6C14,PT BANK ALADIN SYARIAH Tbk.
254900AYMSUIYJ9DQY52,INSELE CAPITAL PARTNERS PTY LTD
254900AYRQQJSM9XVF93,"First Century Bank, National Association"
254900AZX7088XLPKU82,"АКЦІОНЕРНЕ ТОВАРИСТВО ""ВСТ БАНК"""
254900B0BC746Z5PRZ45,PT Ciptadana Sekuritas Asia
254900B0ESW03G1Z6Z95,MONFX PTE. LTD.
254900B1TF2LPYRA6J54,AccèsBanque Madagascar SA - CA
254900B2E2MOSDJKZG83,Autoritat Financera Andorrana
254900B2HX7IOQ0PZ153,Akademinė kredito unija
254900B2OAZMPZXIXQ22,KAF INVESTMENT FUNDS BERHAD
254900B364RLEOL74F94,National Bank of Dominica Ltd.
254900B3KMPSZ5LDBR56,BANCO DEL PACIFICO S.A.
254900B3SJVEC9F7HN98,Ngân hàng TNHH Một Thành Viên Shinhan Việt Nam
254900B46DYPR5UMD829,Banco Santander International SA
254900B4CEWABN6NH659,CÔNG TY CỔ PHẦN CHỨNG KHOÁN SÀI GÒN - HÀ NỘI
254900B52ULZDEBJ3043,"Banca Comerciala""MOLDOVA-AGROINDBANK""S.A."
254900B5LFB16S9T2T11,Banque Centrale De Tunisie
254900B5SRZ69APJ2J02,"Elk Creek Partners, LLC"
254900B956J8VAGNOK50,PARALLEX BANK LIMITED
254900B98IY9M67QWM88,Guaranty Trust Bank (Ghana) Limited
254900B98Z16RENAS692,Employees' Retirement System of Georgia
254900BE44AE0NHZOD76,"MONEX EUROPE MARKETS, S.V., S.A."
254900BE8XSWW3AZJE28,"Olivetree Financial, LLC"
254900BEBSPM2EJAZA78,Cidel Bank Canada
254900BF3C7SLPH8G631,PT SAMSUNG ELECTRONICS INDONESIA
254900BF6HSODOU2MO89,RONGHAN INTERNATIONAL LIMITED
254900BGN6AHGXC6PX95,富國資產管理(香港)有限公司
254900BHW0XWR18ITJ45,INDUSTRIAL AND COMMERCIAL BANK OF CHINA LIMITED - MANILA BRANCH
254900BIDL79UKUMX541,BANK OF COMMUNICATIONS (HONG KONG) LIMITED
254900BIRJU76JRBK985,CABRERA CAPITAL MARKETS LLC
254900BME9II98CIH982,Maduro & Curiel's Bank N.V.
254900BMQPJ6UW1W1A04,Integracion Afap S.A.
254900BMQSLV9Y2QJR87,Commercial Bank of California
254900BN8XS34XZDJ223,Credit Agricole Corporate and Investment Bank NY Branch
254900BOCOV4RAAXLY17,"וואן זירו הבנק הדיגיטלי בע""מ"
254900BOHSVZR4F6FA82,國泰證券(香港)有限公司
254900BOM7T4MG6T0J30,CORPORACION FINANCIERA DE DESARROLLO S.A .
254900BPLPJS0RJ72373,CITY DEVELOPMENTS LIMITED
254900BPVJP8VOP17805,PAYNETICS UK LIMITED
254900BQK5UJXOJ6HZ47,"BCS - BANCO DE CRÉDITO DO SUL, SA."
254900BQV426Q50ZXQ82,Kelmės kredito unija
254900BQYYPMVX35IJ81,JMMB Bank (T&T) Limited
254900BR2OJZDLP4PY14,Wealthtrust Securities Limited
254900BR956G2OHVOM21,PT Bank Central Asia Tbk.
254900BSCWLQXPGX2E98,POWERCO CANADA INC.
254900BT718FM6EA9G29,Arab Banking Corporation - Egypt S.A.E.
254900BU9P21B0I60L56,Zenith Bank (Ghana) Ltd
254900BV5JDN9X0PY643,"Ferguson Wellman Capital Management, Inc."
254900BV890N73IRMJ15,AL RAMZ CAPITAL L.L.C.
254900BVIR606SJ3BF87,CONSOLIDATED BANK GHANA LIMITED
254900BWGC6X23Q02285,BANCO KDB DO BRASIL S/A
254900BWIMJ4JS1FDK25,Seminario y Cia. Sociedad Agente de Bolsa S.A.
254900BWSY81YU3L6H12,"Banco Multiple Ademi, S.A."
254900BXN2B02XPBB134,凱基證券亞洲有限公司
254900BYEZ88HZQOU884,Capguard Asset Management AS
254900BZ21W737LXAI57,ACCESS BANK (ZAMBIA) LIMITED
254900C1IPMK2ZHE1802,Kardinia Capital Pty Ltd
254900C1KB2Z6LU8R272,百盟科技有限公司
254900C1S0RI22GIWS59,"Barings Global Credit Fund (LUX) SCSp, SICAV-SIF"
254900C25L1TSXU7JS68,三井住友ＤＳアセットマネジメント株式会社
254900C2V6HER80MMP86,THE PORTLAND HOUSE GROUP PTY. LIMITED
254900C4DS5234TLPS79,Exim Bank Comores S.A.
254900C4R2PEYJ84S434,WISE WOLVES PAYMENT INSTITUTION LIMITED
254900C58OELBKYY7C82,UNObank Inc.
254900C59ULCE3MXMT50,Bank Islam Malaysia Berhad
254900C5PHDO1BO3U181,Investlinx Investment Management Limited
254900C6G1V2EUN5Q397,Palden Finance OU Lietuvos filialas
254900C6L8RLKUF1AG24,Nepal Bank Limited
254900C82UY5KKFMF727,"SAMSUNG C&T AMERICA, INC."
254900C8AHNB9PNIWL19,BANCO ABN AMRO CLEARING S.A.
254900C9VYFEMF0Q5F86,日本サムスン株式会社
254900CA35U6OT57VT44,Foord Asset Management (Pty) Ltd
254900CAXXRRYSB3RG10,ECOBANK (ZAMBIA) LIMITED
254900CBKVW7O2ENQA21,"SAMUEL A. RAMIREZ & COMPANY, INC."
254900CC1LNOKH7UHW70,"B. Riley Wealth Management, Inc."
254900CCAUHUJLUXFS53,Industrial and Commercial Bank of China Limited - Abu Dhabi Branch
254900CDNPJRAT391Y16,National Bank of Ras Al Khaimah P.S.C
254900CEBR2F5Y0F1A15,Kennebec Savings Bank
254900CFACP5V9H8W758,Stanbic Bank Botswana Limited
254900CFCVJKF3VNAG73,Occidental Bank (Barbados) Ltd.
254900CFGPXJI71OHT95,QATAR ISLAMIC BANK (Q.P.S.C.)
254900CG8L5H405C9063,GOTYME BANK CORPORATION
254900CHH58VT9D1SL44,AIRWALLEX SVF PTY LTD
254900CK7EQZQFAD6G49,AMICA MUTUAL INSURANCE COMPANY
254900CKADQ6QRI20O08,F/M INVESTMENTS LLC
254900CL0X66EOCI8334,Bluevine Inc.
254900CMHU4WNJ9ACC51,"Excel Puesto de Bolsa, S.A."
254900CODT7E9F0YI285,"Open Door Capital Advisors (US), LLC"
254900COMZHSEXPKJX69,GESTION DE PLACEMENTS HÉLÈNE DION INC.
254900COUK9G8T6ZLL59,Bank of Commerce & Development
254900CPLB7LMXV0HM42,SMBC NIKKO SECURITIES (SINGAPORE) PTE. LTD.
254900CPY2VHK56YGN71,Boston Trust Walden National Association
254900CRIWLK8E09K495,XLENTPAY CORPORATION
254900CT4YQ6JKSEXB51,Bank of Tanzania
254900CUKD5KZF5L9072,Bidvest Bank Limited
254900CUQFU6BOW4H323,Public Investment Bank Berhad
254900CUR8CWXNKSKE37,E Fund Management Co Ltd
254900CUXL7DQSQP7703,"ADENZA, INC."
254900CV4BQYQLH2KI62,WASHINGTON H. SOUL PATTINSON AND COMPANY LIMITED
254900CX55KAA7CP9628,Monterrey Investment Management Limited
254900CX7873VX3ROK86,Cargills Bank PLC
254900CX7GW2BMVFVI72,WT Asset Management Limited
254900CXCSGW8M52ZU27,BURSA MALAYSIA BERHAD
254900CXHOOX57T4KP49,د افغانستان بانک
254900CXQIB4D0KR4N47,AZIMUTH CAPITAL MANAGEMENT LLC
254900CZ9OUYNSNMCY34,Vertium Asset Management Pty Ltd
254900D0LX037BEO1B25,INSTITUTIONAL BOND NETWORK LLC
254900D11TSZOW6U1Y83,"BANK OF CHINA MEXICO, SOCIEDAD ANONIMA INSTITUCION DE BANCA MULTIPLE"
254900D1S310A93IWY20,HUB24 Custodial Services Ltd
254900D1UAYOAUPGL280,Boubyan bank - K.S.C.P
254900D1YV8UKJKEHK19,"J.P.P. EURO-SECURITIES, INC."
254900D2M92VARM9EE44,مصرف الوحدة للخدمات المصرفية
254900D2PCXK18D6K510,SANTANDER CORREDORES DE BOLSA LIMITADA
254900D50CQ5UCWRUJ02,Global OLED Technology LLC
254900D5B5LC01BA5D22,ALLPAY LIMITED
254900D5N366VTN9HR54,GLOBEPAY LIMITED
254900D5NQ2O9DJLKH96,"STRATEGAS SECURITIES, LLC"
254900D60M5I1CGMIA09,شعاع كابيتال ) ش.م.ع)
254900D79C8IA3E0E065,Sarasin Investment Funds Limited
254900D888BEVRN84M24,BRED BANK (FIJI) PTE LIMITED
254900D9ABGDJABFKF41,บริษัทหลักทรัพย์ กรุงศรี จำกัด(มหาชน)
254900D9C6WH4TFOTC80,Maduro & Curiel's Bank (Bonaire) N.V.
254900D9H215LB8QCK18,PT BNI Sekuritas
254900D9X7329TL2L994,ECOBANK BURUNDI
254900DAJXW33PFT9418,橄欖樹資產管理(香港)有限公司
254900DAPRJAD7D09234,Elevation Trading Limited
254900DBLJB0VHIVB825,Wifak International Bank
254900DBQX5O18K6YF32,"LS INVESTMENT ADVISORS, LLC"
254900DCL95WTK6VYD35,BANCO NACIONAL DE DESENVOLVIMENTO ECONOMICO E SOCIAL
254900DCNILW1K20KF93,Banca Nationala a Moldovei
254900DCVT3654MQIF10,LULU RETAIL HOLDINGS PLC
254900DCZV6U5VRYGT02,CAPITEX GROUP LIMITED
254900DD93O7YH65O708,FOLGER NOLAN FLEMING DOUGLAS INCORPORATED
254900DF9SOT6NONIB40,ALFALAH SECURITIES (PVT.) LIMITED
254900DFNVPKG3WZ7O76,"GPay Network PH, Inc."
254900DGBG74IW7KHK66,PT BRI Danareksa Sekuritas
254900DHKNPC8WHBCU70,HODGES CAPITAL MANAGEMENT INC.
254900DHWOZ32SMCYQ10,Jebsen & Jessen Pte. Ltd.
254900DIJWMU1HVLWA90,CHETWOOD FINANCIAL LIMITED
254900DJ2HE6HIZZU625,"Kredito unija ""Litas"""
254900DJQX999G7TKX36,"C. W. Henderson & Associates, Inc."
254900DK9SPM8PHBG592,Chicago Equity Partners LLC
254900DL7PC062J4GT47,المصرف العربى للاستثمار والتجارة الخارجية
254900DLB2UXBKZI5Z08,Fidante Partners Europe Limited
254900DM0V7OCPDUUC55,Axiata Group Berhad
254900DMAIBPKIRH3O57,"Mccall, Aitken, Mckenzie & Co Limited"
254900DMG3QZBSUGMJ39,LHC CAPITAL PTY LTD
254900DMQ38P9RITTE36,BANQUE AL WAVA MAURITANIENNE ISLAMIQUE
254900DON8SDKGYIL122,"Intercredit Bank, National Association"
254900DP080RU6OK2553,GE VERNOVA INC.
254900DQ8RIP8YI3BG73,"Акціонерне Товариство ""НЕКСЕНТ БАНК"""
254900DQINFNTQ6ZBV51,AUSSIE FOREX & FINANCE PTY LTD
254900DQYZBJO6RP6D54,Banco Bilbao Vizcaya Argentaria Uruguay SA
254900DR3K0YG4BG7H46,Bank Julius Bär & Co. AG
254900DT53DWRS4BO726,"SEAFARER CAPITAL PARTNERS, LLC"
254900DTDIHVVRYKOB34,البنك الاستثماري
254900DU2EQQGS74A377,NCBA BANK TANZANIA LIMITED
254900DUVMY1TVH5DM25,Abu Dhabi Investment Company
254900DVLPH5I02QLF52,US TIGER SECURITIES INC.
254900DVQY8B2OTR7I47,Bank Nizwa
254900DWBYHIR0ZGO992,"INVERSIONES POPULAR, S.A - PUESTO DE BOLSA"
254900DWQBENJKW77Z12,ALFIN BANCO S.A.
254900DXLC6RUQLASW38,"Fashion Division, S.A."
254900DYFO9ACWHCOI41,SABLE INTERNATIONAL FX LIMITED
254900DYSBI0RJ2M0E66,INTERVAM S.A.
254900DYURWLL5O6A705,ALEXANDER FUNDS MANAGEMENT PTY LTD
254900DZDVNHG6BFX358,"BANCO KEVE,S.A"
254900E1D4IHTSCCMM32,R SQUARED BM LLC
254900E1P6Z2XZYSA163,"MILLENNIUM ADVISORS, LLC"
254900E1SXR08F7NJF80,Nepal Investment Mega Bank Limited
254900E3FCPG1RJPRK67,узбекистон Республикаси марказий банки
254900E41M1M3J6IZ008,"SIGMA AMERICAS, LLC"
254900E5YSZXCYLRA945,瑞銀證券投資信託股份有限公司
254900E7HZKVQQ4I7325,Istituto Per Le Opere Di Religione
254900E7NWX35DNRQN56,FOENIX PARTNERS LIMITED
254900E7PYTGXENFRB23,MTRUSTEE BERHAD
254900E8A5FVFENNMO49,PAAYSAY LTD
254900E9BJWINIZ90E91,"CHANDLER ASSET MANAGEMENT, INC."
254900E9KNPWWX0D2I37,State Farm Mutual Automobile Insurance Company
254900EAWGYMSRPKKC45,Sentry Insurance Company
254900EBL1SU6XXME180,青岛银行股份有限公司
254900EBW2I8P32C3S89,CÔNG TY CỔ PHẦN CHỨNG KHOÁN RỒNG VIỆT
254900EC97Q0JW8VIK57,SONY PICTURES ENTERTAINMENT INC.
254900EDYBK8ZR0TG862,融通基金管理有限公司
254900EETCYH9TDFJ486,永明投資管理亞洲有限公司
254900EGJIB7IR00B295,Helikon Investments Limited
254900EGRWJ18XJTG823,Diama Bank SA
254900EGUPGR0LVWEA55,PRESCIENT FUND SERVICES
254900EHCK80ARTPIK21,BRAC BANK PLC
254900EHSCRTMTX6PJ34,SGI HUDSON & Cie
254900EIKHTGN5O6CN24,Scandinavian Savings And Loans Trust Kommanditbolag
254900EITEUWJBDAWB03,Morgan Stanley Re Ltd.
254900ELA4BMDZI84P98,KONA PARTNERS LLP
254900ELE1DAXSZWYW02,Generate Investment Management Limited
254900ELPNK7N2UNHR25,交通銀行信託有限公司
254900ELXNLZFLBLBY93,BANCO FIBRA S.A.
254900EMS4ER3PNV8B15,Bank Windhoek Limited
254900EOQBQ5F1AEH658,Vonban Ltd.
254900EQ4EESUIKTW472,中信証券經紀(香港)有限公司
254900EQUAO64BXDHU92,NOVA FUTURA CORRETORA DE TITULOS E VALORES MOBILIARIOS LTDA.
254900ER0HT9AN48NU13,Turks and Caicos Banking Company Limited
254900ERRPSKE7UZH711,CBOE EUROPE LIMITED
254900ESMG51K0Y7JB02,VCAP ASSET MANAGERS SDN. BHD.
254900ESUPGNCNVB7341,"Ramirez Asset Management, Inc."
254900ESV3LFL3BKUO14,ICBC DO BRASIL BANCO MULTIPLO S.A
254900ET4RII336YYH45,Paymentz Ltd
254900EU55O4BAMAAG45,"Madison Investment Holdings, Inc."
254900EUHDYNS5WSBV97,LUMINARY INC FINANCE LTD
254900EURQ4S250H9B62,Ahlibank S.A.O.G
254900EVG96LS9VH5329,بانک بین المللی افغانستان
254900EVT56ZHA1VGZ28,PT. RHB Sekuritas Indonesia
254900EVYMJJJHO2EW41,凱萬亞洲有限公司
254900EW0WUZXJVMF012,"Biñan Rural Bank, Inc."
254900EW2SBXFENQZE61,Alesco Advisors LLC
254900EWLSH9YRUZ8S04,ANSA BANK LIMITED
254900EX2KZ57WQ1PL07,Caixa Economica Federal
254900EXFG23JQSL5W27,Finseta Payment Solutions Limited
254900EXSRDIFS7Y9A46,PT Bank KEB Hana Indonesia
254900EYI9IWKLR0UI93,理慧銀行有限公司
254900EZRN0CBEP77K34,State Department Federal Credit Union
254900EZRQX9YDXXN264,Horizon Kinetics Asset Management LLC
254900F0044LVORWGY15,"DAVIDSON INVESTMENT ADVISORS, INC."
254900F0T4DPQFFKFW33,ALTREE CAPITAL (UK) LTD.
254900F1H1H51SF49W82,JAIN GLOBAL LLC
254900F1MAN45JT65K17,INTERMEDE INVESTMENT PARTNERS LIMITED
254900F25IGTY0ETFV15,SEI Private Trust Company
254900F2ES7T4LUTQL51,National Bank of Canada
254900F2UKE7DE0J0W79,野村證券投資信託股份有限公司
254900F4UVD4W8Y0T754,野村投資管理香港有限公司
254900F7E7N1VYBZQ222,ALTI WEALTH MANAGEMENT (SINGAPORE) PTE. LTD.
254900F7VDNHQSFEUW26,建信資產管理(香港)有限公司
254900F89YIBSQ08RL69,泰康資產管理(香港)有限公司
254900F9AKARXUZGIG69,SAHAM SABAH BERHAD
254900F9TXENWTCRHG36,SDC Tampines Pte. Ltd.
254900FAB9OXTEVXAE77,"HS Management Partners, LLC"
254900FAGLCIFUKMNS41,First Capital Bank Limited
254900FAOJFCF4K18X58,AVALON CAPITAL PARTNERS LIMITED
254900FD4F0LAAP9OB87,KOPERASI CO-OPBANK PERTAMA MALAYSIA BERHAD
254900FDBLDAFSYUA809,Bank Alfalah Limited
254900FDC45TUNFIE061,وزارة المالية
254900FEDUJGADB5OW08,CHARTER HALL PROPERTY SECURITIES MANAGEMENT LIMITED
254900FEL8UUZAIJYS66,"CAPITAL ADVISORS, INC."
254900FG1UJXYQQUNH79,Angsana Fund Management Pte. Ltd.
254900FGU9MREK4IMG41,"Banca Commercială ""Victoriabank"" S.A."
254900FI4VX33VOBQL83,"GARDNER LEWIS ASSET MANAGEMENT, L.P."
254900FIK9KIV5PBAJ44,UNION BANK OF COLOMBO PLC
254900FIVKYV0PGC3C10,昆侖國際貿易(香港)有限公司
254900FIWHQMN3681C93,GBXP LTD
254900FJSRWZPDBJGT87,National Bank of Iraq
254900FKKVWTLLWOLM11,Apron Payments Ltd
254900FKQ6ASQA02US24,BANKA AMERIKANE E INVESTIMEVE SHA
254900FMBXF85WQYV433,Amalgamated Bank
254900FN9DOA0QHJ0946,"GIA PARTNERS, LLC"
254900FNI5S9VGMEZB88,ECOBANK MALI
254900FNIG91P6HRKG39,STONEBRIDGE ADVISORS LLC
254900FNINCWITZ75O18,777 Asset Management LLC
254900FO9VFC2G82TD67,"Philippine Business Bank, Inc. A Savings Bank"
254900FPPM2WN90D4786,Loop Capital Markets LLC
254900FPRT06I2HV4F97,TEN CAP INVESTMENT MANAGEMENT PTY LTD
254900FR9E17V2RG4683,"קלירשיפט (ישראל) בע""מ"
254900FREHWO0E87UY32,Keywise Capital Management (HK) Limited
254900FSO240QVE6NR86,Ngân hàng thương mại cổ phần Đầu tư và Phát triển Việt Nam
254900FSWEZAD86R1W41,სს პაშა ბანკი საქართველო
254900FT947VQZ1WHT28,"ALTERNA SECURITIES, INC."
254900FV41WTCVAPFB37,Millenia Capital Casa De Bolsa Sociedad Anonima
254900FVJTRR0N1KA274,BP INVESTMENT MANAGEMENT LIMITED
254900FVS439T7QUL346,"SB EQUITIES, INC."
254900FW25AW8VX1PJ22,Asset Management One USA Inc.
254900FW8U6F3HND5R90,PUBALI BANK PLC.
254900FXHWWJK69M5N47,INDSEC SECURITIES AND FINANCE LTD
254900FYYH9UDG4NT140,Lari Exchange
254900FZS47RFFBGHN44,BBAC S.A.L
254900G1OVEC5707A473,Merchantrade Asia Sdn. Bhd.
254900G1SKB4NP40RZ67,บริษัท ไทยซัมซุง อิเลคโทรนิคส์ จำกัด
254900G2GJ5ALGGRNB04,BANK PERTANIAN MALAYSIA BERHAD
254900G2I0OT2KACCM56,Acumen Capital Finance Partners Limited
254900G2P8DQYLCF8Y95,"Maybank Securities, Inc."
254900G2XHIBKDXU1431,Блусмарт Инвестмънтс АД
254900G3QDJ3QB83GW94,Swiss Rock Asset Management AG
254900G4OFBFI6OHZP87,Cervus Capital Partners N.V.
254900G53P0OLCVM5A98,BENKER UAB
254900G566YEINUFAA75,finpension AG
254900G59U6IJQLWAV79,Corporativo Bimbo SA de CV
254900G65YN2XLDO4T06,Afriland First Bank S.A
254900G70GHNPZO5TF92,Bank BTB
254900G7WZNIC2R3XW18,სს პეისერა ბანკი საქართველო
254900G7ZFF8M8W2QE35,Taptap Send UK Limited
254900G8TFWE2UURDM43,匯立銀行有限公司
254900GA1NAKAR9ZZ557,Mercury Mercantile Technologies Inc.
254900GAKUBARR5EDV22,BUBURUZA AI INC.
254900GBN6EFIVS1GF73,EXOVO LTD
254900GCGRJ09YAS2P82,AK Capital LLC
254900GDDPZYW572YJ51,CHINA CONSTRUCTION BANK (MALAYSIA) BERHAD
254900GE1G59KGWPHX32,パナソニックホールディングス株式会社
254900GEFSVMJ07O7491,LANYON ASSET MANAGEMENT PTY LIMITED
254900GGJXA90RX9W353,睿遠基金（香港）有限公司
254900GGXT4OALHGY415,AFAP Itau SA
254900GHC3H680M1SJ91,บริษัท หลักทรัพย์ กรุงไทย เอ็กซ์สปริง จำกัด
254900GIG6WS9D7DJ907,DALAL AND BROACHA STOCK BROKING PRIVATE LIMITED
254900GIIV6QIW46XH35,Arif Habib Limited
254900GINSFG7HCO9A13,East Africa Bank
254900GIRS0WUNS8DQ30,Ecobank Nigeria Limited
254900GJU3DGE8IQOV52,Gulf Custody Co. K.S.C.C.
254900GLQ835JRAP7I39,RIYAD BANK HOUSTON AGENCY
254900GLQDQSXAL9O583,บริษัทหลักทรัพย์ แลนด์ แอนด์ เฮ้าส์ จำกัด (มหาชน)
254900GN0X9C9Q356E85,Singapore Gulf Bank B.S.C. Closed
254900GN2SAXJGLMS075,Davenport & Company LLC
254900GO8QWMS4UJCJ83,KGI Futures (Hong Kong) Limited
254900GOZXJZOURL5231,PIPO (SG) Pte. Ltd.
254900GP1HXIKN7HRQ52,广发基金管理有限公司
254900GPT1NYUZA39V60,FIRST MANHATTAN CO. LLC
254900GPWI1816YIM923,Globe Telecom Inc.
254900GPZCQFTMEPMH84,CAGAMAS BERHAD
254900GRE90YJZDO4Q71,NOMURA FINANCIAL ADVISORY AND SECURITIES (INDIA) PRIVATE LIMITED
254900GRKNDTFB7SYB48,Optimus Capital Management (Pvt.) Limited
254900GS7Y0I03LLQO54,Haitong Securities India Private Limited
254900GSGCMREWGRAD08,Coolabah Capital Institutional Investments Pty Limited
254900GSWZ4BTRAK8C42,AB BANK PLC.
254900GTL0I7FMHOJQ68,სს მიკრობანკი კრისტალი
254900GUSB1Y1M7ES751,BANK OF KIGALI PLC
254900GV016RMGHX7G22,Muse Financial Technologies Inc.
254900GVKW85VXI0EK38,TECHNOXANDER LTD
254900GWHNU4K0SCU751,Banka Kombëtare Tregtare Kosovë SH.A.
254900GWSJRD83J6FF09,"Banco Yetu, SA"
254900GXN8DMDAD6NG09,PT. Bank Mega Syariah
254900GY09K4S0E0V864,The National Savings Bank
254900GY7QYQ85NMZS46,UBS SuMi TRUSTウェルス・マネジメント株式会社
254900GYH7EFPAKU9315,Kendra Securities House SA
254900GYOIES0EKSHD95,Ecobank Cote d'Ivoire SA
254900GZHQ7RDBDWKJ22,PT Bank Shinhan Indonesia
254900GZUPXL2JOTN288,"KLINGENSTEIN, FIELDS & CO., L.P."
254900H02TH0SYWT3R22,TRADE CAPITAL LLC
254900H0KR1EP2IS0Y73,The Callaway Bank
254900H14A0PZIJ7GT88,"AMERICAN VETERANS GROUP, PBC"
254900H26OW5Y5MKNA22,Absa Securities Nigeria Limited
254900H2LD7BDWOTAG28,"Kopernik Global Investors, LLC"
254900H3N5ML9ZS3SP86,"BAC INTERNATIONAL BANK, INC."
254900H3NKIV1K7H2B15,S.M.A.R.T. MATRIX REGISTRAR LLC
254900H3Q06EOLM6MH59,"לידר ושות' בית השקעות בע""מ"
254900H3WNNKN2MYBQ18,EXIM BANK (TANZANIA) LIMITED
254900H6V9SBGVVG4G43,Motswedi Securities Proprietary Limited
254900H7TRSDHKL33U05,中國信託綜合證券股份有限公司
254900HAEDA35D3CBL60,Myducat CA Ltd.
254900HB4P24CJZF0532,Oman Cables Industry (SAOG)
254900HB6S4B12GBNP64,"Bank Rakyat Indonesia (Persero) Tbk, PT"
254900HB6WC3GALCQL67,"PUGH CAPITAL MANAGEMENT, INC."
254900HD1WEG3KI5PY71,Mastercard Transaction Services (SINGAPORE) PTE. LTD.
254900HELW4AWCU1ZK81,Ecobank Uganda Limited
254900HFC2D9KRJX6628,"SOUTHERNSUN ASSET MANAGEMENT, LLC"
254900HFF32FZVNMAX31,Rabee Securities
254900HFWMOTFUJIED19,Nuran Bank
254900HG269CXFA6NZ32,"KEETA FINANCIAL SERVICES, INC."
254900HGNGXGEITFPI44,GQG PARTNERS LLC
254900HGPMNT217PC798,"Standard Bank, S.A."
254900HHHY2E8HR3GH21,Woori Bank Europe GmbH
254900HHOGPLQPYBQZ41,BNK Banking Corporation Limited
254900HILJ9CO56XA292,Handelsbanken Plc
254900HIQ1DOACUJQ055,4 SHIRES ASSET MANAGEMENT LTD
254900HKR2EAQLPDRS52,Công Ty Cổ Phần Chứng Khoán Vietcap
254900HLRYC695PUJ596,الشركة العالمية للاوراق المالية
254900HLSRGH5FBMRE90,The Commerce Insurance Company
254900HM0XJ5SO4I8R71,Bartleet Religare Securities (Private) Limited
254900HMCSYV1XUOLH30,GULF AFRICAN BANK LIMITED
254900HN9OYRRWOY1454,Landbay Partners Limited
254900HND4820WQIP187,Ecobank Burkina
254900HNGZEZ9UH1VD09,China Renaissance Securities (US) Inc.
254900HNYPSC75XQRF37,TRANSACTOR BDC PTY LTD
254900HO2XM8PQJX7K72,Leede Financial Inc.
254900HOIFQ7755KTX11,PT Grow Investments Indonesia
254900HOKI2167ISWL57,WESTREET FEDERAL CREDIT UNION
254900HPYKUDON43OB24,Aujan Industries L.L.C.
254900HQ1EH3CFGR1D17,K2 ASSET MANAGEMENT LTD
254900HQ486DQUHO7A59,Asia Securities (Private) Limited
254900HRS4ZZY972VS37,UNITED COMMERCIAL BANK PLC.
254900HRWK3OKXS9UW60,Монгол Улсын Хөгжлийн банк ХХК
254900HSFJFPYVPQN082,New Haven Bank
254900HTN9KUYVNRGY73,"BROAD RUN INVESTMENT MANAGEMENT, LLC"
254900HUEIYHM9D5TF71,OMNIA ASSET MANAGEMENT LIMITED
254900HUTROIP2ZCJK30,YES Investment Bank Ltd.
254900HVCNDRV3V50O70,BANCO SANTANDER ARGENTINA SOCIEDAD ANONIMA
254900HWFO3EMT7QWZ80,Abu Dhabi Fund For Development
254900HX6OLMFSO34H53,Warba Bank (K.S.C.P)
254900HXQCXMOY8YG387,THE 140 INVESTMENT MANAGERS LIMITED
254900HXSSMIRL9Q6X34,CERCANO MANAGEMENT LLC
254900HY5QFETBNN7892,集友銀行有限公司
254900HYMV53B4ZNF821,ZOLVAT LTD
254900HZ9BJINSMVX288,"INTERCLEAR CENTRAL DE VALORES, SOCIEDAD ANONIMA"
254900HZP49SOKTNGZ43,WISE AUSTRALIA PTY LTD
254900I134OAHP6CA384,元大證券投資信託股份有限公司
254900I2QGPLM1QOQB23,Mirabaud (Middle East) Limited
254900I5RXUAW6X2GH89,AIRWALLEX PTY LTD
254900I67KZHMHRJRD62,Timberline Bank
254900I7IYPRWXOAU314,REMITTANCES HUB ENTERPRISES CANADA LTD.
254900I97PLNZKLF7W84,"SYSTEMATIC FINANCIAL MANAGEMENT, L.P."
254900I9E5MN7X1K9D47,Platypus Asset Management Pty Limited
254900IABT4K8P40Z414,中歐基金國際有限公司
254900IABT88ZZKJV844,PING AN OF CHINA ASSET MANAGEMENT (HONG KONG) COMPANY LIMITED
254900IBC9MLP53WI933,INDUSTRIAL AND COMMERCIAL BANK OF CHINA (NEW ZEALAND) LIMITED
254900IC4GE1JMYZAI17,PMB Investment Berhad
254900IC7VG1FYLEXB61,SOCIAL ISLAMI BANK PLC
254900ICAWY9ANMSRD19,Banco De La Produccion S.A. Produbanco
254900ID7MGTMZI92B10,PT KIWOOM SEKURITAS INDONESIA
254900IDGKCJICKBPA66,Ecopetrol S.A.
254900IDI7TIHU0J2Q58,Frasers Property Limited
254900IE3WU6Y4W7R349,元富證券(香港)有限公司
254900IEE72YGGQQKO86,"Parsec Plus Master Fund, Ltd."
254900IFBWVZ8D9XH541,SPYGLASS CAPITAL MANAGEMENT LLC
254900IG9LGRQ1QP2L73,國家電投香港財資管理有限公司
254900IH84YES562FA69,CHEVY CHASE TRUST COMPANY
254900IHHI3J18VSWO85,مصرف الشرق الاوسط العراقي للاستثمار
254900IISXKJ23FRVA82,博时基金管理有限公司
254900IIYT9DIQAWQK96,Kenanga Investment Bank Berhad
254900IJMX5XP7LE6H17,TUPRAS TRADING LTD
254900IJQ6ZM0PD20H32,บริษัท ศูนย์รับฝากหลักทรัพย์ (ประเทศไทย) จำกัด
254900IL3RVSAX1N3V73,Banque Du Caire
254900IL95053VL8ZA36,Fidelity Bank Ghana Limited
254900ILN5IH9LLYV474,บริษัทหลักทรัพย์ ไอร่า จำกัด (มหาชน)
254900ILPWQSE2D9U405,BANCO CAIXA GERAL - BRASIL S.A.
254900IMRXH2H76CGN77,利豐(貿易)有限公司
254900INDXSG0H2LKW53,บริษัท หลักทรัพย์ บัวหลวง จำกัด (มหาชน)
254900IPG5SEMHBOGJ37,TOKIO MARINE ASSET MANAGEMENT INTERNATIONAL PTE. LTD.
254900ISNGXQS77W6259,Amjaad Islamic Microfinance Bank
254900IT44CK0D7A0Q18,China Renaissance Securities (Hong Kong) Limited
254900ITYTOL9ONRSA96,"SERVICIOS DIGITALES POPULAR, S.A."
254900IVDFL4FDSQ0F92,RTGS GLOBAL LIMITED
254900IVQC8DB1ZWD629,Cal Bank Limited
254900IW90MD88R4JD61,AIKYAM CAPITAL PRIVATE LIMITED
254900IWUTXQS2786187,CRDB BANK PUBLIC LIMITED COMPANY
254900IYSGRFQCQZUY47,STARLIGHT INVESTMENTS CAPITAL LP
254900IZ14G5JWAFF041,"New Horizon Bank, National Association"
254900J0FF14U6TPQM96,SEMBCORP INDUSTRIES LTD
254900J1G67JSVRV3310,"GREAT LAKES ADVISORS, LLC"
254900J1KNM6W078S240,Investec Property Fund Limited
254900J2TCEJ01ZQF376,PACIFIC TRUSTEES BERHAD
254900J343T5Q6Y1P146,NOVA INVEST SA
254900J36SH02JTELV94,"BANCO CAIXA GERAL ANGOLA, S.A."
254900J3F7FB6T5AF925,"Suffolk Capital Management, LLC"
254900J3O6QNVQOZRB26,Ecashpay Asia Inc.
254900J40IOSMRZ21V75,Airwallex (Hong Kong) Limited
254900J4PLF1AE1T1F75,東洋証券亞洲有限公司
254900J5HFOUC3SLM620,NMB Bank Limited
254900J5PBIBWOUPYT35,Acupay System LLC
254900J67JRUY8SSE075,Tradition Capital Bank
254900J6B390XMPVLV82,Societe Generale (New York Branch)
254900J6EXUYRAJLL874,TERRA PAYMENT SERVICES (SINGAPORE) PTE. LTD.
254900J6JRSKHU1Y0F98,Franklin Savings Bank
254900J6SRG4WE67WN55,"MOBIS ALABAMA, LLC"
254900J768NZYO950M41,People's Bank
254900J76NZWL3P91R47,"Zuckerman Investment Group, LLC"
254900J7HJSTWB7JFW86,COMMERCIAL BANK OF ETHIOPIA
254900J7SBC0UJ0GQF17,''Ամերիաբանկ'' փակ բաժնետիրական ընկերություն
254900J8EVGU4V81HV54,MARSHFIELD ASSOCIATES INC.
254900JAPSDU77X0QA58,Hudson Advisors UK Limited
254900JBCMJJIKQM1250,BANQUE NATIONALE AGRICOLE
254900JBTHQMHGOQW820,Sydel Corporation
254900JCSSHL03AXWG23,BPI WEALTH HONG KONG LIMITED
254900JDTKJMB5T94335,Bindo Labs Limited
254900JE0SU9V2IISX83,บริษัท ธนาคารแลนด์ แอนด์ เฮ้าส์ จำกัด (มหาชน)
254900JEF9EB4EBAHX74,PROVINCIAL DE VALORES CASA DE BOLSA C.A.
254900JENDVZGXOAND36,"PT. BANK PEMBANGUNAN DAERAH JAWA BARAT dan BANTEN, Tbk."
254900JES8186NVIBN25,Bank of Guyana
254900JG9PIWUIKPJO89,Afrifocus Securities
254900JGNW4T9ZFM7N20,Emirates Islamic Bank (PJSC)
254900JH06QXEX6SD277,全亞達投資有限公司
254900JHWE3G4G31ZK94,Дочерняя организация Акционерное общество Банк ВТБ (Казахстан)
254900JMR30Q3KA4X587,Insight Securities (Private) Limited
254900JNJQ4VYZ3SAA89,PT UOB Kay Hian Sekuritas
254900JOXRGUHN8WOP18,ธนาคารแห่งประเทศจีน (ไทย) จำกัดมหาชน
254900JPMU0LFCP18673,"JSCB ""Agrobank"""
254900JPSQNEG7B5S655,Bastion Fingroup Limited
254900JPXRS3WCA9JE95,Diamond Trust Bank Uganda Limited
254900JQ7LG9P2LXI816,PALESTINE MONETARY AUTHORITY
254900JQHLYVAALH3154,Stanbic Bank S.A.
254900JQZ022JIDBDT06,Amana Bank
254900JR2FS3J8HOEB78,Ktrade Securities Limited
254900JS1AHAPRJHW541,韓國投資證券亞洲有限公司
254900JSUFCD8B7WAL43,AmFunds Management Berhad
254900JTAEXKMDW2N907,ADVENT INTERNATIONAL LTD
254900JW81FX4F1YO937,國際票券金融股份有限公司
254900JWON75ZAHWU522,Shangding International Asset Management Company Limited
254900K0JE828ROP3580,BANCO SOFISA S.A.
254900K0TO9Y5JZ8HF52,GLOBAL LOAN AGENCY SERVICES LIMITED
254900K1C2UEEGN53M86,NEPAL SBI BANK LIMITED
254900K42LP0HIWJXD21,INTERNATIONAL EXCHANGE CO (SINGAPORE) PTE. LTD.
254900K546ZU4TYK3I91,Harbour Asset Management Limited
254900K5R2LH4YUEB494,IGNALINOS KREDITO UNIJA
254900K6J9XHS2E6K386,CGM-AZIMUT MONACO
254900K6TJFDYKSQWV49,Standard Bank Namibia Limited
254900K6ZLGPB1M9Y595,BIMB INVESTMENT MANAGEMENT BERHAD
254900K8AIJ2S49N8633,სს მიკრობანკი ემბისი
254900KA5FP9E2GGKK71,BANKA POŠTANSKA ŠTEDIONICA
254900KAKORD58ODPG76,Gestion D'actifs Sectoriels Inc.
254900KAP5SULBKUWF77,Banco Itau Paraguay S.A.
254900KBG0PC14CLJS12,PLATIO LIMITED
254900KBOLCO2QMYI098,WISE US INC.
254900KCCW058N3DQM63,FEDERAL EXCHANGE
254900KCGXHOYIMQM903,招商永隆資產管理有限公司
254900KCRFLE1JXYRJ12,ALIANZA VALORES COMISIONISTA DE BOLSA S A
254900KCXLJ5ZDC65K89,BANCO B3 S.A.
254900KDD0T7YHBAZC52,Vilniaus krašto kredito unija
254900KDE01JKL24Q138,SMITH AFFILIATED CAPITAL CORP.
254900KEMEQQA00KF689,Trustees Executors Limited
254900KF8E8L84LI7648,日興證券（香港）有限公司
254900KFKLQ9PRGBM123,Dubai Islamic Bank Pakistan Limited
254900KFL51VLXABR231,AlRayan Bank Q.P.S.C
254900KG6CLOHVI1TS29,Doherty & Associates Ltd.
254900KGEKIDF2ZQZF15,Joniškio kredito unija
254900KGIXWLZI5ZDA04,F. L. Putnam Investment Management Company
254900KH6PO0O17YI150,ATHLOS CAPITAL INVESTMENT SERVICES LIMITED
254900KH9H51INNXD149,"Hamlin Capital Management, LLC"
254900KHBHIHAOSPTM60,Provincia Casa Financiera
254900KI0CM65KPBM547,International Bank of Chicago
254900KI2PV4P8DPIQ57,HFC Bank
254900KI7Q1RQDUXM686,Banca de Finante si Comert S.A.
254900KIJVZ4U7DTDL80,ORABANK COTE D'IVOIRE
254900KKBZ54LPCTQX22,Millbank FX Limited
254900KL7RT77MXQB485,Reserve Bank Of Fiji
254900KM1NQQDV7LY263,بنك الاستثمار الفلسطيني
254900KMO91R36EF7R69,"Universo, IME, S.A."
254900KN1X8B3CQDSO97,SUNSTATE BANK
254900KNBED09ESQ5932,"Paymongo Payments, Inc."
254900KNEQNIQTV1JP37,Arab African International Bank
254900KNT9RYIIPYD544,中國光大資產管理有限公司
254900KPOCSDW0EMJ708,LATIN SECURITIES S. A.
254900KR484WW4KEZI73,AIRWALLEX (UK) LIMITED
254900KRBS1LY7YOHY21,"GETNET EMONEY EDE, S.L."
254900KRT6XZ16IW0A36,信誠證券有限公司
254900KS8PHTSRE9NI50,Primary Technology Pty Ltd
254900KTPAR5XL4FSN64,STANBIC BANK TANZANIA LIMITED
254900KUM539TUS0QN07,Quay Global Investors Pty Ltd
254900KUSV3W0CAWT028,鹏华基金管理有限公司
254900KVOZA3L72NJT75,First City Monument Bank Limited
254900KWHZZ18HYLGB12,CBOE CHI-X EUROPE LIMITED
254900KX7DB9KWJQYO56,復星國際證券有限公司
254900KXOK4M8ND3M032,Kuwait Finance House (Malaysia) Berhad
254900KYQOTAY8H4C456,სააქციო საზოგადოება ბაზის ბანკი
254900KYY1D87FVC4E69,PT Bank MNC Internasional
254900KZ1HSLCH4F2E74,Al Ahli Bank of Kuwait - Egypt S.A.E.
254900L0MIAM922ZEC34,Mid Penn Bank
254900L26S2VPJHHT179,"""EXPRESSBANK"" OPEN JOINT STOCK COMPANY"
254900L2WPY7FIYRA663,"International Rescue Committee, Inc."
254900L3G4X4AS89PM52,VILNIAUS KREDITO UNIJA
254900L590Y4JXC8LT40,泰康人寿保险有限责任公司
254900L5RSG2OTU3X650,Egyptian Gulf Bank SAE
254900L5T9B9NWEG1589,Next Capital Limited
254900L6FRRJKZTLNY11,Astana International Exchange Limited
254900L8D2MMNNYEFU47,Yintran Group Holdings Limited
254900L8QTUCIKAOFO08,Maroc Services Intermediation
254900L9CO9VZ32Z8274,Orbit Private Asset Management S.A.
254900L9HWNGATR5L645,三星物産香港有限公司
254900L9OS5FUPKLUS37,บริษัท สวัสดีช้อป จำกัด
254900LA8J6AFBG2V690,International Atomic Energy Agency
254900LD41X5SQ939O73,PT BANK DKI
254900LD9GMYM59G8571,MALARAYAT RBANK. INC.
254900LDNBFL67R4FW27,The Farmers & Merchants State Bank
254900LDYRNZ8O4YGP23,Bank Alfalah Limited
254900LF1GONZCZ9ZN63,Prodigal Pty Ltd
254900LFIGC1KYQ08566,MMG BANK CORPORATION
254900LGF5NL4O9RB828,"BATON SYSTEMS, INC."
254900LJ936XJ6498436,Montgomery Investment Management Pty. Ltd.
254900LJWF73B53U0468,"337 FRONTIER CAPITAL, LP"
254900LK37KP1J07ZT87,Weatherford Worldwide Holdings GmbH
254900LLKY3SXH5AG372,METAX PAYMENTS LTD.
254900LLLOXJN1X9J754,Sharps Pixley Limited
254900LLQB8DWXTZIK06,Central Depository Systems Private Limited
254900LMO0IXGYX3FW12,Bank Respublika
254900LN0XRWKIE1KU86,招銀國際證券有限公司
254900LN99AOXOREK349,SC Lowy PI (Italy) S.R.L.
254900LNEB2GQFQZTO83,P.R.P. Performa Ltd.
254900LNVD4XJPIEYA56,XENDIT PAYMENTS SINGAPORE PTE. LTD.
254900LOB3LC8BX0OD35,KEXIM ASIA LIMITED
254900LOGSLNAC8P4T19,三菱UFJ銀行。 Ltd パリ支店
254900LOKSXM7IC0SA30,"АКЦІОНЕРНЕ ТОВАРИСТВО ""ПЕРШИЙ УКРАЇНСЬКИЙ МІЖНАРОДНИЙ БАНК"""
254900LP7Y34Z1RR7122,Plaza Park State Bank
254900LPWD3PXUGB1W18,TERRA PAYMENT SERVICES (UK) LIMITED
254900LQ8TLT5UXJS333,Eurobanco Bank Limited
254900LR9K5SVPP8BP79,PT NISP Sekuritas
254900LT6XJDNQSUIS05,Kumari Bank Limited
254900LUKDKTRGENLZ41,Tallinna Hoiu-Laenuühistu
254900LUN6D4YD8ZWD27,"TIGRESS FINANCIAL PARTNERS, LLC"
254900LVNKT0KYN1O170,STERN BROTHERS & CO.
254900LW5J93ADRTDV53,Banque El Amana-SA
254900LWTLCUQXWPC521,"AFRILAND FIRST BANK STP, S.A."
254900LWXLJJY25RT629,NOVEBA LIMITED
254900LXDNNPAIGIZ731,"Perkins Capital Management, Inc."
254900LXHEVKYGERER05,DEPOZITARUL CENTRAL SA
254900LXUJS4PKBGVC48,2Xideas AG
254900LYAX0S892SYA14,"Sumer Commercial Bank Co, Ltd."
254900LZMU3TED28X051,犇亞證券股份有限公司
254900M01PH5W0D8OK92,"BANCO GANADERO S.A. ""BANGASA"""
254900M0WQYKA3Y9UB43,Axial Partners Limited
254900M2G8XQNUFVM680,Ping An Securities (Hong Kong) Holdings Company Limited
254900M2ST7TKOZANI91,香港商野村國際證券有線公司台北分公司
254900M3VM80WB4R1V15,Bank Islam Brunei Darussalam Berhad
254900M55A55X80IX402,VAN BERKOM ET ASSOCIÉS INC.
254900M5DG9AKERWWZ42,Maybank Investment Bank Berhad
254900M5F2STTFUYKM29,Preparatory Commission for the Comprehensive Nuclear-Test-Ban Treaty Organization
254900M8SVKRZ4V1VS89,IDLC SECURITIES LIMITED
254900M9927XDGPXJ562,"Публічне акціонерне товариство Акціонерний банк ""Укргазбанк"""
254900M9UP31LTT5VY55,瑞金亞洲有限公司
254900MAXEP7F4MM9569,Exim Bank (Uganda) Limited
254900MBTG0G2IX4ZV13,BANQUE DE TUNISIE
254900MDHN871GDYZ694,Shahjalal Islami Bank PLC
254900MDSWTYRJJPTY13,"CENTRAL LATINOAMERICANA DE VALORES, S.A."
254900MF2FHM154QPF67,INSTANTIAPAY PTY LTD
254900MGZPWGJDGJRO25,三商美邦人壽保險股份有限公司
254900MHP3OONDWV9H02,ХААН Банк
254900MHQHBC58M2GR84,საქართველოს ეროვნული ბანკი
254900MIFN5HHADBV135,BNP PARIBAS MEXICO SA INSTITUCION DE BANCA MULTIPLE
254900MIUP0FYBJ8KJ17,BOS WEALTH MANAGEMENT MALAYSIA BERHAD
254900MIYOU2JLGPKO84,ADNOC GLOBAL TRADING LTD
254900MK79I5QZK3BV03,Šilalės kredito unija
254900MM4EC5WSHZAQ35,Capitronbank JSC
254900MNOWGS322UN487,ტერაბანკი
254900MNTIHWS1181H67,BT CAPITAL PARTNERS S.A.
254900MOKXQQO1HM7U79,STURDIVANT & CO. INC.
254900MOU0XLYGY9ID96,BANCO DE LA NACION
254900MOWJN64C61SW92,INTEX BANK BANCO DE CAMBIO S.A.
254900MPS07NJI5QEM82,PT Maybank Sekuritas Indonesia
254900MQ4VY8TAZNR845,"Акционерное общество ""Alatau City Bank"""
254900MQK059GPTGCK75,CHIIZU INC.
254900MSHJQMAF6B3Q76,Platinum Bank
254900MULHNQK5FZC217,3S Money Club Limited
254900MVTR0ROBX07I72,ECOBANK KENYA LIMITED
254900MVVWQEFWE3M609,"Drexel Hamilton, LLC"
254900MW07085GDQ9F96,The ECU Group Public Limited Company
254900MW342USEPDYT03,FOSTER STOCKBROKING PTY LIMITED
254900MWZH3SC35JUR20,Bennelong Funds Management Ltd
254900MX6MPZTKMTS474,United Arab Bank
254900MXIHC40TT9X511,CGS INTERNATIONAL SECURITIES MALAYSIA SDN. BHD.
254900MXIMX8BQIGRM72,THE CO-OPERATIVE BANK OF KENYA LIMITED
254900MXK485VHW2KD07,Yelo Bank Açıq Səhmdar Cəmiyyətinin
254900MXRV2LE67CAZ63,"WR SECURITIES, LLC"
254900MZ524GKRDF5V85,"Welcome Bank, Rural Bank Inc."
254900MZ7MJZE47RI526,"Lagoda Investment Management, L.P."
254900MZEZXX8GTRKT34,MARTRUST CORPORATION LIMITED
254900N08TPC4T3QE997,PORT CAPITAL LLC
254900N0SX0DAHSOHU20,Maldives Monetary Authority
254900N108FHRGKCTB11,"BUCKHEAD CAPITAL MANAGEMENT, LLC"
254900N10VI2LALV9C66,PineStone Asset Management Inc.
254900N1NUHJBRYGMI34,PT Korea Investment and Sekuritas Indonesia
254900N230XO4Q8LE882,Brillink Bank Corporation Limited
254900N240CIN0O2PC47,"BANK CHINA CONSTRUCTION BANK INDONESIA, PT TBK"
254900N2BXX4H0DDVP79,Strategic African Securities Limited
254900N2GEBVVZ9F7D12,CRESTED STOCKS AND SECURITIES LIMITED
254900N3ZH1PNIEMOS90,FIDELITY ASIA BANK LTD.
254900N4F21B6KZ39L84,WHITE PINE CAPITAL LLC
254900N5N78OM3HFI984,Arab International Bank
254900N9EZ53VXHHWB31,MORPHIC ASSET MANAGEMENT PTY LIMITED
254900N9U5P416SI9D19,BPI WEALTH SINGAPORE PTE. LTD.
254900NAZH4DXOL12Y19,Laxmi Sunrise Bank Limited
254900NBBFI8LWE19Q25,匯添富資產管理(香港)有限公司
254900NBFODCTL4XR339,The Upstate National Bank
254900NBU0P7ZVNZFK55,MBSB INVESTMENT BANK BERHAD
254900ND28BV4GYUU140,Indigo FX ltd
254900ND3AGXA6HSK906,Ngan Hang Trach Nhiem Huu Han Mot Thanh Vien Hong Leong Viet Nam
254900NDHHY8HLQP0U64,Habib Metropolitan Bank Limited
254900NEWFB5UM7XYD33,"BANCO DE OCCIDENTE (PANAMA), S.A."
254900NFFU9FQ3U1GE19,Swan
254900NHMHEXYAB2TT36,Uganda Securities Exchange Limited
254900NIUB1LTWMDVR47,Askari Bank Limited
254900NKYX6KPF7R3083,FWD Life Insurance Company (Bermuda) Limited
254900NL58B800SSFQ06,PAYDO CANADA LTD.
254900NL93MI048JEY94,United Bankers' Bank
254900NLS15F9FRG3O96,Lionhart Investments Limited
254900NLWUOF92G6HR65,Meuse Finco
254900NMNN3VDNB06W60,華南永昌綜合證券股份有限公司
254900NOENMC0AR9IA48,MARARA PAIEMENT
254900NOGY0LV0URBB20,Robert Cowen Investments (Pty) Ltd
254900NPYV6MWT44DJ03,MONTAKA GLOBAL PTY LTD
254900NQFJGPQM32QW52,CLEAR JUNCTION LIMITED
254900NQZO2L83ARDI27,WILSON ASSET MANAGEMENT (INTERNATIONAL) PTY LTD
254900NR6AHBZQBXW051,Thompson Crosby Capital Markets Limited
254900NR8E1S8CV42I30,CANNELL & SPEARS LLC
254900NR8TBMC9P91B16,BANK OF BARODA UGANDA LIMITED
254900NRUGL0OCAYH953,Column National Association
254900NS3R62OYIDKU37,IPS SOLUTIONS LTD
254900NTPWGHA2OLDV63,"DOWLING & PARTNERS SECURITIES, LLC"
254900NU7W9QV3UUXF76,富邦證券投資信託股份有限公司
254900NVFODGT85EPI26,SELVI & Cie SA
254900NW1TE7WXHYEL72,THE ULTIMA GLOBAL MARKETS (USA) INC.
254900NWUJKO9QOWUU48,ONE618 SECURITIES AGENTE DE VALORES S.A.
254900NX4137U7BJJS52,Webcor Investments Limited
254900NXESTX2ZCFWI66,FINCLEAR EXECUTION LIMITED
254900O0YGO63L6P7K82,Bank Kerjasama Rakyat Malaysia Berhad
254900O12V6ZXJ1WC688,"NEWSOUTH CAPITAL MANAGEMENT, INC."
254900O1505DD5AM4Z96,PashaPay MMC
254900O1A665IHXQ0F72,輝立証券(香港)有限公司
254900O1DABW3O0C8I80,FBA INTERNATIONAL FINANCE LIMITED
254900O1QRS54S3OJT40,Banque Maghrébine d'Investissement et de Commerce Exterieur
254900O23SW2P81A6Y31,RADIANTLIFE FINANCIAL SERVICES LTD
254900O2KRU9OB0TAD23,Evernord UAB FMĮ
254900O2M53JMNF7U320,First Bank of Nigeria Limited
254900O3VGICUQDW9I76,บริษัทหลักทรัพย์ อาร์เอชบี (ประเทศไทย) จำกัด (มหาชน)
254900O4T1UOVXPC2C53,Dutch-Bangla Bank PLC.
254900O7DOLZ5CJ31S96,Seylan Bank PLC
254900O8DEEDCQZFLK81,CRAIGS INVESTMENT PARTNERS LIMITED
254900O94N1KQPBGGB08,ANTARES CAPITAL LP
254900O9BC4ND0AKRU64,SENDA INVESTMENT GROUP LLP
254900OB61KVCB6LOU24,"BRICKTOWN CAPITAL, LLC"
254900OBC07RO6LTPR53,"Banesco Banco Multiple, S.A"
254900OBUFUPPQXDX353,"""ROQ CAPITAL"" OPEN JOINT STOCK COMPANY"
254900OC8SFXXEHYNM65,Central Bank Of Barbados
254900OEB0IJKHV2HS97,PT Bank Pembangunan Daerah Papua
254900OEH0FKCU205217,ADNOC TRADING LTD
254900OEXGGWCR24DG90,SINGAPORE TECHNOLOGIES ENGINEERING LTD
254900OF241HF2IX5O67,"CHANGE GLOBAL INVESTMENT, LLC"
254900OG0Z1I0PSMK779,Արդշինբանկ
254900OGETQINN33XZ13,MALAYSIAN INDUSTRIAL DEVELOPMENT FINANCE BHD
254900OGMHGN3FQRRB74,Helm Bank USA
254900OGR49L2TZ77I09,La Compagnie d'Octodure Sàrl
254900OHMR7VWQV4ZS62,ORIENT MONEY TRANSFER LTD
254900OI2WLK5JWBHU45,Banco Provincial Overseas N.V.
254900OI6MEX0D546055,JK Capital Management Limited
254900OILIG0WH5DZV51,BANK OF AFRICA - TOGO
254900OIML6MVL5A4T81,"TUOHY BROTHERS INVESTMENT RESEARCH, INC."
254900OK0NRLNZA63B03,"BI-BANK, S.A."
254900OL25S8ZMW51013,"Fraser And Neave, Limited"
254900OLO2MJZQ9R6D97,PRIVAT 3 MONEY LTD
254900OM76OCATA76D49,Paramount Bank Limited
254900OMU6RYUSFEQP47,"HARTFIELD, TITUS & DONNELLY, LLC"
254900ON4GHT61RW3B98,Relay Financial Technologies Inc.
254900ONCX2AWFGMPB76,The Group Securities
254900OP094T36TCX227,Madison Pacific Trust Limited
254900OP0ZRLYKKXET16,Kuwait International Bank KSC
254900OPF16A3T5P7U05,招銀國際環球市場有限公司
254900OPP39SPDGSZP57,Teachers' Retirement System of Alabama
254900OPRXCJZ7ZX8N52,GCQ FUNDS MANAGEMENT PTY LTD
254900OQCWZH3CTEME48,"LONGFELLOW INVESTMENT MANAGEMENT CO., LLC"
254900OQWHGEY91VSD63,Кепитъл Маркетс
254900OR0QJJY2XJP583,Alfa Mutual Insurance Company
254900ORHYAAN964IP55,บริษัทหลักทรัพย์ ยูโอบี เคย์เฮียน (ประเทศไทย)จำกัด (มหาชน
254900ORLI12WHOY3944,HERITAGE INVESTORS MANAGEMENT
254900ORVG4V4IBXEG23,"Mercantil Banco, S.A."
254900OS9SN27SUT8854,ECOBANK ZIMBABWE LIMITED
254900OSW4JXCFQLA626,Paynamics Technologies Inc.
254900OSW69BEDF9FE11,Flag Asset Management Pty Ltd
254900OU8L1NQOWFV219,工銀資管(全球)有限公司
254900OV413ZKSN2MR31,GAC Group (Holdings) Limited
254900P0R1KU9SOCNH19,SPIEI VIETNAM SOLAR PTE. LTD.
254900P27RRO3L1J9C83,中華票券金融股份有限公司
254900P2NP6UHWVRVX59,GREEN CLIMATE FUND
254900P55LEPDPBCO996,Meghna Bank PLC
254900P5EQ20DLW75N30,بنك عمان العربي
254900P5P6Q0ROWFMH47,Mayberry Investments Ltd
254900P712DX6L6ALR57,APEX GROUP TREASURY LIMITED
254900P7TTJPEK0A8S74,بنك الفلاح المحدود (فرع دبى)
254900P9MTC2Z6HX3M10,淡水泉(香港)投資管理有限公司
254900P9O0E8OG97WA38,Công ty TNHH Samsung Electronics Việt Nam
254900PBVAJCRTMHCB61,東吳證券國際經紀有限公司
254900PD012Q1YACSI26,บริษัท หลักทรัพย์ ซีจีเอส อินเตอร์เนชั่นแนล (ประเทศไทย) จำกัด
254900PDDLNNMSYV1217,SAMSUNG ELECTRONICS PHILIPPINES CORPORATION
254900PDIOQKLNLT8190,Centaur Fondförvaltning AB
254900PDYZB1F6R7ZO27,時富證券有限公司
254900PE2SPJGUL3AL33,Singapore Deposit Insurance Corporation Limited
254900PE46F2TQK7MT39,PT Lotus Andalan Sekuritas
254900PFQCTY6E3ITY27,ECOWAS BANK FOR INVESTMENT AND DEVELOPMENT
254900PGVVLJTOEWLL80,Al Ahli Bank of Kuwait (Kuwait Shareholding Co.)
254900PHL1OM4R6ROT47,Treyd AB
254900PIFASJ03OESS22,Bank Muamalat Malaysia Berhad
254900PIJ954Z37WWK34,Bank of Bhutan Limited
254900PKRA5HIUIRFD84,"GREENWOOD CAPITAL ASSOCIATES, LLC"
254900PLQ2RDXAKEZT67,PT Bank SMBC Indonesia Tbk
254900PMALKJRL1YGQ18,QATAR CENTRAL BANK
254900PMNQLDJHII5239,Bradesco SA Corretora de Títulos e Valores Mobiliários
254900PMVMUC5G2DRM93,ASSOCIATED FOREIGN EXCHANGE IRELAND LIMITED
254900POIOBFZ6I1MZ96,Gulf Commercial Bank
254900PPJS441N45XS65,RHB ASSET MANAGEMENT SDN. BHD.
254900PQ3EOCC8B95F23,螞蟻銀行（香港）有限公司
254900PRJN3WXTTFXP45,Azimut (DIFC) Limited
254900PRKQG1WPAXSP39,FIFTH ESTATE ASSET MANAGEMENT PTY LTD
254900PSCFOPH8SBJ277,"ИНВЕСТ ФОНД МЕНИДЖМЪНТ"" АД"
254900PSD7OUQ0ZJ0R03,Samsung Electronics New Zealand Limited
254900PSNKJJUTA92J51,BANCO DE SEGUROS DEL ESTADO
254900PUMLSQAJAUK329,OPPENHEIM SAVINGS AND LOANS TRUST KOMMANDITBOLAG
254900PW61ADCBDCLP71,The Bank of Mongolia
254900PYFSB8L24QTW86,BANCO MUFG BRASIL S.A.
254900PYHA0PUZBFSQ92,EFE SECURITIES PRIVATE LIMITED
254900PZ1511XWQYWI71,"CLARKSTON CAPITAL PARTNERS, LLC"
254900PZZMISWSH5A790,Salt Funds Management Limited
254900Q0J01340FOTP78,AFRICAN UNION
254900Q0M8VD579VJA42,Banka E Shqipërisë
254900Q0ZRUEH4K58231,ORABANK TOGO SA
254900Q126MCOB8VHD74,บริษัท หลักทรัพย์ เกียรตินาคินภัทร จำกัด (มหาชน)
254900Q1ND7W1Q1SQW81,Stern International Bank LLC
254900Q2WSDFXE20WM39,T.E.A.CUSTODIANS LIMITED
254900Q43WZN84NXUI50,Investment Bank of Iraq
254900Q4QS0AXVPV1G74,Inter-Pacific Securities Sdn Bhd
254900Q4R3ALSWXUX114,MHC DIGITAL GLOBAL SG PTE. LTD.
254900Q4WEDMZBOZ0002,Cincinnati Financial Corporation
254900Q5GXV5W7IO3M77,"WINSLOW CAPITAL MANAGEMENT, LLC"
254900Q6I0WAL4QT7252,"Davis Selected Advisers, L.P."
254900Q6YS0NMCYAH669,Tompkins Community Bank
254900Q85ADD66KB7D18,方瀛研究與投資(香港)有限公司
254900Q8T4OKRKB2VU75,YouLend ApS
254900Q92RB78AQ2WH63,TRAVELOPIA CENTRAL OPERATIONS LIMITED
254900Q9M6XLT6NZY089,"Bancrecer, S.A. Banco Microfinanciero"
254900Q9T600TUK1R135,Pikes Peak National Bank
254900QATJIUUOC9D504,Vanti S.A. EP.
254900QBMAV62MO7FL87,中信建投(國際)証券有限公司
254900QBRJZY4ZF5KT45,Siddhartha Bank Limited
254900QCY8YHQ3U8AR02,Maroon Financial Credit Union
254900QDE22PUWBL1N07,BH BANK
254900QDNHFT26JCYA95,COMPASS GROUP L.L.C.
254900QDUGAF3C8DYZ05,Eurocor Treasuryco S.à r.l.
254900QE44F6XBK73276,"Breckinridge Capital Advisors, Inc."
254900QE9ZZOR93NX527,LUMINT CORPORATION
254900QEGJ6I54AKHK09,بنك المال الاردني
254900QF4TEKQYQAYH56,SC LOWY ASSET MANAGEMENT (UK) LTD
254900QFIIEX6LWP2S70,Remitap Fintech Corporation
254900QFQHP2H1A18H13,SOFIBANQUE SA
254900QFZP9B1RDKHX24,Volkswagen Argentina S.A.
254900QGKJ9ZTUE95N04,MUFG BANK (MALAYSIA) BERHAD
254900QIK2KQXJQN2F95,CAPITAL MANAGEMENT ASSOCIATES INCORPORATED
254900QIMN0EM2V6RU69,სს ჰეშ ბანკი
254900QJ68UH8GKNGI69,AYALA CORPORATION
254900QJAKR8SRZ4O018,Bellecapital International AG
254900QKCUJ5YL7WA384,First Pryority Bank
254900QL6WV1PTWRC151,"Акционерное общество ""Нурбанк"""
254900QLMW32I9UC0U43,"I-Remit, Inc."
254900QMCI6LEQBEQO09,Banco Central De Honduras
254900QN4LRSP4RV8D17,DUKHAN BANK
254900QOHHZGWU9GO315,“Modenis” Məhdud Məsuliyyətli Cəmiyyəti
254900QP2UIBC0DQ2B76,National Bank of Ethiopia
254900QP6R03LS83RQ52,Bank of Ceylon
254900QQ4E2OPR07GL90,International Financial Services LTD
254900QR1Z2GKGINUQ04,SDC PROMENADE PTE. LTD.
254900QR8KCOLLDHYO43,ធនាគារ BRED (កម្ពុជា) ភីអិលស៊ី
254900QRT8PA15QWE923,NCBA BANK RWANDA PLC
254900QRZ90SUI8C4W84,GREAT PACIFIC SECURITIES
254900QSNQ05XHAZ7R36,Standard Bank Public Limited Company
254900QSTJO67GB9P120,บริษัทหลักทรัพย์จัดการกองทุน บางกอกแคปปิตอล จำกัด
254900QTESJKJ3P87J26,قطر للطاقة
254900QVLTHLIQ6HN489,群益證券(香港)有限公司
254900QY9X6ROR3LMK58,"Joint-Stock Commercial Bank ""Business Development Bank"""
254900QYAJLN5JIZNE80,Biržų kredito unija
254900QYQ1A6IXVMJT30,Endeavor Asset Management Pty Ltd
254900QZTRB37BYXEL30,PT MNC Asia Holding Tbk
254900R0MSHNXJGTY760,FINANCIERE DES PAIEMENTS ELECTRONIQUES SAS - SUCURSAL EM PORTUGAL
254900R1865V3E1ESD47,KCB Bank Kenya Limited
254900R1O44TA64PVL45,AL-Kuraimi Islamic Microfinance Bank
254900R1V61IGBAHBH58,ACEP Madagascar S.A
254900R1W3VBPFR8LK18,City of Bridgetown Co-operative Credit Union Limited
254900R211PTUP8K9M82,ตลาดหลักทรัพย์แห่งประเทศไทย
254900R239WHAL3QW943,BCT BANK INTERNATIONAL S.A.
254900R24PHQB7GDFD26,Mabrey Bank
254900R28L06NHJ9MX44,GOVERNMENT PORTFOLIO ADVISORS LLC
254900R2CHVJSZUDXF47,ICBC Peru Bank
254900R4OLXK1ZOF0488,澳門發展銀行股份有限公司
254900R5PCYOD9HN6C41,"IFS Securities, Inc"
254900R5STMV7BZYC307,"Акціонерне товариство ""Державний експортно-імпортний банк України"""
254900R5WMHXRPJ9H694,Naeem Brokerage Egypt
254900R6GSR27GVG2O26,QSM ASSET MANAGEMENT LTD
254900R6OTLKYG4HE332,Proven Bank (St. Lucia) Limited
254900R778EUIT97AM37,Double River Investments Limited
254900R7HQSWNYO82V50,"FIRST TRYON SECURITIES, LLC"
254900R8KQ5EDNRHKY17,АКЦІОНЕРНЕ ТОВАРИСТВО “КРЕДІ АГРІКОЛЬ БАНК”
254900R8SAORGL097H11,NATIONAL BANK OF UMM AL QUWAIN PSC
254900R96LFN14RIWT74,Gnb Sudameris Bank S.A.
254900RAI2CQ1FOUKF20,The Islamic Corporation for the Development of the Private Sector
254900RAZ9PYPWCDIW56,PHILIPPINE EQUITY PARTNERS INC.
254900RB4XM1JL5UA480,VENN PARTNERS LLP
254900RDFLCM12O8SK69,Manila Electric Company
254900RE3TYIWVD4VK13,KAF Investment Bank Berhad
254900REK2UXEY6LWA93,"STANDARD BANK DE ANGOLA, S.A."
254900RGBBZIYQFCJR41,遠智證券股份有限公司
254900RJ1I0691ANYT88,"Guosen Securities (HK) Brokerage Company, Limited"
254900RLWHMAL7ELC872,DAM CAPITAL ADVISORS LIMITED
254900RM0AU6VTK76212,TATUM BANK LIMITED
254900RM7QYF8KUKEQ40,"FOURPOINTS Asset Management, Inc."
254900RMFOCPT4V20758,"Sleep, Zakaria & Company, Ltd."
254900RNAPG4A8PJNS85,中國銀行（澳門）股份有限公司
254900RNC4MVLNWS6G28,INDUE LTD
254900RNI4XU13JUD718,LIBYAN ISLAMIC BANK JSC
254900RO2EXRE4XB3450,Accelleron Schweiz AG
254900ROEPGQJSQAZN74,PETRUS PRIVATE BANK LIMITED
254900RPT03562128P32,財通國際證券有限公司
254900RQ7YTUPOVOEY14,BANK OF INDIA (TANZANIA) LIMITED
254900RQK4OX9R988S15,NATIONS TRUST BANK PLC
254900RR8GEZCFQVD339,CREZCO LIMITED
254900RRV53VGBC3T769,Mongol Post JSC
254900RSH6YSV5DWK792,Banco BTG Pactual Colombia S.A.
254900RSQN7ERKIDPJ14,PT. Bank Pan Indonesia Tbk.
254900RT6N9Q5Z153X23,APRIL International Enterprise Pte. Ltd.
254900RUE3V1S5IPLA08,SICO Financial Brokerage L.L.C.
254900RVO6GFO7CF8N54,KEEL MONEY LTD
254900S0HHDZ9D25TA33,BAC Latam SSC Sociedad Anonima
254900S14V1Z7TZ06Z37,Banco Credit Agricole Brasil S.A.
254900S20CVZ33LOX002,"АКЦІОНЕРНЕ ТОВАРИСТВО ""ПІРЕУС БАНК МКБ"""
254900S2ZZ2FOSBO5D47,บริษัท โซนี่ โกลบอล เทรเชอรี เซอร์วิสเซส (ประเทศไทย) จำกัด
254900S3M4RPY4ZKHJ38,PT Kustodian Sentral Efek Indonesia
254900S3ZK4XAAGQX924,TechCreate Solution Private Limited
254900S50359R33L2H44,Lianhe Investments Pte Ltd
254900S59ZHI2UFM9J76,"Erebor Bank, National Association"
254900S5SXQD10D60E06,JACKSON SQUARE PARTNERS LIMITED
254900S8E4K3QO1XLG98,富昌證券有限公司
254900S9IFSYPAQBMD29,"""Yapı Kredi Bank Azərbaycan"" Qapalı Səhmdar Cəmiyyəti"
254900S9RUZCQQBOY679,Access Bank (SL) Limited
254900SA7IHKRR912223,"Alpine Woods Capital Investors, LLC"
254900SB8A6UBTR73D96,Kuwait Financial Centre (MARKAZ) Company
254900SBCMWJN99WQB57,ACTINVEST SA
254900SCI8JYJNRDX480,山金證券(香港)有限公司
254900SDQ5IONENQ7U67,"Moors & Cabot, Inc."
254900SDV3QO33BL3037,CORIS BANK INTERNATIONAL BENIN
254900SEWBR5POA0TF02,"CHINA MERCHANTS BANK CO., LTD."
254900SF1Y8HTGNOVK55,方正證券(香港)有限公司
254900SFL5NR0A75MV37,Aeon Bank (M) Berhad
254900SFTV4L52IHCW98,UBS Asset Management Switzerland AG
254900SG214GMIH6RD28,UAB BLENDER LITHUANIA F2
254900SH39YZTZPSDH68,Banco Central Del Paraguay
254900SHHC9DE6P8N928,CÔNG TY TNHH ĐIỆN TỬ SAMSUNG HCMC CE COMPLEX
254900SHUTHT7PCMV829,Lynchpin Bondholder Management Limited
254900SI7RXXNROGYI22,Hammersmith Camden Financial (Ireland) Public Limited Company
254900SIH6XT88J82663,"DEPRINCE, RACE & ZOLLO, INC."
254900SJ7KYW5MBJV108,Payhawk Financial Services UAB
254900SL0OQYMZ4B4134,Jamaica Co-operative Credit Union League Limited
254900SLB3368N50EF66,Cidel Trust Company
254900SLQYK109C48E67,"PT BANK RAYA INDONESIA, Tbk"
254900SMCK0JLYIOLU08,Lulu International Exchange L.L.C.
254900SMUDZOFO5EZD76,Principal Asset Management Berhad
254900SOGQL80SQIMX16,西牛證券有限公司
254900SOYGAE39VJHE11,«ՀԵՔՍԱԳՈՆ» ՍՊԸ
254900SPZ74QWOUBLA72,換銀韓亞環球財務有限公司
254900SQ2FRMBA1PW841,Springs Capital Management (Singapore) Pte. Ltd.
254900SQ519M7PEFJ148,IH Securities (Private) Limited
254900SQ7IPDOY6IDW33,KEPPEL LTD.
254900SQWLFR0HNNRC82,"Banco De Poupança E Crédito, S.A."
254900SQWXMPAEM97J76,ICBC UBS Asset Management (International) Company Limited
254900SRAT7Z4PMECY34,Lanka Securities (Private) Limited
254900SRKGMNWVUDZX06,BFAM Partners (Hong Kong) Limited
254900SRWC0U4V5XQ024,BANK OF STOCKTON
254900SSGIWSMEOHDN82,国信证券股份有限公司
254900SSLQICR7BU9Q97,EFG-Hermes UAE Limited
254900SSV4MEOPDH7322,PEPPERMINT BIZMOTO INC.
254900SSWNMZQISLBX12,ANAND RATHI SHARE AND STOCK BROKERS LIMITED
254900ST5C7S2KXWEJ12,Hong Leong Asset Management Bhd.
254900STO941UXZP9816,JSC Qazaq Banki
254900STU795QPQD6789,Aden Islamic Bank for Microfinance
254900SU7TCOIQA30G50,WILSON FINANCIAL SERVICES PRIVATE LIMITED
254900SV9QJQHITJSN59,SBM BANK (MAURITIUS) LTD
254900SVX5AXBEQMH712,"Timucuan Asset Management, Inc."
254900SW4T3ALWW3KI15,萩原電気ホールディングス株式会社
254900SWFFXVRGD9WR61,"UC-United Capital Puesto de Bolsa, S.A."
254900SXM1G1SIL7Y508,Askari Bank Limited
254900SY5SCE8P5W5Z26,ONE WALLET TECHNOLOGY LIMITED
254900SYM16W77U97H02,第一金和昇證券有限公司
254900SZA8K1JXSDUN71,"ZEUS FINANCIAL, LLC"
254900T2AM7E5EQDN105,"Terrabank, National Association"
254900T3F5TPJSMS9I29,海通國際資產管理(香港)有限公司
254900T3IM47AOX0VC22,GLAS SAS
254900T3JUPRTYZELR60,"Berger, van Berchem & Cie SA"
254900T3YHEK0DN1F830,THOMAS MILLER INVESTMENT (ISLE OF MAN) LIMITED
254900T519LZIB0S0Z73,BANCO WOORI BANK DO BRASIL S.A.
254900T5AJFV1EOJZF68,UNIVERSAL TRUSTEE (MALAYSIA) BERHAD
254900T5X05AWREG5A91,KAMCO Investment Company
254900T6I1VDNL4KRT32,Fleur International S.A.
254900T6IEHANRU51C93,Payment Execution S.R.O.
254900T7CM6XO1ZQPW25,"VELA INVESTMENT MANAGEMENT, LLC"
254900T7HDMCG41SVI07,Guardian Bank Ltd
254900T85H1LUOJB5F74,QPCU LIMITED
254900T871PDMUK0XG59,BOOST BANK BERHAD
254900T8VTP9P2A44O92,Central Bank of Seychelles
254900T8WSH6UHUZKV29,Themis Trading LLC
254900TDOYBJZXPJAC49,Mohamed Naser Al Sayer & Sons Est. Co. W.L.L
254900TEPV9DK0BIIQ71,de Pury Pictet Turrettini & Cie SA
254900TEZ4QAHQICVG09,EXIM BANK (DJIBOUTI) SA
254900TF5VKTJ141VZ73,REFINITIV LIMITED
254900TF8063QPMAOK93,"WEDGE CAPITAL MANAGEMENT, L.L.P."
254900TG3REX549BAZ53,CENTRAL BANK
254900TG5H0QQOWSW875,"ALTRAVUE CAPITAL, LLC"
254900TGGUA6ILFKUV36,Mizuho Securities (Singapore) Pte. Ltd.
254900TGSOUPUK2IGW74,Ailingual Limited
254900TH9XAHNZA9N034,MEGAWIDE CONSTRUCTION CORPORATION
254900TL0TIDM7UAQ956,AFRICAN BANKING CORPORATION MOÇAMBIQUE S.A
254900TL29XRN8UWEN27,東方資產管理(香港)有限公司
254900TLHBMFY3COVL61,Nippon Wealth Limited
254900TM81D0YC1B9584,Metro City Bank
254900TMR3KS8E9QSJ03,Swan SAS - Zweigniederlassung Deutschland
254900TMZJOR98MCAQ11,Aston CM (Guernsey) Limited
254900TN98BKRKVJ9P44,BLUE OWL REAL ESTATE DEBT ADVISORS LLC
254900TNNQC073KOJ554,Islamic Development Bank
254900TOFRFSZZMGQT69,哈富證券有限公司
254900TOIQCAA9IA5272,Bangladesh Bank
254900TP85CDOUH9MT22,MENA CORP FINANCIAL SERVICES L.L.C.
254900TQMQI7YI9XE210,CapVest Limited
254900TQTU2BJVOLZW59,PREMIUM BANK AÇIQ SƏHMDAR CƏMİYYƏTİ
254900TR3TYJYAR82U03,Ecobank Sierra Leone Limited
254900TRFDM80XIUTU57,"""Invest Finance Bank"" AJ"
254900TRO66DNJJNUA45,"ROYCE & ASSOCIATES, LP"
254900TRQWSAA6UDK962,European Merchant Bank UAB
254900TUWUA8VFCLD808,СКАЙ УПРАВЛЕНИЕ НА АКТИВИ АД
254900TVHGSPB0WP7L43,Pinnacle Associates Ltd.
254900TVUHFSJR0HN536,Equity Bank Rwanda PLC
254900TYAHFESO6B5W31,STATE OF COLORADO
254900TYD5TO73MVEZ27,The Ultima World (DIFC) Limited
254900TYI01M6U9J5L49,Qatar National Bank S.A.E.
254900TZBLP16TCAJC54,BANK OF CHINA (MALAYSIA) BERHAD
254900TZXXKW3K353070,Select Group Limited
254900U1MLBYNMB86X51,BOV FUND SERVICES LIMITED
254900U1NRD6XZPBAQ82,BANO PTY LTD
254900U22Q6FT73OE058,FinClear Pty Ltd
254900U2M6T2U3RA9E06,"Parhelion, Ltd."
254900U3WHMNMJMMOJ07,Global E-Payment Limited
254900U4JSL4NXW63G67,IVF Investment and Credit Pte. Ltd.
254900U6NPCKHT2T7P30,"Banca Comerciala ""EuroCreditBank"" S.A."
254900U70P9NIRZR4994,MONEYCHAIN PTY LTD
254900U9EFW2UBUSD443,THE CENTRAL BANK OF THE BAHAMAS
254900U9N2WHOBKRHI03,BW LPG PTE. LTD.
254900UAHEGWOPZRA557,國元証券經紀(香港)有限公司
254900UARDFAWF7ZBF81,DECTA LIMITED
254900UCQZOWN6V1G486,"BANCO PROVINCIAL, S.A., BANCO UNIVERSAL"
254900UD4649CLRIC641,MAXMONEY SDN. BHD.
254900UDOY5DHMH56386,CÔNG TY TNHH ĐIỆN TỬ SAMSUNG VINA
254900UDVVJ8TRS6T396,Bursa Malaysia Depository Sdn. Bhd.
254900UEYQJWICRUS810,"Agency Trading Group, Inc."
254900UF5U1H5HBPE024,SINGAPORE POWER INTERNATIONAL PTE LTD
254900UIF7O8VZ5SOH03,東證國際金融集團有限公司
254900UJN53SXXDTDW26,Jöklar-Verðbréf hf.
254900UKP0J3ISXTPT91,Citizens State Bank
254900UKSP6SQGRSFL18,INTERNATIONAL FINANCE BANK
254900UL9MTTWXIHTP61,PRIME TRANSACTION SA
254900UN2NX4GAXDKJ55,ISAGEN S.A. E.S.P.
254900UO606W4KFY4828,ECOBANK CONGO S.A.
254900UO9BS458120J61,LankaBangla Securities Limited
254900UPQE3MNOEDXK30,บริษัท ธนาคารเกียรตินาคินภัทร จำกัด (มหาชน)
254900UPX0J6W0CTQR84,Bank of Palestine P.L.C
254900USMO00S8ADLO65,"INCA INVESTMENTS, LLC"
254900USP7N509Y86B85,Mobis Slovakia s.r.o.
254900UTCVW9DP7O0782,Convera UK Financial Limited
254900UTT4H202T6N894,PHILLIP CAPITAL SDN. BHD.
254900UTXVYPZD625D67,"Alphaledger Markets, Inc."
254900UUDVY0A0K83R63,Banco Aliado S.A.
254900UUSQ6H8SOND073,"Prudent Man Advisors, LLC"
254900UW2F3BKV6Z9V18,DYNO NOBEL LIMITED
254900UWAQITJGEUP745,ECOBANK SENEGAL
254900UWGLHORAFXLK14,Bank of Asia (BVI) Limited
254900UWZ15VL4481372,"Banco Pichincha Panama, S.A."
254900UYF310MAALU252,AKD Securities Limited
254900UZWM7GJ6K19341,Druk Pnb Bank Limited
254900V08MUQ7UKE2T96,Banque Centrale de Mauritanie
254900V1846I8ZF6WE18,"FIA TECHNOLOGY SERVICES, LLC"
254900V1FKH2VJG0N264,TERRAPAY MONEY TRANSFER SERVICES (KENYA) LIMITED
254900V353KV02DAKQ14,PAY365 LIMITED
254900V3J2UI0K109T28,AGORA CORRETORA DE TITULOS E VALORES MOBILIARIOS S.A.
254900V55KQYUANMV008,SIC BROKERAGE LIMITED
254900V67PAYG9VPB120,Sterling Asset Management Limited
254900V6IIYF1T4IY412,PT. Bank Resona Perdania
254900V6U1GCBZZAUS26,Національний банк України
254900V729L8EIB4A492,GENIAL INSTITUCIONAL CCTVM S.A.
254900V8XJ2YJL3NGS70,Nevasa S.A Corredores De Bolsa
254900V97XWSIIN1PU06,EVERYPAY ΥΠΗΡΕΣΙΕΣ ΠΛΗΡΩΜΩΝ ΜΟΝΟΠΡΟΣΩΠΗ ΑΝΩΝΥΜΗ ΕΤΑΙΡΙΑ
254900V9T2MY7Y2UD074,Freetrade Limited
254900VA32LYZZNXQF50,"Banco San Vicente, Inc. (A Rural Bank)"
254900VA7PYG4MRCGH51,中國輸出入銀行
254900VCVSVPT4LTQP54,"GOFEN AND GLOSSBERG, L.L.C."
254900VETGB6KO4XX176,"Gordon, Haskett Capital Corporation"
254900VFWACTGPC2TN40,LIGHTWAY FINANCE LIMITED
254900VG0W6TZPX4HV34,لي بنك ش م ل ليفنت إنفستمنت بنك
254900VGVHD3B82JEV95,Portage Bank
254900VGW6POFMVTTU76,BLS CAPITAL FONDSMÆGLERSELSKAB A/S
254900VIIQAOGR04WW17,Capital Counsel LLC
254900VJWGYKL26WF806,BANCO DO NORDESTE DO BRASIL SA
254900VK6BPC7QRSZD77,Southwestern National Bank
254900VMUX4V1CPO9456,Deposito Centralizado de Valores de Colombia DECEVAL S.A.
254900VNMLQ2Q4XDWY39,Canadian Payments Association
254900VOIQ91K9G5BY88,IKON MENKUL DEĞERLER ANONİM ŞİRKETİ
254900VP1L7G987CB424,"BEECH HILL SECURITIES, INC."
254900VPI91W77OOUM06,New Development Bank
254900VRF1T8I5LNW178,易雲匯香港有限公司
254900VRRJZ75A7KPI73,JL Securities SA
254900VSKVYY7FY6DS05,JM FINANCIAL INSTITUTIONAL SECURITIES LIMITED
254900VT8WEMF93LUA88,UAB BANK LIMITED
254900VTARX8RAY9QK77,"SIEBERT WILLIAMS SHANK & CO., LLC"
254900VV3B1TP4S8UF14,彬元資本有限公司
254900VW6GQHGKK3KG59,PT Bank SBI Indonesia
254900VWX60UB3W1KU35,Totalbank Curaçao N.V.
254900VXU3DYMN6THR85,Sinergia Wealth Management SA
254900VY6O1QMGYKJD93,"Rice, Hall, James & Associates, LLC"
254900VYP7KBQ9UQJ808,"BANESCO (PANAMA), SA"
254900VYV9FDVIZ0KX64,睿亞資產管理有限公司
254900VZYI77F49H3S18,"Общество с ограниченной ответственностью ""АВАЕ Кэпитал"""
254900W04TBDJ4UBOS04,香港按揭證券有限公司
254900W0PPBB7L75OH67,PRIME COMMERCIAL BANK LIMITED
254900W1L0OY9FNPEA02,بنك الاسكان للتجارة والتمويل
254900W2BN097WLYIM20,BANCO DO ESTADO DO RIO GRANDE DO SUL S/A
254900W2PW6S7X70WK95,PARK WALK EUROPE LLP
254900W62XO7KDK9DQ10,Dexus Asset Management Limited
254900W7BLCFW0P9S190,嘉信期貨有限公司
254900W82NM2KYOD5S62,M-ORIENTAL BANK LIMITED
254900WA056EEAGGLT29,"Rural Bank of Sanchez Mira, Cagayan Inc."
254900WAJHSKG9QP4O76,SBI E2-CAPITAL SECURITIES LIMITED
254900WBR5U6K5S0GL70,國票綜合證券股份有限公司
254900WD45SOCZ7IKM52,UNITED FIRST PARTNERS LLC
254900WDKUCL11K6CZ06,中信建投(國際)財務有限公司
254900WDUDNSVE3QM765,AFORE COPPEL S.A. DE C.V.
254900WE6GNZB5R56G81,IC SECURITIES (GHANA) LTD
254900WESHWMX07AB417,SAMSUNG ELECTRONICS AUSTRALIA PTY LTD
254900WEV8DF2JBBFZ31,"Foresite Capital Management, LLC"
254900WFC52K3EX1ZY39,Finanzas y Negocios S.A. Corredores de Bolsa
254900WFOAMRAXET6J73,"Mercury Technologies, Inc."
254900WGCM7TJ7U4J161,國泰綜合證券股份有限公司
254900WGYV2P1RC6TP86,CATALYST FUNDS MANAGEMENT PTY LTD
254900WH9BDCGMKFVW46,DIB BANK KENYA LIMITED
254900WIH3Q1F3E8S974,HedgeServ (Luxembourg) S.à r.l.
254900WJU5CCU5P7N911,NARODNA BANKA SRBIJE
254900WJUFPZMVWNEZ52,Genesis Bank
254900WKR3ECCKB33968,ALIF BANK OPEN JOINT STOCK COMPANY
254900WL2JPH8E0K4E34,Scotia Azul Corredores de Bolsa Limitada
254900WLURVD0U0Q6T36,บริษัท ธนาคาร ซูมิโตโม มิตซุย ทรัสต์ (ไทย) จำกัด (มหาชน)
254900WM0K3IWVWAWE90,"Oceanpayment Co., Limited"
254900WMK5K2PHUGQ743,AISG E-Commerce Private Limited
254900WN2TEVPDIY4S09,"W. H. Reaves & Co., Inc."
254900WNB33E53292541,"THE BENCHMARK COMPANY, LLC"
254900WQGYVGGS3DTR30,BANCO GNB PARAGUAY S.A.E.C.A.
254900WR3I1Z9NPC7D84,Kvika banki hf.
254900WRA4L4USW7TP27,CIDEL ASSET MANAGEMENT INC.
254900WRGB5SQ6J5AA39,Jungtinė centrinė kredito unija
254900WSLTFDO1M0X123,"Kimmeridge Energy Management Company, LLC"
254900WSPPR3LTYF4B40,Banco Bolivariano C.A.
254900WTRW9X2ZN1UG04,"Grasshopper Bank, N.A."
254900WWH0X2S2RXPA97,KENNEDY CAPITAL MANAGEMENT LLC
254900WWSGRIR7NG5F21,SP POWERINTERCONNECT PTE. LTD.
254900WXD182DDB4LY35,Bradshaw Asset Management Limited
254900WY1CZERTJGUB56,CB Bank PCL
254900WYVXRFOMZ94G07,INTERDEALER CAPITAL INVEST SA
254900WZJK52G26B2N42,Vertu Kapitalforvaltning AS
254900WZR89AHD74EQ73,B&I Capital AG
254900WZWXVBGZ02IE74,Bank of China in Kazakhstan
254900X0LC9DCRPO7X16,UBS NEW ZEALAND LIMITED
254900X28H6K44YY9G67,Consorcio Corredores de Bolsa S.A.
254900X2YVKWCTTCNK69,Ecobank Centrafrique SA
254900X3FUA1EK64CI64,Banco Familiar SAECA
254900X3ZFR2FRSJXV59,Finofo Inc.
254900X4O2TZHSC5XG17,LUTHER KING CAPITAL MANAGEMENT CORPORATION
254900X4ZMKI345ZS168,"Katipunan Banking Corporation ""A Rural Bank"""
254900X5CNADX2WB6758,Melanion Capital
254900X6Q4JPOE810F42,FAIDA INVESTMENT BANK LIMITED
254900X6SG2AWDLU9890,"Tokio Marine Asset Management (USA), Ltd."
254900X7HDIWNV87A561,光銀國際資本有限公司
254900X7SMH2CRPNPS39,Lallemand Inc
254900X8N6U00K3MEI66,"PAULLIER & CIA INTL, CORP."
254900X8NL84X4ONBP19,Diamond Trust Bank Kenya Limited
254900X9W6ZM5892IR41,The National Bank
254900XA3RVNQBQRRU37,Dixon Mitchell Investment Counsel Inc.
254900XA63GJKR35MM20,AX MARKETS LIMITED
254900XB9K06L7PWEP97,PT Bank Danamon Indonesia
254900XBIJPC64W6KK94,CERES CAPITAL PTY LTD
254900XD1JIOR6EQ8E33,"AGENTE DE CAMBIO LA NACIONAL, S.A."
254900XE1RBF5OLE0T50,"Stuart Frankel & Co., Incorporated"
254900XF92VANF1UCI97,INSPEREX LLC
254900XFMACGD0L7AI73,UAB BLUE EMI LT
254900XGJZ2HSKBHD059,Machhapuchchhre Bank Limited
254900XH331390J1WT63,"WILLIAMS TRADING, LLC"
254900XH3J9C5IINBZ76,光大證券投資服務(香港)有限公司
254900XI5ZZJOK7NC049,Bank of Jordan
254900XIR1YA3XTVGA96,RHB Asset Management Pte. Ltd.
254900XIUBNVRIF1IV79,OpenXccess Limited
254900XJ9GIHBAHS8R78,Globus Bank Limited
254900XJQ7BKPSDXNP74,Standard Chartered Bank
254900XKOAA7EAPODB19,Metinvest International SA
254900XKXT1N5LYQKS44,RHB SECURITIES HONG KONG LIMITED
254900XL3ASG0JK1XO11,Ping An Securities (Hong Kong) Company Limited
254900XL7MO8ZIMM8D46,Banco C6 S.A.
254900XL7TAV3VN78240,PT TRIMEGAH SEKURITAS INDONESIA Tbk.
254900XLGWKBVOKQUW18,"Atalanta Sosnoff Capital, LLC"
254900XLPVTQ29TIR997,SPIEI VIETNAM PTE. LTD.
254900XMHTWLP1F4HG93,Affin Hwang Investment Bank Berhad
254900XNHTC5YQGNCH85,NMB Bank Public Limited Company
254900XOMGYD88OABV84,Borea Asset Management AS
254900XQCWEZNFD26W96,NIUM PTY LIMITED
254900XR8J1QA94DGB62,The Premier Bank Limited
254900XRCOI4CQN8KE47,شركة الوسيط للاعمال المالية
254900XRKKJ62HLMNX66,Zevenbergen Capital Investments LLC
254900XS2I9YONAUAY39,LINK FX PLC
254900XSR40WGLBEZI23,"SAMCO Capital Markets, Inc."
254900XT937N1XUKWX63,U.S. CENTURY BANK
254900XT9AC8T3VD5P25,Toyota Financial Services Philippines Corporation
254900XTT366OF9MUE20,Banka Credins
254900XTX2NJAUAKJH20,Omnia Group
254900XV5B725ZG6RS07,Commercial Bank of Ceylon PLC
254900XWK81ULQY0IE29,JM Financial Limited
254900XWRJPEJTT4B388,AL RAJHI BANKING & INVESTMENT CORPORATION (MALAYSIA) BHD.
254900XWT699WH39PY73,ASTER DM HEALTHCARE FZC
254900XXOWNQQB90Q164,Central Bank of Myanmar
254900XY5I0BWT6W3L41,"LEVRO, INC."
254900XZEVPP0E37KP12,IIFL SECURITIES PTE. LTD.
254900XZG349Z8CSZB72,National Bank Financial Inc.
254900XZO1228PDSG060,"Thor Industries, Inc."
254900XZZG8BK9ZCA648,Botswana Insurance Fund Management Limited
254900Y19XFSY5FXSH69,PFP CAPITAL LIMITED
254900Y1GRSEACZL7X25,Kexim Global (Singapore) Ltd.
254900Y3KT6SZM11MQ06,Third Coast Bank
254900Y3OHMIR1925093,SESFIKILE CAPITAL
254900Y4F3N6T2JLTN91,LOLC FINANCE PLC
254900Y4QUP2NRBZ9348,"MMG BANK INTERNATIONAL, INC."
254900Y536N82SVGKH16,ธนาคารออมสิน
254900Y54IB077HBDA57,環球通匯電子商務有限公司
254900Y57D1K0R7PLT13,Investec Bank (Channel Islands) Limited
254900Y5QNMJ8Q7VRW72,BANK OF CHINA (BRASIL) BANCO MULTIPLO S.A.
254900Y6AXA86G5ASI55,交通財務有限公司
254900Y6DFIZ8ZX7WY93,Wise Wolves Finance Ltd
254900Y8NKGV541U8Q32,Federal Reserve Bank of New York
254900Y8OQY3L446ID31,ECOBANK RWANDA PLC
254900Y8S03SVOEXXP61,Meezan Bank Limited
254900Y9LEVE5WQH3Z24,G.U.S. Investments OÜ
254900YA3XJDMLPGVR06,"Mairs and Power, Inc."
254900YAEH45ZUQ3XI14,O‘zbekiston Republikasi aksiyadorlik tijorat Xalq banki
254900YAUAIZ0ANWZ025,Banque De Credit National SAL
254900YBJPASOJ076244,PRIMECAP Management Company
254900YCYOJ4LMANGM55,"MILLER/HOWARD INVESTMENTS, INC."
254900YD3H1XUACLCK84,Qtron Investments LLC
254900YETXNVD14PJP08,Access Bank (Ghana) PLC
254900YF5DBZQP7W6T15,DT & T CORPORATION LTD
254900YFQ7O48F142M30,FIRST BROKERS SECURITIES LLC
254900YGOYYWQAIZCI33,DiPocket UAB
254900YHIYL96MQAN669,First National Bank Botswana Limited
254900YJ0IVCJF1CIA62,MAZI ASSET MANAGEMENT
254900YJ0OY68HYDMQ61,ACCIONES Y VALORES S.A COMISIONISTA DE BOLSА
254900YJCQ391O8UQ071,"SUSTAINABLE GROWTH ADVISERS, LP"
254900YK7QJM2ZYL7Q15,"Rural Bank of Solano (N.V.), Inc."
254900YKSWZSF5PW9587,National Development Bank PLC
254900YLQBQNWLGKOI74,"Industrial and Commercial Bank of China USA, National Association"
254900YM7TWBUNTJSK37,SHARE INVEST S.A.
254900YMLYQ7JQGVSR28,"1607 Capital Partners, LLC"
254900YMXV4QE5B5DS69,"Bancamiga Banco Universal, C.A."
254900YOCD5JASYHPN24,AGINCOURT CAPITAL MANAGEMENT LLC
254900YOL2GZB0NJCS61,CBH GRAIN PTY LTD
254900YP4QOI3880UZ56,Echelon Wealth Partners Inc.
254900YPIEKHPTLH5D83,Banque Heritage (Uruguay) S.A.
254900YPVZXJCMTIN552,Ngân hàng TMCP Đông Nam Á
254900YRC13GGERHVR90,Barclay Investments LLC
254900YRMOP9CT1AV626,MONEX EUROPA SL
254900YRPGU0HDUHB740,Remeeta Limited
254900YT7IGO1PQOQ073,"MOZRT, INC."
254900YTXW3SC3FBPV33,UPHOLD SECURITIES INC.
254900YU4JXL8FJN1F96,PT.Bank Woori Saudara Indonesia 1906 Tbk
254900YUMD4CG5TD3D77,"COHEN & COMPANY SECURITIES, LLC"
254900YV0O58MHFPZV28,Generations Bank
254900YV5FRBVCBKV266,MMG BANK & TRUST LTD.
254900YVGU26JCGZZC63,"AB ""Mano Bankas"""
254900YVN106YAO74204,Public Mutual Berhad
254900YVPIGS9VDRZ124,บริษัท หลักทรัพย์ เอเซีย พลัส จำกัด
254900YW5EMDQZCSVF25,Payoneer Inc.
254900YWW595WMX0EF72,NEXOR (BAHAMAS) LTD.
254900YY2P0TIC394P65,PT DBS Vickers Sekuritas Indonesia
254900YY4H6ZAAKG3X82,"Banco de la Producción, S.A."
254900YY8IQK41QDLZ95,Advantage Federal Credit Union
254900YYC30IN93TIR15,"CHANNING CAPITAL MANAGEMENT, LLC"
254900YYOWJ536R87582,Freetrade Europa AB
254900Z1GV5NBZ96KU09,ECOBANK CAMEROUN SA
254900Z1PS8M3KMQC959,"Grandeur Peak Global Advisors, LLC"
254900Z3X5148CZE7426,JB Securities (Private) Ltd
254900Z5KFYRM7Z7QL63,Galileo Global Education Operations
254900Z6ICRM1U99KW83,Acuity Securities Limited
254900Z733MKC5S81503,"KDP Asset Management, Inc."
254900Z81OTX2VE3Z081,DFCC Bank PLC
254900Z9W73B09K4IV14,Barita Investments Limited
254900ZBK50B4Y36MJ33,"LeveL Markets, LLC"
254900ZBUQB30JETT713,Canopy Investors Pty Ltd
254900ZHD9TT9YJNZ950,"United HealthCare Services, Inc."
254900ZIK4MLVQAWLS15,"Northland Securities, Inc."
254900ZIKDU2ZNH9II52,"CE INVESTMENT MANAGEMENT, LLC"
254900ZINNDE0MG0EL48,Tellco Bank AG
254900ZJAPW03APJLK09,AIA PENSION AND ASSET MANAGEMENT SDN. BHD.
254900ZJBMAJVDFOUA08,IRAQI ISLAMIC BANK FOR INVESTMENT AND DEVELOPMENT
254900ZJG39H1CAH6K02,NEW ZEALAND LOCAL GOVERNMENT FUNDING AGENCY LIMITED
254900ZKNXKF6X48BO43,Pacific Alliance Investment Management (HK) Limited
254900ZKUGDRQBO9MT80,SOUTHEAST BANK PLC.
254900ZLDTOLZKZV1L69,TERRA PAYMENT SERVICES SOUTH AFRICA (RF)
254900ZLLJT544BDMF51,"BANCO FICOHSA (PANAMA), S.A."
254900ZM7DDFFP0PED91,AFFIN ISLAMIC BANK BERHAD
254900ZNFT68JR9KGI39,Ecobank Liberia Limited
254900ZNLBE9V2YDDJ29,JD GLOBAL TRADING PTY LTD
254900ZNPYV465D1NZ47,SANDERS MORRIS LLC
254900ZOWA0AIY0S1U80,EBANG FINANCIAL SERVICES LIMITED
254900ZOYULOJ1V1KD30,Camara De Riesgo Central De Contraparte De Colombia S.A.
254900ZQL1EV2DX00Q42,Ecobank Ghana PLC
254900ZQNTQPRR3WFS97,Sharjah Islamic Bank
254900ZRL1ESF8D3E374,Ngân Hàng Thương Mại Cổ Phần Phương Đông
254900ZSMCNPCTEENA05,"אלטשולר שחם פיננשייל סרביסס בע""מ"
254900ZSO0IPC7WB7I79,"Bakkt Clearing, LLC"
254900ZSTA35MD5T8685,Tell AG
254900ZU77XNXAT12S09,BANCA AGRICOLA COMMERCIALE ISTITUTO BANCARIO SAMMARINESE
254900ZUTTSO3S2FMX09,بنك الشمول للتمويل الأصغر الإسلامي
254900ZUZBPFM4BQH847,REC Solar Pte. Ltd.
254900ZVFVXSGR01W972,SOCIETE TUNISIENNE DE BANQUE
254900ZVJ7X5FOMDXV92,SP REAL ESTATE HOLDINGS PTE. LTD.
254900ZXPJ8NDEYV2777,PT BANK RAKYAT INDONESIA (PERSERO) TBK SINGAPORE BRANCH
254900ZY2R9BTDHOAR90,STANDARD LESOTHO BANK LTD
254900ZY7JQZ22I95Y76,TERRA INVESTIMENTOS DISTRIBUIDORA DE TITULOS E VALORES MOBILIARIOS LTDA
254900ZYVQ1FL3LQKP90,SODITIC FINANCIAL SERVICES LTD
254900ZZM79Z7FFKW251,Crowdestate AS
2572IBTT8CCZW6AU4141,THE PROCTER & GAMBLE COMPANY
2594000FTEG0GNQL1X84,PKO TOWARZYSTWO FUNDUSZY INWESTYCYJNYCH SPÓŁKA AKCYJNA
2594000K576D5CQXI987,KDPW_CCP SPÓŁKA AKCYJNA
2594000ZNGGQZXZKXH36,VELOBANK SPÓŁKA AKCYJNA
259400191XWI5N03J972,Bank Spółdzielczy w Głownie
2594001BTZCM0OHOY910,BANK SPÓŁDZIELCZY W IŁOWIE
25940022N53M9NJ1VB35,Bank Spółdzielczy w Białobrzegach
2594002335NTCVY5OF33,BANK SPÓŁDZIELCZY W GLINOJECKU
25940027QWS5GMO74O03,EURORATING SPÓŁKA Z OGRANICZONĄ ODPOWIEDZIALNOŚCIĄ
2594002TBI8IM9JEBT50,BANK SPÓŁDZIELCZY W SOKOŁACH
25940039ZHD3Z37GKR71,GIEŁDA PAPIERÓW WARTOŚCIOWYCH W WARSZAWIE SPÓŁKA AKCYJNA
2594003MRRL1L5OVRZ44,DOM MAKLERSKI BANKU OCHRONY ŚRODOWISKA SPÓŁKA AKCYJNA
2594004T9A1XU3MELU71,DOM INWESTYCYJNY XELION SPÓŁKA Z OGRANICZONĄ ODPOWIEDZIALNOŚCIĄ
2594004XQ58NIEX1Y444,BURSA ROMANA DE MARFURI (ROMANIAN COMMODITIES EXCHANGE) SA
2594005DWR6R7ULCFU68,CASA ROMÂNĂ DE COMPENSATIE SA
2594005N4LFC0QUA3H49,POWIATOWY BANK SPÓŁDZIELCZY W KĘDZIERZYNIE-KOŹLU
2594005QE1H6XMJT7146,CASA DE COMPENSARE BUCURESTI
2594005XWI4JASCBR023,BANK SPÓŁDZIELCZY W GĄBINIE
2594005YG8I5B4I13B17,BANK SPÓŁDZIELCZY W DZIAŁDOWIE Z SIEDZIBĄ W LIDZBARKU
25940063825O2HW2DW43,KDB BANK EURÓPA ZRT.
2594006G5AW3PX0GET92,ING BANK HIPOTECZNY SPÓŁKA AKCYJNA
2594006NSRRSXP5DNI15,РЕАЛ ФИНАНС
2594007D3XAYS31S4D59,BANK SPÓŁDZIELCZY ZIEMI ŁOWICKIEJ W ŁOWICZU
2594007U1UD2WFTX3635,PEKAO INVESTMENT BANKING SPÓŁKA AKCYJNA
2594007WQYNVJHL57U42,ROMCAPITAL SA
2594008O0S30HMY1EO22,Equity Invest SA
2594008XSRT2M3U9SE13,CURRENCY ONE SPÓŁKA AKCYJNA
2594009ODYQDRTPJZX06,BANK SPÓŁDZIELCZY W ŁAPACH
2594009OZZQZDNQS0M10,КАРОЛ
2594009RV746A68X4G95,WSCHODNI BANK SPÓŁDZIELCZY W CHEŁMIE
2594009SGPZ06DDI7G51,BANK SPÓŁDZIELCZY W WĄSEWIE
259400A8SZP10GB5IB19,JERÓNIMO MARTINS SGPS SA
259400AC7KVMM4JB2376,BANK SPÓŁDZIELCZY W CHYNOWIE
259400AJMALVL0VN8E66,BANK SPÓŁDZIELCZY W KADZIDLE
259400ALN6AM4REPEA16,PKO BANK HIPOTECZNY SPÓŁKA AKCYJNA
259400AVUPSABLEXNT19,XTB SPÓŁKA AKCYJNA
259400AW6TT2D0U70166,Bank Spółdzielczy w Opocznie
259400BCOV9JJIGLYF05,BANK GOSPODARSTWA KRAJOWEGO
259400BILZFH923Q1N56,WARMIŃSKO-MAZURSKI BANK SPÓŁDZIELCZY
259400BJ4MKJCPLXLN98,INTERFINBROK CORPORATION SA
259400BW9ECLZDX3Y321,Bank Spółdzielczy w Malborku
259400BX0JB4WFBARF57,MBANK HIPOTECZNY SPÓŁKA AKCYJNA
259400CNE07XXF17VJ03,DNB BANK POLSKA SPÓŁKA AKCYJNA
259400CWQ1D4C4Q73J14,Mercurius Dom Maklerski sp. z o.o.
259400DA361ILAP57Y45,PODKARPACKI BANK SPÓŁDZIELCZY W UPADŁOŚCI
259400DAAAR5M4A6SI23,BANK POCZTOWY SPÓŁKA AKCYJNA
259400DY5ILV4W6XH571,Łódzki Bank Spółdzielczy
259400DZXF7UJKK2AY35,mBank Spółka Akcyjna
259400E0JVBC6MI4WQ48,BANK SPÓŁDZIELCZY W ŻUROMINIE
259400ED3RMQ05YM5O41,PREVINET - SERVIZI PER LA PREVIDENZA S.P.A.
259400EYIH7IBJJ8YF42,ING TOWARZYSTWO FUNDUSZY INWESTYCYJNYCH SPÓŁKA AKCYJNA
259400EZFNJHQ6GIGB75,FENIGE SPÓŁKA AKCYJNA
259400F1KB7593T7VN58,PROGRESSIO S.A.
259400F669WGVYGLHT55,"""POCZTA POLSKA SPÓŁKA AKCYJNA"""
259400FCAUNEOH3SFZ61,SWISS CAPITAL SA
259400FHBHPI1FCNFR58,BANK SPÓŁDZIELCZY IM.STEFCZYKA W BELSKU DUŻYM
259400FRIRYJM5ZYQZ74,Kurpiowski Bank Spółdzielczy w Myszyńcu
259400FVEQRI4DIICU28,Caspar Asset Management Spółka Akcyjna
259400G31J7HX5OS9Z94,BANK SPÓŁDZIELCZY W BIAŁYMSTOKU
259400GZKACLCASLRW25,Krakowski Bank Spółdzielczy
259400HDEOLMZRULAI41,CREDIT AGRICOLE BANK POLSKA SPÓŁKA AKCYJNA
259400I31U5TVXF4UQ73,"""STOCK POLSKA"" SPÓŁKA Z OGRANICZONĄ ODPOWIEDZIALNOŚCIĄ"
259400I8NWT7IMGSJ321,Bank Spółdzielczy w Goworowie
259400I8YOW5HPO1QY82,DOM MAKLERSKI BDM SPÓŁKA AKCYJNA
259400IETGMVXW6L0G89,BANK SPÓŁDZIELCZY W BYDGOSZCZY
259400IUQZHB2GOLIV25,"""AMICA SPÓŁKA AKCYJNA"""
259400J29BSMFJW9RP24,BANK SPÓŁDZIELCZY W HALINOWIE
259400J7MDXZDMLENY97,UNICREDIT S.A. SPÓŁKA AKCYJNA ODDZIAŁ W POLSCE
259400JC0ITDQTZJ3Y65,ACE EUROPE SPÓŁKA Z OGRANICZONĄ ODPOWIEDZIALNOŚCIĄ
259400JFR7QD2X5HXD67,TRADEVILLE SA
259400JGZ4O6KXCGO285,NWAI DOM MAKLERSKI SPÓŁKA AKCYJNA
259400JOOBZ4GCU6V342,BANK SPÓŁDZIELCZY W TARNOBRZEGU
259400JP02FIWJVBWH48,"""VIENNA LIFE TOWARZYSTWO UBEZPIECZEŃ NA ŻYCIE SPÓŁKA AKCYJNA VIENNA INSURANCE GROUP"""
259400JRGT6UQSI02J80,BANK SPÓŁDZIELCZY W SKARYSZEWIE
259400K0QCLG8UXWB162,Bank Spółdzielczy w Hajnówce
259400K5R6KOEGFSQJ45,BANK SPÓŁDZIELCZY W MŁAWIE
259400KHEEBGKEJCP506,BANK SPÓŁDZIELCZY W PRZEDBORZU
259400L03ZTD1W99FZ91,BANK SPÓŁDZIELCZY W BRODNICY
259400L1MWE7P8LR2418,Bank Spółdzielczy w Czersku
259400L3KBYEVNHEJF55,Krajowy Depozyt Papierów Wartościowych S.A.
259400LDHCIRO9T72M22,Vestor Dom Maklerski S.A.
259400LGXW3K0GDAG361,ERSTE BANK POLSKA SPÓŁKA AKCYJNA
259400MA6ADUBVHECB66,CARPATICA INVEST SA
259400MFNSTPA9SDTH70,BANK SPÓŁDZIELCZY W WARCE
259400MJ48S72N0EMG33,BANK SPÓŁDZIELCZY W PRZYSUSZE
259400MNY7R96RDF7F87,Powiatowy Bank Spółdzielczy w Tomaszowie Mazowieckim
259400MU7TB4OGIXN894,BANK SPÓŁDZIELCZY W LIPSKU
259400MZ26PMTB5ZSQ73,КАРОЛ КАПИТАЛ МЕНИДЖМЪНТ
259400N28EKSTIFFCL55,BONDSPOT SPÓŁKA AKCYJNA
259400NPBG6ZAWRHTU11,Bank Spółdzielczy w Raciążu
259400NVS1KN82U4J717,PLUS BANK SPÓŁKA AKCYJNA
259400O67Y8R0XUKE191,"""ERSTE SECURITIES POLSKA"" SPÓŁKA AKCYJNA"
259400OFDZ9KPZEO8K78,BANK MILLENNIUM SPÓŁKA AKCYJNA
259400OURO5AU298XT65,DOM MAKLERSKI NAVIGATOR SPÓŁKA AKCYJNA
259400P1CLYFAE7CCZ78,BANK SPÓŁDZIELCZY W BRAŃSKU
259400P3FVPVVDYIEK18,MILLENNIUM CONSULTING SPÓŁKA AKCYJNA
259400P9K73EP4XNK437,UAB Axiology DLT
259400P9KF07OP2K5P83,SGB-BANK SPÓŁKA AKCYJNA
259400PDGP8C4GDDOS81,XONO SPÓŁKA Z OGRANICZONĄ ODPOWIEDZIALNOŚCIĄ
259400PF71F1PEA67C70,Express Bank Spółdzielczy
259400PR69S1534F5L77,OPERA SPÓŁKA Z OGRANICZONĄ ODPOWIEDZIALNOŚCIĄ
259400QDEXS78CE2EV22,"Crius LT, UAB"
259400QHDOZWMJ103294,ALIOR BANK SPÓŁKA AKCYJNA
259400QHG4C6452WLF35,IPOPEMA SECURITIES SPÓŁKA AKCYJNA
259400RAOM21WEVKS140,OANDA TMS BROKERS SPÓŁKA AKCYJNA
259400RXE3PY1ICKHL88,"Bank Spółdzielczy ""Wspólna Praca"" w Kutnie"
259400SGLXKVRKOUKF65,XTB LIMITED
259400SKTDDROKYI3Y90,DUKASCOPY EUROPE IBS AS
259400SNZIJ9K27LB257,BANK SPÓŁDZIELCZY ZIEMI ŁĘCZYCKIEJ W ŁĘCZYCY
259400SUBF5EPOGK0983,INC RATING SPÓŁKA Z OGRANICZONĄ ODPOWIEDZIALNOŚCIĄ
259400T2RE7M1W3EPP16,BANK SPÓŁDZIELCZY W GRUDUSKU
259400TWU2Q4W4OEDJ19,ONE MONEY MAIL LIMITED
259400TWXJACJJUE7494,PROSERVICE FINTECO SPÓŁKA Z OGRANICZONĄ ODPOWIEDZIALNOŚCIĄ
259400UB1DGSK7SCP470,АЛИАНЦ БАНК БЪЛГАРИЯ
259400UHWHKXI8GCHA43,BANK SPÓŁDZIELCZY W ZWOLENIU
259400UJST0CK9Z0KA73,GOLDEN BROKER - EMPRESA DE INVESTIMENTO S.A.
259400USO5OGU7UO2U17,TRIGON DOM MAKLERSKI SPÓŁKA AKCYJNA
259400USUZO9XGJ4FN37,Południowo-Mazowiecki Bank Spółdzielczy w Jedlińsku
259400V0TBWTQZXEF407,BANK SPÓŁDZIELCZY W GRÓJCU
259400V3BXDA15ACJ896,BANK SPÓŁDZIELCZY RZEMIOSŁA W KRAKOWIE
259400VHAKZC5O7ZP732,IBK BANK POLSKA SPÓŁKA AKCYJNA
259400VTKLYLT4ZU6I57,BANK NOWY SPÓŁKA AKCYJNA
259400VVEV6FO552T362,BANK SPÓŁDZIELCZY W PIONKACH
259400WHAQRDM192X083,IFB FINWEST SA
259400WNAOMT2E4OIS38,Nest Bank Spółka Akcyjna
259400WNOCLO8GVX7H78,Bank Spółdzielczy w Starej Białej
259400WNWSDRYM87YQ43,IDM SPÓŁKA AKCYJNA
259400X37OH677DIWO81,Bank Spółdzielczy w Nasielsku
259400XDIGGTAOYWLH74,KRAJOWA SPÓŁDZIELCZA KASA OSZCZĘDNOŚCIOWO-KREDYTOWA
259400XGRS61EXX6OY06,BRANIEWSKO-PASŁĘCKI BANK SPÓŁDZIELCZY Z SIEDZIBĄ W PASŁĘKU
259400XMADFBWNS6OM54,PEKAO BANK HIPOTECZNY SPÓŁKA AKCYJNA
259400XUQG8OT58F7B61,INTERCAPITAL INVEST SA
259400Y388IR8OBWIR37,GOLDRING SA
259400YBU9I4GGIGZ712,IGORIA TRADE SPÓŁKA AKCYJNA
259400YE9CCQBVY41L71,"MAGNETIQ BANK, AS"
259400YLRTOBISHBVX41,ING BANK ŚLĄSKI SPÓŁKA AKCYJNA
259400YRY78F8IFJ3035,КОМПАС ИНВЕСТ
259400YVPJENN4N0UL82,Igson Capital AG
259400Z7GR9BGSPPE298,"""DOM MAKLERSKI BANKU BPS"" SPÓŁKA AKCYJNA W LIKWIDACJI"
259400ZN0MA4RV4NUG44,ESTINVEST SA
259400ZN1AYG1PHGZF80,Żuławski Bank Spółdzielczy
259400ZPC21X22UK2J44,TOYOTA BANK POLSKA SPÓŁKA AKCYJNA
259400ZWXXPPHAVL7T97,BANK SPÓŁDZIELCZY W PUŁTUSKU
2617008FV86BTKAECX26,ORD MINNETT LIMITED
261700940X0QTYN20828,PENGANA CAPITAL LTD
261700BS5TBCO1QZTM95,AUSTRALIAN UNITY BANK LIMITED
261700JDCORGI3NZ4G11,ISIGNTHIS LTD
261700JSQJSBGJLHAK44,NEWCASTLE GREATER MUTUAL GROUP LTD
27632G6O0L6ZF8M2Y992,UNITED BANK LIMITED
27633OTAF8526CAHL637,HSBC BANK MIDDLE EAST LIMITED
276345HYMX591FE8F735,STANDARD CHARTERED BANK
276376SDRVXREI1OYG60,QatarEnergy LNG
27638CCN3VO5C1FBE839,شركة قطر لصناعة الالمنيوم
2763NLQLXUEYYXDUAV36,مسيعيد للبتروكيماويات القابضة
2763TSAJ0VP4CVMFM028,BNP PARIBAS
2763V41F24BFUPE7US80,QATAR CENTRAL SECURITIES DEPOSITORY
2763VMZBX2UXKHWXC219,QATAR DEVELOPMENT BANK
2763XI5XJWWC6GNHAZ54,ARAB BANK PLC
2763YQG8WJKP6TR4X305,MASHREQ BANK
29C7VLB4JHJG5S6I8Q07,CAPULA TAIL RISK MASTER FUND LIMITED
29DX7H14B9S6O3FD6V18,COSTCO WHOLESALE CORPORATION
2BIX7481YGGUUDUCU943,JPMORGAN CHASE FUNDING INC.
2CZOJRADNJXBLT55G526,汇丰银行（中国）有限公司
2DVKF3E9IHIO1BZTN664,"PANAGORA ASSET MANAGEMENT, INC."
2EQWV0180Z211YVAD813,KEYBANC CAPITAL MARKETS INC.
2EULGUTUI56JI9SAL165,ArcelorMittal
2G5BKIC2CB69PRJH1W31,BARCLAYS BANK IRELAND PUBLIC LIMITED COMPANY
2HI3YI5320L3RW6NJ957,HONGKONG AND SHANGHAI BANKING CORPORATION LIMITED -THE-
2I8LP0RLR14D1X6W0P51,"Schaumburg Bank & Trust Company, National Association"
2IGI19DL77OX0HC3ZE78,Canadian Imperial Bank of Commerce
2IP9ARVJ8T83VNCQ2L23,DFC Global Corp.
2JBBQFJOL123LOUBE657,CHIMERA INVESTMENT CORPORATION
2JJF46RULNMN5RTBEC18,ALLIANCE BANK MALAYSIA BERHAD
2MJMCR9C7ZWXVW4GPV66,Commonwealth Opportunity Capital GP LLC
2RTSLGQ89VMY18RHX631,"The Manitowoc Company, Inc."
2SFFM4FUIE05S37WFU55,BANCO NACIONAL DE MEXICO SA
2TGYMUGI08PO8X8L6150,"General Mills, Inc."
2TV5CTDU7ZDMT8HL5F58,NATIONAL BANK OF EGYPT (UK) LIMITED
2UJ7UCODLP81OZAZ1C45,"HAVENS PARTNERS ENHANCED FUND, L.P."
2W8N8UU78PMDQKZENC08,INTESA SANPAOLO SPA
2WHM8VNJH63UN14OL754,The Huntington National Bank
2Z7LGN9CRR5I5UEPSJ79,Sächsische Aufbaubank - Förderbank -
2ZCNRR8UK83OBTEK2170,UniCredit Bank GmbH
2ZO0J727TSVMDJUET355,"CORECOMMODITY MANAGEMENT, LLC"
2ZQTMYGDRJZ57CRSPU33,BNY MELLON INVESTMENT MANAGEMENT AUSTRALIA LTD
3003000307H131000032,南洋商业银行（中国）有限公司
30030005BUDJG2EJ1B35,景德镇农村商业银行股份有限公司
3003000D2JSBRBC3LA90,厦门农村商业银行股份有限公司
3003000ELUQORSB44585,广州银行股份有限公司
3003000F11D51PUQ8M59,天津农村商业银行股份有限公司
3003000PHV10Y5NUR125,昆明市五华区农村信用合作联社
3003000T24CMHQ382Y71,杭州海康威视数字技术股份有限公司
3003000UZDNVO71NJR95,宁波象山农村商业银行股份有限公司
3003000Z8JH9WIF00W61,马来西亚马来亚银行有限公司上海分行
30030011VZSE9K4UUW54,广州农村商业银行股份有限公司
30030019C1IYXNQV8E70,哈尔滨农村商业银行股份有限公司
3003001TFFEL8VJOI488,浙江苍南农村商业银行股份有限公司
3003001TT6WMDVNHK013,長江證券經紀(香港)有限公司
30030024N040EZ8BH717,欧亚投资银行
3003002542BM11HOSO13,茂宸證劵有限公司
30030028OJKB56K1LV05,中金汇理商业保理 (新加坡）有限公司
300300290ZANE1RY2Q42,湖南浏阳农村商业银行股份有限公司
3003002H8WM2EO2GX880,中融国际期货有限公司
3003002HONWAN7VQSV18,重庆三峡银行股份有限公司
3003002I50K4WND3A235,招商基金管理有限公司
3003002R14S1JYKIDY35,天風國際證券與期貨有限公司
3003002SLYVOHF4HGM92,北欧银行瑞典有限公司上海分行
3003002TROKQ45Q3FL78,英国巴克莱银行有限公司上海分行
3003002YUCPVE0O31F37,马来西亚马来亚银行有限公司昆明分行
30030030JPOKGL9K5418,成都银行股份有限公司
30030032YL7NVEV3I935,GeoSwift Solution Limited
30030034Y5RLO3L5WS40,华泰柏瑞基金管理有限公司
30030036G9NCM6433161,耿马傣族佤族自治县农村信用合作联社
30030037RFQWUFQG0Y77,中国工商银行（澳门）股份有限公司
3003003AE3BQIIBGOD21,耀才期貨及商品有限公司
3003003IRW6SZBF1PB90,中央国债登记结算有限责任公司
3003003NOCO4Y8BY8C48,浙江民泰商业银行股份有限公司
3003003S7J37T2AFF182,浙江绍兴瑞丰农村商业银行股份有限公司
3003003TRPHLHZD2IF61,美的集团股份有限公司
3003003V3B3GCCAX5M02,浙江文成农村商业银行股份有限公司
3003003VE4Z3W8VKY342,光大保德信基金管理有限公司
3003003Z4G36LLS7M554,GOBABA LIMITED
30030041W3VB0Z90H567,招商永隆银行有限公司广州分行
3003004FBGVVG1CW5U45,中兴通讯股份有限公司
3003004G549XOE7NGZ85,浙江海宁农村商业银行股份有限公司
3003004H5O0W502CUL73,南方基金管理股份有限公司
3003004MLSZBW7NJIN74,友利银行（中国）有限公司
30030056P5BEUFIKLS38,澳門國際銀行股份有限公司
30030056PB7Y7HMHVN58,中信银行国际（中国）有限公司
3003005DYVWS7P5JF437,宁夏银行股份有限公司
3003005GSDIB3CZDHR07,中广核华盛投资有限公司
3003005KFELAECNVLS80,北京证券有限责任公司
3003005N60MX1C6PHV30,富国基金管理有限公司
3003005S8Q604VP1TG80,延锋国际汽车技术有限公司
3003005SAUWVSUEF0T77,湖南星沙农村商业银行股份有限公司
3003005SSXDFBLMP1P26,云南玉溪红塔农村商业银行股份有限公司
3003005YJ284V411SQ10,广发证券资产管理（广东）有限公司
30030060IEIMX476KH87,招商证券股份有限公司
300300631H57L451WO11,光大证券股份有限公司
30030065UKRFUZRPGQ21,山东诸城农村商业银行股份有限公司
30030066RI8M5XGWBG98,韩国爱恩银行股份有限公司上海分行
3003006ATBC7C6VO8X76,浙江温州龙湾农村商业银行股份有限公司
3003006CDEBNKXHOI130,中信建投证券股份有限公司
3003006CJLCA4YV6DX47,Yuanta Securities (Hong Kong) Company Limited
3003006P7U6XMWQ1H258,宝钢集团财务有限责任公司
3003007AJ8LJ816EZ692,营口银行股份有限公司
3003007E0Y3ZJ5HNA936,广发证券股份有限公司
3003007E9G154XL2PS13,中银国际证券股份有限公司
3003007F2CGOLPDQT925,景顺长城基金管理有限公司
3003007JPAQIS8RMSS48,大成基金管理有限公司
3003007QS1OT7X161B47,太平資產管理(香港)有限公司
3003007UQ1S6WVGGJD88,浙江桐乡农村商业银行股份有限公司
3003007Y03W5HH1MXR96,興業銀行股份有限公司香港分行
300300817QQX56A0XS78,LUK FOOK SECURITIES (HK) LIMITED
30030081FA1ZU83C0D61,SDIC Securities (Hong Kong) Limited
3003008B22YZKX7SAZ89,工银瑞信基金管理有限公司
3003008CSN4NOK4PMA14,山东寿光农村商业银行股份有限公司
3003008EUC0O6VTK7J06,富邦證券(香港)有限公司
3003008GJL4F1TTACV55,中化国际（控股）股份有限公司
3003008KA897FJO7TF49,华安基金管理有限公司
3003008MMC7OMKTV9D62,Algorithmic Trading Group (ATG) Limited
300300901VEJMB37RA93,中国人民银行清算总中心
30030095DC51EZVB4925,EMPEROR FUTURES LIMITED
3003009ABT0UCWO79Q77,华泰证券股份有限公司
3003009BLGRRBA4K8M15,中国外汇交易中心（全国银行间同业拆借中心）
3003009JMTFJKXRCJ022,乐山市商业银行股份有限公司
3003009L1QD3156EY682,兆丰国际商业银行股份有限公司苏州分行
3003009PR9XSPGI87W13,华宝基金管理有限公司
3003009SKP2XN2A3MQ09,中银基金管理有限公司
3003009WKIZA10JAOI89,佛山农村商业银行股份有限公司
3003009XFIA6FA2S0X22,國金證券(香港)有限公司
3003009Y7ILKO6GSVO85,台湾中小企业银行股份有限公司上海分行
300300AKNDEHIGVDZW37,华夏银行股份有限公司
300300AN1RVO5EYR1V25,中泰國際證券有限公司
300300AO8L8U0W5HKE42,日本山口银行股份有限公司大连分行
300300ASHV5MH3GQY470,中国投资有限责任公司
300300B0420H22010009,吉林德惠农村商业银行股份有限公司
300300B1105H24503003,桂林银行股份有限公司
300300C1020111000029,国家开发银行
300300C1020211000045,中国进出口银行
300300C1020311000158,中国农业发展银行
300300C1030211000384,中信银行股份有限公司
300300C1030935001303,兴业银行股份有限公司
300300C1031031001330,上海浦东发展银行股份有限公司
300300C1031633000208,浙商银行股份有限公司
300300C1040311005298,中国邮政储蓄银行股份有限公司
300300C1050231004984,东亚银行（中国）有限公司
300300C1050744000057,创兴银行有限公司广州分行
300300C1051144000024,上海商业银行有限公司深圳分行
300300C1051244000040,招商永隆银行有限公司深圳分行
300300C1051344000056,大新银行(中国)有限公司
300300C1053231000032,美国银行有限公司上海分行
300300C1056131000011,三菱日联银行（中国）有限公司
300300C1056431000059,瑞穗银行（中国）有限公司
300300C1056537000010,日本山口银行股份有限公司青岛分行
300300C1059612005061,企业银行（中国）有限公司
300300C1059711000060,韩亚银行（中国）有限公司
300300C1063131000064,盘谷银行（中国）有限公司
300300C1063344000036,开泰银行（中国）有限公司
300300C1068231000007,瑞典北欧斯安银行有限公司上海分行
300300C1069331000086,东方汇理银行（中国）有限公司
300300C1073231000031,意大利联合圣保罗银行股份有限公司上海分行
300300C1077335009988,新联商业银行
300300C1077531000040,华美银行（中国）有限公司
300300C1078135000028,厦门国际银行股份有限公司
300300C1079151000047,泸州银行股份有限公司
300300C1079451000095,长城华西银行股份有限公司
300300C1079551000014,绵阳市商业银行股份有限公司
300300C1079651000030,四川天府银行股份有限公司
300300C1080211000042,北京银行股份有限公司
300300C1080312000031,天津银行股份有限公司
300300C1080434000035,徽商银行股份有限公司
300300C1080552000050,贵阳银行股份有限公司
300300C1080921000078,盛京银行股份有限公司
300300C1081021000094,大连银行股份有限公司
300300C1081221000029,抚顺银行股份有限公司
300300C1081621000093,阜新银行股份有限公司
300300C1082021000060,朝阳银行股份有限公司
300300C1082121000076,葫芦岛银行股份有限公司
300300C1082235000005,福建海峡银行股份有限公司
300300C1082335000021,泉州银行股份有限公司
300300C1082435000037,厦门银行股份有限公司
300300C1082562000003,兰州银行股份有限公司
300300C1082944000068,珠海华润银行股份有限公司
300300C1083044000084,广东南粤银行股份有限公司
300300C1083144000003,东莞银行股份有限公司
300300C1083513000031,廊坊银行股份有限公司
300300C1085141000016,郑州银行股份有限公司
300300C1085523000081,哈尔滨银行股份有限公司
300300C1085642000166,汉口银行股份有限公司
300300C1086243000041,长沙银行股份有限公司
300300C1086722000009,吉林银行股份有限公司
300300C1086832000046,江苏银行股份有限公司
300300C1086932000062,南京银行股份有限公司
300300C1087136000083,九江银行股份有限公司
300300C1087336000018,赣州银行股份有限公司
300300C1087436000034,江西银行股份有限公司
300300C1087615000051,包商银行股份有限公司
300300C1088064000053,石嘴山银行股份有限公司
300300C1088137000022,齐鲁银行股份有限公司
300300C1088337000054,齐商银行股份有限公司
300300C1088513000055,河北银行股份有限公司
300300C1088613000071,唐山银行股份有限公司
300300C1088813000006,邯郸银行股份有限公司
300300C1088913000022,邢台银行股份有限公司
300300C1089113000054,张家口银行股份有限公司
300300C1089337000020,枣庄银行股份有限公司
300300C1089437000036,东营银行股份有限公司
300300C1089537000052,烟台银行股份有限公司
300300C1089637000068,潍坊银行股份有限公司
300300C1089737000084,济宁银行股份有限公司
300300C1089937000019,威海银行股份有限公司
300300C1090037000035,日照银行股份有限公司
300300C1090137000051,莱商银行股份有限公司
300300C1090237000067,临商银行股份有限公司
300300C1090414000041,晋商银行股份有限公司
300300C1091061000032,长安银行股份有限公司
300300C1091161000048,西安银行股份有限公司
300300C1091365000069,乌鲁木齐银行股份有限公司
300300C1091753000069,富滇银行股份有限公司
300300C1091853000085,曲靖市商业银行股份有限公司
300300C1092033000075,杭州银行股份有限公司
300300C1092133000091,宁波银行股份有限公司
300300C1092233000010,温州银行股份有限公司
300300C1092333000026,嘉兴银行股份有限公司
300300C1092433000042,湖州银行股份有限公司
300300C1092533000058,绍兴银行股份有限公司
300300C1092633000074,金华银行股份有限公司
300300C1092933000025,浙江泰隆商业银行股份有限公司
300300C1093363000055,青海银行股份有限公司
300300C1104311000018,北京农村商业银行股份有限公司
300300C1104912000087,天津滨海农村商业银行股份有限公司
300300C1105234000026,合肥科技农村商业银行股份有限公司
300300C1105334000042,安徽马鞍山农村商业银行股份有限公司
300300C1107935000043,福建南安农村商业银行股份有限公司
300300C1108035000059,福建晋江农村商业银行股份有限公司
300300C1108135000075,福建石狮农村商业银行股份有限公司
300300C1110945000059,广西桂林漓江农村合作银行
300300C1112213000064,河北沧州农村商业银行股份有限公司
300300C1112541000035,河南新郑农村商业银行股份有限公司
300300C1112842000056,武汉农村商业银行股份有限公司
300300C1113243000093,长沙农村商业银行股份有限公司
300300C1114022000109,长春农村商业银行股份有限公司
300300C1114122000028,吉林九台农村商业银行股份有限公司
300300C1114632000032,无锡农村商业银行股份有限公司
300300C1114732000048,江苏江阴农村商业银行股份有限公司
300300C1114932000080,江苏新沂农村商业银行股份有限公司
300300C1115032000096,江苏睢宁农村商业银行股份有限公司
300300C1115332000047,苏州银行股份有限公司
300300C1115632000095,江苏张家港农村商业银行股份有限公司
300300C1115732000014,江苏太仓农村商业银行股份有限公司
300300C1115832000030,江苏苏州农村商业银行股份有限公司
300300C1116032000062,连云港东方农村商业银行股份有限公司
300300C1116132000078,江苏灌云农村商业银行股份有限公司
300300C1116532000045,江苏大丰农村商业银行股份有限公司
300300C1116632000061,江苏射阳农村商业银行股份有限公司
300300C1116732000077,江苏仪征农村商业银行股份有限公司
300300C1117132000044,江苏泰州农村商业银行股份有限公司
300300C1117232000060,江苏靖江农村商业银行股份有限公司
300300C1117332000076,江苏兴化农村商业银行股份有限公司
300300C1117632000027,江苏泗洪农村商业银行股份有限公司
300300C1117936000064,新余农村商业银行股份有限公司
300300C1118136000096,南昌农村商业银行股份有限公司
300300C1119215000063,二连浩特农村合作银行
300300C1120037000082,山东张店农村商业银行股份有限公司
300300C1120437000049,山东广饶农村商业银行股份有限公司
300300C1120537000065,山东莱州农村商业银行股份有限公司
300300C1121237000080,山东邹平农村商业银行股份有限公司
300300C1122131000095,上海农村商业银行股份有限公司
300300C1122353000018,昆明官渡农村合作银行
300300C1122553000050,云南大理市农村商业银行股份有限公司
300300C1122733000040,杭州联合农村商业银行股份有限公司
300300C1122833000056,浙江萧山农村商业银行股份有限公司
300300C1122933000072,浙江杭州余杭农村商业银行股份有限公司
300300C1123033000088,浙江富阳农村商业银行股份有限公司
300300C1123133000007,浙江桐庐农村商业银行股份有限公司
300300C1123233000023,宁波慈溪农村商业银行股份有限公司
300300C1123333000039,宁波余姚农村商业银行股份有限公司
300300C1123433000055,宁波鄞州农村商业银行股份有限公司
300300C1123533000071,浙江温州鹿城农村商业银行股份有限公司
300300C1123733000006,浙江温州瓯海农村商业银行股份有限公司
300300C1123833000022,浙江乐清农村商业银行股份有限公司
300300C1124033000054,浙江瑞安农村商业银行股份有限公司
300300C1124233000086,浙江平湖农村商业银行股份有限公司
300300C1124333000005,浙江禾城农村商业银行股份有限公司
300300C1124433000021,湖州吴兴农村商业银行股份有限公司
300300C1124533000037,浙江南浔农村商业银行股份有限公司
300300C1124633000053,浙江德清农村商业银行股份有限公司
300300C1124733000069,浙江长兴农村商业银行股份有限公司
300300C1124933000004,浙江上虞农村商业银行股份有限公司
300300C1125033000020,浙江嵊州农村商业银行股份有限公司
300300C1125133000036,浙江新昌农村商业银行股份有限公司
300300C1125233000052,浙江诸暨农村商业银行股份有限公司
300300C1125333000068,浙江绍兴恒信农村商业银行股份有限公司
300300C1125433000084,浙江金华成泰农村商业银行股份有限公司
300300C1125533000003,浙江兰溪农村商业银行股份有限公司
300300C1125633000019,浙江义乌农村商业银行股份有限公司
300300C1125733000035,浙江台州椒江农村商业银行股份有限公司
300300C1125833000051,浙江台州黄岩农村商业银行股份有限公司
300300C1125933000067,浙江台州路桥农村商业银行股份有限公司
300300C1126033000083,浙江玉环农村商业银行股份有限公司
300300C1126233000018,浙江温岭农村商业银行股份有限公司
300300C1126433000050,浙江舟山定海海洋农村商业银行股份有限公司
300300C1126533000066,浙江舟山普陀农村商业银行股份有限公司
300300C1126633000082,浙江江山农村商业银行股份有限公司
300300C1126750000027,重庆农村商业银行股份有限公司
300300C1128141000009,许昌农村商业银行股份有限公司
300300C1128823000025,龙江银行股份有限公司
300300C1129241000088,中牟郑银村镇银行股份有限公司
300300C1129641000055,河南新县农村商业银行股份有限公司
300300C1130131000017,正信银行有限公司
300300C1131344000052,广东顺德农村商业银行股份有限公司
300300C1131444000068,东莞农村商业银行股份有限公司
300300C1131831000095,意大利西雅那银行股份有限公司上海分行
300300C1132231000062,美国富国银行有限公司上海分行
300300C1132531000013,美国纽约梅隆银行有限公司上海分行
300300C1132731000045,日本横滨银行股份有限公司上海分行
300300C1133632000065,江苏盐城农村商业银行股份有限公司
300300C1133832000097,江苏江都农村商业银行股份有限公司
300300C1133931000043,日本三井住友信托银行股份有限公司上海分行
300300C1136043000055,湖南银行股份有限公司
300300C1136231000023,西班牙桑坦德银行有限公司上海分行
300300C1137665000008,昆仑银行股份有限公司
300300C1137932000074,首都银行（中国）有限公司
300300C1138232000025,江苏邳州农村商业银行股份有限公司
300300C1138411000042,北京怀柔融兴村镇银行有限责任公司
300300C1138931000067,埃及国民银行股份公司上海分行
300300C1139033000029,浙江武义农村商业银行股份有限公司
300300C1139245000028,柳州银行股份有限公司
300300C1139332000007,江苏南通农村商业银行股份有限公司
300300C1140232000054,江苏宜兴农村商业银行股份有限公司
300300C1140553000020,泰国泰京银行大众有限公司昆明分行
300300C1141032000085,江苏如皋农村商业银行股份有限公司
300300C1141111000086,加拿大皇家银行有限公司北京分行
300300C1142031000078,国泰世华银行（中国）有限公司
300300C1144732000095,彰银商业银行有限公司
300300C1147244000074,华南商业银行股份有限公司深圳分行
300300C1152132000018,江苏姜堰农村商业银行股份有限公司
300300C1152232000034,江苏海门农村商业银行股份有限公司
300300C1152532000082,江苏海安农村商业银行股份有限公司
300300C1153833000069,浙江永康农村商业银行股份有限公司
300300C1154437000057,山东聊城润昌农村商业银行股份有限公司
300300C1154632000030,江苏建湖农村商业银行股份有限公司
300300C1155132000013,江苏扬州农村商业银行股份有限公司
300300C1158534000018,安徽无为农村商业银行股份有限公司
300300C1158611000073,美国道富银行有限公司北京分行
300300C1158932000039,江苏紫金农村商业银行股份有限公司
300300C1161535000083,福建漳州农村商业银行股份有限公司
300300C1162735000081,福建福州农村商业银行股份有限公司
300300C1166132000027,日本名古屋银行股份有限公司南通分行
300300C1169231000065,澳大利亚国民银行有限公司上海分行
300300C1170944000083,广东华兴银行股份有限公司
300300C1172637000059,山东威海农村商业银行股份有限公司
300300C1172932000048,江苏丹阳农村商业银行股份有限公司
300300C1174531000040,印度尼西亚曼底利银行有限责任公司上海分行
300300C1175662000058,甘肃银行股份有限公司
300300C1178844000086,广东南海农村商业银行股份有限公司
300300C1180214000053,山西灵石农村商业银行股份有限公司
300300C1181236000007,吉安农村商业银行股份有限公司
300300C1185632000043,江苏高淳农村商业银行股份有限公司
300300C1186235000058,福建龙岩农村商业银行股份有限公司
300300C1186514000091,山西寿阳农村商业银行股份有限公司
300300C1187333000191,宁波东海银行股份有限公司
300300C1189031000032,中国信托商业银行股份有限公司上海分行
300300C1189132000021,江苏淮安农村商业银行股份有限公司
300300C1191732000049,江苏盱眙农村商业银行股份有限公司
300300C1194032000029,江苏启东农村商业银行股份有限公司
300300C1194637000087,青岛农村商业银行股份有限公司
300300C1196111000059,北京门头沟珠江村镇银行股份有限公司
300300C1197637000082,青岛城阳珠江村镇银行股份有限公司
300300C1198032000087,江苏如东农村商业银行股份有限公司
300300C1198537000032,山东龙口农村商业银行股份有限公司
300300C1198737000064,山东利津农村商业银行股份有限公司
300300C1200237000013,潍坊农村商业银行股份有限公司
300300C1202132000064,江苏东台农村商业银行股份有限公司
300300C1203235000062,福建福清汇通农村商业银行股份有限公司
300300C1203631000040,台湾银行股份有限公司上海分行
300300C1204031000007,上海科创银行有限公司
300300C1204511000045,国民银行（中国）有限公司
300300C1205953000008,云南安宁稠州村镇银行股份有限公司
300300C1206444000040,惠州农村商业银行股份有限公司
300300C1208436000091,鹰潭农村商业银行股份有限公司
300300C1210144000050,珠海农村商业银行股份有限公司
300300C1210337000077,烟台农村商业银行股份有限公司
300300C1210952000059,贵州银行股份有限公司
300300C1211533000086,浙江临海农村商业银行股份有限公司
300300C1211837000026,韩国釜山银行股份有限公司青岛分行
300300C1213646000071,海口联合农村商业银行股份有限公司
300300C1217932000070,江苏泰兴农村商业银行股份有限公司
300300C1221637000042,山东费县农村商业银行股份有限公司
300300C1224032000076,江苏滨海农村商业银行股份有限公司
300300C1226944000022,中山农村商业银行股份有限公司
300300C1227652000015,贵州湄潭农村商业银行股份有限公司
300300C1237923000021,黑河农村商业银行股份有限公司
300300C1239614000051,山西尧都农村商业银行股份有限公司
300300C1246122000002,吉林珲春农村商业银行股份有限公司
300300C1247835000020,泉州农村商业银行股份有限公司
300300C1248815000041,巴彦淖尔河套农村商业银行股份有限公司
300300C1249533000055,宁波奉化农村商业银行股份有限公司
300300C1249633000071,宁波镇海农村商业银行股份有限公司
300300C1250531000075,马来西亚联昌银行股份有限公司上海分行
300300C1252341000093,河南许昌许都农村商业银行股份有限公司
300300C1253944000074,广东博罗农村商业银行股份有限公司
300300C1254537000068,山东五莲农村商业银行股份有限公司
300300C1255632000088,永丰银行（中国）有限公司
300300C1256037000017,山东沂水农村商业银行股份有限公司
300300C1256323000055,伊春农村商业银行股份有限公司
300300C1257441000036,河南西峡农村商业银行股份有限公司
300300C1258237000078,聊城农村商业银行股份有限公司
300300C1258741000050,河南汴京农村商业银行股份有限公司
300300C1258851000087,成都农村商业银行股份有限公司
300300C1263337000021,山东博兴农村商业银行股份有限公司
300300C1264833000078,浙江安吉农村商业银行股份有限公司
300300C1267437000095,山东禹城农村商业银行股份有限公司
300300C1267537000014,山东宁阳农村商业银行股份有限公司
300300C1268137000013,山东齐河农村商业银行股份有限公司
300300C1276641000004,河南安阳商都农村商业银行股份有限公司
300300C1277145000073,广西临桂农村商业银行股份有限公司
300300C1277541000051,河南中牟农村商业银行股份有限公司
300300C1279222000060,辽源农村商业银行股份有限公司
300300C1279937000058,山东平邑汉源村镇银行股份有限公司
300300C1281737000055,山东高唐农村商业银行股份有限公司
300300C1282945000031,广西岑溪农村商业银行股份有限公司
300300C1285737000016,菏泽农村商业银行股份有限公司
300300C1285837000032,日照岚山农村商业银行股份有限公司
300300C1289322000027,通化农村商业银行股份有限公司
300300C1290141000030,中原银行股份有限公司
300300C1290241000046,鹤壁农村商业银行股份有限公司
300300C1291245000098,广西大新农村商业银行股份有限公司
300300C1291337000039,山东庆云农村商业银行股份有限公司
300300C1295031000017,上海华瑞银行股份有限公司
300300C1296333000074,浙江东阳农村商业银行股份有限公司
300300C1296336000090,上饶农村商业银行股份有限公司
300300C1297733000007,浙江青田农村商业银行股份有限公司
300300C1298244000081,广东四会农村商业银行股份有限公司
300300C1298643000075,湖南浏阳江淮村镇银行股份有限公司
300300C1299737000025,济南农村商业银行股份有限公司
300300C1300137000089,山东阳谷农村商业银行股份有限公司
300300C1301861000004,陕西秦农农村商业银行股份有限公司
300300C1302345000031,广西龙州农村商业银行股份有限公司
300300C1302533000096,浙江网商银行股份有限公司
300300C1305542000042,湖北天门农村商业银行股份有限公司
300300C1305651000009,四川简阳农村商业银行股份有限公司
300300C1305821000075,辽宁大洼农村商业银行股份有限公司
300300C1306245000073,广西那坡农村商业银行股份有限公司
300300C1308041000081,河南兰考农村商业银行股份有限公司
300300C1308237000027,山东栖霞农村商业银行股份有限公司
300300C1309246000041,海南银行股份有限公司
300300C1310045000002,广西靖西农村商业银行股份有限公司
300300C1312245000063,广西宁明农村商业银行股份有限公司
300300C1314137000098,山东鄄城农村商业银行股份有限公司
300300C1315837000079,泰安银行股份有限公司
300300C1319843000072,湖南醴陵农村商业银行股份有限公司
300300C1320345000098,广西凭祥农村商业银行股份有限公司
300300C1322333000063,宁波宁海农村商业银行股份有限公司
300300C1322945000029,广西东兴农村商业银行股份有限公司
300300C1323614000008,山西阳曲农村商业银行股份有限公司
300300C1325437000063,日照东港农村商业银行股份有限公司
300300C1326332000051,江苏灌南农村商业银行股份有限公司
300300C1328741000095,河南新密农村商业银行股份有限公司
300300C1329537000040,山东乳山农村商业银行股份有限公司
300300C1329841000077,河南偃师农村商业银行股份有限公司
300300C1330944000075,玉山银行（中国）有限公司
300300C1331137000005,山东茌平农村商业银行股份有限公司
300300C1336941000049,河南宝丰农村商业银行股份有限公司
300300C1341037000037,山东武城农村商业银行股份有限公司
300300C1342041000089,河南巩义农村商业银行股份有限公司
300300C1344437000096,山东阳信农村商业银行股份有限公司
300300C1344837000063,山东金乡蓝海村镇银行股份有限公司
300300C1346441000017,河南永城农村商业银行股份有限公司
300300C1348937000040,山东无棣农村商业银行股份有限公司
300300C1349641000044,洛阳农村商业银行股份有限公司
300300C1352623000040,黑龙江密山农村商业银行股份有限公司
300300C1361565000039,巴基斯坦哈比银行有限责任公司乌鲁木齐分行
300300C1362743000049,湖南三湘银行股份有限公司
300300C1363053000021,云南祥云农村商业银行股份有限公司
300300C1363253000053,云南景东农村商业银行股份有限公司
300300C1363453000085,云南凤庆农村商业银行股份有限公司
300300C1363753000036,云南永胜农村商业银行股份有限公司
300300C1363953000068,云南勐腊农村商业银行股份有限公司
300300C1364953000034,云南昌宁农村商业银行股份有限公司
300300C1365153000066,云南嵩明农村商业银行股份有限公司
300300C1365353000098,云南南华农村商业银行股份有限公司
300300C1366444000032,大西洋银行股份有限公司广东自贸试验区横琴分行
300300C1366653000015,云南通海农村商业银行股份有限公司
300300C1369541000027,驻马店农村商业银行股份有限公司
300300C1369922000022,长白山农村商业银行股份有限公司
300300C1371653000039,云南弥勒农村商业银行股份有限公司
300300C1371753000055,云南河口农村商业银行股份有限公司
300300C1372533000044,浙江磐安农村商业银行股份有限公司
300300C1375144000066,澳门国际银行股份有限公司广州分行
300300C1377342000084,武汉众邦银行股份有限公司
300300C1378133000067,浙江建德农村商业银行股份有限公司
300300C1380037000069,威海蓝海银行股份有限公司
300300C1380411000059,北京中关村银行股份有限公司
300300C1380941000008,三门峡陕州农村商业银行股份有限公司
300300C1387431000057,大丰银行股份有限公司上海分行
300300C1387951000082,泸州农村商业银行股份有限公司
300300C1389011000077,中信百信银行股份有限公司
300300C1396653000062,云南宾川农村商业银行股份有限公司
300300C1396953000013,云南普洱思茅农村商业银行股份有限公司
300300C1398453000059,丽江古城农村商业银行股份有限公司
300300C1399053000058,云南玉龙农村商业银行股份有限公司
300300C1401141000039,河南镇平农村商业银行股份有限公司
300300C1403053000019,云南蒙自农村商业银行股份有限公司
300300C1403353000067,云南陇川农村商业银行股份有限公司
300300C1403453000083,云南芒市农村商业银行股份有限公司
300300C1403533000057,浙江临安农村商业银行股份有限公司
300300C1403631000030,泰国汇商银行大众有限公司上海分行
300300C1404833000071,浙江嘉善农村商业银行股份有限公司
300300C1405133000022,浙江海盐农村商业银行股份有限公司
300300C1406553000094,云南腾冲农村商业银行股份有限公司
300300C1411253000070,云南临沧临翔农村商业银行股份有限公司
300300C1412744000068,江门农村商业银行股份有限公司
300300C1414253000065,云南景洪农村商业银行股份有限公司
300300C1419644000008,广东鹤山农村商业银行股份有限公司
300300C1420845000076,广西浦北农村商业银行股份有限公司
300300C1426253000045,云南马关农村商业银行股份有限公司
300300C1432944000002,肇庆农村商业银行股份有限公司
300300C3036235000014,福建长乐农村商业银行股份有限公司
300300C3037935000092,福建龙海农村商业银行股份有限公司
300300C3054144000016,广东台山农村商业银行股份有限公司
300300C3059945000044,南宁市区农村信用合作联社
300300C3060345000011,广西宾阳农村商业银行股份有限公司
300300C3062545000072,梧州市区农村信用合作联社
300300C3066145000066,钦州市区农村信用合作联社
300300C3081013000016,沧县农村信用联社股份有限公司
300300C3131015000008,内蒙古自治区农村信用社联合社
300300C3146415000047,赤峰市红山区农村信用合作联社
300300C3195953000054,昆明市盘龙区农村信用合作联社
300300C3196053000070,昆明市西山区农村信用合作联社
300300C3196253000005,昆明市呈贡区农村信用合作联社
300300C3198553000082,峨山彝族自治县农村信用合作联社
300300C3201353000045,江城哈尼族彝族自治县农村信用合作联社
300300C3201553000077,西盟佤族自治县农村信用合作联社
300300C3202053000060,镇康县农村信用合作联社
300300C3202253000092,沧源佤族自治县农村信用合作联社
300300C3204453000056,云南文山市农村商业银行股份有限公司
300300C3205153000071,富宁县农村信用合作联社
300300C3205353000006,勐海县农村信用合作联社
300300C3207053000084,泸水市农村信用合作联社
300300C3215651000059,四川省农村信用社联合社
300300C3225935000005,福建省农村信用社联合社
300300C3240632000013,江苏省农村信用社联合社
300300C3252853000040,昆明市农村信用合作社联合社
300300C3253553000055,瑞丽市农村信用合作联社
300300C4101941000032,民权县城关镇聚鑫农村资金互助社
300300C4409644000004,深圳农村商业银行股份有限公司
300300C5000711000023,五矿集团财务有限责任公司
300300C5002811000068,中化集团财务有限责任公司
300300C5007337000086,海信集团财务有限公司
300300C5008031000069,上海汽车集团财务有限责任公司
300300C5014411000081,中信财务有限公司
300300C7EYM9JJ4DI613,方達資本管理有限公司
300300CHNPBC19481202,中国人民银行
300300DSN6TINPUMGY45,方正证券股份有限公司
300300E0001H24501068,广西农村商业联合银行股份有限公司
300300E1003931000068,海通证券股份有限公司
300300E1004531000067,上海光大证券资产管理有限公司
300300E1004944000071,国投证券股份有限公司
300300E1005131000066,东方证券股份有限公司
300300E1005431000017,国泰海通证券股份有限公司
300300E1006744000068,中信证券股份有限公司
300300E1007214000085,山西证券股份有限公司
300300E1008532000098,东吴证券股份有限公司
300300E1009343000026,湘财证券股份有限公司
300300E1011731000055,华泰证券（上海）资产管理有限公司
300300E1012137000054,中泰证券股份有限公司
300300E2001011000094,宏利基金管理有限公司
300300E2002931000052,财通基金管理有限公司
300300E2003931000018,申万菱信基金管理有限公司
300300E2006244000035,平安基金管理有限公司
300300E2008112000039,天弘基金管理有限公司
300300E9TD9KZEQTY981,北京建工国际（香港）有限公司
300300F08D46XN3GM434,美国纽约梅隆银行有限公司北京分行
300300G4NLFHF8PDPY52,华为技术有限公司
300300HFPQQS6F1J0671,招商永隆银行有限公司上海分行
300300HNU2KMVS1KPW47,内蒙古银行股份有限公司
300300JYTEK7LMXD9124,银联国际有限公司
300300LRJ5FEZ23N8725,上海证券交易所
300300NIFA1100057377,中国中信集团有限公司
300300PO4S8DFVMPJP62,上海期货交易所
300300QLGD44PGU8BR97,马来西亚马来亚银行有限公司深圳分行
300300RF4TUXNEJ4KP23,台湾银行股份有限公司广州分行
300300RHCPJNG9KTKT10,晶科能源股份有限公司
300300RYOI43JV8HQW70,韩国产业银行广州分行
300300S5FITTOJYVWC80,中国证券登记结算有限责任公司
300300TAPEDMG3FF9T41,中国银联股份有限公司
300300UDHJYNM1LIE936,АйСиБиСи Банк (акционерное общество)
300300URTLCUIANRHN19,台湾土地银行股份有限公司武汉分行
300300UX2YQQ66WLCO43,韩国产业银行青岛分行
300300V32ACYS4C6PX95,中再资产管理股份有限公司
300300WSAUHDAL3QFN46,浙江省交通投资集团有限公司
300300XTI3CMWAP25D43,国金证券股份有限公司
300300ZDIWI62NP71C12,徐州农村商业银行股份有限公司
30ZMPDNA1RHIBH89C294,Mylan Inc.
3157000NLIUKNREM2B66,"Equity Holding, a.s."
31570010000000001647,"ČSOB Asset Management, a.s., investiční společnost"
31570010000000004072,"Partners investiční společnost, a.s."
31570010000000004266,Banka CREDITAS a.s.
31570010000000004460,Raiffeisenbank a.s.
31570010000000005042,Československé úvěrní družstvo
31570010000000009213,"Patria Finance, a.s."
31570010000000009310,BH Securities a.s.
31570010000000011250,"Czech Asset Investments, a.s."
31570010000000029583,"Sberbank CZ, a.s. v likvidaci"
31570010000000031135,ŠKODA TRANSPORTATION a.s.
31570010000000034433,"Národní rozvojová banka, a.s."
31570010000000036567,PPF banka a.s.
31570010000000039380,TRINITY BANK a.s.
31570010000000041126,"UNIQA investiční společnost, a.s."
31570010000000043551,"CYRRUS, a.s."
31570010000000043842,"J&T BANKA, a.s."
31570010000000049662,Air Bank a.s.
31570010000000050244,"Fio banka, a.s."
31570010000000050826,42 Financial Services a.s.
31570010000000059556,SAB Finance a.s.
31570010000000075270,AKCENTA CZ a.s.
31570010000000085552,"CYRRUS CORPORATE FINANCE, a.s."
31570010000000090208,"Energetický a průmyslový holding, a.s."
31570010000000093118,"EP Energy, a.s."
31570010000000104176,EXCHANGE s.r.o.
31570010000000135216,"Amundi Czech Republic, investiční společnost, a.s."
3157001H8N2Q741MIT70,KARLOVAČKA BANKA d.d.
3157001PJ0X8O0Y7HR22,FIAX PAYMENTS LTD
31570020000000002505,"SAB o.c.p., a.s."
31570020000000002893,"Exportno-importná banka Slovenskej republiky, skrátene EXIMBANKA SR"
31570020000000004154,"Penta Bank, a. s."
31570020000000005803,"Tatra Asset Management, správ. spol., a. s."
3157002EQLLEB7WM9A54,"ATLANTIK finanční trhy, a.s."
3157002JBFAI478MD587,"Tatra banka, a.s."
3157004PXA2NQ34U0L17,Platon Payments s.r.o.
3157005YMJSML7WXEK17,CE Industries a.s.
3157006K4C7PJT790450,BANCA CENTRALA COOPERATISTA CREDITCOOP
3157007B1O27GFMD6034,CSGM a.s.
3157007FMSO22KKV9Z88,"NN dôchodková správcovská spoločnosť, a.s."
3157007RKKF2YPF41I55,FAS finance company s.r.o.
3157008IZ14ZP307A433,"NN Životná poisťovňa, a.s."
315700A6KP1RG15HR454,"RMS Mezzanine, a.s."
315700ALQMS9PZOIQ774,"Sympatia Financie, o.c.p., a.s."
315700ARBW7B6A49KP89,"AKRO investiční společnost, a.s."
315700AXFV87538HCZ30,"NN Tatry - Sympatia, d.d.s., a.s."
315700BBRQHDWX6SHZ00,"PRVA OSEBNA ZAVAROVALNICA, d.d."
315700BEHT3NJAG8RX82,BANCA ROMANA DE CREDITE SI INVESTITII SA
315700CAYR7MDC0A4Z80,"Bank of Communications Co., Ltd., Prague Branch odštěpný závod"
315700CDZ89VFN4WVO13,EASTERN SECURITIES S.R.L.
315700E9AW6PMN1UJ502,NEEVAS INVESTMENT LIMITED
315700E9POA724IWFP59,J&T FINANCE GROUP SE
315700ENWH1A81RCVZ91,Wiener Börse AG
315700EQ9568NHNXN222,"HighSky Brokers, a.s."
315700GPZOJCFKW2B647,"SLOVINTEGRA, a.s."
315700H80EFDLEQ0VD16,"Generali Investments, družba za upravljanje, d.o.o."
315700H8AYJ52S9PQN11,PRIMORSKA HRANILNICA VIPAVA d.d.
315700HJFIFM29890471,BESTPAY s.r.o.
315700HL0L1VL58BGX09,ALPHA FINANCE ROMANIA SA
315700IBIOAUYN8NAB44,Egnaro investments limited
315700IU7FPDWDVYKQ27,FASCINATING TRADING LIMITED
315700J0QGFRKN11MF15,"Partners Banka, a.s."
315700JO74P7ADVLMZ03,"Artesa, spořitelní družstvo"
315700K45LRKNGMUIW27,"Prima banka Slovensko, a.s."
315700KPACX6NJ71L723,Super Gold Invest SRL
315700KVEWB12APT2364,"Burza cenných papírů Praha, a.s."
315700KY40HMILKZWC07,MAYZUS FINANCIAL SERVICES LIMITED
315700LK78Z7C0WMIL03,"Centrální depozitář cenných papírů, a.s."
315700LLGSQEPNHIYH15,"RM-SYSTÉM, česká burza cenných papírů a.s."
315700MCPK8SSD93WF34,"Generali Investments CEE, investiční společnost, a.s."
315700MRQFLW79Q88U58,"ZFP Investments, investiční společnost, a.s."
315700NAZC7U4Q6CHH03,"European Securepay Center, s.r.o."
315700NM0TH1CCTBNL47,WOOD & Company Financial Services LTD
315700O79GO7SWNTPY27,Kiwi.com s.r.o.
315700PLTAXHBHZP5J02,"365.bank, a. s."
315700PVRM5D3U301460,"IAD Investments, správ. spol., a. s."
315700Q1DHHS9RDVHY29,BANKA KOVANICA d.d.
315700REQ6Z7IC7QWZ07,Direct Fidoo Payments s.r.o.
315700RO18UEKF9GP419,BANKA SPARKASSE d.d.
315700S2KLJSROY9WJ41,ROMBELL SECURITIES SA
315700SXP6SNUZUQB130,MUNTENIA GLOBAL INVEST SA
315700TOCKG41JECOY93,E-STEPS s.r.o.
315700TUIBLX0D69PS35,PAYMASTER a.s. v likvidaci
315700TVKOZ3F8IDU270,STOMARLI HOLDINGS LIMITED
315700V12MDD9PTKU295,Dante International SA
315700V18L1DVBIMSL83,UPRECHT INVESTMENT LIMITED
315700V2SFEY22JTH557,"VALOR o.c.p., a. s."
315700VG7PTE9EJJRX01,"Conseq Investment Management, a.s."
315700W5W1C3WEST2P50,LCE COMPANY LIMITED
315700WKDD4ZSRL7HW38,LIBRA INTERNET BANK SA
315700X51PQJ4BAE2E89,GAUDEA a.s.
315700X54P0SM26YWK55,Roklen360 a.s.
315700XY3IG5ZUUBD590,"Across Private Investments, o.c.p., a.s."
315700Y6DVCKDWJ1EO95,BANQUE BANORIENT FRANCE SA SUCURSALA ROMANIA
315700Y8W3927PY41S46,"CARDUUS Asset Management, investiční společnost, a.s. v likvidaci"
315700YA6TD5DUUV9J77,ENTRIS EQUITY LIMITED
315700YKWCELGVK14456,"WOOD & Company investiční společnost, a.s."
315700ZHDQ83EJ8HOS93,AVANT Capital a.s.
3358001KK97CTUO4IV33,ITI SECURITIES BROKING LIMITED
3358001KO2FZF5FDK324,FIRST GLOBAL STOCK BROKING PRIVATE LIMITED
3358001RQFGNKXE1IW14,TRUST FINANCIAL CONSULTANCY SERVICES PRIVATE LIMITED
3358002SOIN1KGBDN953,THE MAHARASHTRA STATE CO-OPERATIVE BANK LTD
3358002Y23HZBJW49C38,NUVAMA WEALTH MANAGEMENT LIMITED
3358002YCEYDX7UK4352,METROPOLITAN STOCK EXCHANGE OF INDIA LIMITED
33580037I4RSP4981K70,SPARK INSTITUTIONAL EQUITIES PRIVATE LIMITED
3358003AVC4MGGOFRH54,THE COSMOS COOP BANK LTD
3358003CCMTPZUJOKC45,THE SOUTH INDIAN BANK LIMITED
3358003EPKRYNVG21Y80,THE JAMMU AND KASHMIR BANK LTD
3358003NTGA2D7D31E14,SMALL INDUSTRIES DEVELOPMENT BANK OF INDIA
3358003VKBXK6Z9KIQ13,SBICAP SECURITIES LIMITED
33580049HCK5HPWLJV93,NUVAMA WEALTH FINANCE LIMITED
3358004XZ5GSB1CB9E84,SARASWAT CO-OPERATIVE BANK LTD
3358004YCPVBO1VKE410,THOMAS COOK (INDIA) LIMITED
33580059VN4F6RLP5L74,DHANKI SECURITIES PRIVATE LIMITED
3358005A2DK6JFRMDC64,NIRMAL BANG EQUITIES PRIVATE LIMITED
3358005OOQYWPAGMAY65,NUVAMA CUSTODIAL SERVICES LIMITED
3358005X9ENMC38D7718,MIRAE ASSET CAPITAL MARKETS (INDIA) PRIVATE LIMITED
3358005XRAM8XUJYLQ12,LKP SECURITIES LIMITED
3358006F5LXCNN65HW12,BANK OF MAHARASHTRA
3358006J6L5P5MWKCU97,AU SMALL FINANCE BANK LIMITED
3358006O8BU49MRQ9162,ASIAN MARKETS SECURITIES PRIVATE LIMITED
3358006PZ551KNHESY62,OHM STOCK BROKER PRIVATE LIMITED
3358007NM22VVYUYD844,DAIWA CAPITAL MARKETS INDIA PRIVATE LIMITED
3358007VZDCENDPAUB06,ZEN SECURITIES LIMITED
3358008BK48AHRZV4U98,NSE IFSC CLEARING CORPORATION LIMITED
3358008MMM9X4T9UZT41,CES LIMITED
3358008OGS8BB6G9FO07,PRANAV SECURITIES PRIVATE LIMITED
33580091N184YGWNU567,INDIA INTERNATIONAL CLEARING CORPORATION (IFSC) LIMITED
33580097BSYRDB39A191,ICICI SECURITIES PRIMARY DEALERSHIP LIMITED
33580099TUORRMRYD298,EDELWEISS RURAL & CORPORATE SERVICES LIMITED
3358009CAB6PNXQHIK50,JANA SMALL FINANCE BANK LIMITED
3358009JZZ79K4V5KZ80,WALLFORT FINANCIAL SERVICES LIMITED
335800A2B2MTFVQEWJ95,UNITY SMALL FINANCE BANK LIMITED
335800ADPAMMCPMB1T90,TRIVENI MANAGEMENT CONSULTANCY SERVICES LIMITED
335800AUP248GI53GD66,INCRED CAPITAL WEALTH PORTFOLIO MANAGERS PRIVATE LIMITED
335800AYAN6LJY14L887,TAMILNAD MERCANTILE BANK LIMITED
335800B9H9JNUPPJB787,LEHMAN BROTHERS SECURITIES PRIVATE LIMITED
335800BHG7EJYIIRF145,INBIOGEN TECHNOLOGIES (INDIA) PRIVATE LIMITED
335800BNB6QJGLLQUK34,BASSEIN CATHOLIC CO-OPERATIVE BANK LTD
335800BOI1T2NXZVPG28,SI INVESTMENTS AND BROKING PRIVATE LIMITED
335800BQVF54CHU88504,KAVIRAJ SECURITIES PRIVATE LIMITED
335800CEY6DBS3RZJJ32,SANFORD C. BERNSTEIN (INDIA) PRIVATE LIMITED
335800CKSGJELHJHQ768,DHANLAXMI BANK LIMITED
335800CNVQFGRCP1PR55,THE CLEARING CORPORATION OF INDIA LIMITED
335800D9P5CCZUX4X552,UJJIVAN SMALL FINANCE BANK LIMITED
335800DDYMCDBO5OLL32,360 ONE WAM LIMITED
335800DFGY67CJENRH26,IIFL CAPITAL SERVICES LIMITED
335800DI9TEGF4IYU728,KIFS TRADE CAPITAL PRIVATE LIMITED
335800DSHNZCDC1AFE61,NIRMAL BANG SECURITIES PRIVATE LIMITED
335800E1LG6WITKCC984,ECL FINANCE LIMITED
335800E4RH82Z8XC3C30,CANARA BANK
335800E6GTTXKHXE2I75,KOTAK MAHINDRA BANK LIMITED
335800EBGI4LTJTXQ691,EQUIRUS SECURITIES PRIVATE LIMITED
335800EBHPQ6S23F7208,BOMBAY MERCANTILE CO-OPERATIVE BANK LIMITED
335800EM367P4IFA3341,NATIONAL PAYMENTS CORPORATION OF INDIA
335800ES69GBGRRH7193,SBI FUNDS MANAGEMENT LIMITED
335800F6EBRNF6L3Y962,SBI-SG GLOBAL SECURITIES SERVICES PRIVATE LIMITED
335800FCFDAMVGRQEJ42,KARVY STOCK BROKING LIMITED
335800FFX85PEPYBCN28,PARAG PARIKH FINANCIAL ADVISORY SERVICES LIMITED
335800FJGAWH53RWX535,INVESTEC CAPITAL SERVICES (INDIA) PRIVATE LIMITED
335800FRN33Q2KFQRR87,ADITYA BIRLA MONEY LIMITED
335800FWYWJ2BZUUXF09,INDIA POST PAYMENTS BANK LIMITED
335800G1GTTVASBXVW10,KARNATAKA BANK LIMITED
335800GFMDHTPWI6JP97,THE KARUR VYSYA BANK LIMITED
335800GJWX8DSIDXCC22,MIB SECURITIES INDIA PRIVATE LIMITED
335800GV95IVLXOOUV79,INDIANIVESH SECURITIES LIMITED
335800H9TMOMGKSV3Y60,ESAF SMALL FINANCE BANK LIMITED
335800HFA163C9QCLA96,IFCI FINANCIAL SERVICES LIMITED
335800HLI3VBT9FVQE81,CENTRAL BANK OF INDIA
335800HLTL4M1CE2VP40,SMC GLOBAL SECURITIES LIMITED
335800I6X7D6NYQOMD89,AXIS CAPITAL LIMITED
335800IV7VCDQGIOI391,RESERVE BANK OF INDIA
335800J1ILMSBCCPKE83,ORBIS FINANCIAL CORPORATION LIMITED
335800J8VWGE2HGWF417,THE FEDERAL BANK LIMITED
335800JDVJ8HSXG9G512,INDUSIND BANK LTD
335800JHHI4BCRNDT907,CD EQUISEARCH PRIVATE LIMITED
335800JQTGMLAAQL1F37,RBL BANK LIMITED
335800K4N2RBFVVKTC52,PRABHUDAS LILLADHER PRIVATE LIMITED
335800KG5M297IU4T791,ABHYUDAYA CO-OPERATIVE BANK LTD
335800KYDEHRDWMPT458,LKP FINANCE LIMITED
335800LD4MVSKJDWTR77,PNB GILTS LIMITED
335800LPGT7MFV9WNG05,SUSHIL FINANCIAL SERVICES PRIVATE LIMITED
335800M21UWOAMOHOW98,ARETE SECURITIES LIMITED
335800MGL49IE44W9G58,MOBIS INDIA LIMITED
335800MLIGJVTSM56G40,SECURITIES AND EXCHANGE BOARD OF INDIA
335800MZBFLSP1VQKJ89,EQUITAS SMALL FINANCE BANK LIMITED
335800N82LJD42ZA5L32,GAIL (INDIA) LIMITED
335800N8ZSQ9DCWOTR90,INFINITY.COM FINANCIAL SECURITIES LIMITED
335800NFZPTMGTPAHE42,NATIONAL SECURITIES DEPOSITORY LIMITED
335800NLUFI5MTNO4878,BHARAT COOPERATIVE BANK (MUMBAI) LIMITED
335800NLY5HYW9I7YE03,NATIONAL STOCK EXCHANGE OF INDIA LIMITED
335800NTFGOHJY1G9C38,DOLAT CAPITAL MARKET PVT LIMITED
335800O9WQWFK318EF36,KRCHOKSEY SHARES AND SECURITIES PRIVATE LIMITED
335800OF4W3IDWNJL923,SHRIRAM INSIGHT SHARE BROKERS LIMITED
335800OFZ8YEIVN1QI11,EXPORT-IMPORT BANK OF INDIA
335800OVDPY3DVZR2798,DR. REDDY'S LABORATORIES LIMITED
335800OXLOLB85JQRR66,DHARAMSHI SECURITIES PRIVATE LIMITED
335800PEL6MSH7S29G12,ASHIKA STOCK SERVICES LIMITED
335800Q13QAC32IOCH33,BANDHAN BANK LIMITED
335800Q1CM5EK4U8OI97,ROSY BLUE SECURITIES PRIVATE LIMITED.
335800Q995RGALCIV746,DALMIA SECURITIES PVT LTD
335800QBE148SHV37295,SAMSUNG C&T INDIA PRIVATE LIMITED
335800QEMFKY8BFWBO72,INDUSIND SECURITIES LIMITED
335800QFIPQ9AFX1CS84,INDIAN OVERSEAS BANK
335800QFR6AM34FHIC10,NOMURA FIXED INCOME SECURITIES LIMITED
335800R9XILUYSTFDA59,SAMSUNG INDIA ELECTRONICS PRIVATE LIMITED
335800RBBCLBCQHBEK54,TJSB SAHAKARI BANK LTD
335800RN68FCVI6OEI93,HSBC MUTUAL FUND
335800RT5NJ3UPWK7351,ICICI SECURITIES LIMITED
335800S97EUL93D26X41,INDIABULLS SECURITIES LIMITED
335800SBNAPYVT1D2K13,IDFC FIRST BANK LIMITED
335800SLROFZRVI2TW92,NIRPAN SECURITIES PRIVATE LIMITED
335800SM3MDMBJGC2354,NKGSB CO-OPERATIVE BANK LIMITED
335800SUILZU95L98637,PUNJAB & SIND BANK
335800TJBII6K5DHHO23,INDIA INTERNATIONAL DEPOSITORY IFSC LIMITED
335800TYLGG93MM7PR89,INFOSYS LIMITED
335800UDMX1RG62XMH04,SPS SHARE BROKERS PRIVATE LIMITED
335800UI7UZ2X9L9HC67,KUNVARJI FINSTOCK PRIVATE LIMITED
335800UL1OJYBFEAPY30,IDBI BANK LIMITED
335800UPB6WYCL1OGO02,360 ONE CAPITAL MARKET PRIVATE LIMITED
335800UQ4KWJCUOR6764,INDIANIVESH SHARES AND SECURITIES PRIVATE LIMITED
335800UUZDPJ7XGOFU74,KOTAK SECURITIES LIMITED
335800UYCR4R9TZ1KF37,MONARCH NETWORTH CAPITAL LIMITED
335800VOLFWHZGCROV17,AB BANK PLC
335800W4DIUIGIKRBL21,REVOLUT FOREX INDIA PRIVATE LIMITED
335800W8LKC28738UH05,ALMONDZ GLOBAL SECURITIES LIMITED
335800WF8CLG18649360,ASIT C MEHTA INVESTMENT INTERRMEDIATES LTD
335800WWUTVNXQETIF86,THE KALUPUR COMMERCIAL CO-OPERATIVE BANK LIMITED
335800X6WKDDXJUSFZ86,YES BANK LIMITED
335800X9LPH6HZ1Y9R82,SBM BANK (INDIA) LIMITED
335800X9O2LHZ2B9N337,KOOKMIN BANK
335800XG87UBB5QPN237,ANTIQUE STOCK BROKING LIMITED
335800XLQ1LWF1M6KM87,CRISIL LIMITED
335800XRYC8K9H5EPG13,EMKAY GLOBAL FINANCIAL SERVICES LIMITED
335800XYNVSEZQPIWQ07,DHAMM STEEL SERVICES PRIVATE LIMITED
335800XZ1B1RACI2RY08,HDFC SECURITIES LIMITED
335800YIE6ZAC5F6VU41,SHAREKHAN LIMITED
335800YRV56TH7RQVH27,CENTRAL DEPOSITORY SERVICES (INDIA) LIMITED
335800Z2E3HE6O4MLT96,TRANSUNION CIBIL LIMITED
335800Z4V2ATR45MFJ41,FITCH INDIA SERVICES PRIVATE LIMITED
335800ZDQXYYOPQFTW34,YES SECURITIES (INDIA) LIMITED
335800ZEH4TFIY19RG65,JAYPEE CAPITAL LIMITED
335800ZJP6F2CWT6JW24,VCK SHARE & STOCK BROKING SERVICES LIMITED
335800ZJW99TWA2TK987,CIL SECURITIES LIMITED
335800ZQ6I4E2JXENC50,HDFC BANK LIMITED
337KMNHEWWWR6B7Q7W10,MidFirst Bank
340LRIIBTBGZYS1LIL83,AXA INSURANCE UK PLC
353800016BHKLPQSXY33,株式会社東京金融取引所
35380002356AEKORTZ43,楽天証券株式会社
35380002378CEGMRVW86,株式会社日本格付研究所
35380002789BNOSUVZ11,三井住友海上プライマリー生命保険株式会社
353800035EGHISTVXZ22,上田東短フォレックス株式会社
353800067BEKLMNPSZ16,エービーエヌ・アムロ・クリアリング証券株式会社
35380006NB1068YZZ176,尼崎信用金庫
3538000FYEWEUFDCS891,日本証券金融株式会社
3538000RUBUJN1MAB911,ちばぎん証券株式会社
3538000ZMM6Z8W2DRW73,播陽証券株式会社
3538001235ACEIORUV72,第一生命保険株式会社
3538001249AILNPRUX57,株式会社大阪取引所
35380017A3L41S83YA39,SBIリクイディティ・マーケット株式会社
3538001CNGYJ763GI475,"Daiwa-Cathay Capital Markets Co., Ltd."
3538001CTYBEC3265A55,オリックス銀行株式会社
3538001DP9HVLR2WZB43,楽天投信投資顧問株式会社
3538001EBAO7TFZ57641,株式会社香川銀行
3538001V6XL8QGN5FL75,しんきん証券株式会社
35380021FV8NVO7T9082,株式会社南日本銀行
3538002347FGLMNPVY63,株式会社　紀陽銀行
353800234ACMNOQTYZ36,"PRIMETALS TECHNOLOGIES, LIMITED"
353800279ADEFGKNTV65,株式会社東京証券取引所
3538002BDEFJLMRTVZ49,株式会社ＦＰＧ証券
3538002NF9JT4TG8SU72,豊証券株式会社
3538002NUIQ8JFEJNS94,株式会社　滋賀銀行
3538002OAY6GALI43509,東洋証券株式会社
3538002YA4Y27W9CE122,セントラル東短証券株式会社
35380037AFGIKLSVYZ25,大和アセットマネジメント株式会社
3538003A9JIMKE5G3M02,スルガ銀行株式会社
3538003AR6BUIRFDY820,株式会社イオン銀行
3538003C203058TUVP48,FFG投信株式会社
3538003C5RYKAWZ6KZ44,マニュライフ・インベストメント・マネジメント株式会社
3538003H3GIODN7ZSJ40,株式会社　大光銀行
3538003X6PD3H4R2AY71,日産証券株式会社
3538004Q5VC9I3D8YD62,株式会社北都銀行
3538004U7MYQ0X8BYL49,株式会社十八親和銀行
3538005CLCCUBUFB4R27,リテラ・クレア証券株式会社
3538005H2M3ISZTZLE08,広田証券株式会社
3538005OEGLF0BFHZG45,アモーヴァ・アセットマネジメント株式会社
3538005X0N5OCMRDRG42,京都中央信用金庫
3538005Z50RK2LDIAT14,岡崎信用金庫
353800609PNM9E4ZNY15,株式会社レスター
35380064HYEZXBQHDF07,TIS株式会社
35380066IP7PQ32LZN84,Mizuho Securities Asia Limited
3538006N95P629C6IY54,FFG証券株式会社
3538006OCSOZXT8VIP96,株式会社鳥取銀行
353800717BLAHZMEXR15,日本銀行
35380074A4QB6YEFB933,株式会社　大分銀行
35380078ABDFHIKLTV03,株式会社　東邦銀行
3538007HFAF2NOCBUE44,楽天銀行株式会社
3538007PRKOSDN175V58,松井証券株式会社
3538008YVGI6GT9S7630,株式会社西京銀行
353800923E4YW3IDES52,株式会社　南都銀行
35380095NSE6UXTJGX46,PayPay銀行株式会社
3538009CA3D9GDYHT632,株式会社鹿児島銀行
3538009HFL7I647D7K73,むさし証券株式会社
3538009IV9F0ZXPK5Z39,アイザワ証券グループ株式会社
3538009K8C3JG0QEMR54,株式会社ＳＢＪ銀行
3538009WQM5M1AUS0I04,株式会社　東和銀行
353800A2C2G3VI884788,ばんせい証券株式会社
353800A5O903XMUUTH49,株式会社エビデント
353800A8M3VE49QYFV53,いちよし証券株式会社
353800AKL46K41TUXX33,三菱ＵＦＪアセットマネジメント株式会社
353800AKVQGZ0P8RUB73,株式会社外為オンライン
353800AWFORX4D5I3067,株式会社仙台銀行
353800AY50DDF5HB4N02,サクソバンク証券株式会社
353800B0FPXQYIKEYA43,ビットトレード株式会社
353800B3BM0REJGFSE21,マネックス証券株式会社
353800BEJYJ7JD023D06,株式会社北日本銀行
353800BPCISTIWLYQC43,ホークスブリッジ・キャピタル株式会社
353800CTPLG5CX24GE14,ニッセイアセットマネジメント株式会社
353800D7Y06VGBGCRS38,水戸証券株式会社
353800DM9F9C7ZUNSL76,株式会社荘内銀行
353800DUD9B4IAIADJ68,株式会社山梨中央銀行
353800EBLAP362D1YG04,丸紅ぺトロリアム株式会社
353800EGG77PDFE4PS12,三田証券株式会社
353800EJB7HTF2HNJ661,多摩信用金庫
353800EK5SV3OYOMZE38,株式会社　筑波銀行
353800EP88I61WP03X17,城北信用金庫
353800EW2PC6AYS1SD41,Queen　Bee　Capital　株式会社
353800F11WBIRILDG382,岡三にいがた証券株式会社
353800F1K6653B4VPY57,日本酸素ホールディングス株式会社
353800F56I8Z01ANU962,日証金信託銀行株式会社
353800F5W4TG8U8OOA26,株式会社佐賀銀行
353800FD7Q2W1GCB0J95,木村証券株式会社
353800FS52Z4ZWJFA734,株式会社証券保管振替機構
353800G6OZHXDM9YE277,山和証券株式会社
353800GD80RTJMZKOZ86,明治安田アセットマネジメント株式会社
353800GO7FBE4RSRH831,株式会社UACJ
353800GPI4Z3MGDGN142,旭化成株式会社
353800GZR5JOZQ4IUJ92,株式会社だいこう証券ビジネス
353800HBJ702X2J5OX58,株式会社京葉銀行
353800HCXZ5TK4NBGS75,キャピタル・パートナーズ証券株式会社
353800HDEE0ZYEX4QV91,エーザイ株式会社
353800HGQDSZ7O253W40,株式会社SBI証券
353800HIRXXAHQ1B6C11,UBSアセット・マネジメント株式会社
353800HKCRMD6S0YWQ51,りそなアセットマネジメント株式会社
353800HM38HFCB8RGL63,花王株式会社
353800I3C5900CEME762,株式会社山陰合同銀行
353800IUMQTDU9FI3I14,ロジスティード株式会社
353800J2DTRHELYMU403,株式会社　トマト銀行
353800J6SONXX4RRDZ10,年金積立金管理運用独立行政法人
353800JDYARJKERD6L48,あかつき証券株式会社
353800JEM62NHI3X6082,東京短資株式会社
353800JF7PYS866Y3X08,株式会社 bitFlyer
353800JHV8QLA94CQ930,丸三証券株式会社
353800JMDOH68J9I5140,株式会社ニフコ
353800JWELUH7PFDZJ74,バーテックス・インベストメント・ソリューションズ株式会社
353800JYZBMVKROL0815,株式会社熊本銀行
353800JZWQV9HRN3AD23,Global X Japan株式会社
353800K3SK5NZI3JPV03,企業年金連合会
353800KA15Y0DCPWYY65,株式会社カカクコム
353800KAJ02XNHLCJW79,アサヒグループホールディングス株式会社
353800KATW3NT9UZ7C55,農中信託銀行株式会社
353800KJ5DZRX27VPX36,株式会社　愛媛銀行
353800KRPI3VUYQ0X324,株式会社　但馬銀行
353800KRU459LH1EYM83,株式会社　青森みちのく銀行
353800L044CZ23K1E646,株式会社大和ネクスト銀行
353800L8RJMVN2OOS612,株式会社武蔵野銀行
353800LB5EI9ZB9ZL464,株式会社福井銀行
353800LENU106HRKV095,西村証券株式会社
353800LOT3NIAL62T267,オリックス生命保険株式会社
353800M6E79P33Q5RR92,スパークス・アセット・マネジメント株式会社
353800M9FE5Q42ZFZ592,城南信用金庫
353800MD2DR8TRCM8E40,株式会社清水銀行
353800ML86IH6Q28W809,BNYメロン・インベストメント・マネジメント・ジャパン株式会社
353800MXEHWCAG5X1994,日本相互証券株式会社
353800N5LZ62LYDUOK89,株式会社　秋田銀行
353800NES6NAY2UYNY12,株式会社宮崎太陽銀行
353800OE66NKUJ290P46,インヴァスト証券株式会社
353800OGICTEE0P4K420,朝日信用金庫
353800ORDL8YY0MXGF22,T&Dアセットマネジメント株式会社
353800OWJBJ7G9TXED62,株式会社琉球銀行
353800OXF3M14RULQG45,株式会社山形銀行
353800P7E4O165Z6F128,八十二証券株式会社
353800P95LC9U3FF6963,住信SBIネット銀行株式会社
353800P9H4582TP8FA91,株式会社　名古屋銀行
353800PQBY35O8R4WB60,明和證券株式会社
353800QWPB939JBLUV75,ロンバー・オディエ信託株式会社
353800QYBG1NOZQFYL94,株式会社きらぼし銀行
353800R2LRSMVVC4I806,株式会社リクルートホールディングス
353800R99CTLN31DLI31,極東証券株式会社
353800RATFB1MH2OYK24,リーディング証券株式会社
353800S0LFSFW22VME09,株式会社三十三銀行
353800S4OVI1UXARXE24,株式会社　宮崎銀行
353800SM5OCEKFHSAU42,株式会社徳島大正銀行
353800SOCM6JZ9D0LB12,上田八木短資株式会社
353800SQQ8B0KOKZ9Y27,株式会社千葉興業銀行
353800SY6W6XTGS9HO92,全国信用協同組合連合会
353800SZGJGSLJRRWB43,株式会社NTTデータグループ
353800SZOBJFZB46AF51,ウツミ屋証券株式会社
353800T4D974B8H4IX39,セントラル短資株式会社
353800TE8K25G08MUC89,GMOクリック証券株式会社
353800TQLZU05I6U5T29,auじぶん銀行株式会社
353800TXCIHC79NR4I31,ニューヨークメロン信託銀行株式会社
353800U5U2U4OB50TP11,立花証券株式会社
353800UV8U3SOMCDTI49,株式会社荏原製作所
353800V64A5E9V906S41,東京海上アセットマネジメント株式会社
353800W1OIEECTMQKP02,アセットマネジメントOne株式会社
353800W1XB9WA6ASS108,しんきんアセットマネジメント投信株式会社
353800W8CVM6G32NTH93,株式会社日立ハイテク
353800WDXTE9PTGKDW46,株式会社四国銀行
353800WJOXK0TOOA3V48,工機ホールディングス株式会社
353800WM9GXGM1QDQT58,立花証券（香港）有限公司
353800WRC7Y23PWFJG38,株式会社大和証券グループ本社
353800WSG8UIHIZTGB65,株式会社高知銀行
353800X5IPPFD6V3IM19,CLSA証券株式会社
353800X7JTY3BHOXB714,PGIMジャパン株式会社
353800XFWTYT680L2359,株式会社岩手銀行
353800XL5285MWLZ3327,丸八証券株式会社
353800XLTJYQIQJ6LW05,SBI FXトレード株式会社
353800XMVCFXD0623156,株式会社池田泉州銀行
353800YH8XWV0XAHXR13,株式会社　阿波銀行
353800ZCXKHDPY0N5218,株式会社ファーストリテイリング
353800ZI732QIENETJ94,株式会社あいち銀行
3789000E98B64959B155,PSG Securities Limited
37890012A8DC24B8D663,Vodacom Group Limited
37890013306D9CAB8422,Prescient Securities (Pty) Ltd
37890015BBD627A22B74,Aylett and Company (Proprietary) Limited
3789001633461389BB51,Bond Street Securities (Pty) Ltd
37890018A36990429339,HBZ Bank Limited
3789001BC9A294E6FF77,Coronation Fund Managers Ltd
3789001EC0C8B297FA40,B P Bernstein Pty Ltd
37890023CF18F9F05E18,Massmart Management and Finance Company (Pty) Ltd
3789002D66F01CB83A31,Vunani Capital Markets (Pty) Ltd
3789003107958968FE87,Nedgroup Securities (Pty) Ltd
37890031CD1A66D92935,Nitenso
37890032C55A8C635825,Capitec Bank Limited
37890034DF8DAAC7BE70,Otto1890 Securities (Pty) Limited
37890036E5CC493EAA85,SCM DMA (Pty) Ltd
3789003E955EFFDE1786,Avior Capital Derivatives and Fixed Income Proprietary limited
3789005A94B2DD2C7792,Sygnia Securities (Pty) Ltd
3789005B3DE4B33A4B13,Sanlam Private Wealth (Pty) Ltd
3789005DE061C86E8659,Maitland Group South Africa Limited
378900628E65FE051735,CTSE Registry Services Proprietary Limited
3789006B42162EE9F789,UBS South Africa
3789006CC3D706F8F214,Rand Refinery (Pty) Limited
3789007B50FD41593A13,Sanlam Capital Markets Proprietary Limited
37890081C5918EF44260,Oasis Crescent Capital (Pty) Ltd
37890083DA9B01608667,Mergence Investment Managers (Pty) Ltd
3789008B60C741695833,PSG Asset Management (Pty) Limited
3789008C5D3C18CC0429,The South African Breweries (Pty) Ltd
37890091B35C9BB28E24,Fundrock Collective Investments (RF) (Pty) Ltd
37890099F792AB3F9782,Anglo American SA Finance (Pty) Ltd
378900A73BF0FBE28C14,Garban South Africa (Pty) Ltd
378900AA119E5E041179,Land and Agricultural Development Bank
378900AAFB4F17004C49,National Treasury of the Republic of South Africa
378900AFA5A2B217A128,NVest Securities Pty Limited
378900B3E97B6B501E76,Engen Petroleum (Pty) Ltd
378900B763ECA6C3D481,AG Institutional Brokers (Pty) Ltd
378900BBAC7F62B39313,Consilium Capital SA (Pty) Ltd
378900C2E1BAF5DDF144,Anchor Stockbrokers (Pty) Ltd
378900C791F626C47673,Grindrod Bank Limited
378900C9BEEED097D518,Kela Securities (Pty) Ltd
378900CEE329BEA35C22,Investec Wealth & Investment International (Pty) Ltd
378900D9F0747A38C490,STANLIB Asset Management (Pty) Ltd
378900E04C570BD2FB77,SBG Securities Proprietary Limited
378900E31192E6F34859,Independent Securities (Pty) Ltd
378900E3C4E6E1BCCA29,Southchester Investment Managers
378900E4A34F9B35D095,Axon Seclend (Pty) Ltd
378900EA16CD131A4E98,Vunani Securities (Pty) Ltd
378900EA2579D4A60A23,Enel Green Power RSA Pty Ltd
378900EAEA38A4A4DC66,Argon Asset Management Proprietary Limited
378900EC4F3AB1091697,Nedgroup Private Wealth Stockbrokers (Pty) Ltd
378900F01B9CDB0BEF73,CJS Securities (Pty) Ltd
378900F4A0A690EA6735,Strate (Pty) Ltd
378900F7EA3869532139,Bank of Communications Co Ltd (Johannesburg Branch)
378900F86FDE8F4A8940,Rezco Asset Management (Pty) Ltd
378900F9589795F26F78,FNB Stockbroking & Portfolio Management (Pty) Ltd
378909C0T3N8AFNCEA39,OM Bank Ltd
3789LXSTTTPFPG8U1343,Sanlam Multi Manager International (Pty) Ltd
3789WR9J4C0YG7WNTL88,Catalyx Capital (Pty) Ltd
38CFVD4YYFWD1FV7IM34,Nicolet National Bank
38PG5GG0OEQK4QMSKE59,Texas Capital Bank
39120000V0MYFQN1SO81,Raiffeisenbank eG
391200014TK600CZIE75,FNZ Bank SE
39120001JPAYYPDRNN92,Deutsche Bausparkasse Badenia Aktiengesellschaft
39120001KQRWX38NNJ75,886 GmbH
39120001KULK7200U106,Bundesanzeiger Verlag GmbH
39120001NFOUTHT0V266,Hillebrand Gori Group GmbH
391200112SIGC2LYVX31,SIGNAL IDUNA Bauspar Aktiengesellschaft
39120012QMNN2NSCP866,Deutsche Factoring Bank GmbH & Co. KG
39120014P88IXAKUJL18,FANAK CAPITAL LLC
3912001SZXPUEQBYPR59,Raiffeisenbank Zeller Land eG
3912001U0LGCBOFZHP94,Raiffeisenbank Wangen eG
3912001V6HX6LVUMSR59,KMBAL LTD
3912001VYZ4FACUQ1K19,GENO Broker GmbH
39120020BBOSP6DZUC29,Europäisch-Iranische Handelsbank Aktiengesellschaft
39120022FMEDWPAHAI87,"UAB ""mogo LT"""
39120027LPCNXTOZZI58,Raiffeisenbank Höchberg eG
3912002VNY2QF3Z0BL76,Volksbank Hohenlohe eG
3912003GTSWQDTU9T963,Paymentgroup GmbH
3912003ZQPUUJQXOMV16,Raiffeisenbank Wegscheid eG
39120043LUI1WJS8IX30,Wolfgang Steubing AG Wertpapierdienstleister
3912004L1VBRM2TJIN12,Small & Mid Cap Investmentbank AG
3912004YOAALDKZZAO33,Volksbank Raesfeld und Erle e.G.
3912006FWLWVUEXA2K55,Raiffeisenbank Kastellaun eG
3912006KOLR69ZPPEZ32,Raiffeisenbank Bad Kötzting eG
3912006M0FGCBALA4U22,Zweckverbandssparkasse der Stadt Bergkamen und der Gemeinde Bönen (Sparkasse Bergkamen-Bönen)
3912007J6OL3AMCAZJ72,"АКЦІОНЕРНЕ ТОВАРИСТВО ""ІНГ БАНК УКРАЇНА"""
3912007JI0RIBIMVF014,Lifeware SA
3912007MQ0QBBE6PW061,Foconis Payment GmbH
391200961OSXGHM8WU20,Raiffeisenbank Oberferrieden-Burgthann e.G.
3912009ZGE8258OMPE28,Crypto Finance (Deutschland) GmbH
391200A8DWHFBC0GKO15,"Union - Bank, Aktiengesellschaft"
391200ABD1OLFULBLM06,Honda Bank GmbH
391200ALL580C5IO6U17,Raiffeisenbank Sinzing eG
391200ANBU7IVMH30G90,Autodoc SE
391200B2AX9XV2ARYU19,FCF Fox Corporate Finance GmbH
391200B8C1ZD2GFPOA97,Raiffeisenbank Neustadt e.G.
391200B8N7KWZADUJM27,National Bank of Pakistan
391200BND4JWMLS2BU43,Finom Payments B.V.
391200BXY0KSEHNEEL14,Prettl Produktions Holding GmbH
391200C62FN3XAX1QE53,FIL Investment Services GmbH
391200C6S3V2OO5NXK14,"TBF FINANCE, UAB"
391200CC11KVFA4HGG45,Volksbank Heiden eG
391200CDQ7X2QTQZL888,VR-MainBank eG
391200CH2W5CXKIZT832,CLEARHAUS A/S
391200CJF5GXSSCNID27,Blacklane GmbH
391200CSQI9HI6BVQO51,Volksbank Störmede-Westenholz-Hörste eG
391200D201CARYBPU604,MPC Münchmeyer Petersen Capital AG
391200DMGAI5C0MDYA12,Bondpartners S.A.
391200DOLQBXF4UYLC89,ABK Allgemeine Beamten Bank AG
391200DPSK6G0VJNFN83,OTP Bank Nyrt. Niederlassung Deutschland
391200DRLB1DHUMB0N77,"Raiffeisenbank Donau-Heuberg, eingetragene Genossenschaft"
391200DSHAQPMKHNRL60,Innovative Investment Solutions GmbH
391200DYWUNQXJRBOK91,Ritterschaftliches Kreditinstitut Stade Aktiengesellschaft
391200DZOPWUHRZZM418,Spar- und Kreditbank des Bundes Freier evangelischer Gemeinden eG
391200EGNWPBM3RJ5882,Raiffeisenbank Reute - Gaisbeuren eG
391200ENQM9FRDEEWW40,mwb fairtrade Wertpapierhandelsbank AG
391200EXQ8RMJF0SLW44,Raisin Bank AG
391200FL6FZQJMMJVU79,TEN31 Bank AG
391200FR71FCF9R5RB31,Wamo Solutions Oy
391200FWVJVHSZ0EBL09,National Bank of Pakistan Filiale Frankfurt am Main
391200G1XXMAR7A2VU57,Fransad Gestion SA
391200G8HVBKTPQW7827,MEDIACUBE PAY INC.
391200GLBAFG69QGNT85,Raiffeisenbank Singoldtal eG
391200GMTVGSRN2HEJ21,Volksbank Dettenhausen eG
391200HOASIPGIO9YW76,Goyer & Göppel KG
391200I7OS301UELZA68,Börse Berlin AG
391200IAOESC2R71C351,EMCore AG
391200IBCEYMREHKPO13,VR Smart Finanz Bank GmbH
391200IEV1ZDPNC0US12,"Sparkasse Deggendorf, bezogen auf die früheren Geschäftsbezirksteile auch: Sparkasse Osterhofen bzw. Sparkasse Plattling"
391200ITQQZ7JMHXK080,Land Niedersachsen
391200IVLRMGVY5J8541,EFiS Aktiengesellschaft
391200J18BED8HL66D59,"ABK-Systeme Gesellschaft für Ausbildung, Beratung und Kommunikationssysteme mbH"
391200J4PA51SDPM1U90,Landbank Horlofftal eingetragene Genossenschaft
391200J4ZNC2CK0M1E29,Rahn+Bodmer Co.
391200JFJ7FON3NE1Q88,HKB Bank GmbH
391200JKX9532JY1W022,Big Wave Developments LIMITED
391200JN2V0ATIUTT988,MONEYBASE LIMITED
391200JO20RY3KWSN636,QPLIX GmbH
391200JSBVM7SPMPFX14,MCE Bank GmbH
391200JYV76KP0BMYB05,Schweizerische Mobiliar Asset Management AG
391200KUCWY0JM6JYX82,Raiffeisenbank im Oberpfälzer Jura eG
391200LCWODCJCT8VN67,Raiffeisenbank eG
391200LINCNRUHLGEP55,Raiffeisenbank Alteglofsheim - Hagelstadt eG
391200MAXK4O4QKB1Z13,Raiffeisenbank Mittelschwaben eG
391200MCU05BLMCYSE87,Volksbank Düte-Ems eG
391200MQTYA14WRXOV43,Raiffeisenbank Plankstetten AG
391200N0BCBVNXBRVE65,Bankhaus E. Mayer Aktiengesellschaft
391200N0BYCZF2F43264,Smartbroker AG
391200NAGZLTTGT0NE07,Fritz Nols AG
391200NCIUDBLHOE6C73,CB Bank GmbH
391200NDMPXXGG4AAL42,Frankfurt Münchener Lebensversicherung AG
391200NDSKH9BHFGEJ93,MKB Mittelstandskreditbank Aktiengesellschaft
391200NXDAEIGDHEMU41,C24 Bank GmbH
391200O6ONBAU17EEY94,Volksbank Lauterecken eG
391200OG5RNDK1ZITM27,Stadtsparkasse Bad Pyrmont
391200OIQY7GS2XGU869,VR-Bank Freudenberg-Niederfischbach eG
391200OLWXCTKPADVV72,GBB-Rating Gesellschaft für Bonitätsbeurteilung mbH
391200OM1ASXABQTGF02,Aktivbank Aktiengesellschaft
391200OVYHN1EAYWJV45,Raiffeisenbank eG
391200P0S7ZY09QGJP11,Tresides Asset Management GmbH
391200P0TKD0PWWWFC92,Volksbank Stendal eG
391200PHL11KDUTTST66,Creditreform Rating AG
391200PT8G8XKRAT9776,FinSystems GmbH
391200Q5BV0DACVUUA71,Globalance Bank AG
391200QE5GMRZIAJBX29,"Rossier, Mari & Associates AG"
391200QFHKFFRLN5I553,Raiffeisenbank Bechhofen eG
391200QLS1CXWJPB8F21,cleversoft Forensic Detection B.V.
391200QSS5WWW8BIMW63,Agrarhandel SUN GmbH
391200QTJYMKXKSHTG83,Swiss Life Insurance Asset Managers GmbH
391200QVCTCZ0PD0RC76,CAPITALIUM LLC
391200QXGLWHK9VK6V27,Scope Hamburg GmbH
391200RLP67P1PLUIL60,VR SüdBank eG
391200RMR0YLKQYPNP92,Peter Möhrle Holding GmbH & Co. KG
391200RNH9BNLRC0IL45,Raiffeisenbank Biebergrund-Petersberg eG
391200RSIJXB63ZCVU19,AMNIS Europe AG
391200RUFBR7HPS3ZD54,Vereinigte Volksbank eG Bramgau Osnabrück Wittlage
391200SAJ1O3DRMKXX08,La Française Systematic Asset Management GmbH
391200SHJPUCG4CGZ022,Raiffeisenbank Wallgau-Krün e.G.
391200SVHXSRYC4Y6902,Eckernförder Bank eG Volksbank-Raiffeisenbank
391200SW4JELHZ8L0Y34,DKAM Capital AG
391200T1R7CGQBXDD087,Volksbank Gebhardshain eG
391200TCAVXR57UNJU39,Volksbank im Wesertal eG
391200TOJJCADFCVKW08,BkmU Bank AG
391200TQYSDQXVIEPY43,Misr Bank - Europe GmbH
391200TWGO2RBL7WG010,Volksbank Raiffeisenbank Dachau eG
391200U6TZE68CJAXY77,Sportradar AG
391200UYIQFHAXVCC621,Helvetische Bank AG
391200UZL84G59FD0D11,Hyundai Capital Bank Europe GmbH
391200VEAKJE1YXTYP65,THE BANK OF PUNJAB
391200VJQF2QCKH6TB44,NÜRNBERGER Beteiligungs-AG
391200VJXA6IHJP0RC25,Volksbank eG
391200VR9TMTCN12IY45,TEBA Kreditbank GmbH & Co. KG
391200VXBQK0HAAE7G94,Yapi Kredi Bank Deutschland GmbH & Co. OHG
391200WIW9BI64SHLU69,Trade Republic Bank GmbH
391200WRNHYFTZKLY568,FINXP LIMITED
391200WU1EZUQFHDWE91,Scope Ratings GmbH
391200WZWLCRZR8RPN77,Raiffeisenbank HessenNord eG
391200XDIYUKDX93XL80,Hanseatische Wertpapierbörse Hamburg
391200XDMZFSD2Q2X176,Volksbank Südkirchen - Capelle - Nordkirchen eG
391200XJG9QEDCAKOR61,Sparkasse Bad Kissingen
391200XKWCY6V5XLLG70,Raiffeisenbank Hochfranken West eG
391200XOAVM8ENKNKX76,ansa capital management GmbH
391200XOXOZE4M15JI92,PPRO Holding GmbH
391200Y1C3ZJT2NUUD34,Deutsche Haftungsdach (DHD) GmbH
391200Y3EUNL4LTXRP94,Scalable Capital Bank GmbH
391200Y7BOFEZOE3X484,BANK MELLI IRAN
391200YYKVSXR85NTU31,ADEUS Aktienregister-Service-GmbH
391200Z7ZWISADXEGZ47,Bayerische Börse Aktiengesellschaft
391200ZKXTTYSJF6MB25,Lowell Holding GmbH
391200ZL6L3RK9GTBD56,TBF Global Asset Management GmbH
391200ZNJFEKQQPEIB08,VR-Bank Lichtenfels-Ebern eG
391200ZTFCDHOQ7F6P07,Volksbank eG
391200ZTPDO7UIOHLY51,Sparkasse Mitten im Sauerland
39RSBE4RCI4M15BLWH36,DS SMITH LIMITED
3CCUJEU88P85MIG5R153,PUBLIC SECTOR PENSION INVESTMENT BOARD
3CHSO99JSPHD9HGNYJ46,"NORTHERN TRUST SECURITIES, INC."
3DM5DPGI3W6OU6GJ4N92,BANCO BPI S.A.
3FGIIBS1PEI1FYQBGN97,"BDO UNIBANK, INC."
3H0Q3U74FVFED2SHZT16,MBH Bank Nyilvánosan Működő Részvénytársaság
3HICJPQ15PGZSBFDNJ82,"Crystal Lake Bank and Trust Company, National Association"
3KXUNHVVQFIJN6RHLO76,ING-DIBA AG
3M096E5S0PEUTB0I8L53,ARES MANAGEMENT LLC
3M5E1GQGKL17HI6CPN30,JYSKE BANK A/S
3MVEV2MNN51KEXS7T838,GAM INTERNATIONAL MANAGEMENT LIMITED
3NWOXIHJSQCX0SM5Z749,ZF AUTOMOTIVE US INC.
3R3ONDQY8DVH8ZQMP532,한국투자공사
3RSQVO2VE8DJVKEF6G11,Empower Annuity Insurance Company of America
3RV7W250LTUQH12INJ88,DENİZBANK ANONİM ŞİRKETİ
3SU7BEP7TH9YEQOZCS77,Canadian National Railway Company
3T5M8FX6V6B82KVKOB17,Interaudi Bank
3TK20IVIUJ8J3ZU0QE75,ING BANK N.V.
3TKNA5VH52S9WLWPMW19,MERRILL LYNCH CORREDORES DE BOLSA SPA
3U8WV1YX2VMUHH7Z1Q21,ALLIED IRISH BANKS PUBLIC LIMITED COMPANY
3Y4U8VZURTYWI1W2K376,BMO Bank National Association
3YJP8HORPAEXJ80D6368,BANCO SANTANDER CHILE
4117345RMEJ5SZ3F9B19,BANQUE TUNISO LIBYENNE
4117IB8J63IUO2SES575,Tunisie Clearing
4117W6IV0WI0EKWA2P81,Bourse des Valeurs Mobilieres de Tunis
41GUOJQTALQHLF39XJ34,Evonik Industries AG
41OEWS9I9GYRDB1SZ042,"Oak Hill Advisors, L.P."
41W01VBG8F2D0X56VL51,PROTECTIVE LIFE INSURANCE COMPANY
42YMHYH0XMHJEXDUB065,"ARAMARK SERVICES, INC."
43U1NIQRM6SPUNJX1U78,SG SECURITIES (SINGAPORE) PTE. LTD.
4469000001BCNG57T785,BANCO INVEX SA INSTITUCION DE BANCA MULTIPLE
4469000001BD95FFLY16,BANCO DEL BAJIO SA
4469000001BGCAL5BC62,BANCA MIFEL SA INSTITUCION DE BANCA MULTIPLE GRUPO FINANCIERO MIFEL
4469000001BI51XS0L85,VALORES MEXICANOS CASA DE BOLSA SA DE CV
4469000001BI636I1557,BANCA AFIRME SA
4469000001BJ30Z4YI41,MIZUHO BANK MEXICO SA INSTITUCION DE BANCA MULTIPLE
4469000001BL6VG3DH44,BANCO NACIONAL DE COMERCIO EXTERIOR SNC
4469000001BLMDZKCP57,"BANCO S3 CACEIS MEXICO, S.A., INSTITUCION DE BANCA MULTIPLE"
4469000001BLWI4LQJ08,BANCO ACTINVER SA INSTITUCION DE BANCA MULTIPLE GRUPO FINANCIERO ACTINVER
4469000001BMQNRDI377,CASA DE BOLSA VE POR MAS SA DE CV GRUPO FINANCIERO VE POR MAS
4469000001BMZDOZ6863,INVERSORA BURSATIL SA DE CV CASA DE BOLSA GRUPO FINANCIERO INBURSA
4469000001BRB4C9S895,DAIMLER MEXICO SA DE CV
4469000001BTVQ0NZM92,BANCO BANCREA S.A. INSTITUCION DE BANCA MULTIPLE
4469000001BV19OYVQ77,BANCO DE INVERSION AFIRME S.A. INSTITUCION DE BANCA MULTIPLE AFIRME GRUPO FINANCIERO
4469000001C2RUJA9J20,CASA DE BOLSA MULTIVA SA DE CV GRUPO FINANCIERO MULTIVA
4469000001CM6KZWXJ61,PRINCIPAL AFORE S.A. DE C.V. PRINCIPAL GRUPO FINANCIERO
4469000001DLLEVX7C37,"REVOLUT BANK, SOCIEDAD ANONIMA, INSTITUCION DE BANCA MULTIPLE"
4469000001DLR4JDKK90,BANKAOOL SA INSTITUCION DE BANCA MULTIPLE
4469000001DN67GMOS18,"BANCO APOYO INTEGRAL, S.A."
4469000001DYABDKDF96,"BANCO MULTIMONEY, S.A."
4469000001EI9C13X491,"SOCIEDAD DE AHORRO Y CREDITO OPTIMA, S.A."
45WSBJJYVGC91LG3H515,WEST BROMWICH BUILDING SOCIETY
45ZPH28UP9FJC19W1787,PAMPLONA CAPITAL MANAGEMENT LLP
4851000006NNJWVNNR24,BROKERSKO-DILERSKO DRUŠTVO ILIRIKA INVESTMENTS AD BEOGRAD
48510000156ESYOBV122,НЛБ Банка АД Скопје
485100001PLJJ09NZT59,Nasdaq CSD SE
485100004FEO5ULFDP03,""" NLB Banka "" SH.A."
485100008LBCPGNX2W91,GENERALI zavarovalnica d.d.
48510000B6SRIZZNRR26,ДИЛИНГОВА ФИНАНСОВА КОМПАНИЯ
48510000IA9IKGSTNG14,"NLB Skladi, upravljanje premoženja, d.o.o."
48510000JUIJ1GQT2P10,Commercial Bank ''Moldindconbank'' S.A.
48510000LGSBKZAL3U79,"""NLB Banka"" a.d. Banja Luka"
48510000LKZC6WPHWF36,"NLB Banka d.d., Sarajevo"
48510000NKZ3E6LSZM73,"Triglav Investments, upravljanje premoženja, d.o.o."
48510000OGX4W2DFYV52,"ZAVAROVALNICA SAVA, zavarovalna družba, d.d."
48510000S29NIYSNRM02,ХАЛК БАНКА АД Скопје
48510000T82HWHMCVN53,PRIVREDNA BANKA SARAJEVO d.d. SARAJEVO
48510000UPXPWPPR9439,Комерцијална банка АД Скопје
48510000V4RS1R2IJZ49,"Modra zavarovalnica, d.d."
48510000VD0LDWZFQP80,"CERTIUS bvg, svetovanje, d.o.o. - v likvidaciji"
48510000XGELJCANQJ14,NLB BANKA AD PODGORICA
4851002100CUG5TXHL55,Verðbréfamiðstöð Íslands hf.
4851005ESWF3CGFC7G38,ВАРЧЕВ МЕНИДЖИНГ КОМПАНИ
48510062OP64BYKPNO22,"PAYWISER družba za izdajo elektronskega denarja in plačilne storitve, d.o.o."
4851007BQY231SDLMO94,HALKBANK AKCIONARSKO DRUŠTVO BEOGRAD
4851007D5RB6R4HIV903,АЛАРИК КЕПИТЪЛ
4851007GFMBTP2MFQW15,КАПМАН АСЕТ МЕНИДЖМЪНТ
4851007PQEXX8PA29M60,"""Metasite Business Solutions"", UAB"
4851007RRBMQ08CSIL73,ТРЕНД АСЕТ МЕНИДЖМЪНТ АД
4851008DLVQBVTMX1Y86,Via Payments UAB
485100CNU7I70EAPX984,Revolut Bank UAB (Netherlands branch)
485100FX5Y9YLAQLNP12,"Revolut Holdings Europe, UAB"
485100GWOD9PIXVHNO58,УПРАВЛЯВАЩО ДРУЖЕСТВО ОБЩИНСКА БАНКА АСЕТ МЕНИДЖМЪНТ
485100HA7YKC9KBWBM55,UAB Travel Union
485100HAI8YCYHN13X64,Benedixus OÜ
485100IPU0DSJP7VIS58,"Kredito unija ""Magnus"""
485100ISV9O9H7JLWG89,Ceevo Financial Services (Malta) Limited
485100IX6YUAAFSAYU72,Гранд Кепитал ООД
485100K88SFI7LR6CO65,ТРАНСКАРТ ФАЙНЕНШЪЛ СЪРВИСИС АД
485100KDTYSTDG8BYL71,CENTRALNA BANKA BIH (Central Bank of Bosnia and Herzegovina)
485100NUOK3CEDCUTW40,Revolut Bank UAB
485100OPHRYKVS35S666,Yettel Bank a.d. Belgrade
485100P4ERVOQ70LY070,"UAB ""Pervesk"""
485100Q2NGWGIXNMB290,МАНИКЯН КЕПИТЪЛ
485100SS4O8FAV63WY17,Универзална Инвестициона Банка АД Скопј
485100T1T8JVOQPCVU64,"NEO Finance, AB"
485100TDM6SJ9ML8WF89,Tipico Group Limited
485100USD3SGPQPJRF92,"DeRISK Business Solutions, UAB"
485100V535F1N3LWL094,"Banka Poštanska štedionica, a.d., Banja Luka"
485100W9O3MXIP9PCS03,БОРИКА АД
485100XSGAPEC3B0UB30,ТЕКСИМ АСЕТ МЕНИДЖМЪНТ
49NZZL8TFT85WS6HC217,PZU ASSET MANAGEMENT SPÓŁKA AKCYJNA
4B4HI3CGXMBDC0G6BM51,AIR CANADA
4BVL95XIH9NNZF0YN485,Citibank (Switzerland) AG
4BY1ZWG5DYMF1HP5KL86,Banque Lombard Odier & Cie SA
4DJIF67XTB552L0E3L78,"AEGON USA INVESTMENT MANAGEMENT, LLC"
4EDKCQ2ZCBIECQ6VUQ69,AMERICAN NATIONAL RED CROSS
4EP6JBYBTPTQ47LZOB67,"BNY Mellon, National Association"
4GTK5S46E6H318LMDS44,"B3 S.A. - BRASIL, BOLSA, BALCAO"
4IDQTQC5NXVM3WSFHR30,BANGKO SENTRAL NG PILIPINAS
4KF48RN45X1OO8UBLY20,XEROX CORPORATION
4LCYDN74UCFU5VPM4774,Banque Pictet & Cie SA
4LJGQ9KJ9S0CP4B1FY29,Stock Yards Bank & Trust Company
4N6SD705LP5XZKA2A097,Vantiva
4P1PKLLCYZ1K1DK7HJ38,Utah State Retirement Systems
4PQUHN3JPFGFNF3BB653,MORGAN STANLEY & CO. INTERNATIONAL PLC
4S66HJ5RNB5ZWG9YW219,EUROFIMA EUROPEAN COMPANY FOR THE FINANCING OF RAILROAD ROLLING STOCK
4T0J6O251JXNEB0VEZ08,Berner Kantonalbank AG
4TTC208NITFPJZEDCB92,"Convera USA, LLC"
4UI3TWMNJSWCWPXDN652,MINISTRY OF FINANCE
4YV9Y5M8S0BRK1RP0397,"MERCK & CO., INC."
4YW3JKTZ3K1II2GVCK15,POLAR CAPITAL LLP
4ZHCHI4KYZG2WVRT8631,MACQUARIE BANK LIMITED
50670002IG06X5T7S294,AUTHENTIC CAPITAL SA
5067000IPI8X0DOOM496,Calida Holding AG
50670017D671R0YIR293,MANTU GROUP SA
5067001959OEPG6X8016,Bossard Holding AG
5067001HIPZ9OS6XVS12,Hupac SA
506700203YVODYH59W27,SG Value Partners AG
50670029C9OFTU6NFN86,UG Europe AG
5067002ACFM51120D324,Sparhafen Bank AG
5067002XUZQR04O3A166,radicant ag
506700339DLX749VEM23,BELIMO Holding AG
5067003UFPXS5VO59J21,"Industrial and Commercial Bank of China Limited, Peking, Zweigniederlassung Zürich"
5067003VKBT52T1B0746,DJE Finanz AG
50670046ML5FVIM60Z37,Straumann Holding AG
5067004CU3Z1N6IVI782,SONECT AG
5067004DO2LK4HAF7649,Banque Algérienne du Commerce Extérieur SA
5067004K5ZC7453APV33,Banque Internationale à Luxembourg (Suisse) SA
50670051B3YT5T2M4748,dormakaba International Holding AG
506700525OEB6PPZO661,Index Financial Services AG
5067005N0Y41IH8A9552,Renalco SA
5067005YN156V1P43334,Bivial AG
50670061H68LI9ZYF622,SR Saphirstein AG
5067006CL788T896JG80,Helvetic Investor Group SA
5067006D30SR8W435160,Spar + Leihkasse Gürbetal AG
5067006F1F03L3RMXV34,Fingroup Financial Management & Consulting SA
5067006J1EH9H59DWE73,QNB (Suisse) SA
5067006TRRNX80741348,BANTLEON Convertible Experts AG
50670071PAU6135L9576,AXENTE SWISS GmbH
50670075D5AFEA95W925,AGRO COMPANIES INTERNATIONAL SA
50670076JA82M95X2744,Ipco Trading SA en liquidation
506700781XDET0A89669,Stadler Rail AG
5067007TA856V222O122,MBaer Merchant Bank AG in Liquidation
5067007V6269EHOP3295,1875 Finance SA
5067007Z8P55CQZ20C27,Primeo Holding AG
5067007Z95Y866U23M93,LF FINANCE (SUISSE) SA
506700800P4BROVMMV59,Payment Corner (Suisse) SA
506700840YN0K47G3W61,GAVI Alliance
50670084317B78OCIC30,NextGen Wealth Managers SA
50670087OZBZ0N428066,Yapeal AG
50670089F1Y2UER37091,Geremant SA
5067008AF2B2C5O7TJ43,LEM HOLDING SA
5067008O1IMXG89HS880,AGL-CEDAT MANAGEMENT SAGL
5067008PC678QNYT3T13,Swiss Finance Alliance SCM
5067008XK5SGOC14HE59,Zambon Switzerland Ltd
5067008Z5Z6459F88Y55,Alpian SA
506700912F4NV09ZAQ15,BPI (Suisse) SA
5067009OB12SSC1V7M85,"China Construction Bank Corporation, Beijing, Swiss Branch Zurich"
5067009P1FZ2518F1197,All-In Finanz AG
506700AF1GLJ14BY8F60,Longbow Finance S.A.
506700ASYLR60EV4MT42,Fondation interprofessionnelle sanitaire de prévoyance (FISP)
506700B3ZA956GIX6Q24,"Bank of China Limited, succursale de Genève"
506700BWO4E68RPC2N62,BG (Suisse) Private Bank SA
506700C33SLZ876P2N71,"Fluid Finance SA, en liquidation"
506700CMFC953407D254,Ersparniskasse Affoltern i.E. AG
506700E102077OJ53397,"Keane, Mathez & Cie"
506700ELH8574U90AC90,Nova Marine Carriers SA
506700EY3636RDMVOH56,Expersoft Systems AG
506700F67P3U04D7VN68,Cash Xpress Financial Services Sàrl
506700HJTJ42L5IJDG59,Taurus SA
506700IA436L05KW1277,Bruellan SA
506700ICIT04688X8153,Baloise Bank AG
506700IE6GKPQ6387Y20,Sygnum Bank AG
506700J9QD6IF3937W06,Siegfried Holding AG
506700JY7255QI232E54,Zugerberg Finanz AG
506700L65KM9R0X06H78,Sudarshan Switzerland HLD1 AG
506700N190A2ZO68OU44,Swissblock Capital AG
506700N9291WI2KBPR62,GEOCIAN Capital SA
506700NMJ9C9FK4Y1116,"The Global Fund to fight Aids, Tuberculosis and Malaria (The Global Fund)"
506700OXMNP2C1EM7109,Swiss Bankers Prepaid Services AG
506700P9HD74Q0N9SM04,Global Trade Solutions AG in Liquidation
506700R257QJ4009Q870,Clientis AG
506700RDEU753B0G2604,Sept Finance SA
506700S40Q93RMLSU087,Anlagestiftung der Migros-Pensionskasse
506700SVMTV3NE436S31,Orascom Development Holding AG
506700T9G46DUDUDQ630,Caisse de pensions de la fonction publique du canton de Neuchâtel
506700U6N1ID3ITH5D57,Gefinor Finance SA
506700VHN0FVT4579355,Spar- und Leihkasse Thayngen AG
506700VOSO71M0RP3879,AMINA Bank AG
506700W1594NM3K41G60,Private Client Bank AG
506700W1RQ958S2DY904,Forbo Management SA
506700X7543M6728VS84,City Trade & Investment SA
506700Z66VR8385N6067,NOVUM SWISS AG
50OBSE5T5521O6SMZR28,INTERACTIVE BROKERS LLC
50XG65ZMVFGMPJQCD425,"MUNDER CAPITAL MANAGEMENT, LLC"
51KMXRLB0RIEGI0WJN58,Mizuho Bank (USA)
52965FONQ5NZKP0WZL45,NYKREDIT BANK A/S
52990000BSH4E0SCC868,Volksbank Butzbach eG
52990000WOFHKWWVIB68,Clientis Entlebucher Bank AG
52990001LP4SHV9LRI48,Raiffeisenbank Tux eGen
52990001O0THU00TYK59,"UNICREDIT BANK SRBIJA A.D., BEOGRAD (STARI GRAD)"
52990001X55ZFHKXU724,"Raiffeisenbank Friesach-Metnitztal, registrierte Genossenschaft mit beschränkter Haftung"
5299000237YH143E2993,Sparkasse Westholstein
529900025IC0FD7OPL94,"Sparkasse an Volme und Ruhr, Zweckverbandssparkasse der Städte Hagen, Halver, Herdecke und Lüdenscheid sowie der Gemeinden Herscheid und Schalksmühle"
52990002AOJ5QYHRDS24,Raiffeisenbank am Kulm eG
52990002BY85ORK97W78,GPB (Schweiz) AG
52990002L2FUVOJEWS11,Raiffeisenbank Graz-Straßgang eGen
52990002O5KK6XOGJ020,NRW.BANK
529900032TYR45XIEW79,EUWAX Aktiengesellschaft
52990003P069MRS9D366,Hohenzollerische Landesbank Kreissparkasse Sigmaringen
52990005B605IAV7XH83,Raiffeisenbank Region Glatt Genossenschaft
529900061MKLB90PD429,Solaris SE
529900075JOMI0A9N358,Volksbank PLUS eG
52990007PTGDTY54X103,GRUNDFOS HOLDING A/S
529900086UL2LKA05756,CROATIA BANKA d.d.
529900088909IB2EAZ74,Internationales Bankhaus Bodensee Aktiengesellschaft
52990008S13HOOUKLR62,VR Bank EifelLand eG
52990008SP9ETV9I7047,Kreissparkasse Ostalb
52990009323ZYAU63G65,Raiffeisenbank Oberfreiamt Genossenschaft
529900098AT70L34V240,Sparkasse Mecklenburg-Schwerin
52990009AKT3JE6A0S83,Raiffeisenbank Ostprignitz-Ruppin eG
5299000A5B331XRX8845,BIT Capital GmbH
5299000AFYN2KIDKYP77,Raiffeisenbank eG
5299000ALA5385NLDG70,St.Galler Kantonalbank Deutschland AG
5299000B27VKDLQR7Z66,Volksbank Ulrichstein eG
5299000CFIYPHBDCD952,Volksbank Backnang eG
5299000D7XXN5PC5AF93,Spar-u.Kredit-Bank eG
5299000DNBTCYOMV1W76,Raiffeisenbank Region Schallaburg eGen
5299000DS6PEAJA28H06,Raiffeisenbank Großarl-Hüttschlag eGen
5299000EPC47VJQOFB81,ルネサスエレクトロニクス株式会社
5299000F1CGJQ8NAXQ58,MERKANTI BANK LIMITED
5299000FMNZDQIMTS006,Freie Hansestadt Bremen
5299000G88VRM4ANQO92,Raiffeisenbank Buch-Eching eG
5299000GFXW4DD0JFO69,TÜV SÜD Aktiengesellschaft
5299000H77JSW90G7935,Central Bank of the Republic of Armenia
5299000HTNHA5ACH9N32,Red Bull GmbH
5299000I7Y60A8273788,Santander Consumer Bank GmbH
5299000I8LOSWZDPTJ83,"ŠKO-ENERGO, s.r.o."
5299000IACYGAU83DI17,Banque Internationale de Commerce - BRED (Suisse) SA
5299000IAR4QH77EHH75,Ersparniskasse Rüeggisberg Genossenschaft
5299000IRJBYT8E4DW61,Raiffeisenbank Mittelbünden Genossenschaft
5299000J0T304H8S6464,Naša Banka a.d. Banja Luka
5299000J2N45DDNE4Y28,"Herausgebergemeinschaft Wertpapier-Mitteilungen Keppler, Lehmann GmbH & Co. KG"
5299000JX1L5XZUT3W05,ProCredit Bank
5299000K05SFBDX9PV30,Kreissparkasse Saale-Orla
5299000LASXRAUKW4937,WestInvest Gesellschaft für Investmentfonds mbH
5299000LCG7RQKQKSX46,Volksbank im Harz eG
5299000LHOLXRRD8L428,PostFinance AG
5299000LO77G7PYWD232,Raiffeisenbank Völkermarkt-Bleiburg-Brückl eGen
5299000M5HXDRIFSGM87,Kurhessische Landbank eG
5299000NAW3RQAVXMI33,"P+, Pensionskassen for Akademikere"
5299000NI62AJ0DGKH76,Ostfriesische Volksbank eG
5299000O4GKV3XL1S930,RAIFFEISENKASSE ETSCHTAL GENOSSENSCHAFT - CASSA RAIFFEISEN ETSCHTAL SOCIETA' COOPERATIVA
5299000O7UMNSOGRRW53,Freistaat Sachsen
5299000OBYTT24O0ST84,Raiffeisenbank Weiz-Anger eGen
5299000OQOI6CXB4XL69,Volksbank eG
5299000OVRLMF858L016,Oesterreichische Kontrollbank Aktiengesellschaft
5299000PCY1EP8QJFV48,ОБЕДИНЕНА БЪЛГАРСКА БАНКА
5299000PQ0Q6O7SGSK31,Vereinigte Raiffeisenbank Burgstädt eG
5299000RC3B74FWIDU87,Raiffeisenbank Rapperswil-Jona Genossenschaft
5299000REI62JRPXGL18,Vereinigte Sparkassen Eschenbach i.d.OPf. Neustadt a.d.Waldnaab Vohenstrauß
5299000RS7PHIZ9AQZ38,Volksbank Jerichower Land eG
5299000RWD2J46DMCW33,Fondsmæglerselskabet Marselis A/S
5299000S63ZHKNGGOW84,Ersparniskasse Schaffhausen AG
5299000SPV9W5FRWSN48,MASTERINVEST Kapitalanlage GmbH
5299000TLBR9LYLKTF56,First Private Investment Management KAG mbH
5299000TZ4OSOOGU1120,Lang & Schwarz TradeCenter AG & Co. KG
5299000U66EHK541QB51,CASSA RAIFFEISEN LACES SOCIETA' COOPERATIVA
5299000ULPUMP4V8Y807,Volksbank Brandoberndorf eG
5299000UUYW66L5LT560,MarketAxess NL B.V.
5299000W5UY6SNDKTT52,Lang & Schwarz Aktiengesellschaft
5299000WKGUA6D1GIX30,Volksbank Westenholz eG
5299000WVEJNSG42AK88,SIMCORP A/S
5299000YBKNGBUB4VF56,European Depositary Bank SA
5299000Z9E031RBH9L23,LAT Nitrogen Austria GmbH
5299000ZVON1HSFMRU07,Raiffeisenbank Straß-Spielfeld eGen
529900101F0Q7RVOTV05,Geberit International AG
52990010KATB4A736397,"Raiffeisenbank Wernberg, registrierte Genossenschaft mit beschränkter Haftung"
52990010T57RAF234Z30,Schelhammer Capital Bank AG
52990011EY5WB0027820,Raiffeisenbank Weissachtal eGen
52990011M6V4QCKS6X08,ASK Chemicals GmbH
529900125Z6C67CRGO98,AEK BANK 1826 Genossenschaft
52990013RUF1YVQ45842,Kreissparkasse Anhalt-Bitterfeld
5299001470N0KBA1IN73,Volksbank Ascheberg - Herbern eG
529900158EA67BSAVS40,Peek & Cloppenburg B.V. & Co. Kommanditgesellschaft
52990015I96TLGKUIX18,Raiffeisenbank Geretsberg eGen
52990015MCF9LT51IO57,Raiffeisenbank Siggenthal-Würenlingen Genossenschaft
52990016MHL8VVZAG187,Sparkasse Dieburg - Zweckverbandssparkasse -
52990017AXISC0US4773,Raiffeisenbank Tulln-Klosterneuburg eGen
52990017DZKEH3Q6PV63,VR Bank Schleswig-Holstein Mitte eG
52990017UI2F0KP9E995,Raiffeisenbank Wesermarsch-Süd eG
52990017WA3IJ04V9Z88,Banque Raiffeisen des Montagnes Neuchâteloises société coopérative
5299001984Q1Q7RKL019,Schwyzer Kantonalbank
5299001ADI8FLGT0GU28,Sparkasse KölnBonn
5299001AH9W3WV8CMJ04,Raiffeisenkasse Rum-Innsbruck/Arzl eGen
5299001AMHDLKUM80611,Mayr-Melnhof Karton Aktiengesellschaft
5299001AYX0JLMS7S118,NBK Private Bank (Switzerland) Ltd
5299001BHV0GYRSE1192,Kreissparkasse Saarpfalz
5299001CHU3TRRK8UZ78,Dithmarscher Volks- und Raiffeisenbank eG
5299001D9KSLLJKK9T94,Lebensversicherung von 1871 auf Gegenseitigkeit München
5299001DYPSTT2ATLX95,Bankhaus Anton Hafner KG
5299001FCO8071XY9U76,SAVILLS INVESTMENT MANAGEMENT - SOCIETA' DI GESTIONE DEL RISPARMI O - SOCIETA' PER AZIONI OVVERO SAVILLS INVESTMENT MANAGEMENT SGR S.P.A. OVVERO BREVEMENTE SAVILLS I.M. SGR S.P.A.
5299001G5ZB0E3BOC654,Sparkasse Neubrandenburg-Demmin
5299001G7RXMGFNQBO33,Sparkasse Rattenberg Bank AG
5299001G94UPTI8C7N54,Sandvik Treasury Aktiebolag (publ)
5299001IQFMXLWU5YO62,Banque Raiffeisen Vallée d'Illiez société coopérative
5299001KN7JTMRR7ZI39,Sparkasse Fulda
5299001KO1M2237AFF59,Volks- und Raiffeisenbank Prignitz eG
5299001LABJU1E23ZG77,Raiffeisenbank Waldkirch Genossenschaft
5299001LDTJ8SIMBV818,RAIFFEISENKASSE PRAD-TAUFERS GENOSSENSCHAFT - CASSA RAIFFEISEN PRATO-TUBRE SOCIETA' COOPERATIVA
5299001LO40HZJF61T52,Raiffeisenbank eG
5299001LWOD98X7BJJ08,Hamburgische Investitions- und Förderbank
5299001M22M20MLUQL39,Raiffeisenbank Ehrwald-Lermoos-Biberwier eGen
5299001M6691CFX25J30,flatexDEGIRO Bank Dutch Branch
5299001N6TTST53P3690,DB Investment Services GmbH
5299001O0WJQYB5GYZ19,CARLSBERG A/S
5299001O5S0MLDYH7A21,Volksbank Sauerland eG
5299001O837NU3SNKN73,SIVANTOS PTE. LTD.
5299001OKQX8MIF6CX78,Harzer Volksbank eG
5299001OU9CSE29O6S05,Rheinmetall Aktiengesellschaft
5299001PEMDU9N24CH60,DELAVSKA HRANILNICA d.d. LJUBLJANA
5299001PM387GO938F16,Sparkasse Hochfranken
5299001PSXO7X2JX4W10,"OMICLEAR, C.C., S.A."
5299001Q150B9RENR360,Sparkasse Vorderpfalz
5299001QR2L8V0XJTV10,RAIFFEISENBANK ATTERSEE-NORD EGEN
5299001R65GPN5AW9T45,Raiffeisenbank Pinzgau Mitte eGen
5299001R998PVUCDKR55,Bausparkasse Mainz Aktiengesellschaft
5299001RBEXZCE3U5H72,Raiffeisenbank Frankenhardt-Stimpfach eG
5299001ROKX0XA9L1H61,Raiffeisenbank Seeland Genossenschaft
5299001SF3XLX2C2H921,Raiffeisenbank Türkheim eG
5299001SP39ZRG7YF519,"Caixa de Crédito Agrícola Mútuo de Torres Vedras, C.R.L."
5299001SSGO8MMQN8E03,Kreissparkasse Steinfurt
5299001T71GMIEZTI763,Spar+Leihkasse Riggisberg AG
5299001THP8063ERVG26,Raiffeisenbank Südliches Ostallgäu eG
5299001U5LX7XCP9HW36,Raiffeisenbank Grävenwiesbach eG
5299001U6YCAXQ7KST31,Banque Raiffeisen de Gimel société coopérative
5299001U8PWEULH63086,Raiffeisenbank Laa/Thaya eGen
5299001UN4CS1DE1IX93,Kreissparkasse Schwalm-Eder
5299001UOFDHQ2G9BO40,LEVANTUR SA
5299001VNSWRNTNFE291,Volksbank Chemnitz eG
5299001W9PYB6TA79Z28,Deutsche Bank Representative Office Nigeria Limited
5299001WEKCK7E65TI48,Българска народна банка
5299001XRHC6PR7ONE29,Muhr und Bender KG
5299001XVOJIZE0D0D96,R + V LEBENSVERSICHERUNG AKTIENGESELLSCHAFT
5299001YA7DD6CGPIF92,NORNE SECURITIES AS
5299001Z8JOKGWV5O949,Oesterreichische Nationalbank
5299001ZDCILHOAR7Q32,PSD Bank RheinNeckarSaar eG
5299001ZO4CKWACMZI55,シスメックス株式会社
52990020D0OVJ59CJ526,Raiffeisenbank Absam-Thaur-Volders eGen
52990020SMIEX1JAAC63,Sparkasse Bamberg
52990020WIPPT0HC0V31,Steinhoff Europe AG
5299002142DS5ONT5540,ЦЕНТРАЛНА КООПЕРАТИВНА БАНКА
52990021HAPOILUFSF84,Sparkasse Kaiserslautern
52990021LM3ST875ZA38,Raiffeisenbank Westeifel eG
52990022SP6JDAZ2DP74,Bankhaus Denzel Aktiengesellschaft
52990022Z6AVYLH8IO31,SSW-Trading GmbH
52990023MBTKMWOODJ44,Scobag Privatbank AG
52990024G0N1T9LQAJ26,Raiffeisenbank eG
52990025CA0Y9N8TBE79,Raiffeisenbank Dornach Genossenschaft
52990025MUV1CHF0Y448,Raiffeisenbank Frauenkirchen-Mönchhof-Podersdorf am See eGen
52990025Y7T5V0W00H04,Raiffeisenbank Stockerau eGen
5299002694PD6CEZMG66,ПФБК Асет Мениджмънт
52990026HQOTT4AJP655,GLS Gemeinschaftsbank e.G.
52990027B9ARY5AC8476,HELM AG
529900283EG8U91F0U08,Raiffeisen Bezirksbank Kufstein eGen
529900284XV61MNGXB55,Raiffeisenbank Regio Arbon Genossenschaft
529900288MYT7RTLTQ67,A.B.S. Factoring AG
52990028CUMXE8UW4875,Banka Ekonomike SH.A.
52990028YYXNOY4VCL59,FactorBank Aktiengesellschaft
52990029TKC9LBIJWM35,LIME TRADING (CY) LTD
5299002A9K9AKAFFIS09,PPC
5299002BXV65IANW9Q70,Raiffeisenbank Möhlin Genossenschaft
5299002CRNX7K6KOL397,Openbank Deutschland Aktiengesellschaft
5299002CUZJM6YYXA642,Yunex GmbH
5299002DCNYEMSZANB66,Stadtsparkasse Lengerich (Westfalen)
5299002DMWV5MBDB5504,RAIFFEISENBANK HARDT-BRUHRAIN eG
5299002ER8OE93VD2R07,Sparkasse Trier
5299002EY9UVVABHCB26,Volksbank Wilhelmshaven e.G.
5299002FA787L9H7J728,Tecan Trading AG
5299002FB0US5WEF4O54,Volksbank eG
5299002FEJ4888HXLI11,PATRIZIA Frankfurt Kapitalverwaltungsgesellschaft mbH
5299002FKF8I278KC598,VR-Bank Landshut eG
5299002G1IBYWM59DK24,HAGIM GmbH
5299002GDXM6JRUY4311,Sparkasse Celle-Gifhorn-Wolfsburg
5299002GPM9IXQLHUC77,Sparkasse Saarbrücken
5299002GX774MB1XAS02,Volksbank Kleverland eG
5299002GZMVW234JRW43,Kreissparkasse Ravensburg
5299002H4HNGZGLL9S48,Kreissparkasse Börde
5299002HNCMIUBHOMK35,LEONI AG
5299002HX24U7L3HT926,Sparkasse Minden-Lübbecke Zweckverbandssparkasse des Kreises Minden-Lübbecke und der Städte Minden und Petershagen
5299002HYGKN2PVW0806,Raiffeisenbank eG
5299002IH923QPXQON87,Volksbank Süd-Emsland eG
5299002JRTT699WFOV74,Omya (Schweiz) AG
5299002JVIAEI4GNAG92,UNION BANKA d.d. SARAJEVO
5299002K64V7E6KB5190,Exus Management Renewables SL
5299002L2ADKMUUHYE52,Volksbank Plochingen eG
5299002L520EUXTD9A56,VR-Bank Uckermark-Randow eG
5299002M3PV07NR8CC24,MEAG MUNICH ERGO AssetManagement GmbH
5299002NK7P7YMZH3W76,Raiffeisenbank Region Ägerital-Sattel Genossenschaft
5299002NZCMF1NIHZ018,PATRIZIA SE
5299002O43DCLC2NJV75,Volksbank Oberösterreich AG
5299002O8QCTT297UM41,FAREVA
5299002PZ7ROI71ZQW56,Wiesbadener Volksbank eG
5299002Q3XW9T7PSYJ07,Sparkasse Reutte AG
5299002Q4KTHGYTRYV23,Volksbank im Bergischen Land eG
5299002QI7G5XEIYAO60,Lietuvos bankas
5299002R9M3VT6XX4R71,Ter Hell & Co. GmbH
5299002RCY3D5M211G35,Volksbank Beilstein-Ilsfeld-Abstatt eG
5299002RTPWNHY2DI332,EVENORD-BANK eG-KG
5299002T85GKKKKE8C08,Volkswagen Group Malaysia Sdn. Bhd.
5299002TR6OB9NRI4Q93,Raiffeisenbank Schächental Genossenschaft
5299002UTTT1XULL7E86,Weberbank Actiengesellschaft
5299002VV7U9J9VYOD44,"""KAPİTAL BANK"" AÇIQ SƏHMDAR CƏMİYYƏTİ"
5299002W4E0AQ305SE62,Sparkasse Göttingen
5299002XXLD8VLSX5835,VR Bank Lausitz eG
5299002YPOCI02FI9X11,Raiffeisenbank Grainet eG
5299002YVHLG6C9YF625,Raiffeisenbank Unteres Vilstal eG
5299002YVPXVY1C71454,Vereinte Volksbank eG
5299002Z1GJN6DXKXW83,Raiffeisen-Bank Eschweiler eG
5299002ZG5ZSOLMPJ232,Urner Kantonalbank
529900306OMJF3XB1F61,Volksbank Rhein-Lippe eG
52990031CJS75L66CZ36,KNAUF INTERNATIONAL GmbH
52990031PUC4WB4ZK445,Volksbank Dreiländereck eG
529900329VS14ZIML164,SSAB AB
52990032TC9WXUQRPJ21,Raiffeisenbank Aarau-Lenzburg Genossenschaft
529900338TU1OQMM8562,Raiffeisenbank München-Nord eG
52990033C5FUEN4LMC06,BANCA POPOLARE DELL'ALTO ADIGE SOCIETA' PER AZIONI
52990033D2BXTNPW8N78,Sparkasse Münsterland Ost
52990034MAUYMF1FE979,Raiffeisenbank Gampern eGen
529900351GPS9WXA2C05,Raiffeisenbank Flachgau Nord eGen
529900369DAQRN3YQE15,Banque Raiffeisen de Massongex/St-Maurice/Vérossaz société coopérative
5299003795MPR9UZ1J25,КАПМАН
52990037IU0Q6VO1PN63,Sparkasse Gießen
52990037OIEQO0EVFH64,MorgenFund GmbH
529900381YTPHVY9AI06,Douglas Service GmbH
52990038BWAZCOI75X10,Sparda-Bank Hessen eG
52990038BXVIOH0DHF49,RKW SE
529900392D9HF1RBUQ52,BANCA CASSA DI RISPARMIO DI SAVIGLIANO S.P.A.
529900397SZWE7DR1C77,BNP Paribas Real Estate Investment Management Germany GmbH
5299003A0V4Q2UNTWY33,Raiffeisenbank Urnerland Genossenschaft
5299003ATVTQVPTW4735,BTV Vier Länder Bank AG
5299003BM5J078AXVS43,Raiffeisenbank Lech-Donau eG
5299003C6LOOIE130N42,BERGOS AG
5299003CGERWU3RQT216,Raiffeisenbank Innkreis Mitte eGen
5299003DX5YLKSVJ6K59,BUZZI SPA
5299003FGPNOV1C5M242,BANQUE HERITAGE SA
5299003G9CMV5CY1FU81,Deutsche Oppenheim Family Office AG
5299003GDKWU24XYY123,CASSA RAIFFEISEN DI BRUNICO SOCIETA' COOPERATIVA
5299003GOFAXS919XI60,Van Lanschot Kempen (Schweiz) AG
5299003GUMW9P8LSKW56,Sparkasse Regen-Viechtach
5299003HG8DC8Z3S9980,Sparkasse Odenwaldkreis in Erbach/Odenwald
5299003IBFEURLA1ZS39,Bond Capital House GmbH
5299003IC5FPI8W8OC33,Saalesparkasse
5299003IDL6A65WOLV68,Walser Raiffeisen Bank Aktiengesellschaft
5299003IIN0MVUQTXJ55,VR Bank Südliche Weinstraße-Wasgau eG
5299003IU8PGXES9RG25,O.F.SZ. Országos Fizetési Szolgáltató Zrt.
5299003JYVV58FST1U32,Raiffeisenbank Grimma eG
5299003K986LVBFF9Y49,DUCATI INDIA PRIVATE LIMITED
5299003KBBDNA41Z8B94,Volksbank Mittweida eG
5299003KMEKIYNEIJN24,Raiffeisenkasse Retz-Pulkautal eGen
5299003L3TGTOIYBX911,Schlumberger Finance B.V.
5299003LDU8Q5CXEHX25,Bantleon Invest Kapitalverwaltungsgesellschaft mbH
5299003LP3FEIX2HYD09,Hypo-Wohnbaubank Aktiengesellschaft
5299003M4PGUGL48LS74,INEOS Styrolution Group GmbH
5299003M87KP6JTOHO27,VR Bank Bad Orb-Gelnhausen eG
5299003MY56ID5EB4A55,Sparkasse Rhein Neckar Nord
5299003N30G9RSOTCW84,Raiffeisenbank Parkstetten eG
5299003O1XGBX95Y6O90,S.P. Hinduja Banque Privée SA
5299003PAT5ZVJES8024,Sparkasse Lüneburg
5299003PTBIXD4JWUL87,Raiffeisen-Volksbank Fresena eG
5299003Q12XE3DN7X166,BTG Pactual Europe S.A.
5299003QF94FZCIIRP54,Volvo Personvagnar Aktiebolag
5299003RJ3AQPXUXBE64,RAIFFEISENBANK WELLING eG
5299003RYL0UXJ2GSW91,Spreewaldbank eG
5299003TLCSK2I1VH406,CBH Bahamas Ltd.
5299003TZAODBIABJG85,Stadtsparkasse Grebenstein
5299003UZLTMIKOS0G56,Gebr. Heinemann SE & Co. KG
5299003VTP6ZWXLP4P45,Sparkasse Neu-Ulm - Illertissen
5299003WFWKBPJQ1M410,Raiffeisenbank Arnstorf eG
5299003WQSOEXBJMHJ51,PRA Group Europe Holding III S.à r.l.
5299003XLG8J4YTHLX44,REWE International Finance B.V.
5299003XVYDWYG79FM37,"Raiffeisenkasse Stumm, Stummerberg und Umgebung registrierte Genossenschaft mit beschränkter Haftung"
5299003XXPWL6O33R633,"АКЦІОНЕРНЕ ТОВАРИСТВО ""ОТП БАНК"""
5299003Z257L424WU915,ABBAG - Abbaumanagementgesellschaft des Bundes
529900408LYNP1ETAV33,SPARKASSE FRANKENMARKT AKTIENGESELLSCHAFT
52990040GV6S6DHUXU91,Bank Julius Bär Deutschland AG
52990040SI7BI0JREA66,VR Bank Fulda eG
52990041P1DQ40W2VL68,Vereinigte Volksbank eG Ganderkesee - Hude - Bookholzberg - Lemwerder
5299004234B3JPGKG462,Volksbank Dresden-Bautzen eG
52990043A5NROH063B25,PREZERO IBERIA SL
52990044CNI6TU104P97,Raiffeisenbank Rastede eG
52990044S4O3PY6X8R96,"Thüringer Aufbaubank, Anstalt des öffentlichen Rechts"
52990045UPW22O42DT70,Archelon Deutschland GmbH
5299004611357MQINQ02,FIL Fondsbank GmbH
52990047L72LJ1Y6U753,Sparkasse Prignitz
52990049E3XQH11U3C47,Stadtsparkasse Burgdorf
52990049GGPZL58BKE94,Raiffeisenbank Tannheimertal eGen
52990049IEUGB01L0409,Banco de Desarrollo Economico y Social de Venezuela
52990049YMGDGTAMFX97,Edmond de Rothschild (Suisse) S.A.
5299004BC77JJG4ZF674,HIH Invest Real Estate GmbH
5299004C94OCSH482642,Volksbank eG
5299004CHGUXFJGS9O10,Sparkasse Rhein-Haardt
5299004CUF5JZBZVJC58,Principal Trading Netherlands B.V.
5299004CWE6GT1472X86,СТОПАНСКА БАНКА А.Д.Битола
5299004D2UMCDTD9JG58,Volksbank Raiffeisenbank Regensburg-Schwandorf eG
5299004EBLIZIKHYDD52,Deka Immobilien Investment GmbH
5299004FBFPF6HEWPQ19,Volksbank Krefeld eG
5299004HBAECUACNWN98,Sparda-Bank Baden-Württemberg eG
5299004IB85Q1YRX3B03,Sparkasse Landsberg-Dießen
5299004IRKN0NA0VSL09,Stadtsparkasse Wermelskirchen
5299004IU009FT2HTS78,Quirin Privatbank AG
5299004J3SBQE609PM70,Raiffeisenbank Region Rohrbach eGen
5299004J5SVYYCFJ2M33,Raiffeisenbank Region Hausruck eGen
5299004KRGBMRXWVS362,Sparkasse Wetzlar
5299004LHMISF547CM64,Ampega Investment GmbH
5299004LQR2P5LDTH233,Sparkasse Feldkirchen/Kärnten
5299004MQEQMFM5P7A39,Raiffeisenbank St.Florian am Inn eGen
5299004OQ9G61V97H347,BEKO INTERNATIONAL S.A.
5299004PWNHKYTR23649,Volkswagen International Finance N.V.
5299004R4U60UMXLSE36,Sparkasse Karlsruhe
5299004RXOU0XHOBBX16,"Körmend és Vidéke Takarékszövetkezet ""végelszámolás alatt"""
5299004SI3IL8FGDV034,LBS Landesbausparkasse NordOst AG
5299004SJJEXKZ3FBF63,Banque Raiffeisen Ajoie société coopérative
5299004T3M08D1IB2F28,VKR HOLDING A/S
5299004T81B4514RAQ13,Sparkasse Pottenstein N.Ö.
5299004TE2DYMKEAM814,DZ HYP AG
5299004UAIQGGCLBCB46,Frankfurter Bankgesellschaft (Schweiz) AG
5299004V945VS3CN3I34,Raiffeisenbank Rosenstein eG
5299004VX6J1Y7H52S80,Freikirchen.Bank eG
5299004XQ9TKTTYCR270,VR Bank Bamberg-Forchheim eG Volks- Raiffeisenbank
5299004YJM025WNBRD88,Stadtsparkasse Bottrop
5299004ZT7DZU4A73I10,NORMA Group Holding GmbH
5299004ZU2QE5YME0H22,Raiffeisenbank Rauris-Bucheben eGen
52990050SU0S4QQ4Z793,Landesbank Saar
52990051JDPDRCH81306,Kreissparkasse Göppingen
52990051OUSIGVLQ2082,Volksbank Baumberge eG
52990051VFNQRQW3KA94,Union Investment Service Bank AG
52990052OREU7XOWPN82,Raiffeisenbank Wald-Görisried eG
529900533THA1UQ2HY63,Volksbank Eisenberg eG
52990053QE1M1V4P6U87,VBU Volksbank im Unterland eG
5299005434158TH0MT43,Raiffeisen Regionalbank Fügen-Kaltenbach-Zell eGen
529900551DP3YIBUKD52,Alpha Wertpapierhandels GmbH
52990055VN3I202R2809,Taunus-Sparkasse
529900563YQV1RAPJ183,VR-Bank Ludwigsburg eG
529900566QCZUTPT0Z19,Sparkasse Bad Neustadt a.d. Saale
52990056C1E0V96O5B50,CreditPlus Bank Aktiengesellschaft
52990056G4PX6ZS91O02,WDB Abwicklungs AG
52990056N76RPR4BC634,Volksbank eG
52990056W0VDKEDYUY83,VakifBank International AG
5299005715LEN23XTE56,REHAU Verwaltungszentrale AG
5299005743YY767PR386,DRAGSHOLM SPAREKASSE
5299005769HMQTYGDN91,ProCredit Bank SH.A.
52990057VEWDZZFRIJ07,Kreis- und Stadtsparkasse Erding - Dorfen
5299005836HGV8BXL420,Caisse d'Epargne Courtelary SA
52990058ZPV8T2KVSG97,Raiffeisenbank Worblen-Emmental Genossenschaft
5299005923SBN3T3DZ94,AMUNDI DEUTSCHLAND GMBH
529900592WLTRIGATR51,Spar- und Kreditbank Bühlertal eG
52990059EQPS5XDTSY92,Raiffeisenbank Mureck eGen
5299005ANVE3LTHO2U55,fischerwerke GmbH & Co. KG
5299005APEEJBVBCV708,Volksbank Halle (Saale) eG
5299005B0T51VB4HUH74,MM BOARD & PAPER GmbH
5299005BDEN01BARSB46,السويدي اليكتريك ش.م.م
5299005BM75JZ6WY2617,Apex Fund Services S.A.
5299005CH5Q0GKJUF762,Sparkasse Olpe-Drolshagen-Wenden
5299005CK2AG0JENX496,VOLKSWAGEN POZNAŃ SPÓŁKA Z OGRANICZONĄ ODPOWIEDZIALNOŚCIĄ
5299005D7BSJAXC1U023,Raiffeisenbank Neustift-Mieders-Schönberg im Stubaital eGen
5299005E2F0CA1738607,Kreissparkasse Bersenbrück
5299005E2JTERRY3R285,Sparkasse Pfaffenhofen
5299005E4SU83YHLHL56,Volksbank Möckmühl eG
5299005EA9T38I7XR654,Raiffeisenbank Pöndorf - Frankenmarkt eGen
5299005ESR0IPYWFYP06,Raiffeisenbank Elbmarsch eG
5299005F2A4SAXE4PE25,Sparkasse der Stadt Kitzbühel
5299005F6C3ZN303M461,Sparkasse Vogtland
5299005FGMOKS2X2XW30,Raiffeisenbank Region Grieskirchen eGen
5299005FLGWDF2878X45,RAIFFEISENKASSE EISACKTAL GENOSSENSCHAFT - CASSA RAIFFEISEN DELLA VALLE ISARCO SOCIETA' COOPERATIVA
5299005GFZN3PFMULG91,Mercedes-Benz do Brasil Ltda.
5299005GLFOIV7898E14,Sparkasse Ingolstadt Eichstätt
5299005GYMBALTZNZQ63,S-Kreditpartner GmbH
5299005I3MGZVBQXY833,UAB FMĮ “INVL Financial Advisors”
5299005IN6TVN2CXFS16,Raiffeisenbank Gilching eG
5299005K04JUZBZIIE85,KAF Kärntner Ausgleichszahlungs-Fonds
5299005KY91C4C6U9H17,KION GROUP AG
5299005L7MIBEBCZO533,VR-Bank in Mittelbaden eG
5299005MIHH61P5F9H39,StoneX Financial Europe GmbH
5299005NWLM5BJ07F245,Raiffeisenbank Altschweier eG.
5299005O2LPWV9IP2Z21,Volksbank Raiffeisenbank Oberbayern Südost eG
5299005O6BGX8UAPV308,Raiffeisenbank Region linker Zürichsee Genossenschaft
5299005OACOC1C1OFJ11,Raiffeisen-Landesbank Tirol AG
5299005OQIUZZAFLA333,ТОКУДА БАНК
5299005Q0A3VKDJ0M375,Putzmeister Holding GmbH
5299005QIT19WQ32N972,DJURSLANDS BANK A/S
5299005QMSP02NYJBZ32,PSD Bank Hessen-Thüringen eG
5299005R7YI2DWX7I620,Volksbank Hohenlimburg eG
5299005RDPYR0DNHDX66,Metalor Technologies SA
5299005S9J7CTFNBXH55,Niederrheinische Sparkasse RheinLippe
5299005T3VDFRFKEDR04,Heidenheimer Volksbank eG
5299005TCAEGOHRI6930,NORDEA LIV FORSIKRING AS
5299005TE9713O1TVI13,DUCATI MOTOR HOLDING SPA
5299005TKVFZBU7P6A67,Raiffeisenbank St. Marien eGen
5299005TV0L59BVRQG23,Bankhaus Bauer Aktiengesellschaft
5299005UJX6K7BQKV086,OTP banka dioničko društvo
5299005UTE037HK5XL66,VOLKSBANK IMMENSTADT eG
5299005V8STLXZGFYG71,Volksbank Uelzen-Salzwedel eG
5299005VTV9V4ZHC6L98,Polgári Bank Zártkörűen Működő Részvénytársaság
5299005W3ZSR35ZYJH59,P/F Føroya Banki
5299005WFRJFZHFAJN13,VR VerbundBank eG
5299005WH4KLVOIMZF90,OTP Pénztárszolgáltató és Tanácsadó zártkörűen működő Részvénytársaság
5299005X2KF59ERDLL36,VR-Bank Ostbayern-Mitte eG
5299005Y2ECDV24CQ115,HanseMerkur Lebensversicherung AG
5299005YWCYAVHRUVU85,Raiffeisenbank Appenzell Genossenschaft
5299005ZC0K4R5KA5S41,Sparkasse Krefeld - Zweckverbandssparkasse der Stadt Krefeld und des Kreises Viersen -
52990060FDQEI44EGQ17,VZ VermögensZentrum Bank AG
52990061592SQLEJN964,Volksbank Mittelhessen eG
52990061SQ78XUWKFC77,Raiffeisenbank Münchwilen-Tobel Genossenschaft
52990061UDST3EH9OS85,Raiffeisenbank Regio Altnau Genossenschaft
52990063ADNRF9GBTQ30,Investitionsbank Schleswig-Holstein
52990063MKFIZU5JXF48,Niedersächsische Börse zu Hannover e.V.
52990063N0MNER65UB03,BELLIN GmbH
5299006739Q11DK81J47,PORTFOLIO MANAGEMENT SOLUTIONS (PMS)
529900673O9RT0H4KR87,Raiffeisenbank Bad Saulgau eG
52990069A4FYABF51K72,Velcor S.A.
52990069X0DI53Z8X114,Banca Raiffeisen Lugano società cooperativa
5299006A2PPHMJUAYM46,Sparkasse Schwaben-Bodensee
5299006B64J1OMUW5G62,Volks- und Raiffeisenbank Muldental eG
5299006B79LKOVMTXV20,Städtische Sparkasse Offenbach a. M.
5299006C0EVA5LAYOR30,AGRANA Beteiligungs-Aktiengesellschaft
5299006CGNTOG0DLV470,Raiffeisenbank im Weinviertel eGen
5299006E6UGNN6YEPU72,Volksbank in der Region eG
5299006EFJYFKYJZ6X62,SIGNAL IDUNA Asset Management GmbH
5299006ELY38N3VPXQ92,Melitta Group Management GmbH & Co. KG
5299006EWDEFUDNTOW13,Sparda-Bank Berlin eG
5299006EZJ4XT4VCB159,Raiffeisenbank Region Zofingen Genossenschaft
5299006FEUM0TNPY9T06,"АКЦІОНЕРНЕ ТОВАРИСТВО ""ДОЙЧЕ БАНК ДБУ"""
5299006FZT79EKTMK255,Sparkasse Bludenz Bank AG
5299006GIHQ1ELISCV48,Raiffeisen Schweiz Genossenschaft
5299006I3MC3Z3RHVG71,HOCHLAND SE
5299006L0I7XW7C0Q965,Raiffeisenbank Grauholz Genossenschaft
5299006L608JYM89QP49,BANK IM BISTUM ESSEN eG
5299006LRRCPLQOARH75,Sparkasse Burbach-Neunkirchen Zweckverbandssparkasse der Gemeinden Burbach und Neunkirchen
5299006LX0E5G7H3GA67,Raiffeisenbank Ossiacher See eG
5299006MMI32KTCSSY64,BIM - Banco Internacional de Moçambique S.A.
5299006NMJJ9YM9AQC83,Tyrolit Finanz AG
5299006NYTD89XM31K74,Sto SE & Co. KGaA
5299006NZONCDCLMZG69,HUK-COBURG Asset Management GmbH
5299006OIW9QJSRKHQ34,Sparkasse Pfullendorf-Meßkirch
5299006OMGUYDLEXQ337,ProCredit Bank S.A.
5299006ORDZE7VB1WT33,Sparkasse Salzkammergut AG
5299006OTLQDMY5MX075,VR-Bank Südwestpfalz eG Pirmasens - Zweibrücken
5299006OWDQGU3FEDK86,Kasseler Sparkasse
5299006QOEXB5SXL4028,Raiffeisenbank St. Martin-Lofer-Weißbach eGen
5299006QZ5OEL3C9DR28,Volksbank eG
5299006RG4JU0QA2OP76,Navaxx S.A.
5299006S3ALB1X1PU159,3 Banken-Generali Investment-Gesellschaft m.b.H.
5299006SI21AP8AO6N63,Raiffeisenbank Oststeiermark Nord eGen
5299006TWTYFNXLFV488,PWO AG
5299006UH636V4UOZS07,SAVENCIA SA
5299006VR0N8XB1AYR69,Raiffeisenbank Salzburg Liefering-Maxglan-Siezenheim eGen
5299006VZVXT7MYYUM62,RAIFFEISENBANK KOLLERSCHLAG EGEN
5299006WFYWBOMDCHA64,Raiffeisenbank Gamlitz eGen
5299006WLI4ZCHNFUU92,Raiffeisenbank Prättigau-Davos Genossenschaft
5299006XUYI3XG9PHQ25,Freudenberg & Co. Kommanditgesellschaft
5299006Y97HSE7B5WB50,Kreissparkasse Mayen
5299006YQ8L8IWN55C67,Volksbank Bochum Witten eG
5299006YTQCHS2507R72,Sparkasse Kraichgau Bruchsal-Bretten-Sinsheim
52990071PNK8TE25EM38,Raiffeisenbank Grein eGen
52990071YX99SH321F74,Westerwald Bank eG Volks- und Raiffeisenbank
5299007209G2DGGIGR64,Galderma SA
529900723AYJN3N3YV02,KRAVAG-LOGISTIC Versicherungs-Aktiengesellschaft
52990073IQ71941QXH68,Sparkasse Mittersill Bank AG
52990073W025XBYL7N92,VR Bank Dreieich - Offenbach eG
52990073ZBGESB1SYT94,RAIFFEISENKASSE UEBERETSCH GENOSSENSCHAFT - CASSA RAIFFEISEN OLTRADIGE SOCIETA' COOPERATIVA
52990074UR5JKVFY4V57,Concorde Értékpapír Zártkörűen Működő Részvénytársaság
52990077KVK7QCK2NG31,LEO Pharma A/S
52990078B0A1YZ04XJ45,Raiffeisenbank Niedere Alb eG
52990078IH9B9CMIN376,Banque Raiffeisen Région Marly-Cousimbert société coopérative
52990078RM4B6ZUC6648,Sparkasse Südholstein
529900793U3P5C6YYC70,Spar- und Kreditbank Rheinstetten eG
5299007BIE0JSIBS4K52,Tradegate AG
5299007BZWKYYR5NCU63,Raiffeisenbank Purbach eGen
5299007C6AEU7FKZK398,FIGENPA S.P.A.
5299007CKOPKK8KX5129,Rheinhessen Sparkasse
5299007COP8MZ4KSJK69,Volksbank Pfullendorf eG
5299007CQAM6HN45CF82,Sparkasse der Gemeinde Egg
5299007D752OSBB86237,Raiffeisenbank Gratwein-Hitzendorf eGen
5299007DEXXIPXREO072,Raiffeisenbank Wartberg an der Krems eGen
5299007DOUWDSEQN8L36,Raiffeisenbank Kössen-Kirchdorf eGen
5299007DRLI319H7Q933,Schindler Holding AG
5299007DRP3741GOZM90,Kreissparkasse Böblingen
5299007DTHDCMCFF6432,"Banque Raiffeisen Martigny et Région, société coopérative"
5299007F4BUUY6S14E44,MBH Jelzálogbank Nyilvánosan Működő Részvénytársaság
5299007F9NZH3H5U2N89,Toshiba Europe GmbH
5299007FNTNU3NBQPQ17,Helvetia Schweizerische Versicherungsgesellschaft AG
5299007FR13EUF82L493,Sparkasse der Stadt Feldkirch
5299007GMRYEAD6PRW15,Kreissparkasse Waiblingen
5299007HF0HTJ1HD8I43,BEA Union Investment Management Limited
5299007I0KN0PEZUQZ46,Assenagon Asset Management S.A.
5299007I4FXQ3DWNYO94,Bank 1 Saar eG
5299007I6FRVTRTABF45,Volksbank Bocholt eG
5299007I6XULEQYH1B18,ТЪРГОВСКА БАНКА Д
5299007IPJG3QJK5KI24,Sparkasse Hildesheim Goslar Peine
5299007JQM7L0DGQD248,CASSA RAIFFEISEN VAL BADIA - SOCIETA' COOPERATIVA - GENOSSENSCHAFT
5299007JS6F7MGJNN453,Raiffeisenbank Mühlviertler Alm eGen
5299007M3UFJHH2OCO76,Raiffeisenbank Hünenberg-Risch Genossenschaft
5299007M83GBOCBBUP36,Sparkasse Regensburg
5299007N409BMXFOM141,Volksbank Dessau-Anhalt eG
5299007O0A3MLVGRMU30,Raiffeisenbank im Breisgau eG
5299007OKTDD430X9T34,ZIRAAT BANK INTERNATIONAL AKTIENGESELLSCHAFT
5299007PJVHRDHYDO392,All4Labels Management GmbH
5299007PKESAPXOVNA27,Banque Raiffeisen de la Broye société coopérative
5299007QVIQ7IO64NX37,UBS Europe SE
5299007S3UH5RKUYDA52,DEUTSCHE APOTHEKER- UND ÄRZTEBANK EG
5299007SKHJM6AMDBH67,Tantum AG
5299007ST2V666DOLE22,Raiffeisenbank Längenfeld eGen
5299007TYCG4X9DYNJ21,Sparkasse Dortmund
5299007TZF2XL15A6M69,Raiffeisenbank Tüngental eG
5299007WAAJHEDAN4B36,ALTERY EU LTD
5299007WOCT0JJUFOE98,Sparkasse Barnim
5299007Y7UJE5QV9QD03,Raiffeisenbank Eifel eG
5299007YNRS66KKG0810,PSD Bank Braunschweig eG
5299007YTERIO81A5298,Generali Deutschland Services GmbH
5299007YYLSND8F62L79,Volksbank Nordhümmling eG
5299007Z9DGHSB1PQ447,VR-Bank Bonn Rhein-Sieg eG
529900806UBWPV6E0W38,VR-Bank Ellwangen eG
52990080J4AQ0O07WO29,KREMSER BANK UND SPARKASSEN AKTIENGESELLSCHAFT
52990080LR098K1FPZ23,Sparkasse Coburg - Lichtenfels
52990080QYNLX4A3L311,Sparkasse Hochrhein
52990081QE4QOV7MNK37,Volksbank an der Niers eG
52990082FUIF8HZHY732,Raiffeisenbank Wörthersee-Landskron-Gegendtal eG
52990082Y8T8Z8LL7718,"HUNGAROGRAIN Szolgáltató Zártkörűen Működő Részvénytársaság ""végelszámolás alatt"""
52990084ABYC6UAATC06,Sparkasse Altbayern
52990085IGM7TC3DUE96,Raiffeisenbank Regio Laufenburg Genossenschaft
52990085SMO9HN005K47,Steyler Bank GmbH
52990085XZWOZNLAWJ54,Sparkasse Hannover
52990086IBNN51AGC442,Sparkasse Ulm
52990086YE3BU6UKPL70,Erste Asset Management GmbH
52990087JS7539BV4781,Sparkasse Altenburger Land
52990087RF0LMLZ69A08,Raiffeisenbank Lorup eG
529900886OCS72RFNF82,BANTLEON GmbH
52990088UO57ZPHYJS63,Lakefield Partners AG
52990089JN9S8OJ5KU82,Isbank AG
52990089LBIKLBM8YB23,VR Bank Nord eG
52990089VQI5JDZGY376,Sparkasse Hohenlohekreis
5299008ANE2XLKNRSR71,Sparkasse Neunkirchen
5299008BPUFPGBJAVR28,Volksbank eG Emstek Essen Cappeln
5299008BSVA4NY593212,Raiffeisenbank MEHR eG Mosel - Eifel - Hunsrück - Region
5299008CO6IFREMCTY71,Volksbank Lastrup eG
5299008DH62LEB10JK83,Államadósság Kezelő Központ Zártkörűen Működő Részvénytársaság
5299008DVOP2OR0Y6K77,Volksbank Überherrn e.G.
5299008EBTF872QNX752,Janoschka Holding GmbH
5299008ED5FJ2IF3HY27,Refratechnik Holding GmbH
5299008EVCI7U83V4T33,Banque Raiffeisen de Monthey société coopérative
5299008F7LLV7TEYIT04,Volksbank Düsseldorf Neuss eG
5299008FEH4GQXGZNP50,"BANCO CTT, S.A."
5299008FMU1SJTXKE870,Volksbank Bönen e.G.
5299008FYP2U9IKRO448,Banque Raiffeisen Villes et Vignobles genevois société coopérative
5299008G3FGR5YOYST49,Raiffeisenbank Wiesedermeer-Wiesede-Marcardsmoor eG
5299008GKJ48L49YT646,Raiffeisenbank Mittenwald eG
5299008I0TO44SUINZ71,Oldenburgische Landesbank Aktiengesellschaft
5299008I9KIOJRP9OZ42,SPARDA-BANK NÜRNBERG eG
5299008IQXYMC6J64Q34,Raiffeisenbank Wasserschloss Genossenschaft
5299008K277FJCCC0J28,Raiffeisenbank Moselkrampen e.G.
5299008KTG5Y94Z10032,Raiffeisenbank Wals-Himmelreich eGen
5299008LIFZVXZ634Y07,Dennemeyer
5299008M5D5QGM9F2M17,GENO BANK ESSEN eG
5299008MZLBCWRVBC261,UBS Fund Administration Services Luxembourg S.A.
5299008N1FFXN4XXM058,Raiffeisenbank Geiselhöring-Pfaffenberg eG
5299008N1OCKDUBD3R75,CAISSE DE CREDIT AGRICOLE MUTUEL DE NOUVELLE-CALEDONIE
5299008NEDOORP72F645,Raiffeisenbank Region Waldviertel Mitte eGen
5299008NJIRFR6AS1844,Quant. Capital Management GmbH
5299008NVCKBAPH0U033,Banque Raiffeisen d'Assens société coopérative
5299008NWVU6T9JK1P82,Emirates Investment Bank P.J.S.C.
5299008O3FLN6WIMX535,Raiffeisenbank Thannhausen eG
5299008O4S7J239HZC62,VR Bank Westfalen-Lippe eG
5299008OHEJ4GWHLOJ53,Raiffeisenbank Augsburger Land West eG
5299008OPB5IT38HB189,Sparkasse Spree-Neiße
5299008PIM61AXE4C673,Sparkasse Allgäu
5299008PR99KLESK4L15,Volksbank Remseck eG
5299008QDTJDTAPUDC71,EFG BANK (MONACO) S.A.M.
5299008QJR92UO9FZV03,Raiffeisenbank Benken Genossenschaft
5299008QOOWW0IUSDH15,VR Bank München Land eG
5299008QX9OLONOD3419,AQX Securities GmbH
5299008R860KMU2AHB89,Volksbank Rathenow eG
5299008RRLLP8RA53L11,Frankfurter Bankgesellschaft (Deutschland) AG
5299008S8L7XYNXTWV38,Volksbank Lindenberg eG
5299008SBQ9VIEKB8J49,Raiffeisenbank Lochen am See eGen
5299008STTVULKGO3850,Banque Raiffeisen Moléson société coopérative
5299008TDNA6IM1ZZC60,Budenheimer Volksbank eG
5299008UZBJ3O2AJ9O21,VR Bank Donau-Oberschwaben eG
5299008VADQEZKX9U181,Banque Raiffeisen du Haut-Léman société coopérative
5299008VDH3PSYSKJ503,Vereinigte Volksbank eG Saarlouis - Losheim am See - Sulzbach/Saar
5299008VGCLH8JYR3K70,Raiffeisenbank Isar-Loisachtal eG
5299008W44I8V87F0U52,Brandenburger Bank Volksbank-Raiffeisenbank eG
5299008X2NKH3ND4EX77,Raiffeisen Regionalbank Achensee eGen
5299008X5NJ79LJLFY68,Raiffeisenbank Reuss-Lindenberg Genossenschaft
5299008XZEFQ6KAZF246,VOLKSWAGEN FINANCE LUXEMBURG S.A.
5299008YDNXSDRZER407,Sparda-Bank Hannover eingetragene Genossenschaft
5299008YILDXW9HPVL61,Volksbank Kassel Göttingen eG
5299008ZUAXN43LVZF54,Sandvik Aktiebolag
52990090AU9DIA5A3P85,Erste Securities Istanbul Menkul Degerler A.S.
52990090RE7V4X78GP56,VR Handels- und Gewerbebank eG
529900923ONNWU006D14,Kyffhäusersparkasse Artern-Sondershausen
529900925TK5QIGTBH86,OTP Jelzálogbank Zártkörűen Működő Részvénytársaság
52990092DV4HPB8KTS42,メルセデス・ベンツ日本合同会社
52990092DWWI7DDHPB12,ProCredit Bank d.d. Sarajevo
52990092G3O6HWRIDF18,Raiffeisenbank Ohlsdorf eGen
52990092MV2ZVLDQAD56,Bankhaus Herzogpark AG
52990093GF8L3K83HU38,Volksbank Braunlage e.G.
52990093INYLJNWHQ228,Volksbank eG - Die Gestalterbank
52990094TGOJNBK96L42,Sparkasse Fürth
5299009502R8B6S3LN39,abcbank GmbH
52990095KKUU45Q9JZ34,Volksbank Delitzsch eG
529900964BU9UN3S7O17,VR Bank Mecklenburg eG
529900967AJZ6T29Q111,Frankfurter Volksbank Rhein/Main eG
52990096Q5LMCH1WU462,"Československá obchodná banka, a.s."
529900977LETWLJF3295,ASSEKURATA Assekuranz Rating-Agentur GmbH
52990097TGGVUL4GVB85,Raiffeisenbank Reitnau-Rued Genossenschaft
52990097YFPX9J0H5D87,PERNOD RICARD
529900984Z5768JBQF32,Bankhaus Gebr. Martin Aktiengesellschaft
529900989YQOP1W8CE22,Banca Raiffeisen Valposchiavo società cooperativa
52990098I6TY2VB6EF33,Sparkasse Donnersberg
52990098QNC9ADCV8065,Raiffeisenbank am Eppenberg Genossenschaft
52990098TR1QJBWIYG58,MAHLE GmbH
529900990PPI3K3RDT23,Volkskreditbank AG
529900998XR27HVMFQ53,Raiffeisenbank Neumarkt i.d.OPf. eG
52990099LIMD4VYT3175,Schaltbau Holding AG
5299009A1SAL2URXG283,Volksbank Mittlerer Schwarzwald eG
5299009A29WSR9EL8G88,PHOENIX International Holdings GmbH
5299009A3NNGOV6Q7Y54,Raiffeisenbank Ichenhausen eG
5299009A5CKIP729IE50,Eurofins Finance Luxembourg S.à r.l.
5299009ADJ9XFQVUKZ50,Volksbank Schwarzwald-Donau-Neckar eG
5299009B8RNCU5O78025,VR-Bank eG
5299009B9KXBCUULCD54,ista SE
5299009BMCDYE59ZPA55,Sparkasse Westerwald-Sieg
5299009C18DLOVA63Y86,UNIVERSALE International Realitäten GmbH
5299009C24ZQP9EOIL80,Raiffeisenbank Frauenfeld Genossenschaft
5299009C948WQ740IL34,Raiffeisenbank Oberes Waldviertel eGen
5299009CKES2S5E3YG94,Malta Stock Exchange plc
5299009CUQ7OPH9OIO05,REWE-ZENTRALFINANZ eG
5299009D9BIL4D4UHT93,Die Sparkasse Bremen AG
5299009DP8KGKY0MMB95,Eurocity AG
5299009DS75AR4EWFI55,VR-Bank Altenburger Land eG
5299009E21OGG8K3Y756,"""Paysera LT"", UAB"
5299009E2Q29I9GLLN49,Volksbank Klettgau-Wutöschingen eG
5299009EELDZG8AZOX61,VR-Bank Ostalb eG
5299009EHB4RBGMI5828,Raiffeisen Landesbank Kärnten und Revisionsverband eGen
5299009F7ZI3COCVHS41,"Raiffeisenbank Rosental, registrierte Genossenschaft mit beschränkter Haftung"
5299009FBWE3747S9112,Stadtsparkasse Dessau
5299009FY5JQAWH4HD60,Raiffeisenbank Sempachersee-Rottal Süd Genossenschaft
5299009GMWQ0N5ZIZI39,Sparda-Bank Südwest eG
5299009HLC6H9JQPNI29,ЪП ТРЕНД
5299009I080H47W23Y06,Raiffeisenbank Region Sierning-Enns eGen
5299009IFX1XTKDY4568,Trade Republic Bank GmbH
5299009IY3NJ46YAAC63,PIMCO Prime Real Estate GmbH
5299009JBOOJN1CD4M89,RAIFFEISEN BANKA AD BEOGRAD
5299009K1FINARYDEC72,Renault Finance SA
5299009K2NXNM3QKSN51,Addiko Bank A.D. Podgorica
5299009KFM6C8JYR3G51,Raiffeisenbank Unteres Zusamtal eG
5299009L5X5B2HLVX155,Raiffeisenbank Luzern Genossenschaft
5299009L8Q1CHXAMM161,Raiffeisen Wohnbaubank Aktiengesellschaft
5299009MP8BA1UW56F78,Sparkasse Lambach Bank Aktiengesellschaft
5299009N0LNRSMTUJK98,Raiffeisenbank Lechrain eG
5299009N3HETA1L3KS44,VOLKSWAGEN FINANCE BELGIUM
5299009N4N61DPCDHR97,Vontobel Financial Products GmbH
5299009NOHU1EVW5OD60,CASSA DI RISPARMIO DELLA REPUBBLICA DI SAN MARINO S.P.A.
5299009O4GBMVM75ZL83,MOIA Luxemburg S.A.
5299009OMCNAWE2WTC71,Raiffeisenbank Anger eG
5299009P3E3YVMYOMP72,Raiffeisenbank Pongau Mitte eGen
5299009Q37JSLDYFDY84,Kintore Investments Limited
5299009QA8BBE2OOB349,"BME CLEARING, S.A."
5299009QTM3SJL9BNR19,SCHOTT AG
5299009RFJSJRM1FIW34,VR-Bank Mittelfranken Mitte eG
5299009RUTKNMW4WEV79,Union Investment Real Estate Austria AG
5299009T1JIGA56W7T95,Investitionsbank des Landes Brandenburg
5299009T4E9DGUM3SB85,Raiffeisenbank Brixen im Thale eGen
5299009TDMEE2DW7NF08,Sylter Bank eG
5299009TR67CC0B9DH43,Raiffeisenbank Timelkam-Lenzing-Puchkirchen eGen
5299009UC90NABGYXQ93,Sparkasse im Landkreis Neustadt a.d. Aisch - Bad Windsheim
5299009UMQBGODWF2N24,MSC Cruises SA
5299009UN4CBXZ336M65,R+V Allgemeine Versicherung Aktiengesellschaft
5299009UOH44HNT3SD26,WAVE Management AG
5299009V81GRDCCWG236,Volksbank Jade-Weser eG
5299009VLI8ZROIK9N78,Raiffeisenbank Region Feldbach eGen
5299009W2BWIO9MJJC09,Kreissparkasse Miesbach-Tegernsee
5299009WBL493K1UK415,Volksbank Rhein-Erft-Köln eG
5299009WEG9Y48MIK570,Bank Austria Real Invest Immobilien-Kapitalanlage GmbH
5299009Y1W2P2N6J2X89,Villeroy & Boch Gustavsberg AB
5299009YN457BZZD0Y08,MM PACKAGING GmbH
529900A182M0WP32TW63,Trafina Privatbank AG
529900A1989GF4C72K37,PAA CAPITAL (PROPRIETARY) LIMITED
529900A1B1P6M9M0WA86,Raiffeisen Bank Lurnfeld-Mölltal eGen
529900A1GIT6MZSBXS42,Bank BSU Genossenschaft
529900A1Q9DIV7G22866,Raiffeisenbank Kieselbronn eG
529900A201NLMA3OK864,Sparkasse Niederlausitz mit Sitz in Senftenberg
529900A2BBP1BCK8WU09,Raiffeisenbank Gäu-Bipperamt Genossenschaft
529900A2OXHI3I5TPV90,CHINA INTERNATIONAL CAPITAL CORPORATION HONG KONG SECURITIES LIMITED
529900A3AHXLYXOH5S16,Volksbank Geeste-Nord eG
529900A3Q3SH4A3YH053,SIEMENS FINANCIAL SERVICES
529900A3V7234Q3DNK66,Sparkasse Pregarten - Unterweißenbach AG
529900A455AYF41M8I62,Raiffeisenbank Linz-Land West eGen
529900A4VD7OJP4QV963,Sparkasse Bühl
529900A4ZODYE4V0Q494,Sparkasse Attendorn-Lennestadt-Kirchhundem Zweckverbandssparkasse der Städte Attendorn und Lennestadt sowie der Gemeinde Kirchhundem
529900A5E8HID9W8L033,Bank für Kirche und Diakonie eG - KD-Bank
529900A5GFIX3QXNM869,Banque Raiffeisen de Lavaux société coopérative
529900A6WAJVRHA90G98,Stadtsparkasse Oberhausen
529900A766VIVHCZI298,DEUTSCHE INTERNATIONAL CORPORATE SERVICES (IRELAND) LIMITED
529900A89KU7DB0XKP06,CASSA RURALE ED ARTIGIANA DI BOVES - BANCA DI CREDITO COOPERATIVO (BOVES-CUNEO) - SOCIETA' COOPERATIVA
529900A9UJMU4U9UPI69,BBO Bank Brienz Oberhasli AG
529900AB08F05L4HWU11,Lantmännen ek för
529900AB1TM69EG83E75,Volksbank Steiermark AG
529900AC1I6EBNC45I23,VR Bank Amberg-Sulzbach eG
529900ACCCAOHJ2V3169,CHALLENGER LIMITED
529900ACUKILJMOPWO17,VR Bank Niederbayern-Oberpfalz eG
529900ADKUHJUOVJRK71,Waldeck-Frankenberger Bank eG
529900AE7RYFSDIIBF42,Raiffeisenbank Rupertiwinkel eG
529900AFZRXIZN1ACA67,MATFEM Ingenieurgesellschaft mbH
529900AIK6F1A360D784,Raiffeisenbank Eggenburg eGen
529900AIY0IED6IR0W74,Raiffeisenbank St. Roman eGen
529900AJEV6BCAR42Q32,Raiffeisenbank Regensburg - Wenzenbach eG
529900AJUGLKKAJ0HV95,Де Ново
529900AK7KUKTAXLBD22,Nexent Bank (Suisse) SA
529900ALBHVM45LNKA06,Raiffeisenbank Maria Schmolln-St. Johann eGen
529900ALRWVJW8UUH641,Kreissparkasse Stade
529900AM960BZ8LFB287,Raiffeisenbank Strücklingen-Idafehn eG
529900AMQUYPTRK56V94,Sparkasse Oder-Spree
529900AMV3KGGEHK5I37,VZ Depotbank AG
529900ANOYN8YYBSCC45,Österreichische Hotel- und Tourismusbank Gesellschaft m.b.H.
529900AOIGZIIUZHID69,Volksbank Olpe-Wenden-Drolshagen eG
529900AONE10IZH5SS46,Sparkasse Werra-Meißner
529900AOT7DX392W5U75,Volksbank Ettlingen eG
529900AOZMITAMK18X23,Raiffeisenbank Prambachkirchen eGen
529900AP2WQOSZ9YQZ27,Raiffeisen-Volksbank Oder-Spree eG
529900AP5AUVVGCEYT06,Raiffeisenbank Mittelthurgau Genossenschaft
529900APW112CPUURJ66,Sparkasse Bad Tölz-Wolfratshausen
529900APX10RF2PBTB22,VR-Bank Rottal-Inn eG
529900AQBND3S6YJLY83,Bundesrepublik Deutschland
529900ARX9C44EDFQG43,RAIFFEISENKASSE RITTEN GENOSSENSCHAFT - CASSA RURALE RENON SOCIETA' COOPERATIVA
529900ASXO892772VO63,Raiffeisenbank Cadi Genossenschaft
529900AT73S3UKIMP047,OstseeSparkasse Rostock
529900ATAS3PCZAMFW02,Calenberger Kreditverein Calenberg-Göttingen- Grubenhagen- Hildesheim'scher ritterschaftlicher Kreditverein
529900ATC8BZSUEI4F96,MarketAxess Post-Trade B.V.
529900ATTP55L2G63Z11,Raiffeisenbank Kalbe-Bismark eG
529900AUJCEJQ71UCR09,Raiffeisenbank Eberschwang-Pramet eGen
529900AUL2XTLS3EM992,HYPO-BANK BURGENLAND Aktiengesellschaft
529900AVGYYBVL1VNQ03,KREDITBANKEN A/S
529900AVLXO78SDFR886,Volksbank Hameln-Stadthagen eG
529900AWH3J6H31CFI88,ECOMMBX LIMITED
529900AX2EV46G6NJS92,Spar- und Kreditbank eG
529900AX9OZY28BEBS93,KRAVAG-ALLGEMEINE Versicherungs-Aktiengesellschaft
529900AXI13GYCMF1X52,"PROCREDIT BANK AD, BEOGRAD (NOVI BEOGRAD)"
529900AXMSSMT70ASG39,CQLT SaarGummi Technologies S.à r.l.
529900AY51EPQTW2K067,"""Secure Nordic Payments"", UAB"
529900AYKDWWPPMU3H09,Raiffeisenbank Flachsmeer eG
529900AYOF3KAQW4GL30,Banque Raiffeisen Clos du Doubs et Haute-Ajoie société coopérative
529900AYWQ6YJFL4WK91,Volksbank Bad Salzuflen eG
529900AZFXT8865M6B67,SPAR-FINANZ BANK AG
529900AZMX7JM2SJDH57,Karl Storz SE & Co. KG
529900AZS6GG6GBDMN90,DEUTSCHE BANK SECURITIES LIMITED
529900AZX36G3T8UKI42,Sparkasse der Stadt Iserlohn
529900B0CY07L22N6B17,Freisinger Bank eG Volksbank-Raiffeisenbank
529900B0IWNEG2L9MZ93,Brückner Group SE
529900B11OPJRIMVPA37,RaiffeisenBank St. Ulrich - Waidring eGen
529900B1I234XFGXB654,Raiffeisenbank Lammertal eGen
529900B1PFHL9HHKS119,Raiffeisenbank Uehlfeld - Dachsbach eG
529900B24VS047JP5859,J&T banka d.d.
529900B32YNPNCSEZ676,Raiffeisenbank Untergäu Genossenschaft
529900B4Z5NCZ5H6DE14,KEPLER-FONDS Kapitalanlagegesellschaft m.b.H.
529900B5FUWVY9HWTE49,Bernerland Bank AG
529900B5TCVHIQ286S98,Empresa de Telecomunicaciones de Bogotá S.A ESP
529900B6FH6DMERJCI37,Sparkasse Vorpommern
529900B700EAVB9A7552,Rosenberger Hochfrequenztechnik GmbH & Co. KG
529900B7B1J8IEHUNI05,Raiffeisenbank Nockberge eGen
529900B7ITYD24TYVQ48,Takarék Alapkezelõ Zártkörûen Müködõ Részvénytársaság
529900B7MT9M8U7QEC32,VOLKSBANK SELIGENSTADT EG
529900B7OKIU8VAN9N20,Raiffeisenbank Mörschwil Genossenschaft
529900B8Z6912HXOHI30,Volksbank eG Westrhauderfehn
529900B8ZPQXSPCLTD68,Raiffeisenbank Alberschwende eGen
529900B909XL5B2WHV75,Raiffeisenbank Aitrang- Ruderatshofen eG
529900B91AUH0YTEXN10,National-Bank Aktiengesellschaft
529900B9I2UNZF005Z76,Stadtsparkasse Bocholt
529900B9P29R8W03IX88,BKS Bank AG
529900BA9BUPKAWQI988,Bank EEK AG
529900BAGGCRR007CG84,Goldman Sachs Realty Management Europe GmbH
529900BAYT1RMHY50Y12,"אלברקום בע""מ"
529900BB4UFYOGTVM252,Banque Raiffeisen Alpes Riviera Chablais Vaudois société coopérative
529900BBD7C7JXDKE759,Kreissparkasse Kusel
529900BBEBGNAA1C6176,Aachener Bank eG
529900BBRLPZRA981722,Wüstenrot Versicherungs-Aktiengesellschaft
529900BCU4YPOGS8JT24,Raiffeisenbank Olten Genossenschaft
529900BE3HSPTF10F408,"OTTO A PIU' INVESTIMENTI - SOCIETA' DI GESTIONE DEL RISPARMIO PER AZIONI"" O IN FORMA ABBREVIATA ""8A+ INVESTIMENTI SGR S.P.A."""
529900BE5LJFTFGTT751,Raiffeisenbank Hausmannstätten eGen
529900BFZXL7I3E7W011,TOYOTA KREDITBANK GMBH France Branch
529900BGTKMS0M5TCA40,FERRERO INTERNATIONAL S.A.
529900BGZZZTLLBR1X49,Avarda Bank AB
529900BHW28OSHOYIN59,Raiffeisenbank Karnische Region eG
529900BI003BZ8N3W740,Volksbank Leonberg-Strohgäu eG
529900BI5KIGX6YLX375,Oberösterreichische Landesbank Aktiengesellschaft
529900BI9ARDF02BZ794,Raiffeisenbank München-Süd eG
529900BIJJGJJXO33652,Raiffeisenbank Unken eGen
529900BIK4WRWS06MR52,Ascory Bank AG
529900BJCD2GG630LG79,Bundesministerium für Finanzen
529900BKH5J6E9QK3O80,Raiffeisenbank Draßmarkt-Kobersdorf- St. Martin eGen
529900BM7ULGDR056P94,Banca Raiffeisen Tre Valli società cooperativa
529900BMG606CU1NGU64,Raiffeisenbank Ottenbach eG
529900BML1PM7KWOMG79,VR Bank Schwäbischer Wald eG
529900BPLYIPA6WWCP28,MEIKO Maschinenbau GmbH & Co. KG
529900BQ213HK5ULK534,Raiffeisenbank im Allgäuer Land eG
529900BQ2Y2140F0IC48,Volksbank Viersen e G
529900BQBP4JMDPM6Q19,Sutor Bank GmbH
529900BQZ6X2AMSVII72,Raiffeisenbank Steingaden eG
529900BR2N56KWNZOM37,Sparkasse Aschaffenburg Miltenberg
529900BR5NZNQZEVQ417,DNB Carnegie Investment Bank AB
529900BRWIJEHDLDIY45,Raiffeisenbank Taufkirchen-Oberneukirchen eG
529900BSBZ853DKUP675,TRAXYS EUROPE S.A.
529900BTDS34PLCQRX17,Raiffeisenbank Turnau-St. Lorenzen eGen
529900BTJFHUY90I7429,Volksbank Pirna eG
529900BTWJ6SISLJ5854,SWARCO AG
529900BU2W60OCE4EA97,Kreissparkasse Limburg
529900BUNGU9IUXTO132,GITI TIRE PTE. LTD.
529900BUXQYE7T1Z4796,Volksbank Sulmtal eG
529900BV5EI1UAISKK27,Sparkasse Amberg-Sulzbach
529900BVMGC3BFV0HW23,RWE Trading Services GmbH
529900BVQ5YZ4U2VLU24,Volksbank Heimbach eG
529900BVUP40I1J7ZH60,Raiffeisenbank Burgebrach - Stegaurach eG
529900BVZYMVDRRSXY68,HERRENKNECHT AKTIENGESELLSCHAFT
529900BW63FASOB0IV66,Raiffeisenbank Ybbstal eGen
529900BXKPMXQTRE1V05,Deutsche Bank (Suisse) SA
529900BXR8FHQ0546E89,Sparkasse Düren
529900BXVKDO9274NA83,Volksbank Rhein-Nahe-Hunsrück eG
529900BY1XWL8AE7GG47,Capital Union Bank Ltd.
529900BYFVEGGOM24P36,PT Deutsche Sekuritas Indonesia
529900BZT0YLD8BX1C59,Sparkasse Berchtesgadener Land
529900BZYSUQLQSPNR07,Scania CV Aktiebolag
529900C09PDSUJ27W947,Sparkasse Neumarkt i.d. OPf. - Parsberg
529900C0H5OM7TYSQK47,Raiffeisenbank im Fuldaer Land eG
529900C0T95JUFZP9187,EDG Beteiligungsgenossenschaft eG
529900C0U279ORGJC950,ECCO SKO A/S
529900C1DU7R9H72TI55,VR Bank Mittlere Oberpfalz eG
529900C1N2GMTYIKO591,Hamburger Volksbank eG
529900C2A9G3SP7VPK94,Sparkasse Duisburg
529900C2O38FO5AWTF91,Raiffeisen Regionalbank Hall in Tirol eGen
529900C43L4ZHDUDW754,Volksbank eG Lohne-Dinklage-Steinfeld-Mühlen
529900C4A6CDUR4NBP38,Raiffeisenbank Werratal-Landeck eG
529900C4BDI11BJKQ590,Vereinigte VR Bank eG
529900C4ED1UQX2LSR90,"""PASHA Bank"" Open Joint Stock Company"
529900C567TZ45W7GV69,A1 Bank AG
529900C5ZXBJLB1D2V48,Volksbank eG Südheide - Isenhagener Land - Altmark
529900C61SO23HBUWX84,Dortmunder Volksbank eingetragene Genossenschaft
529900C7C1CTWJVRTA69,Sparda-Bank Ostbayern eG
529900C7G31XDC574160,PT BANK ICBC INDONESIA
529900C7LGUV8N5BG037,Kreissparkasse Schlüchtern
529900C850VGJ80C6E84,VR-Bank Passau eG
529900C8IAWZ6WEV8M89,Raiffeisenbank Region Altheim eGen
529900C8QKEEBKIW8L39,Raiffeisenbank Mattigtal eGen
529900C94KAJZ8QNZS09,Clientis Sparkasse Oftringen Genossenschaft
529900C993QTFX14KV96,Kreissparkasse Herzogtum Lauenburg
529900C99QCDL4XM6V30,Deichmann SE
529900C9OP6Y0DPYSK11,VR Bank RheinAhrEifel eG
529900CAH1061V56SZ46,UniCredit Leasing Finance GmbH
529900CBH0KEPWTFCA07,Volksbank Senden eG
529900CCYCFJRG4F2935,Bankhaus Carl Spängler & Co. Aktiengesellschaft
529900CDCVD5FO3XZN10,Wittur Holding GmbH
529900CDFH7GJ76LXH43,Kreissparkasse Halle-Wiedenbrück
529900CDXQSKWSVDVH81,Raiffeisen Regionalbank Mödling eGen
529900CEJZKMQ4AKBF28,RAIFFEISEN BANK DIONIČARSKO DRUŠTVO BOSNA I HERCEGOVINA
529900CFOWM2V62I4634,DEUTSCHE BANK POLSKA SPÓŁKA AKCYJNA
529900CG5HHEUT0AHK10,VR Bank Augsburg-Ostallgäu eG
529900CH2SLJSZMJ0661,Raiffeisenbank Aspach-Wildenau eGen
529900CHS8N7O4D0SX11,Sparkasse Rottal-Inn
529900CI37LWZNYU7425,Banque Raiffeisen Genève Lac société coopérative
529900CIT57QCNF4AZ50,Sparkasse Mecklenburg-Nordwest
529900CIUCVZH5QSZI20,Raiffeisenbank Zürcher Oberland Genossenschaft
529900CIUKF6WFUALO72,Raiffeisenbank Oberseetal Genossenschaft
529900CJAJ0HDPPKUI53,Nassauische Sparkasse
529900CK14SGH0EXOB27,"MARCARD, STEIN & CO AG"
529900CKC4TXHVRKX638,شركة دويتشة العربية السعودية للاوراق الماليةشركة مساهمة مقفلة
529900CKUCWAL91TJZ02,ARDEX Group GmbH
529900CL5BVX8CKVN935,Stadt-Sparkasse Langenfeld (Rhld.)
529900CL75BMP071NB81,Volksbank Sprockhövel eG.
529900CLC3WDMGI9VH80,"EDP, S.A."
529900CLHI749EQWCG95,"IVN - SERVIÇOS PARTILHADOS, S.A."
529900CLL4PBK0A62Q47,Raiffeisenbank Muotathal Genossenschaft
529900CLVK38HUKPKF71,Süd-West-Kreditbank Finanzierung GmbH
529900CMFR5GQHWTXY51,Reisebank AG
529900CMRQYW4U1W2456,Georg Fischer AG
529900CN08EYK9HTYJ53,Raiffeisenbank Korneuburg eGen
529900CN0B4G6LO8EH63,Banque Raiffeisen Sion et Région société coopérative
529900CNHJP2Y9F6Z240,Sparkasse Oberlausitz-Niederschlesien
529900CNL32BATSBXF59,VR GenoBank DonauWald eG
529900COPYLMXONPTC24,PSD Bank West eG
529900CPTK258UK18Q90,Peter Cremer Holding GmbH & Co. KG
529900CPUINDSNWSU986,CASSA RAIFFEISEN DI MONGUELFO - CASIES - TESIDO SOCIETA' COOPERATIVA
529900CR5152VSCMSA83,Volksbank Breisgau-Markgräflerland eG
529900CR7KJ51NJM9U32,Regiobank Solothurn AG
529900CREDQDVKB9VD30,Aquila AG
529900CS2DTIIVXYK804,PSD Bank Rhein-Ruhr eG
529900CSG4WIOIKR5658,Banca Raiffeisen Vedeggio Cassarate società cooperativa
529900CT7HD9O9BC6O58,HanseMerkur Trust AG
529900CTGVH1O8WHQS63,Schaffhauser Kantonalbank
529900CTPO9HC9D2CH74,"Velliv, Pension & Livsforsikring A/S"
529900CTXON8S5AOCB70,MARKETAXESS CAPITAL LIMITED
529900CUU4JC0MBXOU43,Raiffeisenbank Region Graz Nord eGen
529900CW8Y4GIOWXMC58,HCOB Securities S.A.
529900CWI4OT4SMHQM23,Hümmlinger Volksbank eG
529900CWK7OWSSG54M83,Banque Raiffeisen Mont-Aubert Orbe société coopérative
529900CY6JKIFT9GH610,DF Deutsche Forfait Aktiengesellschaft
529900CYGULV4U54UT27,Raiffeisenbank Gastein eGen
529900CYHTDIZTXAFW51,Volksbank Tirol AG
529900CZ6A7NX43RT498,Walter Ludwig GmbH Wertpapierhandelsbank
529900CZRU19C9QD1F05,Volksbank Rot eG
529900CZTB6BW0KTXF98,SOLARIS SE SUCURSAL EN ESPAÑA
529900D06C9IHN6BR131,"Sparkasse im Kreis Herford -Zweckverbandssparkasse des Kreises Herford und der Städte Bünde, Herford, Löhne und Vlotho-"
529900D0GBT27T9NB551,Sparkasse Bielefeld
529900D0PNF8K42XIT22,ACCESS Befektetési Alapkezelő Zártkörűen Működő Részvénytársaság
529900D15DJKVN3RCO35,DLocal Limited
529900D2IG80FW7R2H63,Volksbank Haselünne eG
529900D2ORGDZZWFYV14,BERLIN-CHEMIE Aktiengesellschaft
529900D3D86NG9V0CJ37,Raiffeisenbank Leimental Genossenschaft
529900D4CD6DIB3CI904,VOLKSBANK WIEN AG
529900D5G4V6THXC5P79,"HRVATSKA POŠTANSKA BANKA, dioničko društvo"
529900D6A0T7DWDKI482,Raiffeisenbank Alpbachtal eGen
529900D6BF99LW9R2E68,SAP SE
529900D6G1G3NN25OF80,Raiffeisenbank Oberpfalz Süd eG
529900D8CPEE0VLAMW38,DYNASTY AM S.A.
529900D8QLTZ6PRLJL76,KommuneKredit
529900D8WKMEWASPLJ90,Volksbank Weschnitztal eG
529900D8YOEHO6OEBS37,Sparkasse Kierspe-Meinerzhagen Zweckverbandssparkasse der Städte Kierspe und Meinerzhagen
529900D90NAWLSQNTI12,DEUTSCHE SECURITIES ASIA LIMITED
529900DADVVDC7X65L89,Austrian Anadi Bank AG
529900DB1FYHSPU1LN76,PSD Bank Karlsruhe-Neustadt eG
529900DBKUI06S4XAS60,Dettinger Bank eG Volks- und Raiffeisenbank
529900DBO0R9X5EZBF88,Raiffeisenbank Kematen-Neuhofen eGen
529900DBUH148TPRBH08,S.P.A. BANCA DI SAN MARINO
529900DCLXJSTQZ14I97,European American Investment Bank Aktiengesellschaft in Abwicklung
529900DCW7IO492RBC56,Volksbank eG
529900DEAYRUPP22B339,Mercedes-Benz Bank AG
529900DF12SWYZZ16032,VERALLIA FRANCE
529900DFGOXK0YLFQ697,Pax-Bank für Kirche und Caritas eG
529900DFH5RRA8PU9E80,Първа Финансова Брокерска Къща
529900DFS6YI9LIZAJ72,Kreissparkasse Saalfeld-Rudolstadt
529900DHLB7BZ1VEVB79,J.M. Voith SE & Co. KG
529900DHO96Z2SV07S52,Volksbank Geest eG
529900DHP7HRRD2NH428,Raiffeisen-Regionalbank Gänserndorf eGen
529900DID7VL60K6JG47,VR Bank Mittelhaardt e.G.
529900DIUDXKFCCKTP45,Raiffeisenbank Reinach BL Genossenschaft
529900DKIKREKI9SKM17,Banca Raiffeisen del Moesano società cooperativa
529900DKTUUL5IMHNC74,Bank of Mauritius
529900DLAJ534R7YPF91,Volksbank Euskirchen eG
529900DLWFR8HK7DR278,DEUTSCHE BANK (MALAYSIA) BERHAD
529900DLZWO72SDNLM52,Juneau Investments LLC
529900DOO8VDUMU17A39,Volksbank Ruhr Mitte eG
529900DP37MFZQ93O585,Raiffeisenbank Regio Sirnach Genossenschaft
529900DPL9DTMHQAME41,Kreissparkasse St. Wendel
529900DPOQPLDSF3R482,KAISER PARTNER PRIVATBANK AG
529900DQ271XWSWPKP75,Raiffeisenbank Aletsch-Goms Genossenschaft
529900DRQG5K51MKI862,Sparkasse Elmshorn
529900DRTSUMACSSIX70,WEALINS
529900DSIVJWCUQUMP41,AKA Ausfuhrkredit-Gesellschaft mit beschränkter Haftung
529900DSJ4S9VXG0FS94,TARGOBANK AG
529900DT4QEW4WZ38J40,Clientis Bank Thur Genossenschaft
529900DTJBS7IK0LHB77,Raiffeisenbank Geislingen-Rosenfeld eG
529900DTKNXL0AXQFN28,AEDIFICA
529900DUYNT6E3JH8B81,Raiffeisenbank Weißkirchen a.d. Traun eGen
529900DV1NXUP2AMV952,DERTOUR Deutschland GmbH
529900DV1ODI5C2GRH81,maxingvest GmbH & Co. KGaA
529900DVM1TNGSLYYC45,Raiffeisenbank Mecklenburger Seenplatte eG
529900DVRM8MM8F0MW87,Covestro Deutschland AG
529900DXD7EPV64JOG51,BAADER HELVEA LIMITED
529900DXTOU2U9IZDY54,meine Volksbank Raiffeisenbank eG
529900DXV1NWTZEU7N92,Raiffeisenbank Krems eGen
529900DXYHF8K9JWWM81,"Finibanco Angola, S.A."
529900DYXMRV3VD4O825,BANCA ALPI MARITTIME CREDITO COOPERATIVO CARRU' SOCIETA' COOPERATIVA PER AZIONI
529900E0KDTTAKITHC30,Kreissparkasse Rottweil
529900E0PUOWI7LOPP89,Raiffeisenbank Gunskirchen eGen
529900E0WY09Z3H21393,VR Bank Rhein-Neckar eG
529900E12M42ZWY1DR93,Sparkasse Mainfranken Würzburg
529900E15I4XYNU1NF86,Kreis-Sparkasse Northeim
529900E1UERXN47PB924,RAIFFEISENKASSE SCHLERN-ROSENGARTEN GENOSSENSCHAFT - CASSA RAIFFEISEN SCHLERN-ROSENGARTEN SOCIETA' COOPERATIVA
529900E1UM2KL94K1071,CBH Compagnie Bancaire Helvétique SA
529900E1WHT64CB20277,Airbus Bank GmbH
529900E207YAMW45CB47,Raiffeisenbank Mayrhofen und Umgebung eGen
529900E2254I019L5S49,Raiffeisenbank Regio Muttenz Genossenschaft
529900E235XZSGWI7P27,ETHENEA Independent Investors S.A.
529900E2B6ZO7126FR35,SOFAX BANQUE
529900E35VZ5S83Z3F75,VR-Bank eG Osnabrücker Nordland
529900E476ZMCZYZDR80,Raiffeisenbank Ortenburg - Kirchberg v.W. eG
529900E4S292AUEPOA58,Raiffeisenbank am Hofsteig eGen
529900E5ULQQ1YHY4B13,Bezirkssparkasse Reichenau
529900E6GLTP8Y5KQI59,CJSC Bank of Asia
529900E73SPD4C4MI976,VR Bank Kitzingen eG
529900E7ED2Z8WLU4F66,БЕНЧМАРК ФИНАНС
529900E7SERKQOK00B92,RAIFFEISENKASSE KASTELRUTH - ST. ULRICH GENOSSENSCHAFT - CASSA RAIFFEISEN CASTELROTTO - ORTISEI SOCIETA' COOPERATIVA
529900E7W7M9W46YY476,德意志银行(中国)有限公司
529900E82RICN1FNUT53,"Wake Asset Management SA, en liquidation"
529900E89HA1I45HB613,ICF BANK AG Wertpapierhandelsbank
529900E9AS5RG8YBF660,VR-Bank Landau-Mengkofen eG
529900E9VBPRCM1ALD35,Raiffeisenbank Steinbach-Grünburg eGen
529900EAWG62TCNQBF95,Sparkasse Bonndorf-Stühlingen
529900EBSULTTNS1NE94,Raiffeisenbank Region Freistadt eGen
529900ECMK8VI6Q1FG89,"SUMRIDGE PARTNERS, LLC"
529900EDACO4YT5O9K42,Raiffeisenbank Nestelbach-Eggersdorf eGen
529900EDGJAI75AJ1J71,PSD Bank Koblenz eG
529900EDWLRSBBNPOK20,Hausbank München eG Bank für Haus- und Grundbesitz
529900EE7UGTSIXNVP60,Raiffeisenbank Graz-St. Peter eGen
529900EEKPRBMKT87114,7ORCA Asset Management AG
529900EF55AUET52MH13,Sparkasse Aachen
529900EFH95SYMREXV87,Volksbank Glan-Münchweiler eingetragene Genossenschaft
529900EFYA0CF8Y9DS61,Raiffeisenbank rechter Zürichsee Genossenschaft
529900EGI7TF9Y3BB167,Genossenschaftsbank eG München
529900EH32EJNAX0EG69,Sparkasse Gummersbach
529900EH66KPWU1L3N23,VR-Bank Neu-Ulm eG
529900EHFBA8MNCV8M81,"""ДОЙЧЕ БАНК"" ОБЩЕСТВО С ОГРАНИЧЕННОЙ ОТВЕТСТВЕННОСТЬЮ"
529900EHKIU0WY56RO78,Raiffeisenbank Radstadt-Untertauern-Filzmoos-Forstau registrierte Genossenschaft mit beschränkter Haftung
529900EHPFPYHV6IQO98,Holcim AG
529900EIN2ZVA8ELCD81,mediserv Bank GmbH
529900EISKP7D20UZ372,Raiffeisenbank Hengersberg- Schöllnach eG
529900EJ7YPUKHGI1W50,Merkur Versicherung Aktiengesellschaft
529900EJEGWOQ5WT5M65,Volksbank Staufen eG
529900EJSGRJX0XM9A06,SOLID FINANCIAL SERVICES LIMITED
529900EKG2UY3JU7QU41,Raiffeisenbank Gürbe Genossenschaft
529900EKHINI3PE9J144,CRONBANK Aktiengesellschaft
529900EKI0E4LYG19Z90,Raiffeisenbank Hitzkirchertal Genossenschaft
529900EKPN8EYA3AX590,ТЕКСИМ БАНК
529900EKSYVO11PXHY85,Raiffeisenbank Gramastetten Rodltal eGen
529900EKXZS8A6D0UB40,Raiffeisenbank eG
529900EL1U1F2CBKAI11,Vibracoustic SE
529900EL3KKJRKOK2637,RCI Banque SA
529900ELU0BFUDWJ9J90,Raiffeisenbank Südhardt eG
529900ELZ6BTRTP6ID16,Raiffeisenbank Wolkersdorf - Auersthal eGen
529900EM0ZU25V87GD50,ALTE LEIPZIGER Bauspar AG
529900EM8OLV93GB4644,Raiffeisenbank Emmen Genossenschaft
529900EME6P6R8GUSG97,Volksbank Trossingen eG
529900EO4WC4F1KM1F38,Raiffeisenbank Hallein-Oberalm eGen
529900EOG0W9141GU152,Raiffeisenbank Regio Unteres Toggenburg & Neckertal Genossenschaft
529900EOUMEP2AXWRT17,SOCIETE ANONYME DES BAINS DE MER ET DU CERCLE DES ETRANGERS A MONACO
529900EOW6D9MPB0XZ26,Sparkasse Battenberg
529900EP541D63MYPD84,Raiffeisenbank Griesstätt - Halfing eG
529900EPEK9U3XVP2671,Siegwerk Druckfarben AG & Co. KGaA
529900EPT7IPKAD6PM13,R+V PENSIONSKASSE AKTIENGESELLSCHAFT
529900EPTJVDT8IMMK55,ДСК УПРАВЛЕНИЕ НА АКТИВИ
529900EQV2DY4FOAMU38,Sartorius Aktiengesellschaft
529900ERN8DMYOOVCW64,Raiffeisenbank Sarganserland Genossenschaft
529900ES21I7FQKP9415,RAIFFEISEN Spar + Kreditbank eG
529900ES946F61B1ZR12,KT Bank AG
529900ESJVT9HW4HRE24,Intermarket Bank AG
529900ESKJTEU0QF7575,Sparkasse Mittelmosel - Eifel Mosel Hunsrück
529900ESVTSPIVSA2L74,Raiffeisenbank Altmühl-Jura eG
529900ESWL1AEC189F69,Schoellerbank Aktiengesellschaft
529900ET3S8PSL3XSS71,Raiffeisenbank Kaarst e. G.
529900ETVH54K2OIRO19,RREEF America L.L.C.
529900EU4CVI1GCHRN19,Mauser Industrieverpackungen GmbH
529900EUTCQB5DCMA432,Sparkasse Bensheim
529900EV6BXWNSFD7E06,SAXO BANK (SCHWEIZ) AG
529900EVJZJ9AEQNVL04,EZPADA AG
529900EWEX125AULXI58,Dr. Ing. h.c. F. Porsche Aktiengesellschaft
529900EWO973VIBUH148,Raiffeisenkasse Neusiedl a.d.Zaya eGen
529900EWQDZH4T7BC218,Raiffeisenbank Region Parndorf - Weiden am See eG
529900EWR06UH8ANH691,Raiffeisenbank Im Rheintal eGen
529900EXCN8TJWH3DA29,Raiffeisenbank in Rheinhessen eG
529900EXG2PM316ISO63,Deutsche WertpapierService Bank AG
529900EZ238BZ9Q5DV15,Raiffeisenbank Kleinmünchen/Linz eGen
529900F00S0DTFX1D404,Thurgauer Kantonalbank
529900F0AEX3776C0J76,Siemens Energy Global GmbH & Co. KG
529900F0CYWPIP90YJ58,Raiffeisenbank Obersimmental-Saanenland Genossenschaft
529900F0PSPNVJMAUL18,Volksbank Stuttgart eG
529900F0ZR8EIGLXAX14,Raiffeisenbank Wegenstettertal Genossenschaft
529900F2SC8ANS0A2T76,Uždaroji akcinė bendrovė Urbo bankas
529900F3EU2GVHVCLR26,Delticom AG
529900F4IYQMTFUT5A65,Volksbank Rhein-Lahn-Limburg eG
529900F4PAS0XF12N781,Raiffeisenbank Vorderland eGen
529900F4QCKVY8P9QQ72,RAIFFEISENKASSE MARLING GENOSSENSCHAFT - CASSA RAIFFEISEN DI MARLENGO SOCIETA' COOPERATIVA
529900F5KTT6ZUPA8N40,Hamburger Sparkasse AG
529900F5Q7AJKSS3GP64,Lazard Asset Management (Deutschland) GmbH
529900F5XFD7D1PQS086,Sparkasse Haugsdorf Privatstiftung
529900F6N5IVIGSR0O47,Volksbank Worpswede eG
529900F746EVPZ6CFI16,MERCEDES-BENZ FINANCIAL SERVICES ITALIA S.P.A.
529900F7MEBNJHXUXY19,Raiffeisenbank im Entlebuch Genossenschaft
529900F7Y171QF1RSU09,LIETUVOS RESPUBLIKOS FINANSŲ MINISTERIJA
529900F9QZ6J6QTGKG49,Raiffeisenbank Rigi Genossenschaft
529900F9ZP0XDKL33R63,Raiffeisenbank Region Bad Leonfelden eGen
529900FA29F5OY2J7P74,Народна банка на Република Северна Македонија
529900FAAKQAZH0OHZ82,Bankhaus Werhahn GmbH
529900FAXUZRLWRIFD51,Commerz Real Fund Management S.à r.l.
529900FB29C36LKTAW50,V-Bank AG
529900FCMZ4LKXFD0R69,AIRBUS
529900FD6V055NBG4N83,Sparkasse Schweinfurt-Haßberge
529900FEID5L4H2T2L70,Raiffeisen Landesbank Vorarlberg mit Revisionsverband eGen
529900FHK3F82N7LV938,Sparkasse Muldental
529900FIAMEJDQ8C9097,DEUTSCHE BANK LUXEMBOURG S.A.
529900FIVK2U50EHKL15,Raiffeisenbank Beromünster Genossenschaft
529900FIX1PEU96ZE617,Volksbank eG Bad Laer-Borgloh-Hilter-Melle
529900FJ51GSDI8SRT54,"Акционерное общество ""ОТП Банк"""
529900FJUMZDJWF8QV72,Abtsgmünder Bank -Raiffeisen- eG
529900FKKQADPD8LP048,Raiffeisenbank Aare-Langete Genossenschaft
529900FKU5EHFDU5P820,Raiffeisenbank Oberaudorf eG
529900FL0NSEA839DU38,VR-Bank Spangenberg - Morschen eG
529900FLLALM2RHDWW17,Kreissparkasse Döbeln
529900FLRSBNRI6T7218,Raiffeisenbank Bad Windsheim eG
529900FLUTABSTTCCV21,Raiffeisenbank Regio St. Gallen West Genossenschaft
529900FMPYJ0QVTBSD95,Debeka Bausparkasse Aktiengesellschaft Sitz Koblenz am Rhein
529900FMTTLMH0P0DL10,STADA Arzneimittel Aktiengesellschaft
529900FMZSRFHZA8OU51,Maerki Baumann & Co. AG
529900FNLE8ZOPUOT704,"Fidelidade - Companhia de Seguros, S.A."
529900FNO3XSY10KOB97,Volksbank Demmin eG
529900FOTM78R9Q9NY89,BSH Hausgeräte GmbH
529900FPB63BJZ91F272,Raiffeisenbank Fuschlsee West eGen
529900FPOU897IEWGV26,Kreissparkasse Biberach
529900FQZL2INESW9U34,Sparkasse Freiburg - Nördlicher Breisgau
529900FR6NK5ZQR5EP29,Sparkasse Vest Recklinghausen
529900FR98RO8IKX3687,GLADBACHER BANK Aktiengesellschaft von 1922
529900FRBVLJUES39708,Sparkasse Lemgo
529900FRN5DSYOGHK121,"Sparkasse Paderborn-Detmold-Höxter (Lippische Spar- und Leihekasse), Zweckverbandssparkasse der Kreise Höxter, Lippe und Paderborn und der Städte Barntrup, Blomberg, Delbrück, Detmold, Höxter, Horn-Bad Meinberg, Lage, Marsberg, Paderborn und Warburg"
529900FS1NI3QY3KFM24,Raiffeisenbank Mürztal eGen
529900FS9462U7FFUX40,Sparkasse Hanauerland
529900FSZSQU0BEG7249,Sparkasse Mansfeld-Südharz
529900FT8EQ3UTVPCG65,Raiffeisenbank Mittelkärnten eG
529900FTU69N2EEKJK32,Raiffeisenbank Schwarzwasser Genossenschaft
529900FTZL67C7Y82F27,ALTE LEIPZIGER Trust Investment-Gesellschaft mbH
529900FU4WJ2XT7BVE31,LBS Landesbausparkasse Süd
529900FUWCN22LZAKI10,KPMG AG Wirtschaftsprüfungsgesellschaft
529900FV0MXF1JCD1951,EDF INVESTISSEMENTS GROUPE
529900FV6D5AD99T4286,PRYSMIAN TREASURY S.R.L.
529900FVKXNY159SQ550,RAIFFEISENBANK REGION RIED I.I. EGEN
529900FVNS34ENY5A496,Mendener Bank eG
529900FW2HOCU1QBTN33,Volksbank Rhede eG
529900FWCO3A8V31KT12,Bühler AG
529900FWPX4ZEDGW7972,ETRIS Bank GmbH
529900FWTU88V844B672,TotalEnergies Treasury
529900FWY4LQJD1YZB60,Volksbank Lübeck eG
529900FY5DH17BMV7W36,Spar- und Darlehnskasse Börde Lamstedt-Hechthausen eG
529900FY7LO3LIT6YC76,Volksbank Winsener Marsch eG
529900FYI69CU0Y5JE57,Капитал банка АД Скопје
529900FYNMMZVL3O2V85,Vereinigte VR Bank Kur- und Rheinpfalz eG
529900FZRK8FGMPEOM08,European Union
529900FZWXWNKF3O8394,SPAREKASSEN THY
529900G0O4D2ZDKYAM83,Raiffeisenbank Region Hartberg eGen
529900G0ONBZN5XQ9G48,DEG-Deutsche Investitions- und Entwicklungsgesellschaft mbH
529900G0Q60XG5UANA05,VR Bank Main-Kinzig-Büdingen eG
529900G2Z6BW1S0JJS60,Volksbank Raiffeisenbank Niederschlesien eG
529900G3SW56SHYNPR95,Deutsche Börse Aktiengesellschaft
529900G3VI28NX94H915,aik Immobilien-Investmentgesellschaft mbH
529900G4A1IKOKC22K56,CTT - CORREIOS DE PORTUGAL S.A.
529900G4LFOVNBML2C47,Stadtsparkasse Rheine
529900G4O4VLOG0B5168,Deutsche Holdings (Luxembourg) S.à r.l.
529900G61XVRLX5TJX09,LENNAR CORPORATION
529900G6PA459NC9MA06,Raiffeisenbank Region Fehring eGen
529900G6TZXG6I9R5I04,Sparkasse Scheeßel -Zweckverbandssparkasse-
529900G6UCC7ITW6FJ76,Sparkasse Dachau
529900G8QD457M2SW556,Alpen Privatbank Aktiengesellschaft
529900G8ZNLPJ9275I26,Franke Holding AG
529900G9CL7GFIII3T93,Baumann & Cie KmG
529900G9Z4I79FGUE649,"Deutsche Securities, S.A. de C.V., Casa de Bolsa"
529900GA6PI4RR9P1615,Raiffeisenbank Attergau eGen
529900GAEQF0OFEVUM23,Kerdos Investment AG TGV
529900GAF29I7UYUNT53,Banque Raiffeisen Nyon-La Vallée société coopérative
529900GB1AZRHCRY1V75,VR Bank Oberfranken Mitte eG
529900GB7KCA94ACC940,RWE Aktiengesellschaft
529900GB9HQMO9Y9B097,Ostsächsische Sparkasse Dresden
529900GBD2RL2336HW23,Bezirks-Sparkasse Dielsdorf Genossenschaft
529900GC279PTFAX4165,Raiffeisenbank Regio Frick-Mettauertal Genossenschaft
529900GC5ZDA0LHHIK36,Raiffeisenbank Leoben-Bruck eGen
529900GCU2E34P2RPK86,Sparkasse Südwestpfalz
529900GCX12IYSEEKM76,Volksbank Hellweg eG
529900GCY25B7SPR3560,Bernhauser Bank eG
529900GDEQOVMPFW8P55,Sparkasse Borken-Schwalmstadt
529900GDURGTIB6S6B27,Raiffeisenbank im Donautal eG
529900GEAFEARYCL2131,Raiffeisenbank Steyr eGen
529900GEH0DAUTAXUA94,Банка ДСК
529900GES0BUVJEDKF90,TELKOM SA
529900GF99QF67JEQU85,"BANCO INDUSTRIAL, S.A."
529900GFT28SEW1QSG52,BfW - Bank für Wohnungswirtschaft AG
529900GFVFMKAFCMT075,MARKETAXESS SINGAPORE PTE. LIMITED
529900GGYCI0IK2WYI41,Biesterfeld SE
529900GGYMNGRQTDOO93,BNG Bank N.V.
529900GI2BGDVYNR0F68,Sparkasse Elbe-Elster
529900GITAFPOFSFOP74,Volksbank-Raiffeisenbank Glauchau eG
529900GIW7IGDLAYP075,PARTNER BANK AKTIENGESELLSCHAFT
529900GJCEV5ZKNTXN91,Sparkasse Fürstenfeldbruck
529900GJD3OQLRZCKW37,Volkswagen Bank Gesellschaft mit beschränkter Haftung
529900GJO69GVJ6GK177,DERIV INVESTMENTS (EUROPE) LIMITED
529900GJOSVHI055QR67,AS LHV Pank
529900GK2AGSDVLQ0P42,Bopfinger Bank Sechta-Ries eG
529900GKTVN0H9L9L869,GIRO Elszámolásforgalmi Zártkörűen Működő Részvénytársaság
529900GM7EERMTVWAI17,VR Bank eG
529900GM7ROAY9MPT913,Raiffeisen Regionalbank Matrei i.O. eGen
529900GM944JT8YIRL63,Münchener Hypothekenbank eG
529900GMJQYGJP5I6A97,First Climate Markets GmbH
529900GMYO986VEWIQ64,Robeco Schweiz AG
529900GNI3ZMT50DBG92,Volksbank Sandhofen eG
529900GNP55W205XC755,Metro International AG
529900GNYEKYXPXMOG38,Sparkasse Passau
529900GOHDG5JKIJXT78,ドイチェ・アセット・マネジメント株式会社
529900GP2S6AGVOZ5B71,"Sparkasse an der Lippe, Zweckverbandssparkasse der Städte Lünen, Selm und Werne"
529900GP93B3EF6Y1989,Kreis- und Stadtsparkasse Wasserburg am Inn
529900GPOO9ISPD1EE83,RAIFFEISENLANDESBANK NIEDERÖSTERREICH-WIEN AG
529900GQ606W47A5RG90,AGROKONT zártkörű Részvénytársaság
529900GQWNQZIWLG8D46,BEOBANK NV/SA
529900GRZ2BQY5ZM9N49,PUMA SE
529900GS012UFPL73V94,Land Mecklenburg-Vorpommern
529900GS01MWP4QSH807,Sparkasse Landshut
529900GS9BX04BZ5JP94,INTERMONEY VALORES SOCIEDAD DE VALORES SA
529900GSC7FDT0V5KD37,Merkantil Váltó és Vagyonbefektető Bank Zártkörűen Működő Részvénytársaság
529900GSJR3LIAD67P54,CASSA RAIFFEISEN MERANO SOCIETA' COOPERATIVA
529900GSZI5ZCKL7JL51,AUREA FINANCE SOPARFI
529900GT1PYT1FTZQA55,Banca Raiffeisen Morbio-Vacallo società cooperativa
529900GTYCD01GHW1H66,SPAR HOLDING AG
529900GUDZ0O5EOFQD12,Banca Raiffeisen Piano di Magadino società cooperativa
529900GVB4E3JTDFHA88,FINOVESTA GMBH
529900GVT9FAV11P1I47,Raiffeisenbank Main-Spessart eG
529900GWQUM8QE89CX95,Raiffeisenkasse Haidershofen eGen
529900GXEWI4BLMXTJ81,S Broker AG & Co. KG
529900GXZM8IKP4S7O11,Volksbank Kärnten eG
529900GY35YT0CZ5O277,Raiffeisenbank Luzerner Hinterland Genossenschaft
529900GYIFZ0EH50GF42,"BANCO ACTIVOBANK, S.A."
529900GZ42KYYPY7HZ06,Bausparkasse der österreichischen Sparkassen Aktiengesellschaft
529900GZJU7SG0T7MO64,Raiffeisenbank Region Visp Genossenschaft
529900GZL0HS66P9SW37,"Banco Invest, S.A."
529900GZTFUU5FP9DX16,Raiffeisen-Volksbank eG
529900H0HULEN2BZ4604,Bilfinger SE
529900H11LEUBMTAMY36,"Bankinter, S.A. - Sucursal em Portugal"
529900H1OT06BP9DAT78,ВАРЧЕВ ФИНАНС
529900H1TZG06HV09M60,Vontobel Securities AG
529900H2GFWQHEDEKO08,Raiffeisenbank Oberland eG
529900H2MBEC07BLTB26,CAIXA CENTRAL-CAIXA CENTRAL DE CRÉDITO AGRÍCOLA MÚTUO CRL
529900H2Q7WMDKKIW109,Banco Nacional de Panama
529900H31AYI6WA1J534,"BANCO CITI MÉXICO S.A. INSTITUCIÓN DE BANCA MÚLTIPLE, GRUPO FINANCIERO CITI MÉXICO"
529900H337HYMPVSMW09,tesa SE
529900H3LHRG8T739372,Raiffeisenbank Wasseramt-Buchsi Genossenschaft
529900H4DWG3KWMBMQ39,Aroundtown SA
529900H4I2WXQDJN6510,Raiffeisenbank am Ricken Genossenschaft
529900H4JD9LEALS6S16,Bensberger Bank eG
529900H4JTLAYUEBZL09,VR PartnerBank eG Chattengau-Schwalm-Eder
529900H4VZFCVFKLDA98,Raiffeisenbank Region Vöcklabruck eGen
529900H4WKIZQYKYTF25,Raiffeisenbank Langkampfen-Thiersee eGen
529900H59EKJMH0GFO68,Raiffeisenbank Region Liezen eGen
529900H5E2RA9ZV7OE85,Volksbank Raiffeisenbank eG
529900H5L58R4R8FE538,RAIFFEISENKASSE SALURN GENOSSENSCHAFT - CASSA RURALE DI SALORNO SOCIETA' COOPERATIVA
529900H5SATZJTWAR773,RAIFFEISENKASSE UNTERVINSCHGAU GENOSSENSCHAFT - CASSA RAIFFEISEN BASSA VENOSTA SOCIETA' COOPERATIVA
529900H5V9U8I2K26D19,Volksbank Nordschwarzwald eG
529900H6PMBEQPIEO203,Kreissparkasse Tuttlingen
529900H748GFNEI7LL52,Banque Raiffeisen Fribourg-Ouest société coopérative
529900H7I4HX0LU26M70,Volksbank Zwickau eG
529900H8DP9NY54QDN74,CORRETAJE E INFORMACION MONETARIA Y DE DIVISAS SA
529900H8T3O0RWWDJA96,Union Investment Real Estate GmbH
529900H9255HSTOGDY35,ProCredit Bank AG
529900H946OA5DX46I20,Lapithus Management S.à r.l.
529900HA2QT774RUXW59,Bechtle Aktiengesellschaft
529900HAXZJRS9O35R08,"Sparkasse Siegen, Zweckverbandssparkasse der Städte Siegen, Freudenberg, Hilchenbach, Kreuztal, Netphen und der Gemeinde Wilnsdorf"
529900HB1NOUF0UAGK18,EUROBANK PRIVATE BANK LUXEMBOURG S.A.
529900HB5JPSXLWJO138,Sparda-Bank München eingetragene Genossenschaft
529900HBDL63JZQPL059,Raiffeisenbank Aschau-Samerberg eG
529900HC4LDSGK0NCJ85,LBS Landesbausparkasse NordWest
529900HC8KY7N0HNY191,Dornbirner Sparkasse Bank AG
529900HD4A78M8SVE053,Volksbank Raiffeisenbank Fürstenfeldbruck eG
529900HDNBQ2DD0QHJ07,VP SECURITIES A/S
529900HDXLRETP3GDZ20,Raiffeisenbank Vorderbregenzerwald eGen
529900HEI7B4SG0ZV691,Caja de Ahorros
529900HFS7EV7VIALL43,Sparkasse Hainburg-Bruck-Neusiedl Aktiengesellschaft
529900HFZVLB2JUVNM50,FSG Sustainable GmbH
529900HGCC5S5FGR5Z52,CASSA RAIFFEISEN VILLABASSA SOCIETA' COOPERATIVA
529900HGWNOHNJP3D185,Tiroler Sparkasse Bankaktiengesellschaft Innsbruck
529900HGXH6VMSKD1288,Raiffeisenbank Beuerberg - Eurasburg eG
529900HHAI6YR14M3S54,Freistaat Bayern
529900HHCMGEXXJAGA76,Volksbank Mittlerer Neckar eG
529900HHE04GA1UV8Y59,OASIS SECURITISATION S.R.L.
529900HI0747ZYOLS056,Raiffeisenbank Lech am Arlberg eGen
529900HIPZJM9DD5IY23,Sparkasse Neckartal-Odenwald
529900HJ5YK02028J735,Volksbank Bühl eG
529900HKH7RM4NL4MF34,VR Bank eG Bergisch Gladbach-Leverkusen
529900HKWQGIQOADA484,Solar Capital Markets Értékpapír Kereskedelmi Zártkörűen Működő Részvénytársaság
529900HLC05A6F8YSQ11,Raiffeisenbank an der Limmat Genossenschaft
529900HMJTUA75M2AB16,Raiffeisenbank Knoblauchsland-Bibertgrund eG
529900HNH6UOOF40A490,DB UK BANK LIMITED
529900HNOAA1KXQJUQ27,"DZ BANK AG Deutsche Zentral-Genossenschaftsbank, Frankfurt am Main"
529900HO0W406L465O97,Volksbank Zuffenhausen eG
529900HO75COKM8A9M61,Raiffeisenbank Region Schärding eGen
529900HO7D9PZWCL4924,TECHVENTURES BANK S.A.
529900HQ12A6FGDMWA17,SIX Swiss Exchange AG
529900HQBCUQIHN72L96,Stadtsparkasse Borken (Hessen)
529900HQQ5B304CEBH51,Raiffeisenbank Salzburger Seenland eGen
529900HROU68JNY42O57,HÜTTENES-ALBERTUS Chemische Werke Gesellschaft mit beschränkter Haftung
529900HRVKHRUDKXSU66,Warburg Invest Kapitalanlagegesellschaft mbH
529900HT3KJHBHNHDT64,PERI SE
529900HTEO31Y13DM842,Volksbank Filder eG
529900HUQSCW24OZDD23,Banque Raiffeisen Morges Venoge société coopérative
529900HVDYCUWVD0OE76,Nordex SE
529900HVLAH6NDAKYH16,Volksbank Kurpfalz eG
529900HVPKKKCF0Q2854,LLB (Schweiz) AG
529900HVWMQ56JCQCM64,KanAm Grund Kapitalverwaltungsgesellschaft mbH
529900HWBYCO8M2UN457,BARILLA G. E R. FRATELLI - SOCIETA' PER AZIONI
529900HWPVQ42PJZBV22,Daimler Truck AG
529900HWQDOQRB7CH356,PERSPEKTIVA d.d. Borzno posrednika druba
529900HZ5VHYKIQMK613,Raiffeisenbank Diepoldsau-Schmitter Genossenschaft
529900I009DNHDJT2765,Lenze SE
529900I07EBSJT7MSD62,LIFE CYCLE INVESTMENT PARTNERS LIMITED
529900I0NJTV0IR30632,Vaillant GmbH
529900I1UZV70CZRAU55,Raiffeisenbank Austria d.d.
529900I2X5ZY64N4C627,Volksbank Daaden eingetragene Genossenschaft
529900I3T2IWMZATAA69,Frey Financial Services GmbH
529900I4L1Y0ODNKC686,Sparkasse Freyung-Grafenau
529900I4P8L3QJ7U7U57,Raiffeisenbank Pyhrn-Priel eGen
529900I5A2T01KLWV917,Raiffeisenbank Ems-Vechte eG
529900I5DXNGYBVA1686,vPE WertpapierhandelsBank AG
529900I5EWMMMCSTS175,UniCredit International Bank (Luxembourg) S.A.
529900I5N3FUZZGLG603,MIDPOINT & TRANSFER LTD
529900I5VIERNMU0B764,Raiffeisenbank Drautal registrierte Genossenschaft mit beschränkter Haftung
529900I6N5PAU6EVAN62,Fürst Fugger Privatbank Aktiengesellschaft
529900I6NFVCRTLD7B50,Volksbank Raiffeisenbank Nordoberpfalz eG
529900I6RHYIHVP4WA05,"BUDA-CASH Brókerház Zártkörűen Működő Részvénytársaság ""felszámolás alatt"""
529900I7H3LDPWU9V939,Sparkasse Hameln-Weserbergland
529900I7H5MTC4UX0890,Raiffeisenbank im Kreis Calw eG
529900I7UAQ5SFEG9F89,FAB Private Bank (Suisse) SA
529900I8VLAZR2FJ0M10,"OC Oerlikon Corporation AG, Pfäffikon"
529900I8VOU2ABOINT03,Kelvion Holding GmbH
529900I8XOZDM4ZQSQ21,ŠKODA AUTO a.s.
529900I9H71FKUR6ZQ37,Biene Bank im Rheintal Genossenschaft
529900I9U5LLPP1JND91,Raiffeisenbank Seerücken Genossenschaft
529900IAZ7K53LG7BT89,VR-Bank Erding eG
529900IBJLNVLFIMJY19,Sparkasse Rotenburg Osterholz
529900IC6NJ6E1BYIA41,Alleima Treasury AB
529900ICA8XQYGIKR372,BAWAG P.S.K. Bank für Arbeit und Wirtschaft und Österreichische Postsparkasse Aktiengesellschaft
529900ICDZY7LEZHKJ46,Kreissparkasse Esslingen-Nürtingen
529900ICKT0K5E1BTY38,CA Auto Bank GmbH
529900IE8J660F7TG961,Raiffeisenbank Wels Süd eGen
529900IENHXJ2NGZOG87,Sparkasse Engen-Gottmadingen
529900IF9B4B26OEZY66,Volksbank Eutin Raiffeisenbank eingetragene Genossenschaft
529900IFA2AT4G50OJ06,Sparkasse Rastatt-Gernsbach
529900IG807Z3E167J68,WIR Bank Genossenschaft
529900IH9V4I3VHQVO92,Deutsche Bank Aktiengesellschaft
529900II9UW65S2XHJ20,Sparkasse Bank dd Bosna i Hercegovina
529900IJ6T4P1O10R377,ARLA FOODS AMBA
529900IJ7KCTOTCIET29,Raiffeisenbank Hollabrunn eGen
529900IKGOVVSNWFZ238,Sparkasse LeerWittmund
529900IKYVQQEM6R6K81,3 Banka
529900ILRS3WYJB2CE90,Sparkasse Rhein-Maas
529900IMA27MUGR3CA61,Raiffeisenbank Aare-Reuss Genossenschaft
529900IMTE2YBZF1VU88,Volksbank im Elbe-Weser-Dreieck eG
529900IMXUCQKUL1H943,楽天グループ株式会社
529900IN46275E6A7F39,Raiffeisenbank Großgmain eGen
529900INZZETDGTM0O58,International Fund Services & Asset Management
529900IO1HE7YSBR3K04,Obwaldner Kantonalbank
529900IOG1ENLW4SUU53,B. Metzler seel. Sohn & Co. Aktiengesellschaft
529900IONZ7XPGBINC13,Raiffeisenbank eG
529900IOTCXFJDFCPW74,Raiffeisenbank Oberpfalz NordWest eG
529900IOWMV6XQ5N6Q06,Raiffeisenbank Bernhardzell Genossenschaft
529900IP04I4173GZB60,Alternative Bank Schweiz AG
529900IPVWLJXD5SPC93,Scholz Recycling GmbH
529900IQ7GLKGXMX4A05,Volksbank eG Gera · Jena · Rudolstadt
529900IRBZTADXJB6757,flatexDEGIRO SE
529900IRM26R91LI8531,US Global Investors Inc.
529900IRWR9MEXI1D219,Raiffeisenbank Weyer eGen
529900IS3SXULH78V985,Sparkasse Freising Moosburg
529900IS872BKIO03403,Raiffeisenbank Hohenloher Land eG
529900ISMO182CWI3610,Sparkasse Bodensee
529900ISUTXV1Y6XFQ36,Sparkasse Ostprignitz-Ruppin
529900ISXKZVQAY6KO53,Raiffeisenbank Mittleres Lavanttal eGen
529900IT6W2EZ3SKN373,Azer-Turk Bank Open Joint-Stock Company
529900ITGAKRIJ8YB966,Sparkasse MagdeBurg
529900IV8YSNU2NWX627,Volks- und Raiffeisenbank Saale-Unstrut eG
529900IVG1Z0C6PWC931,Raiffeisen-Volksbank Haßberge eG
529900IW4E474ZKB2235,Banca Raiffeisen Losone Pedemonte Vallemaggia società cooperativa
529900IWU96YBZ2JG374,VR Bank Neuburg-Rain eG
529900IXC1MHBCGKD089,HELLEN'S ROCK CAPITAL LTD
529900IYNHP5CDKJ0H86,Sparkasse Kinzigtal
529900IZ69LR7SRU9V71,Sparkasse Bregenz Bank Aktiengesellschaft
529900IZ8AYE18GURC54,Miele & Cie. KG
529900IZ8TASAYR3A694,MeSoFa Vermögensverwaltungs AG in Abwicklung
529900IZCCVJYG35IU24,acrevis Bank AG
529900IZPJ195088J625,Kreissparkasse Diepholz
529900IZQVARX18TFQ50,RSB Retail + Service Bank GmbH
529900J0N5FYROZOL786,도이치증권(주)
529900J0QYGBLA717426,Volksbank Versmold e.G.
529900J13PABN57GUO30,VR-Bank Taufkirchen-Dorfen eG
529900J1AYBOGXRW4094,OPTIMA ENERGY SA
529900J1L42WID8DBF43,Raiffeisenbank Untersee-Rhein Genossenschaft
529900J1PXYSZJVZ3Z09,AUDI Aktiengesellschaft
529900J22KONHE9LUS19,Sparkasse Hochschwarzwald
529900J30GWJRSJWJL27,DEUTSCHE CAPITAL MARKETS AUSTRALIA LIMITED
529900J35NSHS856UA68,SPAREKASSEN KRONJYLLAND
529900J45TMRF0BU8V05,Emsländische Volksbank eG
529900J50KRHX3FSTX36,Schütz GmbH & Co. KGaA
529900J5TTRCNNV7T835,Raiffeisenbank Liesingtal-St. Stefan eGen
529900J6KK7GJME3RU07,NGÂN HÀNG NÔNG NGHIỆP VÀ PHÁT TRIỂN NÔNG THÔN VIỆT NAM
529900J6RQNQTDH33M50,Bank Oberaargau AG
529900J6VNDBVTKV7I86,NATIXIS Pfandbriefbank AG
529900J72MSQ0EFT9U38,Raiffeisenbank am Bichelsee Genossenschaft
529900J7FSFACAGZ5042,ΤΡΑΠΕΖΑ ΕΜΠΟΡΙΟΥ ΚΑΙ ΑΝΑΠΤΥΞΗΣ ΕΥΞΕΙΝΟΥ ΠΟΝΤΟΥ
529900J7MNGH9AFRRD37,Bankhaus Ludwig Sperrer KG
529900J81YR2R3UHBO95,SB Saanen Bank AG
529900J9B4T744UG1Q06,Volks-und Raiffeisenbank Fürstenwalde Seelow Wriezen eG
529900J9F41PU70ANE36,Hilti Aktiengesellschaft
529900J9IGCT71B2YS06,SAS Autosystemtechnik Verwaltungs GmbH
529900JATTIRF6WVKG35,Merkur.com AG
529900JB2S6CH38UQ526,Sparkasse Pforzheim Calw
529900JB92A5OMF93D63,QUAESTOR Pénzügyi Tanácsadó Zártkörűen Működő Részvénytársaság
529900JB9XYZ8E87N345,N26 Bank SE
529900JBDP8PXS7ZIS21,WIENWERT AG
529900JCAE554QUYE140,Sparkasse Westmünsterland
529900JCYKRPZDL5OB80,Wieland-Werke Aktiengesellschaft
529900JD4K8GRJL5I640,SAVILLS INVESTMENT MANAGEMENT (UK) LIMITED
529900JDIYXTIWKTOO60,Sparkasse Hegau-Bodensee
529900JDNFGNWFDT0F88,VR-Bank NordRhön eG
529900JEKLBM7SSTQS98,Raiffeisenbank Aidlingen eG
529900JEV2P006I2MW80,Circle K Luxembourg
529900JFOPPEDUR61H13,Baader Bank Aktiengesellschaft
529900JFTHKPTK4YNL22,Sparkasse Offenburg/Ortenau
529900JGG5ZH6QS4X153,Volksbank Westerstede eG
529900JHENZKBB6G6W98,"""ФИНКА Банкы"" жабык акционердик коом"
529900JHQ2OFFMM02038,Harzsparkasse
529900JHYOVGR7RELD21,VOLKSWAGEN GROUP OF AFRICA
529900JIWTBNXOL05L62,Sparkasse Nürnberg
529900JJ5V5FF6B1BP91,Sparkasse Mühlviertel-West Bank Aktiengesellschaft
529900JJNTINV5OPR895,BANQUE DE WALLIS ET FUTUNA
529900JJWMJ27312J910,"АКЦИОНЕРНОЕ ОБЩЕСТВО ""КОММЕРЦБАНК (ЕВРАЗИЯ)"""
529900JKDJYUYCOZYI25,Raiffeisenbank eG Deggendorf-Plattling-Sonnenwald
529900JKIXFIA5LYZN73,Bankhaus Rautenschlein AG
529900JMJSBZQ87VS279,Bank Austria Real Invest Immobilien-Management GmbH
529900JMU27SVQHZ3A79,ETH Zürich
529900JMVRUEEGJDU667,RAIFFEISENKASSE SCHLANDERS GENOSSENSCHAFT - CASSA RAIFFEISEN SILANDRO SOCIETA' COOPERATIVA
529900JNB0LJUQY0UH90,Raiffeisenkasse Dobersberg-Waldkirchen eGen
529900JNC22YEO7Z1Y98,Raiffeisen Bank Kosovo J.S.C. SH.A.
529900JNLCQE7UURS374,R + V Lebensversicherung a.G.
529900JNLDVBPRG4LV81,FERRERO TRADING LUX S.A.
529900JNZC8XGW2AW886,VR-Bank in Südoldenburg eG
529900JONLIJEZUYT574,Raiffeisenbank Rehling eG
529900JPKYD3K9OY2W04,Ithuba Capital AG
529900JQ18IUYNKUIP97,Sparkasse Ried im Innkreis-Haag am Hausruck
529900JQ43BB79J1F649,VR-Bank Ehningen-Nufringen eG
529900JQJNQGXQZ12459,PSD Bank Hannover eG
529900JQOOP40RCT9O97,Raiffeisenbank Attersee-Süd eGen
529900JQS7IQHS1L1Q97,Raiffeisenbank Denzlingen-Sexau eG
529900JQT1T21AYM5H56,QUAESTOR Befektetési Alapkezelő Zártkörűen Működő Részvénytársaság
529900JR1L6WNLIJJD61,Sparkasse Emsland
529900JR2L1QZT3BDB79,Marquard & Bahls Aktiengesellschaft
529900JRCAFXJDUTVV71,Baader Helvea AG
529900JRFZPRCHYH6C84,Monega Kapitalanlagegesellschaft mbH
529900JRIM4CXFEUZK50,Lupus alpha Asset Management AG
529900JRKG8AEYL65326,VR Bank Heilbronn Schwäbisch Hall eG
529900JRPSTM2K590489,Raiffeisenbank eG
529900JRPX3ZQ025KP77,Raiffeisenbank Kundl-Münster eGen
529900JSHYRHGDZL1753,Sparkasse Neunkirchen
529900JSU6NM3BXV4A64,Vereinigte Volksbank Raiffeisenbank eG
529900JSUX30WA3SLJ75,"Raiffeisenkasse für Mutters, Natters und Kreith registrierte Genossenschaft mit beschränkter Haftung"
529900JT1K2JUVU44D49,Banque Raiffeisen du Mont-Tendre société coopérative
529900JTLQYJB5BAWI66,BANTLEON AG
529900JTMCOEJXG73D80,FTC Capital GmbH
529900JU1K99OFBC8F57,"CAIXA DE CRÉDITO AGRÍCOLA MÚTUO DOS AÇORES, C.R.L."
529900JUEZO6DICGJN97,"American Express International, Inc. (Australia Branch)"
529900JUN3QBHHNIJW57,Banque Raiffeisen Neuchâtel et Vallées société coopérative
529900JVAQ2RH5LH1O53,Raiffeisenbank Westhausen eG
529900JVEDZDVL51Z085,Raiffeisenbank Leibnitz eGen
529900JVRSMSZBR6NB58,Sparkasse Emden
529900JWJU8VLNI19T55,SHINHAN BANK EUROPE GmbH
529900JXM2IQSPJHMK02,VR Bank Starnberg-Zugspitze eG
529900JYKMBDVBIST725,Raiffeisenbank Schrobenhausener Land eG
529900JZXXU699FCKK89,Bausparkasse Schwäbisch Hall Aktiengesellschaft - Bausparkasse der Volksbanken und Raiffeisenbanken -
529900JZYXWINWOCRX71,Banca Raiffeisen del Camoghè società cooperativa
529900K08EYX3I3MTH59,Nordea Henkivakuutus Suomi Oy
529900K094KMHKJ4TS82,LfA Förderbank Bayern
529900K0OK4J5I7A5V66,Euronext Lisbon - Sociedade Gestora de Mercados Regulamentados S.A.
529900K1110GFV3VUM61,Volksbank Göppingen eG
529900K139N6UFJ1A758,RATIONAL Aktiengesellschaft
529900K16YGKC8BES892,Deutsche Kreditbank Aktiengesellschaft
529900K1JBMMT2QTSF23,Raiffeisenbank Feldkirchen-Goldwörth eGen
529900K3915OW75BQR33,Hypothekarbank Lenzburg AG
529900K3OORSTIY6NH53,Raiffeisenbank Mehring-Leiwen eG
529900K4LQIFPKSGMM56,Raiffeisenbank Oberes Rheintal Genossenschaft
529900K4NCP94LQNCG60,Raiffeisenbank Schwaben Mitte eG
529900K51GPUHVD7PF72,HP FONDSMÆGLERSELSKAB A/S
529900K5H0F7K9SBO784,Waldviertler Sparkasse Bank AG
529900K5U2R8FX5LN839,PB IHAG AG
529900K5UBMZ5A7GOS30,CASSA RAIFFEISEN GHERDEINA SOZIETA' COOPERATIVA - RAIFFEISENKASSE GROEDEN GENOSSENSCHAFT - CASSA RAIFFEISEN VAL GARDENA SOCIETA' COOPERATIVA
529900K69SO5TNSHHB31,Sparkasse Mecklenburg-Strelitz
529900K6BWO03KP4GU58,Giesecke+Devrient Gesellschaft mit beschränkter Haftung
529900K6G9E0JFCFFE23,GRENKE BANK AG
529900K6JN1RFIK2RI18,Migros-Genossenschafts-Bund
529900K6QTKF2QXL0B37,RAIFFEISENKASSE ALGUND GENOSSENSCHAFT - CASSA RAIFFEISEN DI LAGUNDO SOCIETA' COOPERATIVA
529900K7OT8W30JJ6420,Siemens Fonds Invest GmbH
529900K8AV0FBKQ9XA67,Volksbank Solling eG
529900K9B0N5BT694847,Allianz SE
529900K9ENYPTKECK071,Deutsche Equities India Private Limited
529900K9FOE0UY64YI94,Raiffeisenbank Unteres Inntal eG
529900KA1X3855ZIY689,Volksbank Darmstadt Mainz eG
529900KC6YHRIZ1DZQ19,Raiffeisenbank Mittelrheintal Genossenschaft
529900KCNFQU5OJH7L33,Telekom Austria Aktiengesellschaft
529900KD0L0FDTDAPJ25,Posojilnica eGen
529900KE0RXWI3Z6VU55,Bremische Volksbank Weser-Wümme eG
529900KELJW0X5IGKS48,Raiffeisenbank Straßwalchen eGen
529900KFLMXR1ZS11D33,Spar- und Leihkasse Bucheggberg AG
529900KGROBWC23LXL85,Raiffeisenbank Hippach-Hart eGen
529900KH1M4B2CNCXB28,Stadtsparkasse Wuppertal
529900KHHCLCEFBG1B41,Volksbank am Württemberg eG
529900KHTLSWNRIOUY16,Banque Raiffeisen Région Delémont société coopérative
529900KIN5BE45V5KB18,Hannover Rück SE
529900KIX7269PVMPY26,ТИ БИ АЙ Банк
529900KKJ9XOK6WO4426,Bank Vontobel Europe AG
529900KKMSLF6I7F5T86,Raiffeisenbank Aichfeld eGen
529900KLYIW1ERXXLT61,VR-Bank Memmingen eG
529900KM8P1Q4L0HCX48,Raiffeisenbank Region Fürstenfeld eGen
529900KMWFZZDDJ1HT92,Skandia Lebensversicherung Aktiengesellschaft
529900KN7BJCPCXNHH34,Raiffeisenbank Golling-Scheffau-Kellau registrierte Genossenschaft mit beschränkter Haftung
529900KNDF2BG6A18Q42,Raiffeisenbank Walding-Ottensheim eGen
529900KNPI1D0Y1DGK92,PSD Bank München eG
529900KO4FARHCMXNJ85,Kreissparkasse Bitburg-Prüm
529900KOAGQ8XJT62A47,Volksbank Wittgenstein eG
529900KP60PA0ZW0FO21,Raiffeisenbank Wyhl eG
529900KQ44OJDIDU6J81,Wepa Hygieneprodukte GmbH
529900KQQ3U43RX70E54,Sparkasse Osterode am Harz
529900KSDEHTJ04VX724,Raiffeisenbank Pilatus Genossenschaft
529900KSH4COU8JGL738,ProCredit Bank Congo S.A.R.L.
529900KTP4LDLQ7MIR59,Volksbank Heidelberg-Neckartal eG
529900KUZWNTDRVVC681,RAIFFEISENBANK AIST EGEN
529900KV004N8MV2PX77,Raiffeisenbank Würenlos Genossenschaft
529900KV2PIIIY2GBT84,ПроКредит Банка АД Скопје
529900KVZTRFYOIY3C40,Raiffeisenbank Oberes Innviertel eGen
529900KW4GG29WO59056,Raiffeisen - meine Bank eG
529900KX5X9VXOSTUU71,Delen Private Bank Luxembourg S.A.
529900KX8NSKVWTVAP51,AAREAL BANK AG
529900KXF893VAW7U427,Vereinigung Baden-Württembergische Wertpapierbörse e. V.
529900KXMB40SPYJD743,SEFE SECURING ENERGY FOR EUROPE GMBH
529900KYPXTATAT5ZN25,Raiffeisenbank Zirbenland eGen
529900KYSIJWNCOP9I13,IKA-Werke GmbH & Co. KG
529900L0C41F3FUM7O57,RAIFFEISENBANK HOHENEMS eGen
529900L0RPGVLK4HZ757,Volksbank Börßum-Hornburg eG
529900L1A4DPXZYK5R45,Aachener Grundvermögen Kapitalverwaltungsgesellschaft mit beschränkter Haftung
529900L1D5CYVFE95A28,Raiffeisenbank Mittel- und Hinterbregenzerwald eGen
529900L26863H1FN4S52,Kreissparkasse Ludwigsburg
529900L2BWCD9XBNJL68,Raiffeisenbank Taxenbach eGen
529900L30N0TJ50JWQ32,Raiffeisen Immobilien Kapitalanlage-Gesellschaft m.b.H.
529900L444MQCT0G8234,Schweizerische Bundesbahnen SBB
529900L4HFEPY9SF3Y07,"CAIXA DE CRÉDITO AGRÍCOLA MÚTUO DE TERRAS DE VIRIATO, CRL"
529900L4W16Y2U5XA746,UBS Asset Management (Deutschland) GmbH
529900L5GWPLRF3T6825,Sparkasse Korneuburg AG
529900L6M79Q98YVU182,Bank of China (Közép-Kelet-Európa) Zártkörűen Működő Részvénytársaság
529900L89TGSPV9OU151,Porsche Bank Aktiengesellschaft
529900L8FZJJC3JGYK56,Lienzer Sparkasse AG
529900L9VBP5IH35IX05,Banca Raiffeisen Basso Ceresio società cooperativa
529900L9ZF0WUNQRKY64,Great Lakes Insurance SE
529900LBRHXZFBYZBU92,Volksbank Riesa eG
529900LC2PT3BE698348,AGRIMPEX Terménykereskedelmi Kft.
529900LC50TXB405RY86,Sparkasse Herzogenburg-Neulengbach Bank Aktiengesellschaft
529900LCF2X0MHUYJA68,Raiffeisenbank Allschwil-Schönenbuch Genossenschaft
529900LDE3E6OBYFX311,Sparkasse Langen - Seligenstadt
529900LDN1B63YXZ2666,Banque Raiffeisen de Sierre & Région société coopérative
529900LEI9VUL63ICX29,OTP banka Srbija akcionarsko društvo Novi Sad
529900LEL524Q3XJSB10,Raiffeisenbank Gossau-Andwil-Niederwil Genossenschaft
529900LF81A0TME61753,Raiffeisenbank Wittelsbacher Land eG
529900LG0ZUI1LJU1P46,Kreissparkasse Heilbronn
529900LG6H0NY5EF9I06,Bankhaus RSA eG
529900LG70TCAGWCXT47,"Interbolsa - Sociedade Gestora de Sistemas de Liquidação e de Sistemas Centralizados de Valores Mobiliários, S.A."
529900LHOJZ6N3S96W11,"QUAESTOR Értékpapírkereskedelmi és Befektetési Zártkörűen Működő Részvénytársaság ""felszámolás alatt"""
529900LHQIBBEQA2YH66,Sumitomo Riko Europe GmbH
529900LHT0GUDPEV3546,VTG GmbH
529900LIDVSTT3WYWJ80,Banca Raiffeisen del Basso Mendrisiotto società cooperativa
529900LIN8L1K9MLTR09,ProCredit Holding AG
529900LIZJABE4JJS826,Banque Ouest Africaine de Développement
529900LIZVBUANJ20E31,BBBank eG
529900LJ5O50S0F8P012,Volksbank in Südwestfalen eG
529900LJI5C0YJDQA424,"Sparkasse am Niederrhein - Sparkasse des Kreises Wesel und der Städte Moers, Neukirchen- Vluyn und Rheinberg -"
529900LK3QQKR7NZ7J10,Raiffeisenbank Schänis-Amden Genossenschaft
529900LKC78RCPF4OP49,Raiffeisenbank Hohe Tauern eGen
529900LKIMB57HKF3545,BANK OF CHINA (EUROPE) S.A.
529900LL47GBJFK02917,Raiffeisenbank Frutigland Genossenschaft
529900LMEVDTB8H5V931,Raiffeisenbank Zürich Flughafen Genossenschaft
529900LMP4SAVGSEZG85,ENDIR 1 Abwicklungsgesellschaft mbH
529900LN3S50JPU47S06,EUREX Clearing Aktiengesellschaft
529900LOBXKDNHDSBL87,Sonova AG
529900LP62SEK9MXDB79,"COMPANHIA DE SEGUROS ALLIANZ PORTUGAL, S.A."
529900LPCBNM9R1JT191,VR-Bank Fläming-Elsterland eG
529900LQFK49TAVH1K25,Bank EKI Genossenschaft
529900LR96WLQ75KCE70,Ottobock SE & Co. KGaA
529900LRRSR5G5K03873,Sparkasse Schwelm-Sprockhövel - Zweckverbandssparkasse der Städte Schwelm und Sprockhövel
529900LS9I3Q7X20C864,Raiffeisenbank Gymnich eG
529900LSDO2YMUQHJN26,Bank Gantrisch Genossenschaft
529900LSO9YYPL05B152,PODRAVSKA BANKA dioničko društvo
529900LSR2K8QCDT5A95,RAIFFEISENKASSE OBERVINSCHGAU GENOSSENSCHAFT - CASSA RAIFFEISEN ALTA VENOSTA SOCIETA' COOPERATIVA
529900LSSAD1RBVWHJ37,CVW-Privatbank AG
529900LU7D396TOO3B50,Raiffeisenverband Salzburg eGen
529900LUBMIN39VO2E71,Sparkasse Ansbach
529900LV33F2OA4Y3572,VW KRAFTWERK Gesellschaft mit beschränkter Haftung
529900LVPYUEZSNSKM72,VR Bank Bayreuth-Hof eG
529900LWNE0LH1IWBR53,Raiffeisenbank Menzingen-Neuheim Genossenschaft
529900LWRTFMBYOUSM96,XENEX Verlags- und Handelsges.m.b.H.
529900LX5BCXIMF39933,"Raiffeisenkasse Schlitters, Bruck und Strass registrierte Genossenschaft mit beschränkter Haftung"
529900LXGM7KMLJE5H80,Erzgebirgssparkasse
529900LXW7OBGXHFNF31,Alpha RHEINTAL Bank AG
529900LXYUUH8THE2P87,SD INDEVAL INSTITUCIÓN PARA EL DEPOSITO DE VALORES SA DE CV
529900LY1N4UG9EC0610,Stadtsparkasse Cuxhaven
529900LYICCHVV23LU18,"Raiffeisenbank Grafenstein-Magdalens-berg und Umgebung, registrierte Ge-nossenschaft mit beschränkter Haftung"
529900LYL30YXPC9A987,"Raiffeisen-Bezirksbank Spittal/Drau, registrierte Genossenschaft mit beschränkter Haftung"
529900LZDW2COOVSK824,Alxing-Brucker Genossenschaftsbank eG
529900M2F7D5795H1A49,Raiffeisen Digital Bank AG
529900M5QENTLB83QE94,ROTHENBERGER AG
529900M6JY6PUZ9NTA71,European Commodity Clearing AG
529900M6K8MY9AX8XV65,Kreissparkasse Rhein-Hunsrück
529900M7DRA4N1J81L72,Sparkasse Mittelthüringen
529900M7J7I20TXW8M17,Mercedes-Benz Mobility Austria GmbH
529900M90DFPXG97IJ03,Majorel Group Luxembourg S.A.
529900M9MC28JLN35U89,中国平安保险（集团）股份有限公司
529900MATKY89NT0U738,MeDirect Bank
529900MBFU46N7U7MF46,VR Bank Südpfalz eG
529900MBX1YTKVWAEZ43,Kreissparkasse Grafschaft Bentheim zu Nordhorn
529900MC68RTGHKI4F05,Stifel Europe AG
529900MCH0FVQ089YR60,Sparkasse Unstrut-Hainich
529900MF2S6O7SB8OJ26,"ERSTE BANK AKCIONARSKO DRUŠTVO, NOVI SAD"
529900MFM7UPDJPDKP91,Sparkasse Altmark West
529900MGJ89DIKJFAG52,Sparkasse Osnabrück
529900MHEB2SUTNS2Z91,Raiffeisenbank Nidwalden Genossenschaft
529900MHFD8FIIBWTK60,TUNISIAN SAUDI BANK
529900MHMES2JJY4T459,KEB Hana Bank (D) Aktiengesellschaft
529900MHMTR8ADX7DQ44,Sparkasse Schwyz AG
529900MHN9MPSBV5ST85,Priorbank JSC
529900MIY1H385T5NT69,Banca Raiffeisen Locarno società cooperativa
529900MKHLQSC4Y4BU94,LBBW Asset Management Investmentgesellschaft mbH
529900MKJ079BHHCC765,شركة بي ان بي باريبا للاستشارات المالية للاستثمار مساهمة سعودية مقفلة
529900MKYC1FZ83V3121,flatexDEGIRO Bank SE
529900MKZQHCO5WPDK50,Volksbank Ermstal-Alb eG
529900MLKOEV3XDRCP63,CORRETAJE E INFORMACION MONETARIA Y DE DIVISAS SOCIEDAD DE VALORES SOCIEDAD ANONIMA
529900MN5J2PSCI8K160,בנק מרכנתיל דיסקונט בעמ
529900MNB4WYVQMHEP34,Raiffeisenbank Tirol Mitte West eGen
529900MNNP2L0BZKDM04,Raiffeisenbank Kirchweihtal eG
529900MOBTIT6POH8J38,Raiffeisenbank Maitis eG
529900MOXBJMGOMICQ55,Volksbank Rheinböllen eG.
529900MOXX01XJZWOQ09,Raiffeisenbank Salzkammergut eGen
529900MP1GFULNQLG974,Volksbank Visbek eG
529900MPMMYCFBVTJ234,Schrobenhausener Bank eG
529900MPT6BHOJRPB746,KELER Központi Értéktár Zártkörűen Működő Részvénytársaság
529900MPVCAOW4A6PE25,Kreissparkasse Birkenfeld (Birkenfelder Landesbank)
529900MQ8PEMY841JJ04,Kreissparkasse Gotha
529900MQJ666K7NYLW12,Sparkasse Leverkusen
529900MQJIQGD8N3YV53,Hannoversche Volksbank eG
529900MQPNMH3EIR0F17,Banca Raiffeisen Mendrisio e Valle di Muggio società cooperativa
529900MQPROZR0XRKK24,Тенен Пеймънтс
529900MRB4F62DNHSA61,VR Bank in Holstein eG
529900MRXI5QEMS86V46,"OJSC ""Eldik Bank"""
529900MSQWX4JX5R4A86,Sparkasse Markgräflerland
529900MTD4K18WPZFU73,Deutsche Bank (Uruguay) Sociedad Anónima Institución Financiera Externa
529900MTFGFUHYUHE506,MARLINK HOLDING SAS
529900MTQXTM5IIGOI81,Generali Bank AG
529900MUF4C20K50JS49,Münchener Rückversicherungs-Gesellschaft Aktiengesellschaft in München
529900MUOVW4H06TQA34,Nordea Livförsäkring Sverige AB
529900MVFK7NVALR7Y83,VAT Group AG
529900MVUWACNUTK8467,Österreichische Post Aktiengesellschaft
529900MYH74B4MJ0A480,Vereinigte Sparkassen Gunzenhausen
529900MZ2088TM8YYP06,سيدروس انفسف بنك ش.م.ل
529900MZ5HDTHVQ8GI07,Deutsche Leasing Finance GmbH
529900MZB980KSFIR189,Raiffeisenbank Rattiszell-Konzell eG
529900MZNQDC3A3WSZ72,Liechtensteinische Landesbank (Österreich) AG
529900N03V6IOH52MV83,Raiffeisenbank Menznau-Wolhusen Genossenschaft
529900N0H2HE3LSN9V49,Sparkasse Schwäbisch Hall-Crailsheim
529900N21YBLSSD9YT89,Raiffeisenbank Goldener Steig - Dreisessel eG
529900N2EEOJ4L0LGK53,SKANESTAS INVESTMENTS LIMITED
529900N2Q4GMKGUFDZ15,Westfleisch SCE mit beschränkter Haftung
529900N2UNS9UG33KK60,ACATIS Investment Kapitalverwaltungsgesellschaft mbH
529900N2ZB1B52JB2F83,CASSA CENTRALE RAIFFEISEN DELL'ALTO ADIGE SPA
529900N36KZ7EKMGY794,"Sparkasse Märkisches Sauerland, Hemer - Menden"
529900N42RG1Q1474762,ИНВЕСТБАНК
529900N4WK17XH7RQ922,TBI BANK EAD SOFIA - SUCURSALA BUCURESTI
529900N56649EXLQ1B71,Stadtsparkasse Blomberg/Lippe
529900N5S48H370SE378,TÜV Rheinland Aktiengesellschaft
529900N7FAURLE0KS778,Sparkasse Stade-Altes Land
529900N7YYVZLTVTZ734,JESMOND MIZZI FINANCIAL ADVISORS LIMITED
529900N90QS8ARRHWY83,OWH SE i.L.
529900N96EOVRB114D28,TDC Holding A/S
529900N9C4Q1U8GYMT96,Raiffeisenbank Flachgau Mitte eGen
529900N9DET1J9AK9J78,Raiffeisenbank Region Schwechat eGen
529900N9SNY9CDSY7Y75,Raiffeisen-Volksbank Tüßling-Unterneukirchen eG
529900NA0B4IRY21VH50,BrainTrade Gesellschaft für Börsensysteme mbH
529900NAJLZZ83F10744,Raiffeisenbank Engiadina Val Müstair Genossenschaft
529900NAPLQYW9153R51,Sparkasse Heidelberg
529900NDGXZ3LYLNJ560,Sparkasse Schwarzwald-Baar
529900NDNEIKJXEP9917,Luxemburgische Zweigniederlassungen von DekaBank Deutsche Girozentrale
529900NE80XUPMMHO009,Raiffeisenbank Walenstadt Genossenschaft
529900NEY2D8BD532C51,Kreissparkasse Fallingbostel in Walsrode
529900NF26TL8TI2U277,Raiffeisenbank Straubing eG
529900NFJKJ2DP8JF676,Sparkasse Bad Hersfeld-Rotenburg
529900NFP8CVUMHPTO39,Raiffeisenbank Bidingen eG
529900NFZFYAHTEZA581,Raiffeisenbank Hirschau eG
529900NGC1AZW7YPSR12,VR Bank Ihre Heimatbank eG
529900NGFMC9OVWKS813,Raiffeisenbank Lägern-Baregg Genossenschaft
529900NGGVF94UK6PG95,THE CARLYLE GROUP INC.
529900NGXFVA0XEAJM19,Raiffeisenbank Langenlois eGen
529900NHAJN3W5HYMG07,Axpo Holding AG
529900NHBKBLLVU9QB02,SAF-HOLLAND GmbH
529900NHKL8DBSHOLY20,Raiffeisenkasse Heiligeneich eGen
529900NI5MXQ91GHXR07,ENDEAVOUR MINING PLC
529900NJ4Q1DCL4PDE25,Sparkasse Altötting-Mühldorf
529900NJ5WS5MV6QWA29,Bank of Communications (Luxembourg) S.A.
529900NK4WP5QSWI8X50,Villeroy & Boch Aktiengesellschaft
529900NK7TIIGQEJ6L07,Volksbank in der Hohen Mark eG
529900NKJS9RRJ1DL451,Axeria Re Limited
529900NLN015HIZP3924,Raiffeisenbank Sondelfingen eG
529900NLNI85YIRQX052,ПроКредит Банк (България)
529900NNUPAGGOMPXZ31,VOLKSWAGEN AKTIENGESELLSCHAFT
529900NO0N0HVGMU8Q88,Daliso Finanz AG
529900NOCM598IG2HZ91,"Raiffeisenbank Moosburg-Tigring, registrierte Genossenschaft mit beschränkter Haftung"
529900NODN3Z8J8BO346,"""Commercial bank KYRGYZSTAN"" OJSC"
529900NPGCYRD0A7GI52,Kreissparkasse Melle
529900NPL89WYDTGGZ78,Volksbank Zollernalb eG
529900NPXLPY9ZGPM933,Raiffeisenbank Matrei am Brenner und Umgebung eGen
529900NQZHRIVDUZTC59,"CENTROMARCA BANCA - CREDITO COOPERATIVO DI TREVISO E VENEZIA, SOCIETA' COOPERATIVA PER AZIONI"
529900NR1G2B6QARQS38,Raiffeisenbank Regenstauf eG
529900NSIJIWN5BQJT36,OCEANIENNE DE FINANCEMENT
529900NSKCFAYJTPRG11,Investitionsbank Sachsen-Anhalt
529900NTES2LEON1JZ55,The Swatch Group AG
529900NUOHU5B1BOYF39,Leipziger Volksbank eG
529900NVTURLDRDQC652,Raiffeisenbank Wüstenselbitz eG
529900NW66QSDX238D24,Sparkasse Uelzen/Lüchow-Dannenberg
529900NWGU0YRC0WCM09,Volksbank Marl-Recklinghausen eG.
529900NY098AVD3WGX25,KanAm Grund Institutional Kapitalverwaltungsgesellschaft mbH
529900NY4QE4LF18FA62,Kreissparkasse München Starnberg Ebersberg
529900NYCNGMZLSOMI28,Raiffeisenbank Mittelgösgen-Staffelegg Genossenschaft
529900NYNG4GO6X3PW21,Raiffeisenbank Horw Genossenschaft
529900NYVM6WC386W906,TOTALENERGIES CLIENTES SOCIEDAD ANONIMA
529900NYZV9N6UZ09F32,VerbundVolksbank OWL eG
529900NZ6MAST5IJF669,Sulzer AG
529900NZCIJDWLUHCS06,Deka Investment GmbH
529900O04OQ6YRVVPS42,Clientis Bank im Thal AG
529900O08QPM1M0BCC50,ORACLE MANAGEMENT LIMITED
529900O177OLJOX8DO62,CJSC Kyrgyz Investment and Credit Bank
529900O1FRMDHOQF8244,Raiffeisenbank Mischabel-Matterhorn Genossenschaft
529900O1U4B6CE4BZD76,Raiffeisenbank Neusiedlersee-Hügelland eGen
529900O280AF6DZYQG85,Raiffeisenbank Oberes Lavanttal -St. Paul eG
529900O2F55UTMA9P074,SGB-SMIT GmbH
529900O2GCD52W4VSR28,Zähringer Privatbank AG
529900O36LIHML9KNF05,GEFA BANK GmbH
529900O3AV44ZRALOK71,VR-Bank Donau-Mindel eG
529900O3DNOKTL5SSY74,BERGFÜRST AG
529900O3MJJBL4BZKX03,Kreissparkasse Märkisch-Oderland
529900O41FX1BDKQGP38,Raiffeisenbank Berghülen eG
529900O4UD74PVZ3UN92,VR-Bank Landsberg-Ammersee eG
529900O4UGETQ9Q3AA63,Magyar Export-Import Bank Zártkörűen Működő Részvénytársaság
529900O5PZTPMCKSGK77,Raiffeisenbank Wil und Umgebung Genossenschaft
529900O5RR7R39FRDM42,H & M Hennes & Mauritz AB
529900O69726X9LT9896,Sparkasse Uckermark
529900O6I1G6FIE9GQ51,Raiffeisenbank Untere Emme Genossenschaft
529900O6XBWP88UJ3M51,Banque Raiffeisen du Gros-de-Vaud société coopérative
529900O7YJPVJF9ZTH14,Volksbank Niedersachsen-Mitte eG
529900O8CY96WQ1J1K50,Sparkasse Starkenburg
529900O9AL7R1MJ20B61,Webasto SE
529900O9PU0658KRGN15,SKODA AUTO VOLKSWAGEN INDIA PRIVATE LIMITED
529900OB49JFT03YO325,Raiffeisenbank Schladming-Gröbming eGen
529900OB9FIINVANXN49,LEMKEN GmbH & Co. KG
529900OBCZMX3TFA0673,Investitionsbank Berlin
529900OBUVM58249Q315,Volksbank Alb eG
529900OC0J2AGDDP1J56,Sparkasse Niederbayern-Mitte
529900OCERC8S9IGQJ90,Raiffeisenbank Bezau-Mellau-Bizau eGen
529900OCFXUE12L42K23,Raiffeisenbank Region Amstetten eGen
529900OCRW53HI87OX61,Raiffeisenbank Holzkirchen-Otterfing eG
529900ODI3047E2LIV03,Nordea Bank Abp
529900OE1FOAM50XLP72,Liechtensteinische Landesbank Aktiengesellschaft
529900OECHYN1CKQ6475,Raiffeisenbank im Grabfeld eG
529900OGIMO0EQXFKI38,DAW SE
529900OHCHFN1UTKVG16,MFI Asset Management GmbH
529900OID1Z3U5WRAN31,BANKA SLOVENIJE
529900OJ09XEP3OXHY73,Gránit Alapkezelő Zártkörűen Működő Részvénytársaság
529900OJE6OEUNJ8ZN83,SAG Aris GmbH
529900OJUMG5RXV5MM55,Sparkasse Oberpfalz Nord
529900OKPZTTS50FXP26,Advanzia Bank S.A.
529900OLW8QPFMTBDC23,NEUE BANK AG
529900OMXZ0MCTTU7M05,Markant Finanz AG
529900ONEKTCQ8GTCM88,Sparkasse Wittenberg
529900ONK58CVJYL2G05,Raiffeisenbank Region Braunau eGen
529900OO71C11UV6IX64,Volksbank Raiffeisenbank Meißen Großenhain eG
529900OOW8ELHOXWZP82,UNIQA Insurance Group AG
529900OOXYMFGYXESU09,Volksbank im Rheinland eG
529900OOZBCK1VPASP27,PHEIM ASSET MANAGEMENT (ASIA) PTE LTD
529900OOZP78CYPYF471,Hauck Aufhäuser Lampe Privatbank AG
529900OP1AIJT0F8KH40,CTC LONDON LIMITED
529900OPEDQJAXAQT146,VR Bank zwischen den Meeren eG
529900OPLFNQ83732X45,Hagnauer Volksbank eG
529900OQ9BR23GQ6MD82,MMV Bank GmbH
529900OQDCYXCLQOAY53,Burda Gesellschaft mit beschränkter Haftung
529900OS3SVVTT56QN67,中国国际金融股份有限公司
529900OS67T49AW45S74,Wienerberger Finanz Service GmbH
529900OSV01JOCMF4Z23,Volksbank Oberberg eG
529900OSVFQK3XISEQ85,"ILIRIKA borzno posredniška hiša d.d., Ljubljana"
529900OT5RO5WBRI6M32,Sparda-Bank Augsburg eingetragene Genossenschaft
529900OTV4FX3MU97R40,Raiffeisen-Volksbank Ries eG
529900OUGQFXKVHNU926,Stabilus GmbH
529900OUH9M39G9DBH50,SAXA GRES SOCIETA' PER AZIONI
529900OVERR058YXOB66,Kreissparkasse Nordhausen
529900OVGP59TX4WXV96,Raiffeisenbank Flawil-Degersheim-Mogelsberg-Oberuzwil Genossenschaft
529900OVH1ODIG17G394,Sparkasse Sense
529900OVJEPTFQUFBJ30,Stadtsparkasse Mönchengladbach
529900OVO1Z1BQ0JKP38,Raiffeisenbank Ettiswil Genossenschaft
529900OW4G8NIRUOFT64,Atos bank a.d. Banja Luka
529900OWAHL9U8K9E874,Raiffeisenbank Murau eGen
529900OXU7NB8M9P0B93,Raiffeisenbank Region Thal Genossenschaft
529900OZQ1TVCW9OFX05,PAYSAFE PREPAID SERVICES LIMITED
529900P0204W9HA8JP36,360 Treasury Systems AG
529900P103HNI68TV259,Raiffeisenbank Baiertal eG
529900P108QSOO21EE97,Hoerner-Bank Aktiengesellschaft
529900P12D34NQS2GK51,Banca Raiffeisen del Malcantone società cooperativa
529900P12WJ5WU3W9566,Kreissparkasse Vulkaneifel
529900P1AMZOAE4L5Y83,Raiffeisenbank Amriswil Bischofszell Genossenschaft
529900P1U3D3OR1TG879,Volksbank Salzburg eG
529900P3CZ7LEADT4B05,Raiffeisenbank Sillian - Lienzer Talboden eGen
529900P4N3TTZSVJWB13,GRB Glarner Regionalbank Genossenschaft
529900P4VO14SV3AUU56,Sparkasse Schwaz AG
529900P5SXLD86FO1N96,levoBank eG
529900P6A6ZJDTSJKM34,HBPO GmbH
529900P6BQJU5T6MV357,ZKW Group GmbH
529900P6ELWHYX9UA822,Raiffeisenbank St.Gilgen-Fuschl-Strobl eGen
529900P6SD81BMQ6A808,Lienhardt & Partner Privatbank Zürich AG
529900P6U2PA9R0YTT15,Stadtsparkasse Remscheid
529900P70FRX40Z44V62,Kreissparkasse Saarlouis
529900P7CWBZI0062C32,Stadtsparkasse München
529900P7KYLEYR1XDA88,Sparkasse Jerichower Land
529900P8BY9HZTZ82T70,Volksbank Kraichgau eG
529900P8LLBPRZSRUW52,Banque Raiffeisen Broye Vully Lacs société coopérative
529900P8OKWO25XE4251,Donau-Iller Bank eG
529900P90XJRYLOJNP77,AKBANK AG
529900P92XZB1E10PN07,Navigera Aktie
529900P9NROCW7IBLI93,Volksbank Löbau-Zittau eG
529900P9O3VLPTIJZQ18,VR-Bank Fichtelgebirge-Frankenwald eG
529900PAQ1Q90FL2SR40,Raiffeisenbank Wildschönau eGen
529900PBZ8SJWIJ40119,Autobank Aktiengesellschaft
529900PCXF20HXBMCW39,"BANCO DE FOMENTO INTERNACIONAL, S.A."
529900PE29K8ZEBY9P97,Volksbank eG
529900PE90YKMGGZMM05,Raiffeisenbank Region Traun-Alm eGen
529900PEKQWL9DDI8J02,VR Bank im südlichen Franken eG
529900PFZ21Q6MS9E857,card complete Service Bank AG
529900PG9O7YFYX5UM88,Semperit Aktiengesellschaft Holding
529900PGFIN4JDDKV748,Spar- und Leihkasse Frutigen AG
529900PGOMIIH9YN2R09,Stadtsparkasse Wunstorf
529900PH63HYJ86ASW55,Deutsche Lufthansa Aktiengesellschaft
529900PHMDAN66WEBH93,R+V Krankenversicherung Aktiengesellschaft
529900PHRTOT9TYQUX25,VR-Bank Isar-Vils eG
529900PHUKVQ175AU732,Banca Raiffeisen Bellinzonese e Visagno società cooperativa
529900PHZ32U8QK7R083,Raiffeisenbank Haag-Gars-Maitenbeth eG
529900PHZ5D6JB7VUQ39,Volksbank Kierspe eG
529900PHZORTU6FSXE73,Jungheinrich Aktiengesellschaft
529900PI0PFKC7SJX125,Raiffeisen Regionalbank Schwaz-Wattens eGen
529900PI87XKBZZXQZ41,3-Banken Wohnbaubank AG
529900PIGJHC2IVR7O08,IFIT Institute For Innovative Trading AG
529900PJSK5QIRN8Q388,Emsland-Stärke Gesellschaft mit beschränkter Haftung
529900PJXMMZ3I6O2U89,Raiffeisenbank Elsavatal eG
529900PKNCNQABVRZ015,PLAION GmbH
529900PL6XYQZVFROO14,Clientis Bank Oberuzwil AG
529900PLX4ADJFWIY024,HELLA GmbH & Co. KGaA
529900PM64WH8AF1E917,BASF SE
529900PMGP6HWEDQW939,Sparkasse Kufstein Tiroler Sparkasse von 1877
529900PMGZ04WH7GU821,VR Bank Ravensburg-Weingarten eG
529900PN604MO3H4BI83,Raiffeisenbank Lungau eGen
529900PN8G0BF33H3G31,Stadt- und Kreissparkasse Leipzig
529900PNPVP5HJMZ7735,Raiffeisenbank Kirtorf eG
529900PO4CDCHAP5UT66,Landessparkasse zu Oldenburg
529900POEO7KMKWM0A53,UmweltBank Aktiengesellschaft
529900PPK04PDFB35688,Banque Raiffeisen d'Yverdon-les-Bains société coopérative
529900PPVG3BDSDC4D89,Raiffeisenbank Ilz-Großsteinbach-Riegersburg eGen
529900PQVCDBE6NA9O55,ធនាគារ អេស៊ីលីដា ភីអិលស៊ី
529900PQWC9LJU1ESB86,Volksbank eG Oldenburg-Land Delmenhorst
529900PR2ELW8QI1B775,DLR KREDIT A/S
529900PR7QZDZI5EHY27,NOUMEA CREDIT
529900PREO4NJVJ96L48,BIOTRONIK SE & Co. KG
529900PRWY39ZU97UW60,Raiffeisenbank Serfaus-Fiss-Ried-Nauders eGen
529900PS1VCZ3U4XOF09,ALPENLÄNDISCHE GARANTIE - GESELLSCHAFT m.b.H.
529900PTLRE72EMYIJ77,LANXESS Aktiengesellschaft
529900PTQQGGAZ61PQ39,EKSPRES BANK A/S
529900PU8N1WYQ63WV30,"Banco Atlántida El Salvador, S.A."
529900PUH54CHFZDH147,Raiffeisenbank Wipptal - Stubaital Mitte eGen
529900PUK9IU39VCWK54,Volksbank in Ostwestfalen eG
529900PUKP3ST64FSG09,Sparkasse Forchheim
529900PV6NMLG7A07E74,Raiffeisenbank Baisweil- Eggenthal-Friesenried eG
529900PVNQ0FQUKJQ049,Zuger Kantonalbank
529900PY8HJ7S90H3468,Raiffeisenbank Anthering -Elixhausen eGen
529900PYOALDPA9SZA21,Raiffeisenbank Wr. Neustadt-Schneebergland eGen
529900PYSG9ZGK425Z20,Stadt-Sparkasse Haan (Rheinl.)
529900PZGUNUKBMH0471,Sparkasse Bayreuth
529900PZW400JXVKSM77,Harrington Sound Insurance Limited
529900PZZEGMY5Q19119,Banco ProCredit S.A.
529900Q0YED3805QXQ66,Kühne + Nagel International AG
529900Q12376FYIQE036,Raiffeisenkasse Ernstbrunn eGen
529900Q16HN85F0S8T95,Security Kapitalanlage Aktiengesellschaft
529900Q1M1F4M8KMTM64,KfW IPEX-Bank GmbH
529900Q2C3I7VCILLG45,FIMBank p.l.c.
529900Q2R5PBFJM74T48,Raiffeisenbank im Thayatal eGen
529900Q34WY4SPLWUU02,Sparkasse Rosenheim-Bad Aibling
529900Q5Z3L25N2MD382,INDUSTRIAL AND COMMERCIAL BANK OF CHINA (EUROPE) S.A.
529900Q6C9WDHLFZ2F65,Nomura Asset Management Europe KVG mbH
529900Q6ZQU5NI3IDY98,Raiffeisenbank Mainschleife - Steigerwald eG
529900Q83RF6SZIEBZ18,Volksbank eG
529900Q9NG75LYBEMR63,"Sparkasse an Ennepe und Ruhr - Zweckverbandssparkasse der Städte Gevelsberg, Ennepetal, Wetter (Ruhr) und Breckerfeld"
529900QA7T9JLRFVNN10,Eurex Repo GmbH
529900QA8LRJSQODSW05,Raiffeisenbank Belalp-Simplon Genossenschaft
529900QAB0KRK7AA2H39,Bankhaus C.L. Seeliger
529900QBI3R5MK9DI295,Stadtsparkasse Schwedt
529900QBIXIU49PHCV19,Raiffeisenbank Mittleres Toggenburg Genossenschaft
529900QBRRD2OSTO1J36,Raiffeisenbank Traisen-Gölsental eGen
529900QBVWXMWANH7H45,Siemens Healthineers AG
529900QC8RSY99BN3H06,DolomitenBank Osttirol-Westkärnten eG
529900QCGTEJS0X6AA21,Volksbank Brenztal eG
529900QCJ9ZPQ09F9H78,Sparkasse der Stadt Wilhelmshaven
529900QD6F8OCKDH3Y95,Volksbank im Münsterland eG
529900QDA09XCDSATK82,Volksbank Kaiserslautern eG
529900QDBEIBLJCSQE34,LIGA Bank eG
529900QEGCJHHO6UKH69,Sparkasse Baden-Baden Gaggenau
529900QESV4QFQE7FQ87,Volksbank im Hochsauerland eG
529900QF6QY66QULSI15,CCP Austria Abwicklungsstelle für Börsengeschäfte GmbH
529900QGRCPQ350ZRW03,Kreissparkasse Weilburg
529900QGUU1U8P6VE060,Raiffeisenbank Oberland-Reutte eGen
529900QIQHMC6HSFBW06,Stadtsparkasse Düsseldorf
529900QJM5ZMC4NOIG04,Stadtsparkasse Barsinghausen
529900QKLWKZ49J6PF68,Raiffeisenbank Mondseeland eGen
529900QKSD246D03T532,VOLKSWAGEN GROUP DIGITAL SOLUTIONS PRIVATE LIMITED
529900QLHNFRBM9B2459,Banca Sammarinese di Investimento S.p.A.
529900QM18G4LM0T5Q56,CURMI & PARTNERS LTD
529900QMFDESOJ4VFL03,Westend Bank AG
529900QMMZA5CLAITR84,Interhoerbiger Finanz AG
529900QN0AS8T501QG38,RAIFFEISENKASSE PARTSCHINS GENOSSENSCHAFT - CASSA RAIFFEISEN DI PARCINES SOCIETA' COOPERATIVA
529900QO7XD7UPZP3V60,Condor Lebensversicherungs-Aktiengesellschaft .
529900QOLXPM7KG1E873,RaiffeisenBank Going eGen
529900QPSJDW4Z12VO64,Raiffeisenbank Montfort eGen
529900QQ49ZWG1OW7W89,Raiffeisenbank eG
529900QRFKD32R2U5K09,Raiffeisenbank Passail eGen
529900QRHERKXOJ5WI83,Raiffeisenbank Jungfrau Genossenschaft
529900QRKPW5SUTHBY36,Reichmuth & Co.
529900QRUZGO2FG88U17,Raiffeisenbank Region Eferding eGen
529900QRZL7QXOBYA904,Süddeutsche Aktienbank AG
529900QS0BIOVETVUC55,Addiko Bank ad Beograd
529900QSMGGZKS41CI95,"Открытое акционерное общество ""Айыл Банк"""
529900QSMH3HXBJ9SL46,Sparkasse Harburg-Buxtehude
529900QSQ5VWHMCJ7D90,DZ PRIVATBANK (Schweiz) AG
529900QSWOTAE2U9SD25,VAROPreem AG
529900QT5EC38D0LX010,Volksbank Spree-Neiße eG
529900QTRZRFK2NOFJ59,HELU KABEL GmbH
529900QU5N4XMZ1M8Y58,Sparkasse Neuhofen Bank Aktiengesellschaft
529900QUQNS1LW47DJ51,Kreissparkasse Ahrweiler
529900QV63VB4E77OX11,Raiffeisenbank Wohlen Genossenschaft
529900QVA6BJDSCZMD03,Volksbank Nordharz eG
529900QVDW4I1A1NMG51,Sparkasse Mittelsachsen
529900QWWUI4XRVR7I03,Republik Österreich
529900QYMWEOIGC4QF63,Volksbank Rottweil eG
529900QZ3EMAU0QKFK85,"ZOOMLION HEAVY INDUSTRY SCIENCE AND TECHNOLOGY CO., LTD."
529900QZRFTS54A89I90,Raiffeisenbank Region Leuk Genossenschaft
529900R1A7TN1LM06875,Raiffeisenbank Auerbach-Freihung eG
529900R1I4GVDN3WN882,VR Bank Lahn-Dill eG
529900R27DL06UVNT076,Mercedes-Benz Group AG
529900R2AIO0GH60QP03,Caisse d'Epargne de Cossonay société coopérative
529900R2ND5XI26DZ328,OYAK ANKER Bank GmbH
529900R2QL3C2AINYG94,Raiffeisenbank Gratkorn eGen
529900R5ERJA9VIZHJ29,SPARKASSE HANAU
529900R5H5GXPKRNHH06,Raiffeisenbank Pfaffenhausen eG
529900R600X5X54X0G26,Evangelische Bank eG
529900R6VLFUQ3Q32F42,ERSTE BANK AD PODGORICA
529900R6WDVNFQNK8W55,OTP Alapkezelő Zártkörűen Működő Részvénytársaság
529900R7P4DTW38HE311,VOLKSBANK DEISSLINGEN eG
529900R8A17HZU8IB793,Raiffeisen Bezirksbank Neusiedl Ost eGen
529900R968OH190LY158,LIND CAPITAL A/S
529900R9HQNZRT2OXB26,Jyske Realkredit A/S
529900RA3M7K4CI4JZ35,Förde Sparkasse
529900RAZGQHX0VFTK05,VOLKSWAGEN INTERNATIONAL BELGIUM
529900RBVBIDM0RMJ748,Volksbank Rhein-Ruhr eG
529900RBW46HVH9PTH47,Sparkasse Uecker-Randow
529900RC295I59OKXS54,Sparkasse Geseke
529900RCE5M4S6CKKR96,Volksbank Enniger-Ostenfelde-Westkirchen eG
529900RCH95KAKHICN96,Banca Raiffeisen Colline del Ceresio società cooperativa
529900RCLERIIXF4QM23,bank99 AG
529900RD4I6JQDY6HA87,Raiffeisenbank Oberpinzgau eGen
529900RD9ZGZSZE8D171,Regiobank Männedorf AG
529900RDAUUDGMI4M325,Volksbank Wittenberg eG
529900RDFYXY4HBZ1K73,Raiffeisenbank Neumarkt-St. Veit - Reischach eG
529900RDS1271MSBQ152,Volksbank Raiffeisenbank Bad Kissingen eG
529900RDUCAHKHIE2M45,Raiffeisenbank Luzerner Landschaft Nordwest Genossenschaft
529900REDZ151VJNW143,Otto M. Schröder Bank Aktiengesellschaft
529900RFVP5GLLQOIN21,Raiffeisenbank Region Wiener Alpen eGen
529900RGIL5NTCWV7R66,Volksbank Gescher eG
529900RH4NV2ROQ0AJ85,"""CRNOGORSKA KOMERCIJALNA BANKA"" A.D. PODGORICA"
529900RH5DCK9S9XYX26,Bankhaus Max Flessa KG
529900RHBE9A57LIR568,Gabler-Saliter Bankgeschäft AG
529900RHC33ZVZ4K9Y70,Raiffeisenbank Rothenburg Genossenschaft
529900RIAYUJ8EZ23F61,Raiffeisenbank Falkenstein-Wörth eG
529900RIGMGG0X4EVH07,CMTA AG
529900RJD6PFV59I7262,Neumann Gruppe GmbH
529900RJL86244E1I652,Wacker Neuson SE
529900RJT960CY3TAK43,Kreissparkasse Groß-Gerau
529900RK0V6Z8BYXRO14,Raiffeisenbank Region Gallneukirchen eGen
529900RKMTF8ZAPTUM88,Sparkasse Oberhessen
529900RKUVXPC1UCRB02,梅赛德斯一奔驰（中国）投资有限公司
529900RLNSGA90UPEH54,"CBOE GLOBAL MARKETS, INC."
529900RLW2ND6M6F7864,ODDO BHF (Schweiz) AG
529900ROD7LCYFUHIV64,Raiffeisenbank Region Radkersburg eGen
529900RPGHC6DQEQL615,ИНТЕРНЕШЪНЪЛ АСЕТ БАНК
529900RPIF2MQ90Y2Q27,Raiffeisen - Volksbank Hermsdorfer Kreuz eG
529900RPIGAUTFKJXJ03,Banque Raiffeisen du Val-Terbi société coopérative
529900RQ94JHBXLQYS17,Raiffeisenbank Mittlere Südoststeiermark eGen
529900RQOBT3ZJMDRK43,Bank Frick AG
529900RRQCP6WGRT4T52,Raiffeisenbank See-Lac Genossenschaft
529900RSKB4L1LC0HT02,DKM Darlehnskasse Münster eG
529900RTSGHDD7OOSO86,Kreissparkasse Köln
529900RUDAIBZV20RT60,Rheingauer Volksbank eingetragene Genossenschaft
529900RUGCXMPEENHQ31,Mercedes-Benz International Finance B.V.
529900RUJPDP4ZW9WB21,RAIFFEISENKASSE WIPPTAL GENOSSENSCHAFT-CASSA RAIFFEISEN WIPPTAL SOCIETA' COOPERATIVA
529900RV1LDX26KPSN17,Quoniam Asset Management GmbH
529900RVK6LBT03TLA42,NOTARTREUHANDBANK AG
529900RW2U1C9FIB6J54,VR PLUS Altmark-Wendland eG
529900RWC8ZYB066JF16,BANK OF VALLETTA P.L.C.
529900RX4K761L5DB983,PSA Payment Services Austria GmbH
529900RXFRWBLUILY550,Raiffeisenbank Unteres Lavanttal eGen
529900RXR385BJHA5051,Whitebox GmbH
529900RXR5H4QFH2WR41,Willy Bogner GmbH
529900RYJA7G7WQNZW29,Volkswagen International Estonia AS
529900RYUY2DYU3FTM44,BS Bank Schaffhausen AG
529900RZ7GWVXXP83Q22,VR-Bank Werdenfels eG
529900RZCTL7FS07IX41,Raiffeisenbank Saalbach-Hinterglemm-Viehhofen eGen
529900S1E4L6A03YXJ15,Raiffeisenbank Lieser-Maltatal eG
529900S1KHKOEQL5CK20,Wüstenrot Bausparkasse Aktiengesellschaft
529900S24NBYGGVAFY08,VR-Bank Alb-Blau-Donau eG
529900S2OJ5QFB1T2N70,Raiffeisenbank Mariazellerland eGen
529900S333RWFYXPZ609,Sparkasse Laubach-Hungen
529900S37MHX9TTVP739,CREATION CONSUMER FINANCE LIMITED
529900S3OB921ZBBUG77,Kreissparkasse Heidenheim
529900S4FXB8GFPB3K73,Volksbank Vorpommern eG
529900S5CBS0GD0ZHG33,Raiffeisenbank Fränkische Schweiz eG
529900S5HVA4QRKPS102,Deutsche Bank S.A. - Banco Alemão
529900S5P5N8SBXTZG56,Volksbank Vechta eG
529900S5R9YHJHYKKG94,"ČEZ, a. s."
529900S63XEIXIXTJV36,Hellmann Worldwide Logistics SE & Co. KG
529900S6MFG60PNF4258,Raiffeisenbank Donau-Ameisberg eGen
529900S7OKURHO4GME90,VR-Bank Coburg eG
529900S7RDLH962SLR89,Raiffeisenbank Süd-Weststeiermark eGen
529900S8GVBA9SFCOD21,DB SERVIZI AMMINISTRATIVI S.R.L.
529900S8QNB101D40S72,Südzucker AG
529900S90ZQ3HED40876,Raiffeisenbank Aresing-Gerolsbach eG
529900SATWR4ODD5IU36,Raiffeisenbank Heiligenkreuz-Kirchbach -St. Georgen eGen
529900SB2SZS3VO8TA36,Raiffeisenbank Eberndorf registrierte Genossenschaft mit beschränkter Haftung
529900SB4QTWSTSUIB39,Boehringer Ingelheim GmbH
529900SB73J7QI8EZG57,Doppelmayr Holding SE
529900SBTI63M33ETL90,Raiffeisenbank Faistenau-Hintersee eGen
529900SCODDYH4YVYA60,BANCA VERONESE CREDITO COOPERATIVO DI CONCAMARISE - SOCIETA' COOPERATIVA
529900SD1974X696ZY57,Sparkasse Nordschwaben
529900SD3IGDPZNANU33,Sparkasse Dillenburg
529900SEFOTJH1MLGZ92,LÆGERNES BANK A/S
529900SEOICVR2VM6Y05,Deutsche Bundesbank
529900SEQXDO9VI8LW72,PT Lippo Securities Tbk
529900SFWVNNIY7CMA63,Bank SLM AG
529900SFZPZTA1RCTT84,Sparda-Bank West eG
529900SG2UQ5FWFMPL82,Sparkasse Bochum
529900SG4HOENWNJQT06,Volksbank Alzey-Worms eG
529900SGOMUXIEIOG241,Döhler Group SE
529900SGVHA0PXV6DF97,Maverix Securities AG
529900SH7SAVJN3TFQ06,Volksbank Niederrhein eG
529900SHKXCII9J8CF28,BMW Austria Bank GmbH
529900SHVBIKIHX2IW79,Baloise Asset Management AG
529900SICIK5OVMVY186,DEUTSCHE BANK SA ESPAÑOLA
529900SII8DFVTEMPX63,HANSAINVEST Hanseatische Investment-Gesellschaft mit beschränkter Haftung
529900SJ58V1OLTYNP09,Kreissparkasse Eichsfeld
529900SJCTAFXG6DYL72,Volksbank Bodensee-Oberschwaben eG
529900SJNJS2EMXLYF97,Commerz Real Investmentgesellschaft mbH
529900SJXW8MHENANT58,WILO SE
529900SK4HV2VVV38K80,Volksbank eG
529900SK5AYHJFZQKH20,Raiffeisenbank Emmental Genossenschaft
529900SL2WSPV293B552,TUI AG
529900SL3K21WAN6X611,TRAPEZA TIS ELLADOS
529900SL6VGZ82VFC372,"Bank of Chongqing Co., Ltd."
529900SLE8A1A8G2PE08,Schnellecke Group AG & Co. KG
529900SM4IGDJ98ZAH52,Volksbank Emmerich-Rees eG
529900SN472TILH3RM57,Raiffeisenbank im Nürnberger Land eG
529900SNBQ8EYP5AWC57,Axpo Sverige Aktiebolag
529900SNF9E1P5ZO4P98,FUCHS SE
529900SNR4JQCSACBN29,Rieter Holding AG
529900SOO7BBDGGO2063,NEXANS SERVICES
529900SQBP5GRV2TTK54,Herner Sparkasse
529900SRTAZ0INX89X71,Sparkasse Hattingen
529900SRZ6M5Q9BO3131,WSK Bank AG
529900SS7ZWCX82U3W60,DEUTSCHE BANK S.P.A.
529900SSJZMR2ODDMS21,Raiffeisenbank Neukirch-Romanshorn Genossenschaft
529900SSUM5N5WQA5E16,Volksbank Börde-Bernburg eG
529900SSWVMON8NEA304,Sparkasse Zollernalb
529900STKIFMK74LAR56,METZLER ASSET MANAGEMENT GMBH
529900STO6OLY9GR4D67,"Vereinigte Sparkasse im Märkischen Kreis, Zweckverbandssparkasse der Städte Altena, Balve, Neuenrade, Plettenberg und Werdohl sowie der Gemeinde Nachrodt-Wiblingwerde"
529900SU9499SQ6N8G87,Brühler Bank eG
529900SV6B61DRHMOP66,Sparkasse Hamm
529900SW9US5XB40Q114,Appenzeller Kantonalbank
529900SXEWPJ1MRRX537,RAIFFEISEN-HOLDING NIEDERÖSTERREICH-WIEN registrierte Genossenschaft mit beschränkter Haftung
529900SXUGFOM8LA5Y95,Volksbank Langendernbach eG
529900SYUCFQHI3JZQ05,MEDIRECT BANK (MALTA) PLC
529900SZOAGFMH59A131,Sparkasse Arnstadt-Ilmenau
529900T05ELAE9V1NE48,Core Pacific - Yamaichi International (H.K.) LIMITED
529900T0LI726NSWT812,RAIFFEISENKASSE BOZEN GENOSSENSCHAFT - CASSA RURALE DI BOLZANO SOCIETA' COOPERATIVA
529900T0SDZCXSN5QS72,Fossar fjárfestingarbanki hf.
529900T17H7IA9SJUK38,АЙКАРТ АД
529900T19CBEQCAZXJ82,Spar- und Darlehnskasse Bockum-Hövel e.G.
529900T1LKV7RHL9PV68,EQUILOR Befektetési Zártköruen Muködö Részvénytársaság
529900T1OG7LGT95R167,Vitesco Technologies GmbH
529900T1ZDSQA2OKWE72,Freistaat Thüringen
529900T2FE9GA6AWW345,Volksbank in Schaumburg und Nienburg eG
529900T32UL0CP1FZA06,ALLIANZ BANK FINANCIAL ADVISORS S.P.A.
529900T35VSXHR9Q1Q56,Volksbank Münsingen eG
529900T3GEQTBTM4VF20,Sparkasse Mürzzuschlag Aktiengesellschaft
529900T3Z29V78YK5Z10,VR Bank Kempten-Oberallgäu eG
529900T4FLOFH8Y1IG58,Sparkasse Sonneberg
529900T4ZD3BVDAVQ174,ISP Securities AG
529900T56CYNGHJX8T33,Schroder Real Estate Kapitalverwaltungsgesellschaft mbH
529900T5DJ0RBWKOEN69,Raiffeisenbank Wittenbach-Häggenschwil Genossenschaft
529900T5GD9JWWS53Y47,Raiffeisenbank Villmergen Genossenschaft
529900T5ON7PES0TL534,Grafschafter Volksbank eG
529900T6WNZXD2R3JW38,NOVOZYMES A/S
529900T7FB72G4NBT475,ESCORIAL DEVELOPMENT
529900T7MYZUMMW4O176,Berliner Volksbank eG
529900T860I1EGF4AB55,Schoellerbank Invest AG
529900T8IKDN4RDCEY98,Flossbach von Storch Invest S.A.
529900T8TBRUEQGZCE67,Stadt-Sparkasse Solingen
529900T91VSVHHZD7N54,AGRAM Brokeri dioničko društvo za poslovanje vrijednosnim papirima
529900T9LAII161DCN95,中外製薬株式会社
529900T9MJ6GH7X6QA19,Bank11 für Privatkunden und Handel GmbH
529900T9WPBNVHZ7X372,Volksbank Heinsberg eG
529900TBT1Z4FKTX5T93,Vereinigte Volksbank Raiffeisenbank eG
529900TC3EY5B3RLQ506,Raiffeisenbank Region Schwanenstadt eGen
529900TC9UQWRUUB0273,Stadtsparkasse Wedel
529900TCJ9K2BDH3TR75,Banka e Parë e Investimeve-Albania
529900TCQ7FK0S55N796,HITACHI RAIL STS S.P.A.
529900TEE93ULQTYVX28,Banka Për Biznes SH.A.
529900TEMZUZNC8TN639,Zeppelin GmbH
529900TFQBRPQR2M5C71,"""Демир Кыргыз Эл Аралык Банкы"" жабык акционердик коому"
529900TG5WKTAKF9BL36,Volksbank pur eG
529900TGDHK5JPOBGW93,Raiffeisen-Volksbank Donauwörth eG
529900TGF8GKLPJB7Y92,Clientis Bank Toggenburg AG
529900TGONABTUJ96595,Volksbank Limbach eG
529900TH4OAW7WYG1777,STATKRAFT AS
529900TH5WJ6KE8N8Z35,ForteBank Joint Stock Company
529900THTJ4DYU2E5C44,SPARDA-BANK HAMBURG eG
529900TJJFT2ZC40AO35,Banca Centrale della Repubblica di San Marino
529900TJVZO6PPBYKU80,Volksbank Niederösterreich AG
529900TK9GJT86NPMO39,Raiffeisenbank Cham-Steinhausen Genossenschaft
529900TKQRJNCFUQI507,Kärntner Sparkasse Aktiengesellschaft
529900TKRAC1FVTIP419,Sparkasse Wolfach
529900TKT32Z5LP7XF90,ALPHA BANK ROMANIA SA
529900TLCCO1EPPBQN86,Tullius Walden Asset Management AG
529900TLIYFNG3FNFO86,Sparkasse im Landkreis Schwandorf
529900TM5Z07RGPDPP86,Raiffeisenbank St. Johann-Wagrain- Kleinarl eGen
529900TMVLQDNAOQAJ40,Volksbank Wißmar eG
529900TN0TW2D7KQBH06,Raiffeisenbank Untersberg eGen
529900TN4E8LNV05YJ02,Sparkasse Merzig-Wadern
529900TN5F016CJ77P03,Volksbank Thüringen Mitte eG
529900TP68LKVLHKNE55,TOYOTA Kreditbank GmbH
529900TPGMMB7GRJQB55,start:bausparkasse AG
529900TPRILCY8WVKI23,Basellandschaftliche Kantonalbank
529900TQ8RXFBYQ88E40,Clientis Bank Aareland AG
529900TQOU9AU52RH966,Friedhelm Loh Stiftung & Co. KG
529900TRSKXWKPSSOP03,Raiffeisenbank Handenberg -St. Georgen a. F. eGen
529900TSUSCBHXV4VV41,Raiffeisenbank Adligenswil-Udligenswil-Meggen Genossenschaft
529900TTA3TVKU7MBC69,Volksbank Flein-Talheim eG
529900TTQ33NNFOSDF74,Onstmettinger Bank eG
529900TUDTW4776YCS19,WELTIX S.P.A.
529900TV1XI0PLKENU10,STEWART INFORMATION SERVICES CORPORATION
529900TW43QJ0F6TWD45,VR-Bank Ismaning Hallbergmoos Neufahrn eG
529900TWA1FCOZ9ZOM88,Global Evolution Asset Management A/S
529900TWF4TMWZ4JU335,CREATION FINANCIAL SERVICES LIMITED
529900TXERM62NN2XR18,Raiffeisenbank Wagram-Schmidatal eGen
529900TXPMGGJR19EY42,Kathrein Privatbank Aktiengesellschaft
529900TXWHPLJGQB9048,Kreissparkasse Verden
529900TY7MQYSO1AE423,Volksbank Breisgau Nord eG
529900TYDYSH5ELZME80,Sparkasse Meißen
529900TZVDFQV1D69R57,Wiener Neustädter Sparkasse
529900U0GE0WLFI8Q718,Audi Luxemburg S.A.
529900U1VF734FP08987,Hanseatic Bank GmbH & Co KG
529900U2YWMWH2WVJA75,Volksbank Magdeburg eG
529900U3LBQKEUD6P822,Raiffeisenbank Zug Genossenschaft
529900U4DBMHE3OXFF91,PATRIZIA Real Assets Kapitalverwaltungsgesellschaft mbH
529900U59PV6VXIQ9K43,Sparkasse Südpfalz
529900U5Q0OMQL09HK37,BekaertDeslee Holding
529900U5XAEYOT68AC40,EFG Bank (Luxembourg) S.A.
529900U7AT9B9UMLXG16,Deutsche Bank National Trust Company
529900U7B6VVWS7Q3G05,JFD Bank AG
529900U7HFGPGXW9JB86,Volksbank Erft eG
529900U8MDA5NQP4W892,Sparkasse Wittgenstein
529900U9FZPJJDSUXJ89,BX Swiss AG
529900UC2OD7II24Z667,"Joh. Berenberg, Gossler & Co. KG"
529900UCDILVT7WI6S55,MEAG MUNICH ERGO Kapitalanlagegesellschaft mbH
529900UCQ5HTMTVAY212,Kieler Volksbank eG
529900UDT4BDTER57K89,Oldenburger Volksbank eG
529900UDY9479LIZM613,Volksbank Hochrhein eG
529900UELOQV2KQ0VP31,Stadt- und Kreis-Sparkasse Darmstadt
529900UES658BJBP8J39,Sparkasse Wiesental
529900UF10J0RXCW6458,HDI AG
529900UFR4VRQYMN1D26,Raiffeisenbezirksbank Oberwart eGen
529900UGESEV6GHUN018,"ALLIANZ SOCIETA' PER AZIONI IN FORMA ABBREVIATA ""ALLIANZ S.P.A."""
529900UGKXOYCF05KK20,Volkswagen do Brasil Indústria de Veículos Automotores Ltda.
529900UHDH7QLRMEJQ86,SIGMA Bank AG
529900UII9BRFWEF0W05,StoneX Financial GmbH
529900UIMQRKPFN6SV80,TRATON SE
529900UIRB65OY6U4B21,LOMBARD BANK MALTA P.L.C.
529900UKPGGXLL5DS585,Raiffeisenbank Seefeld-Leutasch-Reith-Scharnitz registrierte Genossen-schaft mit beschränkter Haftung
529900UKZBMDBDZIXD62,Addiko Bank AG
529900UL1TXJ2CX4G795,Raiffeisenbank Pitztal eGen
529900ULZO7S7JYJ9X64,ISABEL
529900UMMBRANM3CYR20,Sparkasse Staufen - Breisach
529900UMPKT4YQYXM205,Raiffeisenbank Appenzeller Hinterland Genossenschaft
529900UNTYKKVT3TQV16,Raiffeisenbank Küps-Mitwitz-Stockheim eG
529900UNUKYZ9HND3309,Raiffeisen-Landesbank Steiermark AG
529900UO78W3R97YU569,Volksbank Bremen-Nord eG
529900UOB3KGY06YJ666,Volksbank Raiffeisenbank AmmerGäu eG
529900UOYUJW1XI7W397,Sparkasse Marburg-Biedenkopf
529900UQ3LFCK7YJ3247,Wealth Management Fondsmælgerselskab A/S
529900USAR2TBSAT3180,Raiffeisenbank Züri-Unterland Genossenschaft
529900USII4H63HXLI60,Volksbank Kirnau-Krautheim eG
529900UTGB1QPBV0OJ50,Bank Thalwil Genossenschaft
529900UTW8AWB6JT6834,Huf Hülsbeck & Fürst GmbH & Co. KG
529900UTZ5VF4APIJR57,БЪЛГАРО-АМЕРИКАНСКА КРЕДИТНА БАНКА
529900UU2R8UBHFSX429,Raiffeisenbank Ersingen eG
529900UUEJRTK2FUKK65,"B.C. ""ProCredit Bank"" S.A."
529900UUOE5945O0IA86,Volksbank Heuchelheim eG
529900UV7P5CA8A2L926,Kreissparkasse Traunstein-Trostberg
529900UV7UT5TCAG0G06,Märkische Bank eG
529900UV9NELX3COCG58,Raiffeisenbank Sölden eGen
529900UVBCD39GT3X913,P & V Verzekeringen
529900UVSUE348K2EP04,Volksbank Schwanewede eG
529900UVX2XR8Y4ZUQ97,Raiffeisenbank Region Villach eG
529900UWNQB5DODHTT84,Kreissparkasse Freudenstadt
529900UX4WOGM54NAR92,COVERDEAL HOLDINGS LIMITED
529900UXJ594WXFBTF87,OeKB CSD GmbH
529900UY9ALV06KXQA86,Raiffeisenbank Wienerwald eGen
529900UY9ICRQLT2PN79,Siemens Bank GmbH
529900UYPEYBLPPXEO59,Sparkasse Nienburg
529900UYTAE51VW2TG15,Raiffeisenbank Kreis Kelheim eG
529900UYXZMALNMJ4Z15,Raiffeisen-Volksbank Neustadt eG
529900UZ4WGK38RQ1M84,Sparkasse Rhein-Nahe
529900UZ5LPUOSWYC555,Echterdinger Bank eG
529900UZILI1AJ8OX456,SIGNAL IDUNA Rückversicherungs AG
529900UZS8C7UX3B9767,Attrax Financial Services S.A.
529900V0BUTCJISH6A65,VR-Bank Schweinfurt - Stiftung
529900V0KW3BY148IT37,InCore Bank AG
529900V2939FDC9YKQ07,Bausparkasse Wüstenrot Aktiengesellschaft
529900V2A0LYV789YG97,Raiffeisenbank Floß eG
529900V3443LQ0KERN67,Raiffeisenbank Liestal-Oberbaselbiet Genossenschaft
529900V3U02PY23N1L13,Raiffeisenbank Region Baden eGen
529900V407C1OMTH8586,Gutmann Kapitalanlagegesellschaft m.b.H.
529900V49HHFDTKMRZ22,МК Брокерс
529900V5E7HEA1LD8V54,Raiffeisen-Volksbank Ebersberg eG
529900V6FEYCZ17G0D37,Carpenter Europe
529900V7GI37S96T5I03,LLB Invest Kapitalanlagegesellschaft m.b.H.
529900V7V6PQKM5WSQ15,Banco ProCredit S.A.
529900VA5CNBWXAONR25,Frankfurter Sparkasse
529900VABV69Q757MP34,Sparkasse Scheibbs AG
529900VBJ41FZN27MU75,Banca Raiffeisen della Campagnadorna società cooperativa
529900VC4WC3QO8WTL13,Addiko Bank d.d.
529900VD28IW1IHAKM38,Raiffeisenbank Ennstal eGen
529900VDNOTVGR3Y3182,Volksbank Anröchte e. G.
529900VE0RXLRT7LXD14,Carl Zeiss Financial Services GmbH
529900VEJFORCO6I4826,Fortescue Ltd
529900VF62C232AKCC26,Raiffeisenbank Bündner Rheintal Genossenschaft
529900VGIFBFOL9WVG88,Oaklet S.A.
529900VGR1E6NB60I735,VOLKSWAGEN INTERNATIONAL LUXEMBURG S.A.
529900VHCXYMDIQIM016,Sparkasse Grünberg
529900VHU3S8ZYAQYZ61,Münchner Bank eG
529900VHX4AVKNA9DN10,Bremer Aufbau-Bank GmbH
529900VHY6CK4ABYPE98,Sparkasse Tauberfranken
529900VI6GSRWXT95F86,Privatbank Von Graffenried AG
529900VIIFB82W1OOC62,RAIFFEISENKASSE HOCHPUSTERTAL GENOSSENSCHAFT - CASSA RAIFFEISEN ALTA PUSTERIA SOCIETA' COOPERATIVA
529900VJ7CMGXPGH3278,Sparkasse Mittelfranken-Süd
529900VJCGLCR4SHRC78,Bank Winter & Co. AG
529900VJJC1WXQU3Y063,ICBC Austria Bank GmbH
529900VKOX7NVXBMT814,Sparkasse Lörrach-Rheinfelden
529900VLJZ8W4WN4IL93,Winterbacher Bank eG
529900VLOFHMB6FLZ947,Stadtsparkasse Essen
529900VLSWF4DE0ON926,VR Bank eG
529900VMNWSPL2QX6926,"АКЦІОНЕРНЕ ТОВАРИСТВО ""РАЙФФАЙЗЕН БАНК АВАЛЬ"""
529900VMWVCF2Z2YMJ36,Volksbank eG
529900VMX7BC5SOAWX44,TBI Bank EAD – Branch Greece
529900VNNYCFS81B3436,บริษัท ทุนธนชาต จำกัด (มหาชน)
529900VO5UQH96VLTA87,Raiffeisenbank Wilder Kaiser -Brixental West eGen
529900VOAIYTPJ16RT88,Sjunde AP-fonden
529900VOP1UTMCYCBO32,EAST AFRICAN CRUDE OIL PIPELINE (EACOP) LTD
529900VQSRRDOJR9JA82,Raiffeisenbank Böttstein Genossenschaft
529900VQW35HRORQU072,Banque Raiffeisen Région Genève Rhône société coopérative
529900VRI1XR7J81VP66,Savills Fund Management GmbH
529900VRQO1TOEIDV210,MONDIAL SA
529900VRXKZ6XE5CSK73,Sparkasse Burgenlandkreis
529900VS0F7BA91P4I60,ALPHA BANK CYPRUS LTD
529900VSEKBY7TMPP349,Clariant AG
529900VT7A7LHPOCYV70,Raiffeisenbank Aichhalden-Hardt-Sulgen eG
529900VTUKQO25EO0415,Castle Harbour Insurance Limited
529900VU0QU9PDVTQ128,Kreissparkasse Heinsberg - Zweckverbandssparkasse des Kreises Heinsberg und der Stadt Erkelenz -
529900VUIZ6XDB24BS88,Kreissparkasse Kelheim
529900VUMWR5RIA1I644,Raiffeisenlandesbank Burgenland und Revisionsverband eGen
529900VUUMY42WVLWW27,Ezpada s.r.o.
529900VUW89004ZHON08,Raiffeisenbank Aadorf Genossenschaft
529900VVDOKMRRAHZ894,Bank GPB International S.A.
529900VW2PL7QJG9LC70,ebm-papst Finanzierungsgesellschaft mbH
529900VX9P8B0EIQLQ52,GRAWE zavarovalnica d.d.
529900VXNZKW8QFXW097,RAIFFEISENKASSE TAUFERER - AHRNTAL GENOSSENSCHAFT - CASSA RAIFFEISEN TURES - AURINA SOCIETA' COOPERATIVA
529900VY3W1BDS55VX90,AXA Versicherungen AG
529900VYIOMW258HE286,Sparkasse Zwickau
529900VYK0S605HOZH91,Volksbank Delbrück-Rietberg eG
529900VYY1MRNR59PN57,Wiener Privatbank SE
529900VZ18VEA57VLE08,Volksbank Lahr eG
529900VZ4XGS0B3IH593,Sparkasse zu Lübeck Aktiengesellschaft
529900VZL2BK8JRVX573,Ocorian Fund Management S.à r.l.
529900VZSHKAB0ZU6Z09,Kreissparkasse Tübingen
529900W18I98LQ7Q5541,IQAM Invest GmbH
529900W18LQJJN6SJ336,Société Générale Effekten GmbH
529900W1A4T0O6Z1NS59,Raiffeisenbank Weinviertel Nordost eGen
529900W1M53OKIAJ5A09,akf bank GmbH & Co KG
529900W2UHXB5XWA9C54,"Brose Fahrzeugteile GmbH & Co. Kommanditgesellschaft, Coburg"
529900W3MOO00A18X956,OTP Bank Nyrt.
529900W4ON33WN16NN90,Volksbank Dünnwald-Holweide eG
529900W4Z3RNACRRNH50,Raiffeisenbank Bodensee-Leiblachtal eGen
529900W51ZNEU53S1P78,UNICREDIT VITA ASSICURAZIONI S.P.A.
529900W53LQ1FYEFRB77,Banque Raiffeisen Franches-Montagnes société coopérative
529900W5ID3PF3JBG156,Volksbank Ochtrup-Laer eG
529900W5OZHQU1X13A22,Stadtsparkasse Rahden
529900W8P1FJ678QLL10,Entris Banking AG
529900W8QMYY84SG2E11,Razvojna banka Federacije Bosne i Hercegovine
529900WA7GAUPFZW3G52,Raiffeisenkasse Orth a.d. Donau eGen
529900WAA7HEARUX0S78,Raiffeisenbank Wallersee eGen
529900WC8X3A11AGMF63,Zweckverbandssparkasse Duderstadt
529900WCDXW6ORMC9W88,Banque Raiffeisen Lausanne-Haute-Broye-Jorat société coopérative
529900WCSH33UUPXPH12,PSD Bank Nord eG
529900WDHXINMDELJW09,OTP Ingatlan Befektetési Alapkezelő Zártkörűen Működő Részvénytársaság
529900WDQXD1PFX4Z714,Raiffeisenbank Seefeld-Hadres eGen
529900WEWTWSNCK1VE42,Raiffeisen Bausparkasse Gesellschaft m.b.H.
529900WF3IXMJXSVJ831,Vereinigte Volksbanken eG
529900WF4Z4DH3I27N63,Raiffeisenbank Region Peuerbach eGen
529900WG74YLU65ZKY29,Volksbank Franken eG
529900WIBL6Q6K24K226,Samsung C&T Deutschland GmbH
529900WJ04VKKBLPQH25,Sparkasse Mittelholstein Aktiengesellschaft
529900WJO0I2E7ERWD80,Raiffeisenbank Eschlkam-Lam-Lohberg-Neukirchen b. Hl. Blut eG
529900WKMGV4YQB28F12,Raiffeisenbank Altenmarkt-Flachau-Eben eGen
529900WKT7CENGR4UW29,Einhell Germany AG
529900WL0D6E1DUQVY29,Raiffeisenbank Hiltenfingen eG
529900WMBOJTFWCJ6Z71,norisbank GmbH
529900WMY8Q2ZBWJVD33,BAG Bankaktiengesellschaft
529900WNKTQZFYP0SH73,Investitions- und Strukturbank Rheinland-Pfalz (ISB)
529900WNVUQU1CUQW668,HDI Gerling-Sach Industrials Master
529900WPLUE3BJCXT551,Banque Raiffeisen Sarine-Ouest société coopérative
529900WQ56SLB1IPWX73,"Fürstlich Castell'sche Bank, Credit-Casse Aktiengesellschaft"
529900WQ8ZG5WEHQYM58,Raiffeisenbank Heiden Genossenschaft
529900WQC6ZXA1TEJU17,Volksbank Halle/Westf. eG
529900WQX78T4M4IDH24,Raiffeisenbank Laufental-Thierstein Genossenschaft
529900WR23V1DVUYDZ68,Raiffeisenbank Westkreis Fürstenfeldbruck eG
529900WRNCMQ0TS3UN31,UMICORE FINANCIAL SERVICES
529900WRQ60WJBKXJX23,Sparcassa 1816 Genossenschaft
529900WRZWJ739DBZ203,Salzlandsparkasse
529900WS2E20BA5J4L49,EDISON S.P.A.
529900WS7UKT8RTEJT89,Raiffeisenbank Dulliken-Starrkirch Genossenschaft
529900WSDL80S6P1IS39,Volksbank Allgäu-Oberschwaben eG
529900WSDPD1MUT0KG30,Flender GmbH
529900WSPO88HBNY6S36,Sparkasse Imst AG
529900WSSQ6JIRC66D02,Banco do Brasil Aktiengesellschaft
529900WTMHHSYRG84I14,Raiffeisenbank Schwabmünchen-Stauden eG
529900WU7EJQ5EEU6Y53,NS Partners Europe S.A.
529900WUHQAGBOFUP508,VALEUR CAPITAL LIMITED
529900WUQLS77L218Z90,Vereinigte Volksbank eG
529900WVTLE8OTNZY156,Hüttenberger Bank eG
529900WW4PF3JKQX5U24,Raiffeisenbank Region Haslital-Brienz Genossenschaft
529900WW5XQT9K6QF767,Volksbank eG
529900WWA9MN29QT8B70,RAIFFEISENBANK MILLSTÄTTERSEE EG
529900WWH924AZECW181,Raiffeisenbank Sennwald Genossenschaft
529900WWV74VL9VJ7H31,ICM InvestmentBank AG
529900WXHO25X50KEP54,TRUMPF Financial Services GmbH
529900WXO4WJD5QY7Q80,Volksbank Selm-Bork eG
529900WXQHJ0H1LO4939,MERCEDES-BENZ SINGAPORE PTE. LTD.
529900WY34PNU1VXME49,Banque Raiffeisen Entremont société coopérative
529900WYQEQ2YR7YKB62,Panthera Investment GmbH
529900WZ5UJMQE5EXE26,Kreissparkasse Reutlingen
529900WZQBZ6KA701930,TERA YATIRIM MENKUL DEĞERLER ANONİM ŞİRKETİ
529900X06DJVMOTYTV67,Raiffeisenbank Werdenberg Genossenschaft
529900X0E841KVE4VX13,Raiffeisenbank Wels eGen
529900X0H1IO3RS1A464,PRYSMIAN S.P.A.
529900X110E4BDKR0G09,Raiffeisenbank Stallhofen eGen
529900X1F1MUXHHDIV43,Österreichische Ärzte- und Apothekerbank AG
529900X1RCYC7HPDGT34,Sparkasse Chemnitz
529900X200JCQZE8VX28,Mittelbrandenburgische Sparkasse in Potsdam
529900X2JGG41VB42995,EURÓPA Befektetési Alapkezelő Zártkörűen Működő Részvénytársaság
529900X2YGUNBIYF6F78,Afripack
529900X41C0BSLK67H70,DSV A/S
529900X4EEX1U9LN3U39,LEONARDO - SOCIETA' PER AZIONI
529900X4PRL0DZNPT990,RCUBE ASSET MANAGEMENT
529900X5FHSYN4P5R285,Allianz Versicherungs-Aktiengesellschaft
529900X624BIZY01DY26,"Kreis- und Stadtsparkasse Unna-Kamen, Zweckverbandssparkasse des Kreises Unna, der Kreisstadt Unna, der Stadt Kamen, der Stadt Fröndenberg und der Gemeinde Holzwickede"
529900X6XIDYH83WGV81,Allied Bank Limited
529900X95ZNQMQ1OTG98,Sparkasse Neuwied
529900X9PN6ECFFF9N54,DRÄXLMAIER Group SE & Co. KG
529900XA7RHLU8ECBK28,Sparkasse der Stadt Amstetten AG
529900XAIKZ4TBL0U242,Trading Core Investment LLC
529900XB6RQ3XCELQO62,BENDURA BANK AG
529900XBPDFUJS0CPK08,Raiffeisenbank Bütthard-Gaukönigshofen eG
529900XBR72PUSCRF755,Sparkasse Jena-Saale-Holzland
529900XBSCFQFJBYMR43,Sparkasse Gera-Greiz
529900XCEXDVMKHYLO06,Volksbank Mainspitze eG
529900XDISRMBH5UBL39,Sparkasse Eferding-Peuerbach-Waizenkirchen
529900XDLJV1P7HBAH18,Sparkasse Holstein
529900XE19YI0Q3KV807,FINCAMPER SL
529900XEQIE8VMIDYW28,Kreissparkasse Gelnhausen
529900XFQMTTCJ16ZQ56,Nidwaldner Kantonalbank
529900XG9P1JQ1NMJ395,Raiffeisenbank Kitzbühel -St. Johann eGen
529900XGDXLEX5L16R90,VÖB-ZVD Processing GmbH
529900XGIZA1FDCDQZ11,Raiffeisenbank Dietersheim und Umgebung eG
529900XGLFK91I5ARA15,Volksbank Hamm/Sieg eingetragene Genossenschaft
529900XH3V8MDL3X1E53,CEDRUS BANK SAL
529900XI27JP2V48OI16,RAIFFEISENBANK im Walgau eGen
529900XIC696LPI1WA67,"Открытое акционерное общество ""Оптима Банк"""
529900XIGDAMPGRLP324,CREDEX BANK S.A.
529900XII8B4ECFBUR04,Sparkasse Einbeck
529900XILOLX04BJAK32,Remaco Asset Management AG
529900XIPMQFJ8PTB895,TeamBank AG Nürnberg
529900XIT3EBXWROPR19,"Sparkasse Neuss - Zweckverbandssparkasse des Rhein-Kreises Neuss, der Stadt Neuss, der Stadt Korschenbroich und der Stadt Kaarst"
529900XJ050LKAPHXM52,Müritz-Sparkasse
529900XJNR9VFZXAOS85,Klöckner Pentaplast GmbH
529900XJTYGNKWLV7N79,Raiffeisenbank Steffisburg Genossenschaft
529900XK5AQ9WTUK6D09,Raiffeisen-Kredit-Garantie-gesellschaft m.b.H.
529900XKEM4A5GW93429,Flossbach von Storch SE
529900XKH0809QTNWQ25,Kreissparkasse Bautzen
529900XLAZ15LYK8XK27,ODDO BHF SE
529900XLPRU6W0LKGA14,Raiffeisenbank Oberteuringen-Meckenbeuren eG
529900XLWVQXZZ39PV75,Stadtsparkasse Gladbeck
529900XLXZ4E43CYT795,Bankhaus Ellwanger & Geiger AG
529900XMGWY3OLYSGD62,Volksbank Schlangen e.G.
529900XMQYET3NBF2363,BAUER Aktiengesellschaft
529900XN0CY83GJGZO54,Deka Vermögensmanagement GmbH
529900XOI1D8DFZG4P42,Genossenschaftsbank Unterallgäu eG
529900XOJQMU4B2GCT21,Hellwig Wertpapierhandelsbank GmbH
529900XPRCSXWOJB9J74,Sparkasse Hilden Ratingen Velbert
529900XQ4IGU0HRIRQ17,Porsche Gesellschaft mit beschränkter Haftung
529900XQMOF3BB8ZKT64,EDEKABANK Aktiengesellschaft
529900XQUKY370MSCE53,Sparkasse Hellweg-Lippe
529900XS69W3AGFH2T52,Volksbank Oyten eG
529900XS6MCV68IFRW92,Raiffeisenbank Weststeiermark eGen
529900XSL88RK7RNXS42,HARIBO Holding GmbH & Co. KG
529900XTU9H3KES1B287,RAIFFEISEN BANK SH.A
529900XTUA1TP4PL1M16,PEAC (Germany) GmbH
529900XUBIXXFHP44185,Ihre Volksbank eG Neckar Odenwald Main Tauber
529900XUR3TQNOWU1A10,Raiffeisenbank Region Neufelden eGen
529900XV3G9LB0F1P877,BENTLEY MOTORS LIMITED
529900XVKVCOXMMY7D52,Volksbank Stade-Cuxhaven eG
529900XW4Z6DFWK42X08,Sparkasse Pöllau AG
529900XW859RR8KRJQ73,Raiffeisen Regionalbank Güssing-Jennersdorf eGen
529900XWPESFARJQCP22,Sparkasse St. Blasien
529900XWV31JAWSOSC91,Volksbank Niedergrafschaft eG
529900XXZTGP63UM1323,Raiffeisenbank Bobingen eG
529900XYAXTB0XN4U371,Volksbank Ulm-Biberach eG
529900XZRBMAJ6ZKAR24,Ակբա բանկ
529900XZX5N4NAI6CC60,Шпаркасе Банка Македонија АД Скопје
529900Y0QCPE3V0OZG62,Raiffeisenbank Gmund am Tegernsee eG
529900Y13T748OVUXC90,Sparkasse Salem-Heiligenberg
529900Y1AW7UA055TW89,VR-Bank Mitte eG
529900Y2I953BJ8KOV45,Nord-Ostsee Sparkasse
529900Y2OWKATNQRW510,Putsch GmbH & Co. KG
529900Y3Z5A9HLAUEP44,Raiffeisenbank Mittleres Mostviertel eGen
529900Y43E48WFXS1P45,BAWAG P.S.K. Wohnbaubank Aktiengesellschaft
529900Y4FNWYB71LJI96,Payment Logic Pty Ltd
529900Y5DHA3EM7RD806,Raiffeisenbank Sense-Oberland Genossenschaft
529900Y5NUIF87YASP37,Raiffeisenbank Region Gleisdorf-Pischelsdorf eGen
529900Y5ZGJRS7GG0D68,Allianz Invest Kapitalanlagegesellschaft mbH
529900Y6S42D3V5X1W55,VR-Bank Vilshofen-Pocking eG
529900Y6T2Z7YM1O0K61,Volksbank Elsen-Wewer-Borchen eG
529900Y7544GYFG3TK85,Raiffeisenbank Bühlertal eG
529900Y9OIRTHDPXDD42,Sparkasse Aurich-Norden in Ostfriesland - Ostfriesische Sparkasse -
529900Y9V9S4JSXJZK89,MERKUR PRIVATBANK KGaA
529900YATY4FOPMBA696,Volksbank Nottuln eG
529900YBDMFS76AQ3P82,Volksbank Lüneburger Heide eG
529900YC0TR3UL05I974,Sparkasse Waldeck-Frankenberg
529900YC1XOHNRP8TB35,Raiffeisenbank Gampel-Raron Genossenschaft
529900YCA6KBCJUW5A94,Raiffeisenbank Schrozberg-Rot am See eG
529900YCK95P068RUY72,Lingohr Asset Management GmbH
529900YCZ4T4BKB8PI34,Raiffeisenbank Bruck-Carnuntum eGen
529900YD3IFRWUJF3H47,NPB Neue Privat Bank AG
529900YD94E41RK1OQ40,Raiffeisenbank Einsiedeln-Ybrig Genossenschaft
529900YDIT4SCCP1SY38,DWS Grundbesitz GmbH
529900YEF6WYOHE9PX96,Raiffeisenkasse Blindenmarkt eGen
529900YEORSYRARK4O31,IKR-BRÓKER Tőzsdeügynöki Zártkörűen Működő Részvénytársaság
529900YEZT2PSKDO2832,Raiffeisenbank Perg eGen
529900YFDTTO5R71VW86,Sparkasse Horn-Ravelsbach-Kirchberg Aktiengesellschaft
529900YFF1OOLDFE8X31,Stadt- und Kreissparkasse Erlangen Höchstadt Herzogenaurach
529900YHNJHJ6HCOV883,Sparkasse Koblenz
529900YHOXR8KYLSEX32,Raiffeisenbank Hallertau eG
529900YHY8PTX0T5N627,Raiffeisenbank Kreuzenstein eGen
529900YI7GR9R4L1UI63,SECB Swiss Euro Clearing Bank GmbH
529900YI8T6QA0JQK313,Weser-Elbe Sparkasse
529900YJK5DRCFU0KC32,Volksbank Berg eG
529900YKAHRQ62W8LM97,Sparkasse Witten
529900YKUKGMCT6COC26,Raiffeisenbank Steirisches Salzkammergut-Öblarn eGen
529900YKWSR6JLGDW672,Raiffeisenbank Region St. Pölten eGen
529900YKZWR2YF6CCR74,Raiffeisenbank eG Scharrel
529900YLDW34GJAO4J06,HUMANA INC.
529900YLTOCU94X92W77,บริษัท ดูคาติ มอเตอร์ (ประเทศไทย) จำกัด
529900YMF3V6FXSQ1830,Compass Asset Management SA
529900YMMZ97HOH40U86,Raiffeisenbank Erlenbach eG
529900YO3K11I2M6IA23,Volksbank Vogtland-Saale-Orla eG
529900YOBXEE8ZYM4V56,MLP Banking AG
529900YOZLXHAJRXOV38,Wartburg-Sparkasse
529900YP8BRYZ4QL5W06,Volksbank Köln Bonn eG
529900YPOP2D2UZUH696,Sparkasse im Landkreis Cham
529900YQLHW3085F3J71,Raiffeisenbank Gross Gerungs eGen
529900YQVTG54RAR6439,DZB BANK GmbH
529900YRFFGH5AXU4S86,Zalando SE
529900YRK4IO35RLYM24,Raiffeisenbank Arlberg Silvretta eGen
529900YSOHVR3Z1CP554,Raiffeisenbank Surselva Genossenschaft
529900YT5VCRYQ5WI821,Volksbank Raiffeisenbank Würzburg eG
529900YTBQ5AY4TZKS87,Raiffeisenbank Region Kirchdorf eGen
529900YTOO5S84BEAW26,Linde GmbH
529900YU8L8AH5QFI983,Wüstenrot Bank AG
529900YUH3RXW5PH6S18,Volksbank Kempen-Grefrath eG
529900YUKZ4C8FPONG83,PSD Bank Nürnberg eG
529900YURAYD4IJX2J91,K+S Aktiengesellschaft
529900YVEMEXY58PCF69,EDD AG
529900YXRNPC5YDM1P93,Raiffeisenbank Hüttau-St. Martin eGen
529900YYRNHHIGKX0C10,FINEXIS S.A.
529900YZ7SCJRD675M60,Raiffeisenbank Bludenz-Montafon eGen
529900YZM0WWAZMBXW89,RAIFFEISENKASSE VINTL GENOSSENSCHAFT - CASSA RAIFFEISEN DI VANDOIES SOCIETA' COOPERATIVA
529900YZYUFJCOV15I36,Bank Avera Genossenschaft
529900Z0C5X4H61UBM90,Volksbank Ober-Mörlen eG
529900Z0EKZBNDBNWQ78,Atotech Beteiligungs und Management GmbH & Co. KG
529900Z0OFQW6T1CPI12,Volksbank Gronau-Ahaus eG
529900Z10JDBSAQJ4L06,Raiffeisenbank Nauders eGen
529900Z1V9UDM2YYKI87,Kreissparkasse Düsseldorf
529900Z2OHMF1O4SSZ52,Raiffeisenbank Gruibingen eG.
529900Z2Y8487OQRMV97,Genossenschaftsbank Weil im Schönbuch eG
529900Z355879WHNF139,EFG BANK VON ERNST AG
529900Z3J0N6S0F7CT25,Landwirtschaftliche Rentenbank
529900Z3LP6QDJ130952,Volksbank Mittleres Erzgebirge eG
529900Z3O84HYIJF5E21,Raiffeisenbank Kaiserstuhl eG
529900Z4R67VBTGVH491,Sparkasse Langenlois
529900Z51L8PCJ126K17,"Raiffeisenbank ""Nahe"" eG"
529900Z53OT4CHNVP677,Kreissparkasse Soltau
529900Z5EQP61MALQB55,Zweckverbandssparkasse Rhön-Rennsteig
529900Z5H1N62JMB3K96,Allianz Lebensversicherungs-Aktiengesellschaft
529900Z5KBA9KJP6EK09,R+V VERSICHERUNG AG
529900Z61CLEFCNWI039,Raiffeisenbank Tägerwilen Genossenschaft
529900Z6F7VIWUL8U594,VR Bank Weimar eG
529900Z7NMGN5XV0RV34,Valiant Bank AG
529900Z809LC9QNOR649,VOLKSBANK VORARLBERG e. Gen.
529900Z8JO8RAGTT8O04,RAIFFEISENKASSE LANA GENOSSENSCHAFT - CASSA RAIFFEISEN LANA SOCIETA' COOPERATIVA
529900Z8NURZEOHKWK86,Volksbank Emstal eG
529900Z8UBNQXJICNG59,Kreissparkasse Hildburghausen
529900Z9G1PRYZSX4O63,Die Zweite Wiener Vereins-Sparcasse
529900Z9LN7U0GBF2S53,VR Bank Ried-Überwald eG
529900ZB4NCETE37DG53,Raiffeisenbank Böllingertal eG
529900ZBA9VS4WZIF175,FMS Wertmanagement Service GmbH
529900ZBDIG1HKCZ8X35,Raiffeisenbank Almtal eGen
529900ZC0WL2F329G071,Sparkasse Schaumburg
529900ZCH5DN64IQKM88,BZ Bank Aktiengesellschaft
529900ZCSB2NXEMMW107,Volksbank Schermbeck e.G.
529900ZCYVG2XCGFW984,Ampega Asset Management GmbH
529900ZDHNWPHOLBE586,Sparkasse Oberland
529900ZE6IJR39Y18J76,Raiffeisenbank Chamer Land eG
529900ZELDCGY9PLFN54,Raiffeisenbank Gammesfeld eingetragene Genossenschaft
529900ZF1HXFXZ5JBG77,Raiffeisenbank Inneres Salzkammergut eGen
529900ZFCAYRV20FSC78,Kreissparkasse Stendal
529900ZG2U1UNEWSWG40,Bordesholmer Sparkasse Aktiengesellschaft
529900ZHPGXS033GRJ11,Stadt-Sparkasse Gelsenkirchen
529900ZI7XUPMMT8JF96,MagNet Magyar Közösségi Bank Zrt.
529900ZIEWLN0KJ9QV53,Banque Raiffeisen des Communes du Haut-Plateau société coopérative
529900ZIRPCT06LI2591,Raiffeisenbank Vitis eGen
529900ZIXVIOE0JLVP31,Raiffeisenbank Pfaffenwinkel eG
529900ZJ6N895Y958S17,Raiffeisenbank Pfaffenhofen a.d. Glonn eG
529900ZJRUSVF8RF1H87,Sparkasse Kulmbach-Kronach
529900ZJSEYT72X34K26,DWS Alternatives GmbH
529900ZK1S6WC7G7ZL10,Volksbank Freiburg eG
529900ZKHIYCD4HX7360,Sparkasse Mülheim an der Ruhr
529900ZKIMUP9PHZIY83,Sparkasse Poysdorf AG
529900ZLBMGIJKNXSD23,Raiffeisenkasse Villgratental eGen
529900ZLDHV67QISV317,Raiffeisenbank Burgenland Mitte eGen
529900ZMDTSQYEYCKL45,VR TeilhaberBank Metropolregion Nürnberg eG
529900ZNGNYY5CBWHF14,MBH Befektetési Alapkezelő Zártkörűen Működő Részvénytársaság
529900ZNZD8D716HUX57,Stadtsparkasse Augsburg
529900ZOABQITI07W206,Sparkasse Voitsberg-Köflach Bankaktiengesellschaft
529900ZPKTLPXOZIRG88,Raiffeisenbank Region Deutschkreutz- Horitschon eGen
529900ZPQ4KR0V7CTZ16,"ECOBANK CABO VERDE, SA"
529900ZPVL47IVYJD518,Volksbank Dammer Berge eG
529900ZRHSL769NX0G06,Raiffeisenbank Kuchl-St. Koloman eGen
529900ZS7E16R40BLF78,CREDIT MUTUEL DE LA VALLEE SA
529900ZSXJ2YEXA3QS56,BAKAI BANK OJSC
529900ZT47OBM9PM7X13,Renolit SE
529900ZTCGG5XNFGB694,STOREBRAND ASSET MANAGEMENT AS
529900ZTTVM08R1SB420,Volksbank Ostlippe eG
529900ZTWKPCI2ATZS23,Volksbank Raiffeisenbank Obermain eG
529900ZUL2DDJ2C57W97,Kreissparkasse Euskirchen
529900ZVK4VTIS0TOT43,DenizBank AG
529900ZW3QH424NY3959,Volksbank Raiffeisenbank Bayern Mitte eG
529900ZWRCFFBUYOUW42,TRANSPAYGO LIMITED
529900ZYI15J69I7KK95,BANCA DI CREDITO COOPERATIVO VALDOSTANA - COOPERATIVE DE CREDIT VALDOTAINE - SOCIETA' COOPERATIVA
549300000S0LQCY5B370,BSP FINANCIAL GROUP LIMITED
54930000180UOFFDPN22,AMP BANK LIMITED
549300007WRP2M554F61,Öhman Bank S.A.
54930000FBL4N1E6OH14,ICA BANKEN AB
54930000I2TZWJBWLB23,Sijoitusrahasto Nordea Kiina
54930000NF6AWMYILR35,"Meeder Asset Management, Inc."
54930000SYYUFXE0FN30,ARCA FONDI S.P.A. SOCIETA' DI GESTIONE DEL RISPARMIO
54930000T3HAVB96QW10,HEWLETT-PACKARD ITALIANA S.R.L.
549300018409NF0LTO45,BROAD STREET INVESTMENTS HOLDING (SINGAPORE) PTE. LTD.
54930001FC2JUT17JL75,"Memphis Light, Gas & Water Division"
54930001YTPQM4TVOD26,BCT VALORES PUESTO DE BOLSA SOCIEDAD ANONIMA
549300020CKELOGYF968,"First American Trust, FSB"
54930002A8LR1AAUCU78,Nasdaq Clearing Aktiebolag
54930002JQMSWQ5F1S16,The Brattleboro Savings and Loan Association
54930002KP75TLLLNO21,Acciona SA
54930002LN93NOB84W02,AIA PHILIPPINES LIFE AND GENERAL INSURANCE COMPANY INC.
54930002M4XN64FM7Z89,The Torrington Savings Bank
54930002RKY3Y4LURL90,OCS GROUP HOLDINGS LIMITED
549300033WLDI1LSN475,Banco Union De Ahorro Y Credito S.A.
549300035Z3DHK2T4A54,TRADITION LONDON CLEARING LIMITED
54930003DNU99LETNU10,Sijoitusrahasto Nordea Premium Varainhoito Varovainen
54930003G0MYEW371H22,Stichting Pensioenfonds van De Nederlandsche Bank N.V.
54930003MWB3VEJXZE84,ABB Capital AG
54930003T4SXCIWVXY35,"ROPER TECHNOLOGIES, INC."
54930003WCM4YZ84AU06,CCLV Contraparte Central S. A.
5493000418CITRF5BO80,APEX CLEARING CORPORATION
549300045BR8V1GNWF18,LIONTRUST MULTI-ASSET LIMITED
54930005DD2HH36LIR91,DELEN PRIVATE BANK
54930005H26ORH9FR980,Olympus Corporation of the Americas
54930005RYUYNBKYMN61,CAPITAL NOMURA SECURITIES PUBLIC COMPANY LIMITED
54930005XCDE0V0KOV19,HYPERWALLET SYSTEMS AUSTRALIA PTY LTD
54930005YI2KEYKV5523,SOCIETE GENERALE DE BANQUE AU LIBAN SAL
54930006FWDMPW82WJ91,Investiera Group AG
54930006H9FDHPJZH192,WITH REACH UK SERVICES LTD
549300073HM2ZFUVE190,"Gradual Corretora De Cambio, Titulos E Valores Mobiliarios S.A."
549300078H5WCPHYO041,JNTL CONSUMER HEALTH GENERAL SERVICES
54930007LW1U82NUVI07,.بنك بيت التمويل الكويتي (مصر) ش.م.م
54930007ZQMYCRFQGE36,บริษัท ธนาคารกรุงไทย จำกัด (มหาชน)
5493000868HCJJGJR568,DYMON ASIA CAPITAL (SINGAPORE) PTE. LTD.
549300087OYRZCY57P88,PENGANA INVESTMENT MANAGEMENT LIMITED
5493000891UKI9K8G791,NIKE FUNDAMENTALS C.V.
549300089R7PP6M16N81,ACTINVER CASA DE BOLSA S.A DE C.V. GRUPO FINANCIERO ACTINVER
54930008T8YNZEVBCW26,First Sentier Investors (UK) IM Limited
549300094RQ5A7DYLF51,D.A. DAVIDSON & CO.
549300096BCRSOKKGQ47,"TPG GLOBAL, LLC"
54930009CCENXT9WTF32,INTESA SANPAOLO BANK ALBANIA
5493000A54SVMPWFVW70,MUZINICH & CO. LIMITED
5493000BL5KNTG8LNU32,Global Invest Finansförmedling Sverige AB
5493000BO6Q6PX1XRQ35,EUR BONDS
5493000BW1W4ZMGW5I85,TRUST PAYMENTS (MALTA) LIMITED
5493000C1IXLKYR1OU98,VEQTOR PAY LTD.
5493000C6JWJSISPU377,SIX x-clear AG
5493000C8J3C3SZYS040,RTL Group S.A.
5493000CGIFPWM4OCX98,THE TRAVELERS INDEMNITY COMPANY
5493000CQ6HDGVNGXM84,PT UBS Sekuritas Indonesia
5493000CQRQOTHUODL75,CRANE COMPANY
5493000CYQXHP1KN9320,CalPrivate Bank
5493000D07F2GX855604,FINASTRA INTERNATIONAL LIMITED
5493000D2ZYVI4JNGK61,Nordea International Fund
5493000D3IOFMWNUFH38,CAPITAL ONE (EUROPE) PLC
5493000D3MVRK2FD5I25,NORDEA ASSET ALLOCATION FUND
5493000D8URCHUOY5R97,CASSA NAZIONALE DEL NOTARIATO
5493000DBHSLXQTBXT08,RAS PAYMENT SYSTEMS LTD.
5493000DW0102YUU7L52,HøjrenteLande KL
5493000EB732GO3MMK19,RP INVESTMENT ADVISORS LP
5493000F4ZO33MV32P92,"INTERCONTINENTAL EXCHANGE, INC."
5493000F71R1UG7U6O63,"HARVARD MANAGEMENT COMPANY, INC."
5493000FDXVOLQBM0Z02,FINVISE PAY LTD.
5493000FZE06UW1R7986,CAMBRIDGE ASSOCIATES LIMITED
5493000G0BV36KLF7M63,BANCA PATRIMONI SELLA & C. S.P.A. IN SIGLA BPS S.P.A.
5493000G0SRLCLEFJ081,TRUSTUK PAYMENTS LTD
5493000G6B54FO0VAI98,ICICI Bank Canada
5493000GKIHI513PHV41,PAREXEL INTERNATIONAL HOLDING B.V.
5493000GQWJTTR0TEH83,Chelsea Groton Bank
5493000H12Q00GSEQD14,AJIAD SECURITIES
5493000H1NGZ8UGELW07,"EVENTIDE ASSET MANAGEMENT, LLC"
5493000H2GQXFOBM1T56,DAXIL FINANCE LTD.
5493000HHTSNKGSUQO52,ST. JAMES'S PLACE UNIT TRUST GROUP LIMITED
5493000HIT9G4VHYFR25,If Skadeförsäkring AB (publ)
5493000HTJDGNS98A081,PEEL HUNT EUROPE FONDSMÆGLERSELSKAB A/S
5493000HWTDXOFGRIX13,UBS (China) Limited
5493000HZ5LD7S594M08,"Hewlett-Packard, Sverige, Aktiebolag"
5493000I5QHQ1ZVYXY18,FIRST DATA EUROPE LIMITED
5493000IBP32UQZ0KL24,BRITISH BROADCASTING CORPORATION
5493000ILSJWYSU0GJ48,ME PAY LTD.
5493000IPQ5EZ5Y4WC35,LA CASSA RURALE - CREDITO COOPERATIVO ADAMELLO GIUDICARIE VALSABBIA PAGANELLA - SOCIETA' COOPERATIVA
5493000IQQ05Y25L0V92,NATIONAL AUSTRALIA BANK EUROPE S.A
5493000IRFIVUIJMD206,FIRST CITIZENS BANK (BARBADOS) LIMITED
5493000IRH8ZF2IJYY72,"HUA NAN COMMERCIAL BANK, LTD."
5493000ITT4HB63XLV65,"BANCO BILBAO VIZCAYA ARGENTARIA, SA LONDON BRANCH"
5493000IU0CBJKTUDO68,RAFFLES NOMINEES (PTE.) LIMITED
5493000IWOVBXPR79X09,PAYSSION INTERNATIONAL LIMITED
5493000J1IOGQZDF2J72,GOLDMAN SACHS ASSET MANAGEMENT (SINGAPORE) PTE. LTD.
5493000J5NVBJW5IPT48,Schonfeld Strategic Advisors (Hong Kong) Limited
5493000J7LL72TOGT983,ABERCROMBIE & FITCH CO.
5493000J8ZIBKE8TVJ72,KI FINANCIAL LIMITED
5493000JFKWXSJ8BVE93,Sijoitusrahasto Nordea Maailma
5493000JZXMYSD1G6W13,PAYPAL UK LTD
5493000K7I01NNSZ9X66,HYPERWALLET SYSTEMS INC.
5493000KDERX4DPFVT15,COOP BANK A/S
5493000KTUMELV9VHS25,Dell USA L.P.
5493000KYO0CHOUH1K62,FIS BROKERAGE & SECURITIES SERVICES LLC
5493000LKS7B3UTF7H35,BANK POLSKA KASA OPIEKI - SPÓŁKA AKCYJNA
5493000LM0MZ4JPMGM90,OPEN BANK SOCIEDAD ANONIMA
5493000M6P8ABNGIOB15,LANSDOWNE PAYMENTS LTD.
5493000M8THYN8D5I395,Länsförsäkringar Liv Försäkringsaktiebolag (publ)
5493000N7DDJ93G26E43,BANK OF AFRICA UNITED KINGDOM PLC
5493000N7L6GN0BDU980,SAMSUNG ELECTRONICS FRANCE
5493000NGI40442TX833,Sijoitusrahasto Nora Five (EUR)
5493000NZZZU3GFIYL71,Needham Bank
5493000OD660GXVRMN83,Eastern National Bank
5493000OFGM03NGCP128,Uni Forex Limited
5493000OKJPYJK21S863,LOGITECH EUROPE S.A.
5493000ON08MFYK4XP20,Tradition Singapore Pte. Ltd.
5493000OR53ITLETWY46,BANQUE MISR
5493000P4HD6132SQ711,UNION BANK OF INDIA
5493000P70CQRQG8SN85,NEXI SPA
5493000PAN0KGGJFC352,GSB UIG LLC
5493000PF3WCYN9ML549,BANCO DE MEXICO
5493000PQMGYILN5JL39,Länsförsäkringar Grupplivförsäkringsaktiebolag
5493000PZ159BW18FR76,AMERICAN EXPRESS EUROPE LLC
5493000QPEW0QLXCP097,VTC EUROPE B.V.
5493000QY2EN4QDHTJ68,PT Citigroup Sekuritas Indonesia
5493000QYMPFRTEY4K28,日本電気株式会社
5493000R1UTEFGR3ML42,Eni Energy Netherlands B.V.
5493000R4QN9LA8L4E66,CİTİ MENKUL DEĞERLER ANONİM ŞİRKETİ
5493000RGZ5OQRL3DA34,TRUST MERCHANT BANK
5493000RSX2413D2TO63,ЕВЪР ФАЙНЕНШЪЛ
5493000RZ2KSLKCYNN98,Banqup
5493000SA3K24EQKA103,MASHREQBANK PSC
5493000SBCDZEMT2EA39,NIKE 360 HOLDING BV
5493000SE9Y0SL47VT18,COMPAGNIE NATIONALE ROYAL AIR MAROC
5493000SPBWTT7RSHH29,JAPAN INDEX
5493000SSDWVPM6FTJ67,BANCO MADESANT - SOCIEDADE UNIPESSOAL S.A. (ZONA FRANCA DA MADEIRA)
5493000SYSCC8J8U5638,Kauphöll Íslands hf.
5493000TJZHQRMOTYW79,STONEX EUROPE LTD
5493000U6RN3F3IKLU03,NIKE AUSTRALIA PTY. LTD.
5493000UMGG5FY3JYJ61,"SHANGHAI PUDONG DEVELOPMENT BANK CO., LTD. SINGAPORE BRANCH"
5493000UPYR7EEHN2R94,"GORENJSKA BANKA D.D., KRANJ"
5493000UVR55B53B3J67,Picton Mahoney Asset Management
5493000UXSRXS3VBC140,COLUMBUS CAPITAL PTY. LIMITED
5493000V0CXKSOK29E51,American Bank
5493000V6EFTSRJ06G76,INSTINET AUSTRALIA PTY LIMITED
5493000V8LYLOAK62S57,"Jas Worldwide Management, Inc."
5493000W631Z9PDM6T64,MAGELLAN ASSET MANAGEMENT LIMITED
5493000WJHGHFJFR9U63,Astoria Bank
5493000WV47FDC28QG89,Pershing Securities Canada Limited
5493000WY2VYSE5KOS46,ITI CAPITAL LIMITED
5493000XA3Y41LWXY368,7 STEEL NORDIC GROUP AS
5493000XJFWT2H46HI07,Southern Bank and Trust Company
5493000XK7UDYO82KY69,MORGAN STANLEY EUROPE SE - PARIS BRANCH
5493000XZ1S1QNM4PD76,CLEAN ENERGY TRANSITION LLP
5493000Y2SW5VHHE7G86,PARALEL ADVISORS LLC
5493000Y4FS5LU4IPV32,IVC ACQUISITION LTD
5493000YLXFX2EQDZF80,Casa de Cambio Tiber S.A. de C.V.
5493000YPN33HF74SN02,BANK OF MONTREAL EUROPE PUBLIC LIMITED COMPANY
5493000YVQWZZKNJ5785,CAIRO AMMAN BANK
5493000Z65DBUM625D68,Agricultural Bank of China (Luxembourg) S.A.
5493000ZISK51SMQFR40,MERRILL LYNCH EQUITIES (AUSTRALIA) LIMITED
5493000ZTSPIDSJE0Q50,Sijoitusrahasto Nordea Nordic IG Sustainable Stars - Low Duration
549300105EBLKX4O5W15,Maple Securities U.S.A. Inc.
54930010LFC4VY8IG385,BLACK DIAMOND CAPITAL MANAGEMENT LIMITED
54930010LUHRFRQM7V95,Income Partners Asset Management (HK) Limited
54930010VU8Q51DNY331,"TIGER GLOBAL MANAGEMENT, LLC"
54930010ZG6EHTCJ1L21,"Old Plank Trail Community Bank, National Association"
549300115QQ6603TJW15,CIBC WORLD MARKETS (JAPAN) INC.
54930011HPXXLJN2D407,Byline Bank
54930011KNBNPPKW7528,"NORS GROUP, SA"
54930011T0W8MY36DZ75,Stearns Bank National Association
549300124072OOL0CC93,OFFICE DEPOT FINANCE B.V.
54930012HDO5E4RB7R38,"ONEY - INSTITUIÇÃO FINANCEIRA DE CRÉDITO, S.A."
54930012N1D1OJGGCR98,LHR AIRPORTS LIMITED
54930012RHF944G10851,FONDS DE PENSIONS NESTLE (FONDATION EDOUARD MULLER)
549300131DM2KKXKOX69,Bank of Shanghai (Hong Kong) Limited
54930013W3TZHBMVB633,ALLIANZ SEGUROS SA
54930014HX64WI00CF76,CQS Management Limited
54930014OI89O4JR0V94,PT MERRILL LYNCH SEKURITAS INDONESIA
549300158ECY7UZXVV81,NEOVISION GLOBAL CAPITAL LIMITED
54930015EZHLE41YBI85,Addiko Bank a.d. Banja Luka
54930015Q5KVUYRLFR34,BROOKFIELD BRP CANADA CORP.
54930015RAQRRZ5ZGJ91,VERTEX PHARMACEUTICALS INCORPORATED
54930016113PD33V1H31,Egan-Jones Ratings Company
54930016J7G7U00BQZ41,TANNER CORREDORES DE BOLSA S A
54930016MQBB2NO5NB47,STANDARD CHARTERED BANK COTE D'IVOIRE SA
54930017POV7W8QB7R44,RV CAPITAL MANAGEMENT PRIVATE LTD.
54930017QGBKEZSPKH30,VISTA BANK (ROMANIA) S.A.
549300180D5WNOPAQP68,BANCO AZTECA SA INSTITUCION DE BANCA MULTIPLE
549300186QXM3QH30R53,OTKRITIE CAPITAL LIMITED
5493001872CQDVZ5QV12,986 E 181ST ST LIHTC LLC
549300189GFW87WW6X02,CHIKARA INVESTMENTS LLP
54930018GXVZ0BEQ7K32,INTERNATIONAL FUND FOR AGRICULTURAL DEVELOPMENT
54930018SOOHBHRLWC16,SCOTIABANK CHILE
549300193P3A4TN7LU07,AVIVA INVESTORS HOLDINGS LIMITED
54930019YLFXVGDPDY98,GSAM India Holdings Limited
5493001AEI4H4PH47870,EGYPTIAN ARAB LAND BANK
5493001B191NKBHPGZ15,MIRABAUD CANADA INC.
5493001B6TPTVRVISB73,三井住友银行（中国）有限公司
5493001B9LDFCQUY9273,INTERACTIVE BROKERS IRELAND LIMITED
5493001BABFV7P27OW30,"NOVA LJUBLJANSKA BANKA d.d., Ljubljana"
5493001BLDF0NBC83W95,EUR SHORT TERM HIGH YIELD
5493001BRUIZD6EI9J23,CORONATION CAPITAL LIMITED
5493001BVGL3VI093S92,Sijoitusrahasto Nordea Global Equity Allocation
5493001CINIQYHSI1P85,Sijoitusrahasto Nordea Säästö 15
5493001CN6FN6RIWPB75,Industrial and Commercial Bank of China (Canada)
5493001CNV0XACHGM520,GSB LIHTC INVESTOR LLC
5493001CTO4P9AR4U589,ALLIANCEBERNSTEIN LIMITED
5493001CVW70R02NX475,HSBC BANK (SINGAPORE) LIMITED
5493001DFUDV778ZAQ48,GOLDMAN SACHS EUROPE LIMITED
5493001DL8CEOEIK0K74,INVESTORS MUTUAL LIMITED
5493001DLG1FWKNCS637,CHRISTIANIA SECURITIES AS
5493001DQYQ5GT8RL036,SCOTIA INVERLAT CASA DE BOLSA SA DE CV GRUPO FINANCIERO SCOTIABANK INVERLAT
5493001DWI5L4FOVLK98,Invesco Asset Management Singapore Ltd
5493001E54CPRG5J5Q41,SCOTIABANK PERU SAA
5493001E6CZ41ZOIZF96,富邦华一银行有限公司
5493001EZOOA66PTBR68,Atos Group
5493001FE4TMI55TM266,CA INDOSUEZ FUND SOLUTIONS S.A.
5493001FKX0BM8GN6P73,Woori America Bank
5493001FNSV2PI0GR971,Kapitalforeningen FP
5493001FUINV6OQDN482,HABROK CAPITAL MANAGEMENT LLP
5493001FZ7TZZKIBVB37,メットライフ生命保険株式会社
5493001G44K1DK0E2G86,ADDAX ENERGY SA
5493001GSK4HF84IOB02,PRUDENTIAL LIFETIME MORTGAGES LIMITED
5493001GUBWSFPGGSO22,ALUBAF International Bank Tunis
5493001HBXTU5EYFB358,Erikoissijoitusrahasto Nordea Navigo
5493001HF4AF6ZIMER93,"FIDUCIARY MANAGEMENT, INC."
5493001HFS5CJC8CDV10,SOCIETE GENERALE IMMOBEL
5493001HGBABMWFZUI25,株式会社日本政策投資銀行
5493001I7BXFLHN51S14,OVERBROOK MANAGEMENT CORPORATION
5493001IDJJSIDOP8024,BANCA DI CREDITO COOPERATIVO DI SPELLO E DEL VELINO SOCIETA' COOPERATIVA
5493001IOPFGWZCX1K38,TRILAND METALS LIMITED
5493001J35BUFVBYEB57,"BAIN & COMPANY, INC."
5493001J4H8NTZT3HR44,ROTHSCHILD & CO EUROPE PARTNERSHIP
5493001JH4LYPQTBQP79,البنك العربي
5493001JHH3V8S7NJP79,Aktsiaselts Talveaed
5493001JJ831YWV7OD12,"Monex Canada, Inc."
5493001JLHK7WY7QPD28,LAURENTIAN BANK SECURITIES INC.
5493001JT9MT3Z3Y3M39,"RBC Bank, (Georgia) National Association"
5493001JY2KC4SJGF862,M & G SECURITIES LIMITED
5493001JYAJ8MFW66838,VERIZON EUROPEAN HOLDINGS LIMITED
5493001JZ37UBBZF6L49,STATE BANK OF INDIA
5493001K4T43F1W5NI61,"SKY HARBOR CAPITAL MANAGEMENT, LLC"
5493001KQW6DM7KEDR62,中国建设银行股份有限公司
5493001L8F4AE6ODE579,BETASHARES CAPITAL LTD
5493001LIRZ9RO7Q4P56,AUDI MEXICO SA DE CV
5493001LS7J56NZZ3G07,J.P. MORGAN S.A. - DISTRIBUIDORA DE TITULOS E VALORES MOBILIARIOS
5493001M37Q8TJKTP708,Home Federal Bank of Tennessee
5493001MBKTEMG3L6F27,THREADNEEDLE PORTFOLIO SERVICES LIMITED
5493001MCCDGC96XO766,Sijoitusrahasto Nora Three (EUR)
5493001MCDH7I6NIXC24,"HARBOURVEST PARTNERS, LLC"
5493001N15YSA7T6GL30,Goldstream Capital Management Limited
5493001N50AD7VN22814,ACRO verðbréf hf.
5493001NJEVHTZW7FG34,SCHOOLSFIRST
5493001NRJY38HCUNL94,PICTET - EMERGING MARKETS HIGH DIVIDEND
5493001O1MVE6NE2UG78,MONTSERRAT ACQUISITIONS LTD
5493001O36CVKPVL2D48,De Nederlandsche Bank N.V.
5493001OBNSQX7L6WT42,UBS Securities Malaysia SDN. BHD.
5493001OIG4DJVY0N067,Alias S.R.L.
5493001ON3EKKGZQCU74,Portefølje Verdens Obligationsmarkeder
5493001P1J1K386Q4G58,South Louisiana Bank
5493001PRPGL0IF5SB56,Strivo AB
5493001PXRJMPLXPG540,IDAHO CENTRAL CREDIT UNION
5493001Q2AMGCA7C4Y79,CONVERSE NETHERLANDS B.V.
5493001Q61UH59LGPR09,CQS (UK) LLP
5493001Q9EXPCEL4W527,Mercury General Corporation
5493001RCMR6FSEMMJ87,COMMERCIAL INTERNATIONAL BROKERAGE COMPANY
5493001SQN768BT3FM09,GAM STERLING MANAGEMENT LIMITED
5493001T4HNHMIGHVT77,Avidbank
5493001TFWOL7W94IZ53,CHIANTIBANCA - CREDITO COOPERATIVO - S.C.
5493001TPBO79PWW0A70,Fisch Asset Management AG
5493001TRCGXJLRLHN14,BANCO INTERNACIONAL DEL PERU-INTERBANK
5493001TSEVIRTZ8BR07,BRISTOL-MYERS SQUIBB PHARMACEUTICALS LIMITED
5493001TUUB0GB6K8B25,Abel/Noser Corp.
5493001U1K6M7JOL5W45,Raiffeisen Bank Zártkörűen Működő Részvénytársaság
5493001UKNGG52025J43,RBC Global Asset Management (U.S.) Inc.
5493001UPYQ1VSHCU228,ALPHA SOCIEDAD DE VALORES S A PUESTO DE BOLSA
5493001UZ6277M9EU114,MICRO-FINANCING SOLUTIONS (MFS) LIMITED
5493001V58884LQBXZ84,ធនាគារ ម.ក
5493001VF705O1BV0047,بنك الاستثمار العربي الاردني
5493001VH4ZJNSI25781,Peoples Bank
5493001VQYR148ZGGG32,Korte Obligationer
5493001VSLUXY7LJS086,NGÂN HÀNG THƯƠNG MẠI CỔ PHẦN Á CHÂU
5493001W2CRB6R5SX961,"GOLDMAN SACHS SPECIALTY LENDING GROUP, L.P."
5493001WWBCBCCDMD532,BBM Bank Limited
5493001X4LH60PFRL744,INTER-AMERICAN INVESTMENT CORPORATION
5493001X8GMKQO84H549,"KAPITALSKA DRUŽBA POKOJNINSKEGA IN INVALIDSKEGA ZAVAROVANJA, d.d."
5493001XCEF2PSOAOK24,SBI Canada Bank
5493001XF6EC2NJXK304,BANCA INTESA AKCIONARSKO DRUSTVO BEOGRAD
5493001XHQQ5SXGMLK46,"CONVERA SWITZERLAND, LLC"
5493001XNKHV3FNIUD50,NGÂN HÀNG THƯƠNG MẠI CỔ PHẦN KỸ THƯƠNG VIỆT NAM
5493001XNTPYS3WWQO58,"Республиканское государственное учреждение ""Национальный Банк Республики Казахстан"""
5493001YL0M8HWNPEN55,SUN LIFE CAPITAL MANAGEMENT (U.S.) LLC
5493001YYG3UPV5AZD29,BANQUE POUR LE COMMERCE ET L'INDUSTRIE MER-ROUGE
549300207BR8W5FCX367,BANCA 360 CREDITO COOPERATIVO FVG - SOCIETA' COOPERATIVA
54930020E6CBTX7HHT21,SCOTIABANK URUGUAY S.A.
54930020FVXYT8E0QU87,FIL INVESTMENT MANAGEMENT (LUXEMBOURG) S.à r.l.
54930020ZL9GSWZCE491,Catalina Holdings (Bermuda) Ltd.
549300211OPKUEMQ9F64,Alberta Investment Management Corporation
549300228GG3C6SV3C98,American Community Bank & Trust
549300228WV14OKZYD84,野村國際(香港)有限公司
54930022PM1ID3C3QU89,Quilvest (Switzerland) Ltd.
54930022SMEBRC9P0L64,Banque Zitouna
54930022VF7BB6N1ZE68,NESTLE UK PENSION TRUST LTD.
54930022WPTHOSLI7H90,MD Financial Management Inc.
54930023C70YMJJDRL61,IVES BANK
54930023PNOK3KH4NX70,PAYLINE BY ICE LIMITED PARTNERSHIP
54930023ZACDBKCDPL89,ك اللبناني الفرنسي ش.م.ل.
549300242J3IJCOSGI49,CITITRUST COLOMBIA S A SOCIEDAD FIDUCIARIA
549300247QDZHDI30A83,STANDARD CHARTERED BANK ZAMBIA PLC
54930024GANZB8ISDK66,STANDARD CHARTERED SECURITIES (INDIA) LIMITED
54930024GPIYHWUPSW72,APPLIED FINANCE CAPITAL MANAGEMENT LLC
54930024JFREW5MY7917,PFIZER INTERNATIONAL BUSINESS EUROPE UNLIMITED COMPANY
54930024K9SI2CFUQ629,NIKE ELEVATE C.V.
54930024MS92J3NNTL30,"Modern Bank, National Association"
54930024XUJMX3SPRY85,OTRY CAPITAL INC.
54930025BDY2HW6EF014,瑞士信貸(香港)有限公司
54930025FW84N3HROX04,SILVERCREST ASSET MANAGEMENT GROUP LLC
54930025KXKGRC0TF214,Globale Stabile Aktier - Etisk Tilvalg
54930025L3BH5VB6D378,Allocated Bullion Exchange Limited
54930025SK6LRZC6QF89,Länsförsäkringar Fondförvaltning Aktiebolag
54930025V41YSY0QJS74,ASIA UNITED BANK CORP.
54930025YVVG3BVMRC26,LINDSELL TRAIN LIMITED
549300270JFOJECE0G62,"RENCAP SECURITIES, INC."
5493002789CX3L0CJP65,"THE VANGUARD GROUP, INC."
549300282HBRKF96QS61,AFLAC ASSET MANAGEMENT LLC
549300289UWVLHMQVV09,بنك السلام ش.م.ب
54930028D6D0G5RZJ888,SEAPORT GLOBAL SECURITIES LLC
54930028XRNBLVAHWL77,"HUNT CONSOLIDATED, INC."
549300298FD7AS4PPU70,CLEARSTREAM EUROPE AG
54930029BCN8HF3B1286,بنك المارات دبي الوطني (ش.م.ع)
5493002AJT27XQ94VI22,씨지에스 인터내셔널증권 홍콩 한국지점
5493002B0GOVF42KWX33,Hiab Oyj
5493002B3S2CIVMYKZ51,"New OMNI Bank, National Association"
5493002BABWBYV2A7Q82,Sun Life Assurance Company of Canada
5493002BVK0QI7KW7H93,IFM INVESTORS PTY LTD
5493002BY31JV9UBWY92,SLC Management Short Term Private Fixed Income Plus Fund
5493002C56S2RYRKJ580,"CASA DE BOLSA BANORTE, SOCIEDAD ANONIMA DE CAPITAL VARIABLE, GRUPO FINANCIERO BANORTE"
5493002CONDB4N2HKI23,Parker-Hannifin Corporation
5493002CVZ60P7CGHM46,LOMBARD ODIER (EUROPE) S.A. - SUCCURSALE DE BELGIQUE
5493002DPKDEC2JN1Y86,SJF Bank A/S
5493002DXB50DBDXF755,BOCI COMMODITIES & FUTURES LIMITED
5493002E08DEK5SKFZ03,GOLDMAN SACHS HOLDINGS ANZ PTY LIMITED
5493002E7TNTNXY7TG04,BREVAN HOWARD INVESTMENT PRODUCTS LIMITED
5493002EE2IQRQ3JUP44,LENDLEASE FINANCE LIMITED
5493002EKOE9KVGSIG38,CIBC Caribbean Bank and Trust Company (Cayman) Limited
5493002EN2QJKHL2X955,SAMSUNG ELECTRONICS AIR CONDITIONER EUROPE B.V.
5493002ENHZ6NYET7405,EXOR N.V.
5493002EQ39H5SB63L02,LANSDOWNE PARTNERS AUSTRIA GMBH
5493002ERZU2K9PZDL40,中国工商银行股份有限公司
5493002F0SC4JTBU5137,STRYKER CORPORATION
5493002F1U5CO1UMKD70,Central Bank of Malta
5493002F64FO6UPB2N52,GREEN LOTUS LIMITED
5493002FM02ROYU38I49,株式会社もみじ銀行
5493002FMNS26Y5BKC80,BROAD PEAK INVESTMENT ADVISERS PTE. LTD.
5493002GERPWEIRMCT61,K2 EMSO LIQUID EMERGING MARKET OPPORTUNITIES MASTER FUND LTD.
5493002GQNJKJONGBS18,Tristate Capital Bank
5493002GUK42AICGG334,BANCA DI CREDITO COOPERATIVO LODI - SOCIETA' COOPERATIVA
5493002GZU0LW5CRQP36,Partners Group AG
5493002H8STET494T224,MILLIMAN FINANCIAL RISK MANAGEMENT LLC
5493002H8U24DJXQ4886,"RB Global, Inc"
5493002HDJOTQT0KAE63,HONG LEONG BANK BERHAD
5493002HFC6D3TA7KQ61,"BANCA DI CREDITO COOPERATIVO DI CHERASCO SOCIETA' COOPERATIVA SIGLABILE ""BANCA DI CHERASCO"" O ""BCC CHERASCO"""
5493002HL0I676L09Z56,ADAMA Irvita N.V.
5493002HXPWNWONL4B16,BANK OF SINGAPORE LIMITED
5493002ICG7N85SG7116,GOLDMAN SACHS (JAPAN) LTD.
5493002IGC8HMV7IU214,"THE LONDON COMPANY OF VIRGINIA, LLC"
5493002IGEWNBCWX0S85,THE ACCESS BANK UK LIMITED
5493002IYZTK0477N437,DEUTSCHE PFANDBRIEFBANK AG
5493002JDOI3GTNVUD76,German American Bank
5493002JL5AUNOXAKW15,EMERGING MARKETS INDEX
5493002K2NSYVU046L11,"NEXPOINT ASSET MANAGEMENT, L.P."
5493002K5QUF4XMWKS74,THE STATE OIL FUND OF THE REPUBLIC OF AZERBAIJAN
5493002K643MZPQEK497,BANCO BRADESCO EUROPA S.A.
5493002KJ2LLK14DRK71,"ADVISORY RESEARCH, INC."
5493002KZ51CADQ94G15,IPG PHOTONICS CORPORATION
5493002LY4Z4U13BM368,DFCU BANK LIMITED
5493002M0I148C9XLF52,臺灣集中保管結算所股份有限公司
5493002MIGPVI71S2611,TULLETT PREBON FINANCIAL SERVICES LLC
5493002MJYCWE25DBM78,RENAISSANCE TECHNOLOGIES LLC
5493002MTLPVPUO3WM97,VAN GLABBEEK & CO
5493002MUOV04NSPT571,RBC Investor Services Trust
5493002N1IVX6KHGYO08,"JANE STREET GROUP, LLC"
5493002N5168AC238149,"OceanFirst Bank, National Association"
5493002N9FOIOEX5D084,"MILLENNIUM PARTNERS, L.P."
5493002NVX7JSAMGVE42,KGI SECURITIES (SINGAPORE) PTE. LTD.
5493002O45RIGIQRD104,BEMO HOLDING S.A
5493002OADU2ZO3ET964,NGÂN HÀNG THƯƠNG MẠI CỎ PHẦN TIÊN PHONG
5493002OBQ0J7OUIPM33,"MEDIOBANCA SOCIETA' DI GESTIONE DEL RISPARMIO S.P.A. IN FORMA ABBREVIATA ""MEDIOBANCA SGR S.P.A."""
5493002OG1USXVKGSZ04,UNIVERSITIES SUPERANNUATION SCHEME LIMITED
5493002OQQTCON2GMX20,BURGUNDY ASSET MANAGEMENT LTD.
5493002P1XNBHSSY3Q29,MFEX Mutual Funds Exchange AB
5493002PR22PLR6S8J02,The Fidelity Deposit and Discount Bank
5493002Q1EQY8D66II27,Sijoitusrahasto Nordea Discretionary Global Equity
5493002Q6TEMGS1BGC56,POLLITT & CO. INC.
5493002QEVJSI5TKS584,"NASDAQ FUTURES, INC."
5493002QJ5C8U2Q2KG83,QUANTICS-TECHNOLOGIES
5493002QRULT2T40BH09,COMMUNITYAMERICA FEDERAL CREDIT UNION
5493002QUSG1X3RRRZ09,Liberty Mutual Group Asset Management Inc.
5493002QW7GPHZS0WR97,Lazard Asset Management Pacific Co.
5493002QZOE70NQEGM68,ADEPA Asset Management S.A.
5493002R4X8WZY3J8573,CENTRALNA BANKA CRNE GORE
5493002RF1ERFA2XR050,Renasant Bank
5493002SLHKGT77FYU25,J.P. MORGAN MARKETS LIMITED
5493002SQ1AVQBY41K40,"VOLKSWAGEN GROUP OF AMERICA FINANCE, LLC"
5493002T8ZWI3PF4HT95,Europe Enhanced KL
5493002TDQ0RJOVCSN43,Pendal Institutional Limited
5493002TTO3072KC6L60,HEWLETT PACKARD ENTERPRISE BELGIUM
5493002TWSCUCMYHQT46,KOMMUNAL LANDSPENSJONSKASSE GJENSIDIG FORSIKRINGSSELSKAP
5493002TWXND8B613M77,CRH GROUP SERVICES LIMITED
5493002UKIL6VCUK4H24,"SBERBANK CIB USA, INC."
5493002W420BT9C14552,STANDARD CHARTERED BANK (VIETNAM) LIMITED
5493002W629SO69TA530,NOMURA SINGAPORE LIMITED
5493002WB720ELK1SI36,"THE IYO BANK,LTD.SINGAPORE BRANCH"
5493002WRE7NCMVYTS07,Sijoitusrahasto Nordea Fixed Income Credit Opportunities
5493002XQ4RI0KBY2J28,SOCIÉTÉ GÉNÉRALE ALGÉRIE
5493002XRNQ2MJOYB628,KULICKE & SOFFA PTE. LTD.
5493002XSS7K7RHN1V37,TURKIYE GARANTİ BANKASI ANONIM SIRKETI
5493002XURIPBJ8YS253,THIRD AVENUE MANAGEMENT LLC
5493002XYZZ0CGQ6CB58,Nomura Financial Products Europe GmbH
5493002Y7Y7SBTVAUW17,BCI CORREDOR DE BOLSA S A
549300300IVF7LGDV529,株式会社日本カストディ銀行
54930030FZF8HYAEHM46,HEXION INC.
54930030S6J5KOL5LJ73,FAIRWINDS CREDIT UNION
5493003170LOZ3HELV16,Caisse d'Epargne de Nyon société coopérative
54930031LS2Y35G7PQ18,ICM LLC
54930031LV6Z8OHO6762,Goldman Sachs Asset Management B.V.
54930031LVHUHPFBGS67,Banco Lafise Panamá S.A.
54930031QFC4ME17BK12,SLATINSKA BANKA d.d.
549300327V0JEQ12IM52,NIKE TRADING COMPANY B.V.
54930032SQVGM8QUYV23,DirectCash Bank
54930032UOE2VK8I9S07,"CENTENUS GLOBAL MANAGEMENT, LP"
54930032WVQDN7YNRI13,"LGT Bank AG, Zweigniederlassung Österreich"
54930033ECMO3S8KHU37,PAYMIQ FINANCIAL GROUP LTD
54930034BCN4UKQP6G13,BANCA PER IL TRENTINO ALTO ADIGE - BANK FUR TRENTINO-SUDTIROL - CREDITO COOPERATIVO ITALIANO SOCIETA' COOPERATIVA
54930034GFXYC385W422,"SYNECTIC, TECNOLOGIAS DE LA INFORMACION S.A."
54930034GVP7UFEELR68,Nordea Private Banking Ränteportfölj
54930034HWW2QC4U7Z48,Svea Bank AB
54930034L83M3E7JWI25,PATRIA BANK S.A.
54930034UPFJV0NHXV95,China CITIC Bank International Limited
54930034ZL8E7UN7TL59,"DRW EMM, LLC"
54930035EUIFLWVX5P62,TOSCAFUND ASSET MANAGEMENT LLP
54930035FLJ8O3XS1R04,"CORNERSTONE INVESTMENT PARTNERS, LLC"
54930035H97P8GP46R57,EMERGING CORPORATE BONDS
54930035LV8RHKWLK185,PROGRESSIVE BUILDING SOCIETY
54930035UWQJCLZL4T98,Italian Canadian Savings & Credit Union Limited
54930035WQZLGC45RZ35,The Monetary Authority of Singapore
54930035ZLP36ALFE803,Spotlight Stock Market AB
549300367A85XBGZE372,"ANDORRA GESTIÓ AGRÍCOL REIG, SAU, SGOIC"
54930036D1TNKD53W829,Visa Fund Management Limited
54930036FPZ4UAFGM952,IXM SA
54930036OH3O1SG6JC95,Lynx B.V.
54930036U7LMU1MVCW18,UGL Engineering Pty Ltd
54930036X3S7R5L4QS58,VR ADVISORY SERVICES LTD
549300377KFK0S3U9569,KEB Hana Bank Canada
54930037GWKAHR99K624,RBC Royal Bank N.V.
54930037K28BC4GVBU20,"Town Bank, National Association"
54930037NWG1CCVQHF93,BANCO DE PORTUGAL
54930037RJ782ISGGM71,Riyad Bank
549300381GGS7S5JQ115,FIRST TRUST ADVISORS L.P.
549300394G8QGTJCX884,SUMITOMO MITSUI BANKING CORPORATION MALAYSIA BERHAD
54930039JTXQWUT3QP90,"GLENVIEW CAPITAL MANAGEMENT, LLC"
5493003A2J5YOAHDO622,"SMART PORTFOLIOS, LLC"
5493003B0IKU22G55E77,BBVASEGUROS SOCIEDAD ANONIMA DE SEGUROS Y REASEGUROS
5493003B20KZ3DEZGB43,Royal Business Bank
5493003BDYD5VPGUQS04,UNICREDIT BANK S.A.
5493003BL75V8BM5NK40,JB DRAX SAS
5493003BU7PAH5RRM092,APERAM Treasury S.C.A.
5493003BYR10D1O1KA62,RAWBANK
5493003C3KJ2TY7MBZ44,ENGIE GLOBAL MARKETS
5493003CB4WXIDFSMW19,ANDO SECURITIES CO. LTD
5493003CO4FTPCMQC869,FIRMA FOREIGN EXCHANGE CORPORATION
5493003CX2RZ0FOBH256,BRUNELLO CUCINELLI S.P.A.
5493003D7KPWY66LE158,AKO CAPITAL LLP
5493003DG7PSRP0LWN75,CANYON CAPITAL ADVISORS LLC
5493003DNMEAO1DT3F51,ABB Asea Brown Boveri Ltd
5493003E2YH24FOI5Z93,MITSUBISHI CORPORATION INTERNATIONAL (EUROPE) PLC
5493003E32FDOOJPT835,ANEXT BANK PTE. LTD.
5493003E7YRAQY3JGW88,بنك دبي الاسلامي (شركة مساهمة عامة)
5493003EETVWYSIJ5A20,MAREX FINANCIAL
5493003EF0J4NNIPQ907,BNP PARIBAS MALAYSIA BERHAD
5493003F2R03I6R05M35,MANUFACTURERS LIFE INSURANCE CO. PHILS. INC.
5493003FKBYHN9NCWA12,PROVIDENCE PLACE LIHTC LLC
5493003FVWLMBFTISI11,CITIBANK MAGHREB
5493003G0LLQS48TR179,SFM UK MANAGEMENT LLP
5493003GCX71N8988W38,STANDARD CHARTERED SECURITIES (NORTH AMERICA) LLC
5493003GQDUH26DNNH17,NAVY FEDERAL CREDIT UNION
5493003GSP8B01W71W62,TAYOCASH INC.
5493003GYPR7VI37GG77,RESERVE BANK OF AUSTRALIA
5493003H4QV0TBBXX123,"Virtus Capital Advisers, LLC"
5493003HDTFLTSC5OX63,CREDICORP CAPITAL COLOMBIA S.A.
5493003HEK7SMADQJE10,UBS SECURITIES AUSTRALIA LTD
5493003HHC5DRTH5F268,K&L Gates LLP
5493003HJLKER4CD8821,PACIFIC CAPITAL PARTNERS LIMITED
5493003HSDTSCZRXBA58,DAIMLER TRUCK FINANCE NORTH AMERICA LLC
5493003HV4ICBEQYBO97,บริษัท หลักทรัพย์จัดการกองทุน กสิกรไทย จำกัด
5493003IFJJTOQXOVU82,KA Group AG
5493003IZZWOHHJY1L88,NASDAQ OSLO ASA
5493003JKFQWB8YKNI14,Sijoitusrahasto Nora Two Master
5493003JMP71GP17LD72,UMWA 1974 Pension Trust
5493003JZBSZ4N7GUH90,"BULLTICK, LLC"
5493003L32ZX9557ST85,WESFARMERS LIMITED
5493003LBDEDV2IVJW19,CASGRAIN & COMPANY LIMITED
5493003LH8FCBKYN7Y95,MKS PAMP SA
5493003LHZE6QR4CED05,INSTITUTIONAL SHAREHOLDER SERVICES INC.
5493003LQ6SLNW0UK105,ZOETIS TREASURY CENTER
5493003M56ZNEEL5EQ10,"MexDer, Mercado Mexicano de Derivados, S.A. de C.V."
5493003MGU02RFSRZT53,PT BANK PERMATA TBK
5493003MITCIX89B0R76,BROWN SHIPLEY & CO. LIMITED
5493003N52BWAHUJ4G33,TRUST BANK SINGAPORE LIMITED
5493003NMRIY0Z3WLF37,BANCO DAVIBANK S.A.
5493003NOCSC6LUWUF03,"FIRST COMMERCIAL BANK, LTD."
5493003NRAW20JNPN296,Arete Macro Fund
5493003NTMEZM4AYVW24,J. P. MORGAN INDIA PRIVATE LIMITED
5493003NV2XWP1P9SH09,BEYOND BANK AUSTRALIA LIMITED
5493003OPOLU4REML462,ELLIOTT ADVISORS (UK) LIMITED
5493003OZ08PS8IJMR09,ធនាគារ ចំកាត់.
5493003P0SCEHNDSMX52,"WCM INVESTMENT MANAGEMENT, LLC"
5493003P4ODJZNKERN43,"PALISADE CAPITAL MANAGEMENT, LP"
5493003P5352LYWKMN26,IK INVESTMENT PARTNERS LIMITED
5493003P813VL21KG928,(주)신한은행
5493003P9RHFT66VQS66,Alecta Tjänstepension Ömsesidigt
5493003PODH0BS5ZOF16,United Nations Children's Fund
5493003Q6Y1BFX0JUE45,Sijoitusrahasto Nordea Corporate Bond
5493003RJ3TPV33W0108,Union Bancaire Privée (Europe) S.A.
5493003RZQYJM7QGNE15,PETROLIAM NASIONAL BERHAD (PETRONAS)
5493003SQ0CGTLQGJN87,CAIRO CAPITAL SECURITIES
5493003T5D4N1CM46J77,1st Security Bank of Washington
5493003TJM21ZLP6X872,EJF CAPITAL LP
5493003TNMOKAQQ3KJ37,J O HAMBRO CAPITAL MANAGEMENT LIMITED
5493003UL33RMW6J3449,CAIXA DE CRÉDITO AGRÍCOLA MÚTUO DE LEIRIA CRL
5493003UOETFYRONLG31,RELIANCE INDUSTRIES LIMITED
5493003UV8YK5KL5HT27,SCHRODERS (C.I.) LIMITED
5493003V1TL4JIGNKM59,BANCO INTERNACIONAL
5493003VB373BBBG5I46,SPV COLUMBUS S.R.L.
5493003VITE2RS406E89,"UBS Securities Pte Ltd., Seoul Branch"
5493003VMS72RIUTGK58,Dhaka Bank PLC
5493003VOSQJSPCM0T38,CIR S.P.A. - COMPAGNIE INDUSTRIALI RIUNITE
5493003VT065KPIN8879,Home Savings Bank
5493003WJ89QZBXREG50,OTB S.P.A.
5493003WOFC8QHHZFY55,ALGEBRIS (UK) LIMITED
5493003X7BS0LKDDBL15,COREBRIDGE INSTITUTIONAL INVESTMENTS (EUROPE) LIMITED
5493003XM719UN7E8P64,"JOHN WILEY & SONS, INC."
5493003XVU27FQRN5N67,MOODY'S INVESTORS SERVICE PTY LIMITED
5493003YESLR8KC8BM11,S & A FINANCIALS LTD
5493003YFEUUF7KZ4V90,"THE PENSION BOARDS - UNITED CHURCH OF CHRIST, INC."
5493003YXEKRBINIEM78,"SPX FLOW, INC."
5493003ZCWT6KYU7FW22,GOLDMAN SACHS NEW ZEALAND LIMITED
54930040DPIZKNKO5U07,Hewlett-Packard International Sàrl
54930040JC7I4R2I8K66,STATE STREET BANK AND TRUST COMPANY
5493004105XIKMNI2D49,星展(台灣)商業銀行股份有限公司
549300411SG58OR0YJ50,摩根大通證券股份有限公司
5493004165TIYDN15T27,بانک سامان
54930041T3OJSI2HXY84,SAMSUNG ELECTRONICS IBERIA SA
549300423T3ZCEZ1PP02,GRÁNIT BANK Nyrt
54930042DBMRRWU1QM80,"NORTHERN TRUST INTERNATIONAL BANKING CORPORATION, THE"
54930042G33ECZ4DXW77,ART GROUP SERVICES LTD
54930042QG0BBJ7I4N45,ALTA TRADING UK LIMITED
54930042T7E0P3VNW737,PARAMETRIC
549300434FE1HMW4ZD75,MACQUARIE SEKURITAS INDONESIA
54930043E7LYHQYMV608,"LMCG INVESTMENTS, LLC"
54930043QB0YUUQ4UM32,Sijoitusrahasto Nordea European Index Select
54930043XZGB27CTOV49,"TESLA, INC."
54930043YY5WV6XWZX90,GS-BURNSIDE LLC
549300440YCV5SDV7N42,Clarien Bank Limited
549300445CON3DBMU275,CIBC WORLD MARKETS CORP.
549300446KJF7NHIXJ61,Pareto Securities AB
54930044IT4BOBPX8C69,SIGNIFY HOLDING B.V.
54930044O54BK617EP80,Elekta AB (publ)
54930044PULMORCKB765,البنك المركزي السعودي
5493004507C8ZG6E5446,Banque de Commerce et de Placements SA
549300458LCI17J5BY03,The Honesdale National Bank
54930045C7LFCFWRO654,BANCO FATOR S/A
54930045NV2KF7U3GI68,"MORA BANC GRUP, SA"
54930045TVKCTPETB272,ADG CAPITAL MANAGEMENT LLP
549300466KCJI317XO26,SHELL INTERNATIONAL TRADING AND SHIPPING COMPANY LIMITED
54930046C4LIH72FNN96,UBS Warburg Finance Asia Limited
54930047DU4WCPOIO219,"Bank of China Limited, Macau Branch"
54930047TZ2DPGOO5R28,THE BANK OF NORTH DAKOTA
54930047X6CM2K865O26,Banco Financiera Comercial Hondureña S.A.
5493004824NEPWMYXT49,SG KLEINWORT HAMBROS (CI) LIMITED
54930048FDANNGN4UV52,Swiss Life Products (Luxembourg) S.A.
54930048J00QUF04FP72,North Easton Savings Bank
5493004A87O2UG7AA795,CLIFFORD SWAN INVESTMENT COUNSEL LLC
5493004ASPFEDNEY8V17,GOLD-COMMODITIES -FOREX
5493004AU6K20VKPDF17,MACQUARIE SECURITIES (NZ) LIMITED
5493004AZIE0DQWKO165,ELQ INVESTORS VIII LTD
5493004B0DCVFZ08AO26,HITACHI ENERGY FINANCE LTD
5493004BIDJYKO7H1O08,Ekobanken medlemsbank
5493004CEH2M42CLH992,BCC LEASING S.P.A.
5493004COSQ54937AW41,บริษัท ธนาคารกสิกรไทย จำกัด (มหาชน)
5493004CTIJXEGP9YQ45,Aktier II KL
5493004CZE9BEQ2OF154,ASPEX MANAGEMENT (HK) LIMITED
5493004D0Z2WQR26VL57,Ion Bank
5493004D1TNUO8VS2Q77,TD SYNNEX UK LIMITED
5493004D82XDFVPWQJ91,Ikano Bank AB (publ)
5493004DPNM7BZDCRN18,KYTE CAPITAL MANAGEMENT LIMITED
5493004FETDD2Z2FY510,Enity Bank Group AB (publ)
5493004FKZI586397240,MAGOTTEAUX INTERNATIONAL
5493004G3UO5RBHKGG90,شركة ستاندرد تشارترد كابيتال العربية السعودية
5493004G8OK5L1UTIY12,VERITIV OPERATING COMPANY
5493004GS6A4E5HO3T22,GOLDMAN SACHS (ASIA) FINANCE HOLDINGS L.L.C.
5493004GZ132X9VZ3I60,De Surinaamsche Bank N.V.
5493004GZFYOQ8YRNS98,STANDARD CHARTERED BANK ZIMBABWE LIMITED
5493004H3HCV6OLEX314,"LG Electronics U.S.A., Inc."
5493004H5I9OSHJVW663,Bank Cler AG
5493004H6N0F0BB9H184,CIBC Capital Markets (Europe) S.A.
5493004HI6PFLF46NS53,TD SYNNEX CORPORATION
5493004HMNJUKQSVVN34,CITIBANK TANZANIA LIMITED
5493004I3LZM39BWHQ75,Jefferies GmbH
5493004INDUJX1TDHI57,Spotify AB
5493004J7H4GCPG6OB62,CANTOR FITZGERALD & CO.
5493004JQSNL1EXDM505,Kellogg Brown & Root LLC
5493004JRMCV6OX2JV78,SOVENA GROUP - SGPS S.A.
5493004KJY6OLD32A603,Signature Bank
5493004KM0QG4EINTK66,SPHERIA ASSET MANAGEMENT PTY LIMITED
5493004KN0VPUS35KM57,Sijoitusrahasto Nordea Vastuullinen Tasapaino
5493004LOSHK43HOYT35,凱基商業銀行股份有限公司
5493004M92EB41UP1092,Sensor Fonder AB
5493004MMLPCDNEW7I49,DAIWA CAPITAL MARKETS SINGAPORE LIMITED
5493004MO0CQOFP0B050,State of Alaska Retirement and Benefits Plans
5493004MWCDBCBTXE044,"Lake Forest Bank & Trust Company, National Association"
5493004MX17L5E8MUB29,UNIFIEDPOST PAYMENTS
5493004N7XIZJSZB4Y25,BANCO AGRARIO DE COLOMBIA S.A
5493004ND385U1DPOZ64,Fondo Latinoamericano de Reservas
5493004NH61PL6YYNH25,Provident Bank
5493004NP6MNSGPESS82,"SPECIAL SITUATIONS INVESTING GROUP II, LLC"
5493004NQ5KX34LFJH21,GOLDENTREE ASSET MANAGEMENT UK LLP
5493004NVPJYJ1FNED68,North American Stars KL
5493004OKBY1W66Q5Y80,"VOLKSWAGEN GROUP OF AMERICA, INC."
5493004OT3TOY404V310,MALAYAN BANKING BERHAD
5493004PP1J1P7743N95,European High Yield
5493004PW54L6NTET292,FIRETRAIL INVESTMENTS PTY LIMITED
5493004Q73OEYW1SPE91,Epiroc Aktiebolag
5493004QVZWICZPP7I86,DAVIDE LEONE AND PARTNERS INVESTMENT COMPANY LTD
5493004R1QTG26U4DV34,D1 CAPITAL PARTNERS L.P.
5493004R4EJC0W0XVQ72,BANCO DEL ESTADO DE CHILE
5493004R83R1LVX2IL36,"ICE FUTURES U.S., INC."
5493004RIDG58Q163F52,CHEVRON PRODUCTS UK LIMITED
5493004S3EW5FKCKDU11,BARAK CAPITAL MARKET MAKING B.V.
5493004SW9992QDUT836,"JET CAPITAL INVESTORS, L.P."
5493004T109FSYW8ND09,Monex Inc.
5493004TMWF1VBO4YY91,البنك التجاري الدولي ش . م. ع
5493004U3PUN21MLJG41,MARTINREA INTERNATIONAL INC.
5493004UL7QITGOF5F14,JCC PAYMENT SYSTEMS LIMITED
5493004V6A3Z027YT216,REMY COINTREAU
5493004V8TZOB8MUMC53,UTILITA' S.P.A.
5493004W80ORHB8V1X33,BANCO DE CABO VERDE
5493004W8FBXFVSWVZ87,"SunEdison, Inc."
5493004WUGGU2BQI7F14,Landshypotek Bank Aktiebolag
5493004XJK1P32XQLA57,CANADIAN DERIVATIVES CLEARING CORPORATION
5493004XYMPINHKGCM47,TOP MARKETS SOLUTIONS LTD
5493004Y0LYPAJW5JZ38,CREDIT DU MAROC (STE)
5493004Y7H5NH3JK6881,BLACKROCK UK HOLDCO LIMITED
5493004YZK8OXMB13270,Man Fund Management UK Limited
5493004ZGKI9H4O7IU29,GROUPE CANAL +
5493004ZJNK90H02D265,ORBIS INVESTMENT MANAGEMENT LIMITED
5493004ZN3KE1X17MG42,群益金鼎證券股份有限公司
549300500PE4IG2M2V98,BSP PROVIDENT FUND
54930050EIFH3WMNHK29,If Skadeförsäkring Holding AB (publ)
54930050GOSPXKOWLL34,"АКЦІОНЕРНЕ ТОВАРИСТВО ""БАНК 3/4"""
54930050LBZUR4138I72,NN Re (Netherlands) N.V.
54930050SE0SM7CM2G07,MUFG Securities (Europe) N.V.
5493005158BXZWGOX572,"KOCH INDUSTRIES, LLC"
54930051952BDB4UR393,CASSA RURALE DI LEDRO - BANCA DI CREDITO COOPERATIVO - SOCIETA' COOPERATIVA
54930051TFGW2KIXPU60,株式会社広島銀行
549300526KR9XDKDMS56,"BANCO NACIONAL ULTRAMARINO, S.A."
549300527HTVCIOC3Q61,KINECT ENERGY MARKETS AS
549300527NQQ1CU37T58,NBI INVESTMENTS LIMITED
54930052CXDMNCCEM870,香港上海滙豐證券股份有限公司
54930052NWJRPNMP1W58,BANCOLOMBIA S.A.
549300530YFI9Z89LF66,Scotiabank (Turks and Caicos) Ltd.
54930053HGCFWVHYZX42,中国银行股份有限公司
54930053N8V2MCQYQR41,MAYBANK ISLAMIC BERHAD
54930053SM8COVIPIY54,MICHIGAN STATE UNIVERSITY Federal Credit Union
54930054A69VC4I5BP89,株式会社　群馬銀行
54930054P2G7ZJB0KM79,"APOLLO ASSET MANAGEMENT, INC."
54930055NXUYHMF5RH53,Banque Bonhôte & Cie SA
54930055QC6GNWVJIR88,The Buckingham Research Group Incorporated
549300564TSS3RHVWY28,AMANAHRAYA TRUSTEES BERHAD
54930056FHWP7GIWYY08,Morgan Stanley Europe SE
54930056FRYJ09RBO718,3 Capital Holdings Ltd.
54930056IRBXK0Q1FP96,"ABANCA CORPORACION BANCARIA, S.A."
549300572MQBOKRISO68,FR Group B.V.
54930057FZKXPKQ12C80,Man Group Investments Limited
54930057S6HLIYF5LS94,EAST WEST BANKING CORPORATION
549300580JH4R1U4HG86,DEME Financial Services
54930058W39DHS3GTG15,The Trustees of Columbia University in the City of New York
54930058XBVQVPRNDS96,"PATRIS SERVIÇOS, S.A."
5493005B0M5DJBZW1L20,BANCA DI CREDITO COOPERATIVO PORDENONESE E MONSILE - SOCIETA' COOPERATIVA
5493005BQW8MFXOWCZ07,Autoliv Aktiebolag
5493005BUQ03YLI37F38,FORMULA GROWTH LIMITED
5493005BUT2UM6VX7241,UOB KAY HIAN (M) SDN. BHD.
5493005C4R1PZFG5BK22,Internationale aktier Etisk tilvalg
5493005C7D4YURSCIP31,R.J.O' BRIEN FRANCE
5493005CBZDLX481ZM09,J.P. MORGAN CORRETORA DE CAMBIO E VALORES MOBILIARIOS S.A.
5493005DI6EYJY6QR845,MONEYEXPRESS OÜ
5493005DJ3JFDBOF7R79,株式会社横浜銀行
5493005DKMV1IHIM8E20,"Wilmington Savings Fund Society, FSB"
5493005E3ALF4VMMQH85,OURIBANK S.A. BANCO MÚLTIPLO
5493005EBZDOXNFCKY36,野村信託銀行株式会社
5493005ECUA2AOK5MT63,Sijoitusrahasto Nordea Nordic IG Sustainable Stars – Mid Duration
5493005ED53TFU5ANV25,EQUINOR ASSET MANAGEMENT AS
5493005EHQXZDZVUXS17,Coeli Asset Management AB
5493005FW8NBO6SJ8827,THÉLÈME PARTNERS LLP
5493005GF5RE3CR5B432,ELQ HOLDINGS (DEL) LLC
5493005GNGE7UFJCIL03,BEL
5493005GNZ6EJFS7LM83,International Bank of Commerce
5493005GQBEN3Z0YPV46,UNISUPER LIMITED
5493005GRP0FEE3NRI35,SALVATORE FERRAGAMO S.P.A.
5493005HF4FUC48VS377,BHP BILLITON FINANCE PLC
5493005HZUUD47O79D95,Moody's Investors Service Hong Kong Limited
5493005IUJMD4OXQYW12,株式会社東京スター銀行
5493005IYCEL7QJFZZ63,"TRITON WATER HOLDINGS, INC."
5493005JKLVWNZ3BD305,RF SECURITIES CLEARING LP
5493005KSGBD51CD7K33,JT INTERNATIONAL SA
5493005KVQB0Q5B5EP81,"Maybank Philippines, Incorporated"
5493005L61XSW58ODD41,GOLDMAN SACHS AUSTRALIA SERVICES PTY LTD
5493005LU8MAGKYH3Z24,GOLDMATE PTY. LTD.
5493005LWLLN6G3XQP35,CTBC Bank Corp. (USA)
5493005M2LJ58QI4PJ15,Mellemlange obligationer
5493005M9ILUC8ZKES86,FIERA CAPITAL INC.
5493005MEHCF72DWPT16,Getinge Treasury AB
5493005MNMDNKL7JB896,TIBRA EQUITIES EUROPE LIMITED
5493005MZE7E25XM6P64,SOUTH YORKSHIRE PENSIONS AUTHORITY
5493005NGFZDNT3RG241,Nordea Stratega 50
5493005NLSGFGX5PTT03,JTC TRUST AND FIDUCIARY SERVICES (UK) LIMITED
5493005NM7F0H1N3EQ39,LPL FINANCIAL LLC
5493005NQTRAPR3I5W76,"CIN-CORPORAÇÃO INDUSTRIAL DO NORTE, S.A."
5493005O4YX1ELFKST70,CHALLENGER GROUP SERVICES PTY. LTD.
5493005O6FIVU2Z6J383,GENPACT (UK) LIMITED
5493005O841T8RXPJ460,OAKMONT CORPORATION
5493005OC5DHELZYA702,CANALI S.P.A.
5493005OHTWG8AUKVX64,UOB BULLION AND FUTURES LIMITED
5493005ONLDV0W4QDI82,Orange Bank &Trust Company
5493005OTTYKSZHNBE73,AXIOM INVESTMENT MANAGEMENT LIMITED
5493005OXHDNL864UI78,Kammarkollegiet
5493005P8ZB2GQE03J42,FONDS DE RESERVE POUR LES RETRAITES
5493005PDCY2CE5VCF84,INTERACTIVE BROKERS SINGAPORE PTE. LTD.
5493005PEHQ4G2TSFK84,CONTRARIUS INVESTMENT MANAGEMENT LIMITED
5493005PNZ5EWLO94074,VOLKSWAGEN DE MEXICO SA DE CV
5493005PRA6C64RLD847,"ESPOSITO SECURITIES, LLC"
5493005PTTT67PF0VN95,"Allegis Group, Inc."
5493005Q2J4SQ04HVT95,"TENOR CAPITAL MANAGEMENT COMPANY, L.P."
5493005Q760M4WJ8ZP07,DRW EUROPE B.V.
5493005R24FV5DFFXW42,Central Pacific Bank
5493005RDTT7HVODH436,"Community Bank, National Association"
5493005ROG3FS85TE513,GLOBAL BANK CORPORATION
5493005S4JYTN98C6085,SETTLEGO SOLUTIONS LIMITED
5493005S591LT1RDBJ14,AEGON INVESTMENT MANAGEMENT B.V.
5493005SL9HHOXS3B739,Swisscom AG
5493005SMYID1D2OY946,"LAMB WESTON HOLDINGS, INC."
5493005T5IEQ1ZPYVX36,BANKPOZİTİF KREDİ VE KALKINMA BANKASI ANONİM ŞİRKETİ
5493005T9AMH353RYU59,EUR HIGH YIELD
5493005TEEMDRLBB2B12,AFRIKA BANQUE SENEGAL
5493005TNODUKQB2WB63,TOP Credit OÜ
5493005TPIWZDOY8IQ26,XR Trading EU B.V.
5493005TXVV0PEG81658,"PHILADELPHIA FINANCIAL MANAGEMENT OF SAN FRANCISCO, LLC"
5493005UFVHY0PPNKD75,Drägerwerk AG & Co. KGaA
5493005UW6HUK6IPK402,Sijoitusrahasto Nordea Equity Opportunities
5493005VD794JCHUFK43,Itaú Colombia S.A.
5493005VWKQH100PX433,INVESTCORP TRADING LIMITED
5493005VYNLTKY87Y404,The Bank of Nova Scotia Jamaica Ltd.
5493005W4V54W55C4K03,PGIM QUANTITATIVE SOLUTIONS LLC
5493005W6KWTJHMVQF37,富蘭克林華美證券投資信託股份有限公司
5493005X1UK1CXKK1241,"FIRST PACIFIC ADVISORS, LP"
5493005X59ILY4BGJK90,MOODY'S INVESTORS SERVICE ESPANA SA
5493005XCMKZH7MM2586,"TIEDEMANN ADVISORS, LLC"
5493005XMMXBE1N5QU11,SBI Securities (Hong Kong) Limited
5493005XZNYY159PNZ09,SOCIETE GENERALE BENIN
5493005Y8OIVTW5VIP56,ASIAN EQUITIES EX JAPAN
5493005YMRKJOY211K77,UBS Securities Philippines Inc.
5493005YWL4UW2ZLKR76,BANCO RABOBANK INTERNATIONAL BRASIL S.A.
5493005YXREMPPQK3G72,PT BANK BNP PARIBAS INDONESIA
5493005Z8DS34VX6U481,HIGHER PARK PTE. LIMITED
5493005ZHVPXIYM46X73,BANQUE BANORIENT FRANCE
5493005ZQ99EH1QK6W56,STE TUNISIE-VALEUR
54930060IU46JWRHN675,王道商業銀行股份有限公司
54930060MY6S68NEUP16,EUROCLEAR FRANCE
54930060Q00W1SRIUI57,vdk bank
54930060Z2QFL37IQO66,EQUITRUST LIFE INSURANCE COMPANY
5493006145Y1NN43MS67,MARS NEDERLAND B.V.
549300615CPXQO52J309,БЪЛГАРСКА БАНКА ЗА РАЗВИТИЕ
54930061N57ORAEPGX16,AIB Group (UK) P.L.C.
54930061WAHBLUL0RW61,EverTrust Bank
54930061YDWSR567KC82,Pentucket Bank
54930062386KQGFPW043,PT BANK ANZ INDONESIA
549300626NYNXUSVCY49,Itau Corredores de Bolsa Limitada
54930062GS7S4EPIU556,NATIONAL BANK OF KUWAIT (LEBANON) SAL
54930062T84Z5CXY1C58,"FIRST TRUST PORTFOLIOS, L.P."
54930063CUD3LLRA1V73,STATE STREET TRUSTEES LIMITED
54930064CWM3TTUN8B14,TRADELINK WORLDWIDE LIMITED
54930064KZHCJX80KV24,EUR SHORT TERM CORPORATE BONDS
54930064ORZPBDXPBN65,CHF BONDS
54930064S1C0MS87F789,STRIPE PAYMENTS UK LTD
549300658NC6LF1HP143,QBE GROUP SERVICES PTY LTD
54930065BEX6GPLUPP32,LA MANCHA HOLDING S.À R.L.
54930065FO7CXEUTGL76,MORGAN STANLEY CANADA LIMITED
54930065MDLIH7U9TU98,Cass Commercial Bank
54930065PJIB53WWMP12,CENTRAL BANK OF BAHRAIN
54930066F5LI0K6UNX85,CENTRAL BANK OF JORDAN
54930066LV3G32L0HB48,RESERVE BANK OF NEW ZEALAND
54930066MUEDFDDB3X51,BLACKSTONE DIVERSIFIED MULTI-STRATEGY FUND
54930066NPX3B5OSR148,Habib Bank Zurich (Hong Kong) Limited
54930066X06YD4ZNGA14,بنك لبنان والمهجر ش م ل- فرع
54930066X7J83KHSTS98,"BECKER CAPITAL MANAGEMENT, INC."
54930066YLDY7B37IL06,PENSIONSKASSE SUVA
54930066YZFYEEPGIP56,VP BANK (SCHWEIZ) AG
549300675DNVI4KKFR53,株式会社西日本シティ銀行
549300677ETU3TB33512,"SUNSET MESA FUND, LTD."
54930067GDH4HCWUKB07,"STRATEGIC INCOME MANAGEMENT, LLC"
54930067J0ZNOEBRW338,NAVIENT CORPORATION
549300686RMBOL8Y1T93,Milford Federal Bank
54930068KMXVMZWEHC13,"First Capital Bank, S.A"
54930068O811FEULZ160,CREDIT SUISSE İSTANBUL MENKUL DEĞERLER A.Ş.
54930068OELHUBHH1U03,บริษัท ธนาคารไทยพาณิชย์ จำกัด (มหาชน)
54930068X6M6KBRT7U62,Octogone Gestion Sàrl
54930068XS4I41SLX384,NIKE Global Trading Pte. Ltd.
5493006ASBUNCXNLLE63,Nordea Generationsfond 90-Tal
5493006BHYOT6EXAZF13,Plains State Bank
5493006BOR66ZCLIQG62,SCOTIABANK BRASIL S.A. BANCO MULTIPLO
5493006BWPDUCYG6EQ34,MAREX CAPITAL MARKETS INC.
5493006C4TIBBW408972,VITIS LIFE S.A.
5493006C7YKTAQMQMI15,VATTENFALL ENERGY TRADING NETHERLANDS N.V.
5493006CNBPJFU222A93,HYPOSWISS PRIVATE BANK GENÈVE SA
5493006CQL3O3WJLVX08,DBRS LIMITED
5493006CYZTYGMZ3N558,The Canada Life Assurance Company
5493006DF3CJAPW64Z40,BANCA DI CREDITO COOPERATIVO DELLA ROMAGNA OCCIDENTALE - SOCIETA' COOPERATIVA
5493006DII520KIT6686,CITICORP TRUSTEE COMPANY LIMITED
5493006DK8U1EWMPOA81,"QUESTRADE, INC."
5493006DKST2MXVG4R57,JPMorgan Asset Management (Asia Pacific) Limited
5493006DOLY8O98XHD74,Abu Dhabi Islamic Bank
5493006DVOBII1E8FK30,國泰世華商業銀行股份有限公司
5493006E0OXBY133DB14,盈透證券香港有限公司
5493006E5MYMOUBR7M83,Agrani Bank PLC.
5493006EKCCSLNE7N577,"THE ROCK CREEK GROUP, LP"
5493006FCSQV6DSP3856,"EVEREST REINSURANCE (BERMUDA), LTD."
5493006FDRQEXC0ZBN68,한국휴렛팩커드 유한회사
5493006FE3VBJQ8KW293,Japan Enhanced KL
5493006FFXSAIC08WD49,BANQUE BANORIENT (SUISSE) SA
5493006FM1YVEKAHEY94,IFIC BANK PLC
5493006FPX2VGLX4G623,BANK LEUMI (JERSEY) LIMITED
5493006FRPZ75TDMOZ05,Metropolitan Commercial Bank
5493006FSEXZXU4V2G50,"Strategic Fixed Income, L.L.C."
5493006GE4E3VPH2FZ02,سامسونج الكترونيكس مصر ش.م.م
5493006GGLR4BTEL8O61,三井住友信託銀行株式会社
5493006GKYOO70QSIM96,BANCO NACIONAL DE ANGOLA
5493006H271VXJ44NU66,KLIM SPAREKASSE
5493006H3P7600LBU820,SIONNA INVESTMENT MANAGERS INC.
5493006HBFVH9VZS2619,Andbank Luxembourg
5493006HIEIRW50OYQ24,GOSMORE INVESTMENTS
5493006IEVQEFQO40L83,COGNIZANT TECHNOLOGY SOLUTIONS CORPORATION
5493006IH2N2WMIBB742,VALEO
5493006IWRE2XY13Y141,"PRO MACH, INC."
5493006IXEI238WEWX48,CASSA RURALE ALTOGARDA - ROVERETO - BANCA DI CREDITO COOPERATIVO - SOCIETA' COOPERATIVA
5493006J5NMDODO63853,SQUARE AU PTY LTD
5493006J69H2XC7C7245,北京高盛顾问有限公司
5493006JRVXDJZOHAC02,SYSTEMATIX SHARES AND STOCKS (INDIA) LIMITED
5493006JVO6N2HC2XZ76,株式会社ゆうちょ銀行
5493006JYRVV78QV6K46,La Mondiale Europartner S.A.
5493006K34F4FOPHOQ22,STATE STREET GLOBAL ADVISORS ASIA LIMITED
5493006KHXBRQ33GGR66,BELFIUS ASSET MANAGEMENT
5493006KMX1VFTPYPW14,BROWN BROTHERS HARRIMAN & CO.
5493006KRZ0SJO41LZ83,三井住友海上火災保険株式会社
5493006KYU0VX4EBIP66,法国巴黎银行（中国）有限公司
5493006KZ40X6P1L9E81,SBI (Mauritius) Ltd
5493006KZJMJI8PQXA35,IRESS LIMITED
5493006L9QU2265UKZ88,บริษัท สำนักหักบัญชี (ประเทศไทย) จำกัด
5493006LDO0SSIO71873,BNP PARIBAS SUCURSAL BUENOS AIRES
5493006LF5WTZ4268C56,GOLDMAN SACHS RE INVESTMENTS HOLDINGS LIMITED
5493006M00CBFT5DNU75,Internationale aktier
5493006M4N15PLU2B096,VIETNAM MARITIME COMMERCIAL JOINT STOCK BANK
5493006M6XIIT33FFZ26,Wolverton Securities Ltd.
5493006M92CTH268XC58,GBC International Bank
5493006MCOP60BBI4G97,Seacoast National Bank
5493006MHPAV2BNIGO24,MAJ BANK A/S
5493006MJUOC7RCQ2N10,COMAU S.P.A.
5493006MVKRCEOKQQT65,NGÂN HÀNG THƯƠNG MẠI CỔ PHẦN XUẤT NHẬP KHẨU VIỆT NAM
5493006MVLTRBJ556T82,"ADMINISTRADORA DE FONDOS DE PENSIONES, CESANTIA Y DEL COMPONENTE COMPLEMENTARIO DE AHORRO INDIVIDUAL PROTECCION S.A."
5493006N5JD4B34R6G14,BANK OF INDUSTRY LIMITED
5493006NTCY0P06JR884,Salem Five Cents Savings Bank
5493006O11GV8ET0BG92,MAKOR SECURITIES PARIS SAS
5493006OH0ZHAJTHR414,MP Investment Management A/S
5493006ORUSIL88JOE18,AMERICAN TOWER CORPORATION
5493006OZQQGARY37E62,"TAIWAN SHIN KONG COMMERCIAL BANK CO., LTD."
5493006P6LOOFH8TB150,CENTRAL BANK OF THE UAE
5493006PIE84IBN3EQ03,CTBC BANK (PHILIPPINES) CORPORATION
5493006PNG4U6BIQVX35,Danmark KL
5493006PNKUQ8D5PDH47,Portefølje PM Globale Aktier Strategi KL
5493006PQKJMYXO1H004,TOKIO MARINE LIFE INSURANCE SINGAPORE PTE. LTD.
5493006PWI2H6PX25403,JPモルガン証券株式会社
5493006Q0EMYD3OJ8N13,BRADESCO BANK
5493006QFGLW3R4JYW87,Daiwa Capital Markets Hong Kong Limited
5493006QMFDDMYWIAM13,BANCO SANTANDER S.A.
5493006R1UFP04UR9N08,Migros Bank AG
5493006RC2FVJUZW4Q16,Catella Bank Filial
5493006RC8WBL0CUBE87,VP Bank (BVI) Limited
5493006RFWWJFJNR9D16,Repower AG
5493006RJSLS5DA4PD75,TD SECURITIES INC./ VALEURS MOBILIERES TD INC.
5493006RVNNQ4VVP1V75,BLOM DEVELOPMENT BANK S.A.L
5493006S869XKIESMV41,Mountain America Federal Credit Union
5493006SU0NXBW2FTR28,BANQUE ISLAMIQUE DU SENEGAL
5493006SXR2Y4OZ2UP54,POWER SUSTAINABLE INVESTMENT MANAGEMENT INC.
5493006UE0SG5J4SHT85,Atlantic Forfaitierungs AG
5493006USH29AB2B7A63,BUNKER HOLDING A/S
5493006UY56V4KORVP94,BANCA COMERCIALĂ “EXIMBANK” S.A.
5493006V7J8VZN0MXD71,LIBERTY STATION LIHTC LLC
5493006VLJBE8BIGKF85,"ARETI BANK INTERNATIONAL, INC"
5493006VM2LKUPSEDU20,INFORMA PLC
5493006VSQ6M1POEVA70,MERCER INVESTMENTS V PRIVATE LTD.
5493006VWIP74KZIO207,"LAKESHORE SECURITIES, L.P."
5493006VYHT9WJOTEQ44,GREYSTONE MANAGED INVESTMENTS INC.
5493006W3QUS5LMH6R84,トヨタ自動車株式会社
5493006WFB6Z15FP1X26,NBG SECURITIES ROMANIA S.A.
5493006WFU44PJYFCD18,ADDIKO BANK D.D. SARAJEVO
5493006WLDSUHWHCT321,Euroclear Sweden AB
5493006WOECPCPCXTH68,IEBA TRUST SA
5493006XDBBG84Y77S30,ABN AMRO Clearing Hong Kong Limited
5493006XPYTPLP6BLN10,Alliance Bank Central Texas
5493006XRZFHF1KWTY04,JUPITER INVESTMENT MANAGEMENT LIMITED
5493006Y2YCT81BVTL57,Exchange Bank
5493006YKD0NO25QHH65,European Stars KL
5493006YTZRKKETCHJ42,MacGregor Finland Oy
5493006YUYQHTULL5V52,INDEPENDENT PETROLEUM GROUP LIMITED
5493006YXS1U5GIHE750,European Investment Bank
5493006Z4NTMNDDBGL49,ECCM BANK PLC
5493006ZC8YQM59L3N75,DONGA JOINT STOCK COMMERCIAL BANK
5493006ZCRFWKF6B1K26,"WARNER BROS. DISCOVERY, INC."
5493006ZL3GIBMNREO59,SOCIETE GENERALE BURKINA FASO
549300705EBCYY87PV71,JANUS HENDERSON INVESTORS INTERNATIONAL LIMITED
54930070FVGKR0Z1FI24,"GREIF, INC."
54930070IKWTBTWG2U46,Sijoitusrahasto Nordea European Sustainable Stars
54930070YHL660BGOO06,NH INVESTMENT & SECURITIES (H.K.) LIMITED
54930071TXHX24MK8P61,"SEGALL BRYANT & HAMILL, LLC"
54930072MOPPCS6V6846,Roche Finanz AG
54930072MY36044H8N63,BANCO DE OCCIDENTE
54930072UFREQ9ZZRG80,PCB Bank
549300730CCEAA3YTM11,"АКЦІОНЕРНЕ ТОВАРИСТВО ""УНІВЕРСАЛ БАНК"""
549300738RYMTWUC1O55,CAISSE INTERPROFESSIONNELLE DE DÉPÔTS ET DE VIREMENTS DE TITRES - INTERPROFESSIONELE EFFECTENDEPOSITO- EN GIROKAS
54930073H2R2EG7O5W65,ALIANZA FIDUCIARIA S A
54930073OSJENOG1DL54,Sompo International Holdings Ltd.
54930073UQYK5LTRL387,Sijoitusrahasto Nordea Japani
54930073VL631KP2LJ78,"Bank of America Europe Designated Activity Company, Succursale en France"
549300756XI3QLFT2U27,"Advanced Energy Industries, Inc."
54930075MZSSIB2TGC64,IMERYS
54930075OVPZP6MC4674,WATER
549300772UJAHRD6LO53,ROBERT W. BAIRD & CO. INCORPORATED
549300777DJZOR5C4L39,TELECOM ITALIA CAPITAL
54930077IZ2P7FXZ1K36,BANQUE SYZ SA
54930077XBW3Y1KRFP97,Sijoitusrahasto Nordea Yrityslaina Plus
549300783I27FCDFB052,CHINA CONSTRUCTION BANK CORPORATION SINGAPORE BRANCH
549300785ISXGH8TSG48,1630 DEWEY LIHTC LLC
54930078I0785ADTLB30,CHINA DEVELOPMENT INDUSTRIAL BANK
54930078MCT017XXRD21,"Forest City Enterprises, L.P."
54930078WOWBGVZWSD78,FUND CHANNEL
54930078ZXFSN59J6R03,"H.I.G. CAPITAL, L.L.C."
549300792LDIDHLCRX21,CAMERON MACKINTOSH LIMITED
549300794VUW32RPXJ25,STANTON ASSET MANAGEMENT INC.
54930079FHVM86NV8I03,SEYCHELLES INTERNATIONAL MERCANTILE BANKING CORPORATION LIMITED
54930079HJ1JTMKTW637,Bankhaus Scheich Wertpapierspezialist AG
54930079N35UE74GSN86,ELQ INVESTORS III LTD
54930079NS3ZYEYFIX90,マニュライフ生命保険株式会社
54930079VLB4FPPZ7Y58,First State Bank
5493007AFULRW1W1U467,ARTCAP EASTERN INVESTMENTS LIMITED
5493007ANY4H2MBWT639,PHILIPPINE DIGITAL ASSET EXCHANGE (PDAX) INC
5493007AQZQ9CPBJ0X54,LONGWAVE CAPITAL PARTNERS PTY LTD
5493007B0Q1C4X5XBN75,Banco Davivienda (Costa Rica) S.A.
5493007B2FR3CCMU7O30,Converse Bank
5493007B5MM5NYBK2C93,FERRING INTERNATIONAL CENTER SA
5493007B6KNLLMFKDJ80,P/F Suðuroyar Sparikassi
5493007BTSLU62ZYAE45,GARRETT MOTION SARL
5493007BWYDPQZLZ0Y27,HYPO NOE Landesbank für Niederösterreich und Wien AG
5493007C9QKR73NU2B46,NOVA BANKA A.D.
5493007CDYM7I1M5DZ80,AVIVA INVESTMENT SOLUTIONS UK LIMITED
5493007CF4BMP2NU7141,Spk Norðoya Sparikassi
5493007CLWQN2S6IZK91,"Armed Forces Bank, National Association"
5493007CO5W5OBFG7L21,RETAIL ESTATES
5493007CPH1ENBY06A47,GS FINANCIAL SERVICES L.P. (DEL)
5493007CS9V3PVQK1115,CITIGROUP GLOBAL MARKETS CHINA LIMITED
5493007CWLKYJKJW6X63,BORDIER & CIE (SINGAPORE) LTD.
5493007D4E72MSOUTF87,Intact Investment Management Inc.
5493007DWN0R4YBM4C84,PEEL HUNT LLP
5493007EO7JOPWXHBJ27,HERAEUS HOLDING Gesellschaft mit beschränkter Haftung
5493007EZOPZOJYSEX10,ALKIMIS - SOCIETA' DI GESTIONE DEL RISPARMIO S.P.A. OVVERO IN FORMA ABBREVIATA - ALKIMIS SGR S.P.A.
5493007FBLUKPTZX4792,THREADNEEDLE INTERNATIONAL LIMITED
5493007FKT78NKPM5V55,DBS GROUP HOLDINGS LTD
5493007GBX87QOZACS27,Manulife Financial Corporation
5493007GM874GLE2NS89,Gonet Bank & Trust Ltd.
5493007GRMPGDJG93Z17,UNIFIN FINANCIERA SAB DE CV
5493007GUMSN1M6VM945,"MariBank Philippines, Inc."
5493007GVB1I2FDSS786,CNH INDUSTRIAL FINANCE EUROPE S.A.
5493007GZNKB0EW24K85,CREDIT SUISSE SECURITIES (PHILIPPINES) INC.
5493007H0KZ81N1H6352,Monson Savings Bank
5493007HHN4G8PA5MS11,CAMBRIDGE MERCANTILE CORP.
5493007HIVTX6SY6XD66,NOVARTIS AG
5493007HXY95Y83OFY66,Research Triangle Institute
5493007ITLFKW1E98229,THE WINTERBOTHAM TRUST COMPANY LIMITED
5493007J1T78NWSULR22,FIRST CAPITAL BANK PLC
5493007J5XU14RRVVD44,H. Lundén Holding Aktiebolag
5493007J6CQVVWPI6S12,FIL Distributors
5493007JDSMX8Z5Z1902,THE CAMPBELL'S COMPANY
5493007JJ9XIHU06YT94,CHINA NATIONAL UNITED OIL CORPORATION
5493007JJOEN82MFUM53,BANK OF THE PHILIPPINE ISLANDS (EUROPE) PLC
5493007JKBFR7XIL4S98,TORONTO DOMINION (SOUTH EAST ASIA) LIMITED
5493007JPYB9SW6CSB23,Europabank
5493007JTRG5SKG18524,Scotiabank Trinidad and Tobago Limited
5493007K6HGI9G0ECX16,Preferred Bank
5493007KT04ZMBGVOW11,WESTWOOD MANAGEMENT CORP.
5493007KVRV2OKRXFA55,MS AMLIN AG
5493007LAFON2CR3OD09,Goldman Sachs Asia Bank Limited
5493007LK0D8SKLLH161,BANCO DE DEPOSITOS SA
5493007LK73P1CZNT457,FUNDO DE GARANTIA DE DEPÓSITOS
5493007LOTJ0I8E94R81,NEW IMMO HOLDING
5493007LXG64XO75DS75,JP MORGAN SECURITIES INDONESIA
5493007M22KSTRPCA127,Sprott Asset Management LP
5493007MCBLQ05S44531,BANCO DE COSTA RICA
5493007MF15ECQNVUM37,Emirates NBD Fund Management Limited
5493007MJ3BLX55XSZ63,TEJARAT BANK
5493007MVCEU8QCNWC60,Rio Bank
5493007O3QFXCPOGWK22,OVERSEA-CHINESE BANKING CORPORATION LIMITED
5493007OHU1BLXVWF125,"GLOBEFLEX CAPITAL, L.P."
5493007OJ8G52XWUBI52,M B I CORREDORES DE BOLSA S A
5493007OJ9DBG3DTWD16,PERRIGO CAPITAL
5493007PKIT1P8UHLH29,MACQUARIE CAPITAL SECURITIES (SINGAPORE) PTE. LIMITED
5493007PR1VQ48I12D46,Sijoitusrahasto Nordea Pro Stable Return
5493007Q432SOF1RTC02,Société Générale Financing and Distribution
5493007QBPOGWSVWLG75,FILインベストメンツ株式会社
5493007QRSX9DS2CM858,China Construction Bank (Europe) S.A.
5493007QX2HNK8310373,COINSHARES (JERSEY) LIMITED
5493007QZ3XVM5MJXY16,I&M BANK (RWANDA) PLC
5493007QZK2UFPJ6NV33,Gamla Livförsäkringsaktiebolaget SEB Trygg Liv (publ)
5493007RJ7YS5OTAFD45,COFCO INTERNATIONAL SINGAPORE PTE. LTD.
5493007RN7O98MYBX124,Aktiebolag Lindex
5493007RO22WFBB4U784,"Banco Corficolombiana (Panama), S.A."
5493007ROE8YOPR8OG19,"ATIVO CAPITAL MANAGEMENT, LLC"
5493007RPEVTRZUNX566,Portefølje Korte obligationer
5493007RSNEL04GZPO18,PUBLIC BANK (HONG KONG) LIMITED
5493007RT80TMKY7TO30,"CAIXA DE CREDIT DELS ENGINYERS - CAJA DE CRÉDITO DE LOS INGENIEROS, S. COOP. DE CRÉDITO"
5493007RYG4GXIKSQI18,John Hancock Life Insurance Company of New York
5493007S6O0HR48ATX36,GFI BROKERS LIMITED
5493007SJLLCTM6J6M37,UNICAJA BANCO SA
5493007SOK1TW4KJDU91,RENDON TERRACE LIHTC LLC
5493007SWCCN9S3J2748,BIGBANK AS
5493007TOVD6LN5SJS12,"ARIEL INVESTMENTS, LLC"
5493007TZYZJRE6PKR62,Sijoitusrahasto Nordea Euro Midi Korko
5493007U36SC8G97JW49,ELARA CAPITAL PLC
5493007UB044QPPM8G80,DISTRESSED
5493007UEGXX2VY0T278,METAL SECURITIES
5493007UH0TCCDZJ2987,BANCO BTG PACTUAL CHILE
5493007UORKUC7B3R009,ABN AMRO CLEARING AUSTRALIA PTY LTD
5493007USZNUUKBOLU32,CFM INDOSUEZ WEALTH
5493007V8ZEVXWVS3567,Cross River Bank
5493007VGBHF6SRXRR53,TECHNOLOGY CREDIT UNION
5493007VQKMVEMWQ4445,ITAU ADMINISTRADORA GENERAL DE FONDOS S.A.
5493007VSDNRS3YF2A48,BANQUE AUDI (SUISSE) SA
5493007VSMFZCPV1NB83,農林中央金庫
5493007VTTOXXM54LN22,"HEARTWOOD FUNDS, LLC"
5493007VV85UTQ8CV292,AVIVA INVESTORS UK FUND SERVICES LIMITED
5493007VY27WWF8FF542,STANDARD CHARTERED BANK BOTSWANA LIMITED
5493007WB278T7U8VH86,NS PARTNERS LTD
5493007WZ7IFULIL8G21,Bitpanda GmbH
5493007X0IO4CNW7W733,BANCOLOMBIA PUERTO RICO INTERNACIONAL INC.
5493007X1V6FZD1ZPT38,LGT Bank (Schweiz) AG
5493007XE88E8JRNTJ93,NGÂN HÀNG THƯƠNG MẠI CỔ PHẦN QUÂN ĐỘI
5493007XEQFIM5QCIU42,STERLING BANK OF ASIA INC. (A SAVINGS BANK)
5493007XKH607S1KJV92,摩根證券投資信託股份有限公司
5493007XP8MU3OAWPN82,ARCUS INVESTMENT LIMITED
5493007XQ02VMXYJYJ21,The Cape Cod Five Cents Savings Bank
5493007XVBTMKJK1BB51,Van Bauwel en Co
5493007XWHWZTWWMZP88,EBONFX AUSTRALIA PTY LTD
5493007Y7JCK1EBOLJ63,TIMBER
5493007YFTCJBV2JMB32,Strand Kapitalförvaltning AB
5493007YLUF2KAS0TM17,Euronext Brussels
5493007YQSE8IPIMF241,CIMB INVESTMENT BANK BERHAD
5493007Z7MYII7K6JX02,ADG MARKET MAKING LLP
5493007ZLRNTTT9B6384,CARREFOUR FINANCE
54930080G2M7EJ097A27,BluOr Bank AS
549300818FWC2UB73V44,HSBC BANK (CHILE)
5493008201YNLL3CPG58,FINCLEAR SERVICES PTY LTD
54930082I3RDSBRNR559,英高證券有限公司
54930082MGSGPZGYYI39,Rapyd Europe hf.
54930082Z2DPUUSYXO04,"BENE BANCA CREDITO COOPERATIVO DI BENE VAGIENNA (CUNEO) - SOCIETA' COOPERATIVA IN FORMA ABBREVIATA ""BENEBANCA CREDITO COOPERATIVO S.C."""
549300834OF1BI4QVY49,OOO UBS Bank
54930083FYWG28VYH380,VISION INVESTMENT SERVICES COMPANY S.A.O.C
54930083GPEJRQSDDR70,BANQUE CENTRALE POPULAIRE
54930083TCJNE9IFFU75,PREMIUM BRANDS
54930083XNETY8RL8H89,FINEPOINT CAPITAL LP
54930084D4GHY7VKB392,AL BARAKA BANK TUNISIA
54930084TZJBK6D1AY92,VAN DE PUT & CO Privaatbankiers
54930085BFZPCZ115298,AMF Tjänstepension AB
54930086C2A28TTZ1J73,TD SYNNEX International Sàrl
54930086XQKV1JUFNE19,GLAXOSMITHKLINE FINANCE PLC
5493008710KTW7VU8B36,PINEBRIDGE INVESTMENTS EUROPE LIMITED
54930087BYCGOODQ7P92,SSB Bank
54930087VYMSIGK4TY26,SCHRODER INVESTMENT MANAGEMENT NORTH AMERICA LIMITED
54930087ZW7MYVKQ1Q82,Goldman Sachs Asset Management (Hong Kong) Limited
54930088A108K3K5M708,Virtu ITG Hong Kong Limited
54930088NZQ6CDL0WA10,FIRST CITIZENS' FEDERAL CREDIT UNION
54930088R4YQVV0P9F21,Banco Regional SA Institución de Banca Múltiple Banregio Grupo Financiero
54930088VDQ6840Y6597,HUBBELL INCORPORATED
54930089N0CNBIO5PR40,CELIO INTERNATIONAL
54930089UCKVYWVCQM25,"ASCENDANTFX CAPITAL USA, INC."
5493008B0STMH3JFSW17,CAMPOSOL S.A.
5493008B4M4EF3B5X872,CAUSEWAY CAPITAL MANAGEMENT LLC
5493008BATDQM2LE5Z97,BYBLOS BANK EUROPE
5493008BYVT0QNR4H747,STANDARD BANK (MAURITIUS) LIMITED
5493008C22FNI0QEEF10,The Ultima Investments Cyprus Limited
5493008CEQ3LTS846X43,RETIREMENT SYSTEMS OF ALABAMA
5493008CGCDQLGT3EH93,DBRS RATINGS LIMITED
5493008CGJPP4TAR4925,SGX GENERAL COUNTERPARTY PTE. LTD.
5493008CLR0AUM07SD15,MELTON MOWBRAY BUILDING SOCIETY
5493008DFOLNJ0YC6U22,OMEGA FUNDS INVESTMENT LIMITED
5493008DI2IOX4G3I745,Britannia Bank & Trust Ltd.
5493008DUJF1PH8ME788,PERMODALAN NASIONAL BERHAD
5493008DWWBRUN4B9Y18,Export Import Bank of Bangladesh PLC
5493008E3WZYM5146L29,Farmers and Merchants Trust Company of Chambersburg
5493008E85XK12EKYI22,"ITAU BBA USA SECURITIES, INC."
5493008EB5UEXAP2ED56,ZENNOR ASSET MANAGEMENT LLP
5493008EEVVW4WMUQG73,"MULTI SERVICE TECHNOLOGY SOLUTIONS, INC."
5493008EK06BBQGICG76,UNICREDIT BANK A.D. BANJA LUKA
5493008F0LRLS5N8LZ81,EVERCORE GROUP L.L.C.
5493008FDTNXDEEG6L97,MOLESKINE S.R.L.
5493008FHV9NM1RASP51,Trustly Group AB
5493008FTHNJVXJNFH65,EURO EXCHANGE SECURITIES UK LIMITED
5493008FVMXP7JI2CT87,SS&C Administration Services Luxembourg S.A.
5493008GFNDTXFPHWI47,"NEW YORK MERCANTILE EXCHANGE, INC."
5493008GNQHVI377MY19,U.S. BANK EUROPE DESIGNATED ACTIVITY COMPANY
5493008GPM536ZBKNN26,ONEX CANADA ASSET MANAGEMENT INC.
5493008H3828EMEXB082,ANHEUSER-BUSCH INBEV
5493008H68QG2A0MK376,First Commercial Bank (USA)
5493008H7M5V1B1QUL10,"Inversiones Santa Cruz, S.A."
5493008HEH0M5O56OV45,HIGHVISTA STRATEGIES LLC
5493008HHIT5YWYXVP80,CMC Markets Singapore Pte. Ltd.
5493008HL7YGILBYY124,TPSEF INC.
5493008HV53MEILG2D59,Parke Bank
5493008IBLS64L71NM85,AMINVESTMENT BANK BERHAD
5493008IUOJ5VWTRC333,"THE INTERPUBLIC GROUP OF COMPANIES, INC."
5493008JECJRNEY1F082,BANK ASIA PLC
5493008JR8FCVQ6FJL94,INDIAN BANK
5493008JZL5CRK3VS565,هيئة قطر للاستثمار
5493008K65FKZ7JK3617,"ADVENT SOFTWARE, INC."
5493008KHCPPVJUY3A33,STURGEON VENTURES LLP
5493008KJFFG6PYZ5914,Saco & Biddeford Savings Institution
5493008KNKX6VX5FBN15,ROCHE PHARMHOLDING B.V.
5493008L7X1TYN17K544,JARDEN AUSTRALIA PTY LTD
5493008LE8WY2FYVBP96,PGIM LIMITED
5493008LFEFSN1CR8I42,SHELL TREASURY CENTRE LIMITED
5493008LFIYZKT5TJ445,BANK J. SAFRA SARASIN AG
5493008MK05WZJY02D95,Wellington Square Capital Partners Inc.
5493008MLNFTWNSBXB88,St. Louis Bank
5493008MM9RAX3RXS616,LIFFEY ACQUISITIONS DESIGNATED ACTIVITY COMPANY
5493008MSAGSTUCMKL66,BANQUE CANTONALE DE FRIBOURG
5493008MWFV1JP9RI663,GREEN LINK DIGITAL BANK PTE. LTD.
5493008MX11GHEG2I105,岩井コスモ証券株式会社
5493008NB1ZIY4SKHN46,PHILIPPINE SAVINGS BANK
5493008NTORCQSL13M83,STIFEL NICOLAUS CANADA INC.
5493008O0NTORWW31M67,REGAL PARTNERS (RE) LIMITED
5493008ORAD5BDMS3Q75,"LYON INVESTMENT SERVICES, CORP."
5493008P9DJX0WNGA303,Symmetry Master Fund Limited
5493008PLV3K7YYQ6V14,"Slovenski državni holding, d.d."
5493008PVPDMYXQJYJ87,European High Yield Bonds KL
5493008QHW8K6ISWOY12,Mirabaud Asset Management Limited
5493008QN607QS5J3C42,"HG VORA CAPITAL MANAGEMENT, LLC"
5493008QRHH0XCLJ4238,BRD - GROUPE SOCIETE GENERALE SA
5493008QZPPHVJ8Q4F45,ΕΘΝΙΚΗ ΤΡΑΠΕΖΑ ΤΗΣ ΕΛΛΑΔΟΣ (ΚΥΠΡΟΣ) ΛΙΜΙΤΕΔ
5493008RP59ZQ3UQ1882,STONEX PAYMENT SERVICES LTD.
5493008RSN6F31BTGT93,Gulf Coast Bank and Trust Company
5493008S0C1NNCV8Y088,Investerum AB
5493008S1CW8VJ3GVF84,JB CAPITAL MARKETS SOCIEDAD DE VALORES SA
5493008S4ZZ3JUH4OO20,MAYBANK ASSET MANAGEMENT SDN. BHD.
5493008S5MN0S6ASBL22,MedMera Bank Aktiebolag
5493008S6MTNE6CY5G37,Northstar Bank
5493008SP1FN4D81IS17,Toyota Financial Savings Bank
5493008T4YG3AQUI7P67,CELLNEX TELECOM SA
5493008T5DB2Q8O2OH38,ENTRUST GLOBAL LTD.
5493008T716SDP1XZQ16,شركة سيتي جروب العربية السعودية شركة شخص واحد مساهمة أجنبية مقفلة
5493008T782BNFVY2R37,CITIGROUP HOLDINGS MAURITIUS LTD
5493008U3H3W0NKPFL10,GN STORE NORD A/S
5493008UK8L04OYCZ513,CELESTIAL COMMODITIES LIMITED
5493008UMQIRUO4PVN69,啟恒證券有限公司
5493008V41QSH2WT1264,SOFTLOGIC STOCKBROKERS (PRIVATE) LIMITED
5493008V7RCLD02Z2B97,LOMBARD ODIER (SINGAPORE) LTD.
5493008VBQD43X8QCS14,大樹生命保険株式会社
5493008VCV0WOYJD2O16,INSTINET SINGAPORE SERVICES PRIVATE LIMITED
5493008VUBJIINNYJ873,"DENALI ADVISORS, LLC"
5493008W785ZKQMVNG08,North American Development Bank
5493008WOGQAQLWW1073,ROYAL BANK OF CANADA PARIS BRANCH
5493008WV2CB627PXL97,Basis 1 KL
5493008X1UBLOD3JDQ57,"OCTAGON CREDIT INVESTORS, LLC"
5493008X62OV3LG0EM72,Sijoitusrahasto Nordea Sve Reaalikorko
5493008XJ0675EOLRK32,MONDELEZ GLOBAL LLC
5493008YL42784DMWN61,CARLSBERG BREWERIES A/S
5493008YPOF2ZCVQJ061,Евро-Финанс АД
5493008YUGP5E01IBD70,BLACKROCK INTERNATIONAL LIMITED
5493008Z30ZS378SB107,BANK SEPAH
5493008Z8AK11QIL1E97,Länsförsäkringar Östgöta
5493008ZE4ZJ188JC312,Mosaic
5493008ZTQCAIW9XU219,NATIONAL BANK TRUST INC.
5493008ZZTG8ME51CI07,BLOM SPV Ltd.
54930090E6G3V7ZWIP76,Korte obligationer KL
54930090O4QNGA8IEC21,TOWER RESEARCH CAPITAL EUROPE LIMITED
54930090QR873H4M6D72,UBS証券株式会社
54930090SMZ6BUH5QZ02,BANCA DI CREDITO COOPERATIVO DI SAN MARCO DEI CAVOTI E DEL SANNIO -CALVI - SOCIETA' COOPERATIVA
54930090WAOK86CFFU95,"GOLDMAN SACHS GLOBAL COMMODITIES, MEXICO, S. DE R.L. DE C.V."
549300915M5PZJRLF317,"SHENKMAN CAPITAL MANAGEMENT, INC."
549300919UMG84ROIT89,MILLENNIUM GLOBAL INVESTMENTS LIMITED
54930091IM32ECQG7562,Peoples Bank and Trust Company
54930091L731COPSV208,IFP INTERMONEY FINANCIAL PRODUCTS SA
54930091S3HLMLL2VG47,"AFFINITY INVESTMENT ADVISORS, LLC"
54930091S5RBO7D1SJ03,"Sociedad Administradora De Fondos De Pensiones, Cesantias Y Del Componente Complementario De Ahorro Individual Porvenir S A"
54930092R8KXPUNCUI17,"DAH SING BANK, LIMITED"
54930092XIVK28RZGM95,QUILTER PLC
549300935FF26B770L41,CAPITAL INTERNATIONAL LIMITED
54930093MNT6UWNWI306,CAC INTERNATIONAL BANK
54930093SS0TRRLNHY60,SCOTIABANK BRASIL SA CORRETORA DE TITULOS E VALORES MOBILIARIOS
54930094UMSXWVWJMT48,Budapesti Értéktőzsde Nyilvánosan Működő Részvénytársaság
549300960TB5ID0J6819,株式会社肥後銀行
54930097HE5G32A3ZP26,Statkraft Financial Energy AB
54930097L6MOM2SLNB45,RBC MERCHANT BANK (CARIBBEAN) LIMITED
54930098885NDUCBXU44,Goldman Sachs (Mauritius) NBFC L.L.C.
54930098DWRYF5162A68,WESTPAC EUROPE GMBH
5493009ADHYKU8V9P697,ITAU BBA INTERNATIONAL PLC
5493009AQ17D375CMP13,"Meeder Public Funds, Inc."
5493009BEIPNNFLTGX12,BANCO DAVIVIENDA (PANAMA) S.A.
5493009BFHD1NRI4BL33,Finserve Nordic AB
5493009BOQDC6PCFR785,"NBT Bank, National Association"
5493009CCXH3RNCA7U43,LEASYS ITALIA S.P.A. O BREVEMENTE LEASYS S.P.A.
5493009DQQ81725XIJ49,Five Points Bank
5493009E7XP3JKNWEH27,BANCO DE DESENVOLVIMENTO DE MINAS GERAIS S.A. - BDMG
5493009EEWZ9S4F2BE94,Kirkpatrick Bank
5493009EICRTF6I88I36,STANDARD ISLAMI BANK PLC.
5493009ESXVNAECXZT18,PAYNOMAD CAPITAL LTD.
5493009FOGEUTR4HFR55,StoneX Financial Europe S.A.
5493009FW3T8XKHOE516,ALMA CAPITAL INVESTMENT MANAGEMENT
5493009FWOE6CQ1J5K28,GOLDMAN SACHS (ASIA) SECURITIES LIMITED
5493009G8Z6HBT19MD41,CONCENTRA BANK
5493009GCYS5Q8HOI372,日本マスタートラスト信託銀行株式会社
5493009GUESWKOCRBE73,TRADITION (UK) LIMITED
5493009GY1X8GQ66AM14,Neste Oyj
5493009HN53YN9OU8R24,Squarepoint Master Fund Limited
5493009I2UKNSA77R396,"UAB FMĮ ""Myriad capital"""
5493009JSB0PVNZVYJ25,URSUS PARTNERS LIMITED
5493009KB30EUI14HJ76,Catalyst Corporate Federal Credit Union
5493009KL3VM5M7SB986,Humle Fonder AB
5493009LC5RTMFRLIJ89,OTP BANK S.A.
5493009LONWGXA09YC71,AMADEUS CAPITAL PARTNERS LIMITED
5493009LYI2PRE3AIF02,بنك القاهرة عمان
5493009N12FP681FLO96,BANCO MULTIVA SOCIEDAD ANONIMA INSTITUCION DE BANCA MULTIPLE GRUPO FINANCIERO MULTIVA
5493009NLZXZGJDOPC94,Scotia Capital Inc.
5493009NOBCCL6BI4R68,BANCO DE INVESTIMENTOS UBS (BRASIL) S.A.
5493009NSQXK6RTBOL82,BANQUE DE NOUVELLE-CALEDONIE
5493009NYEQTN2KDBX66,OOF AB
5493009O0G5TGPI5VZ81,國泰證券投資信託股份有限公司
5493009OAL2A0ISJZK27,Basis 2 KL
5493009OUKD11DP33406,TAIPEI STAR BANK LTD
5493009OVS2ZWA6Y0H34,"BANCO OCBC (MACAU), S.A."
5493009OVVDK1BR3GM24,Spiltan Fonder AB
5493009OYFGGCKNUED05,BLOMINVEST BANK S.A.L.
5493009PHC7CP70MHL06,OXFORD UNIVERSITY ENDOWMENT MANAGEMENT LIMITED
5493009PK9GPDCGTV888,Banco de Guayaquil S.A.
5493009PZBDYGMVS4731,ALMACE ASSET MANAGEMENT LLP
5493009QM9VZS6YXIF76,HONG LEONG ISLAMIC BANK BERHAD
5493009S30DUFCF75V87,"COVETRUS, INC."
5493009SS6U10C4KDV21,GOLDMAN SACHS CANADA INC.
5493009SX8QJBZYIGB87,"PGIM, INC."
5493009SXBGGW7I37Y31,Yapi Kredi Bank Nederland N.V.
5493009T9IBHZZKFR082,EDMOND DE ROTHSCHILD (EUROPE)
5493009TDSBRGGNYLX39,GLOBAL BONDS
5493009TEPL28V893I38,Sijoitusrahasto Nordea Discretionary Corporate Credit
5493009U1I66SH2N8B13,PT BCA SEKURITAS
5493009U3Z7T32DXL565,Quaint Oak Bank
5493009U9WGUNLD67175,RESPONSABILITY INVESTMENTS AG
5493009V3WNJX9V2GZ85,FirstBank
5493009VA6AFUB2Q0289,INSTITUTO COSTARRICENSE DE ELECTRICIDAD
5493009VJC01E4H6HH77,Avanza Bank AB
5493009W2E2YDCXY6S81,"NOVO BANCO, S.A."
5493009W53901OCHI065,BANCO BILBAO VIZCAYA ARGENTARIA COLOMBIA S.A.
5493009WCP2M6GLMND26,BRUNEI INVESTMENT AGENCY
5493009WEUP8D9PW0J51,STATE STREET BANK INTERNATIONAL GMBH
5493009WT8T3VXA8C024,Forthright Capital Management Limited
5493009X0RLKSY5CFN79,CASTILE ACQUISITIONS LTD
5493009Y8ROUG903AQ21,STANFORD Federal Credit Union
5493009YAY9MTF1EQS20,"DEERFIELD MANAGEMENT COMPANY, L.P."
5493009Z5F07LWZYMK62,恒生銀行有限公司
5493009ZDBVG2CO1O689,Suomen Hypoteekkiyhdistys
5493009ZFRBMAYWB2F82,The Moody National Bank
5493009ZGZJJ8F77JN08,"VALMONT INDUSTRIES, INC."
5493009ZQOZS8JYRQN62,株式会社百十四銀行
549300A08LH2961IPN13,SANTANDER CONSUMER BANK AS
549300A0DQ1VNT16YA86,PACIFIC EX JAPAN INDEX
549300A0JPRWG1KI7U06,Nokia Oyj
549300A0MNIZNJBONO78,대신증권(주)
549300A0NSXDTEQJAR30,UBS Bank (Canada)
549300A1TY93TY4PV011,Citigroup Strategic Holdings Mauritius Ltd
549300A1ZLTL4KX3DZ92,株式会社北洋銀行
549300A2F46GR0UOM390,ERSTE&STEIERMÄRKISCHE BANKA dioničko društvo
549300A3EZXECDLW2V25,ELIA TRANSMISSION BELGIUM
549300A3XI3YWROC2J57,SIX SIS AG
549300A3XNBD0DZUV073,LYB AMERICAS FINANCE COMPANY LLC
549300A4EP7OWFN86F78,Emerging Markets KL
549300A4FVYDIR1CLD35,Sijoitusrahasto Nordea Säästö Korko
549300A4XP4SCZAQ4558,BANQUE DE TAHITI SA
549300A5QXDCAXLKH833,BOFA SECURITIES INDIA LIMITED
549300A6YPOKDQA8QN81,BANCO PROMERICA DE COSTA RICA SOCIEDAD ANONIMA
549300A76IXGXWMASC09,USAA ASSET MANAGEMENT COMPANY
549300A7BPOO2YO2YE30,Montecito Bank & Trust
549300A7DTSCJLJ33451,Banc of California
549300A81K8K8KJR9759,"PyraMax Bank, FSB"
549300A8JUGMGRJLXL82,"PUBLIC VENTURES, LLC"
549300A8MDWDJNMLV153,FOMENTO ECONOMICO MEXICANO S A B DE C V
549300A8YN6U8D2CFX77,GLOBAL EMERGING DEBT
549300A9VAL70VQYHE09,IRIDIAN ASSET MANAGEMENT LLC
549300ABE4K96QOCEH37,BANCA SELLA HOLDING S.P.A.
549300ABJLDZPUHJM092,Swiss Life Asset Management AG
549300AC3RD9IDVLRC39,BANK OF THE LAO PDR
549300AC4BZFPGVSDO69,J P MORGAN SECURITIES SOUTH AFRICA
549300ACVHHYSDIK2029,ARCHR LLP
549300ADDUNZYPHT6496,RENAISSANCE CAPITAL (KENYA) LIMITED
549300ADEBO7HF4LSX14,LANSDOWNE PARTNERS (UK) LLP
549300ADUET4CKK35E02,MACQUARIE CAPITAL LIMITED
549300AE0DWETJDYFB29,JANE STREET NETHERLANDS B.V.
549300AEF28JOPLFGB80,Contrarius Investment Advisory Pty Limited
549300AEZQJUIDGQI431,"AMERITAS INVESTMENT PARTNERS, INC."
549300AF0TA187WGC581,"BANCO COMERCIAL ANGOLANO, S.A."
549300AFN2MVLA0JPI98,شركة كيو أن بي للخدمات المالية
549300AFS0UU6SDK2K95,Philippine National Bank
549300AG0EUNCNQ5KC26,PAYOMA LIMITED
549300AHVQ1LDFNP8P69,Inwood National Bank
549300AHYJ0OMBLIL335,DANMARKS NATIONALBANK
549300AIDBFR45UK7K91,EMERGING MARKETS
549300AJ1Q8WP58TPP33,BANQUE DE CHINE (DJIBOUTI) S.A.
549300AK8Y0LBIQ4T071,BIOMERIEUX SA
549300AKYALVKKLSOF08,LELEUX ASSOCIATED BROKERS
549300AL8CESRCVHFX93,บริษัท ธนาคารไอซีบีซี (ไทย) จำกัด (มหาชน)
549300ALH3VBO0IE6H91,株式会社足利銀行
549300ALY1LDVQGKWL18,HSBC MÉXICO SA INSTITUCIÓN DE BANCA MÚLTIPLE GRUPO FINANCIERO HSBC
549300AMJD0BQTO2MI46,EVANS AND PARTNERS PTY. LTD.
549300AMYZRPPY6D9P76,"E.SUN COMMERCIAL BANK, LTD."
549300AO3U8TJW5KLN17,CAAM Fund Services AB
549300AOLMEKXO0DSU51,PAPAYA LTD
549300APE0JGFJ9JMB36,"ExodusPoint Partners Master Fund, LP"
549300APETHCFVBSH009,BREVAN HOWARD (ISRAEL) LTD
549300APFHMGN13G5992,INTERMARKET CORPORATION
549300APOHPVL4YFCA77,BANQUE ENI
549300APVP4R32PI3Y06,한국수출입은행
549300AQ9JA86ILNE554,ADMINISTRACION NACIONAL DE TELECOMUNICACIONES (ANTEL)
549300AQMZGW0QXDCL59,GS INVESTMENT STRATEGIES CANADA INC.
549300AQN2CY1MGE3J02,UNIVERSITY OF MICHIGAN CREDIT UNION
549300AQUHDT05ETOY35,"PRELUDE CAPITAL MANAGEMENT, LLC"
549300AQWOOF7S8JFF80,WELLS FARGO SECURITIES EUROPE
549300ARVP81V3JVJD32,NORTH AFRICA INTERNATIONAL BANK
549300ASO4TT04K87H63,"DORSEY ASSET MANAGEMENT, LLC"
549300ASUMKO167IRC55,PKB PRIVATE BANK SA
549300ASZ9RL8XUHSM58,FIR TREE CAPITAL MANAGEMENT LP
549300AT4OLE6P7NTD88,AXIOM INVESTORS LLC
549300AT7EB9FJAF0E61,Old National Bank
549300ATGIBI6ISR3N04,Fonde KL
549300AUFLERO59VGC71,"Home State Bank, National Association"
549300AUJB2WE4FMLE24,City of Winston-Salem
549300AUKCCP620VUG64,Nomura Reinsurance 1 IC Limited
549300AV3Y6VMWJUXJ60,JPMORGAN FUNDS LIMITED
549300AWF3TOHRYL7754,STONEX FINANCIAL LTD
549300AWR7IRCHK46J98,CENTRAL BANK OF THE REPUBLIC OF KOSOVO
549300AWRXSFSCNDQZ04,BANCO DE HONDURAS S.A.
549300AWTWMSTGL2GG21,GENERALI VIE
549300AX1UM10U30HK09,交通银行股份有限公司
549300AX5CZFLWUJNH59,ATHORA ITALIA S.P.A.
549300AX8SE6NQAXOF72,Man Investments Finance Limited
549300AXKYD43EGOR526,LEFIKA SECURITIES
549300AY225QXN79YF87,Glarner Kantonalbank
549300AZQPGR1UXKGU71,Hazelview Securities Inc.
549300AZY1VDTDW4PX04,البنك التجاري الكويتي / مساهمة العامة
549300B03JBSN81XF771,JAPANESE EQUITY SELECTION
549300B09HPB600ZE272,THESIS ASSET MANAGEMENT LIMITED
549300B0FLNFTFYQDJ30,"BANCA DI CIVIDALE SOCIETA' PER AZIONI, IN FORMA ABBREVIATA ""CIVIBANK S.P.A."""
549300B0GDNF3MD7KP64,"PACIFIC BANK, S.A."
549300B0H4ME330W2K64,BANCO POPULAR DOMINICANO S A BANCO MULTIPLE
549300B0HF260P2JRS30,PERBADANAN TABUNG AMANAH ISLAM BRUNEI
549300B0NGKC6ZEITB72,Gonet & Cie SA
549300B0U0OFPCO3XJ79,СЪСТЕЙНАБЪЛ БИЗНЕС СОЛЮШЪНС
549300B14PK448EZ1Q88,PHILIPPINE TRUST COMPANY
549300B18L885HC51A38,CAIXA DE CREDITO AGRICOLA MUTUO DE MAFRA CRL
549300B190GPYLAX3Y92,American First National Bank
549300B1O56WFXWN3Y95,Goldman Sachs Holdings (Hong Kong) Limited
549300B206THJHUTBP43,ESSILOR INTERNATIONAL
549300B2E4B0COXM3996,Covenant Bank
549300B2KZ06ZUALLM05,NEF KAPITALFORVALTNING AS
549300B2Q47IR0CR5B54,FÉDÉRATION DES CAISSES DESJARDINS DU QUÉBEC
549300B31HSTBIV6QG26,CALAMOS ADVISORS LLC
549300B33RBJLBXW4P53,"""ARMSWISSBANK"" CLOSED JOINT-STOCK COMPANY"
549300B37OSRF8QQ7T62,GLOBAL SUSTAINABLE CREDIT
549300B3F9JGTD2KMF92,TP VISION HOLDING B.V.
549300B3LJV7BU7IY610,First National Bank of Central Texas
549300B3S9ENN2P5WM84,BANCO PINE S/A
549300B4EDUXYD2G6098,السجلات التجارية
549300B4NIZY3YQIWT67,Banco Votorantim S.A. - Nassau Branch
549300B4TVTT8W8O0H31,LEDVANCE GMBH
549300B4U1F2ZG7LH576,Basis 4 KL
549300B4YFWH3U74B152,ARCONIC CORPORATION
549300B58BNDCGTQEI54,ITALBANK INTERNATIONAL INC.
549300B5C08LGDFB7205,"BANCO GENERAL, S.A."
549300B5C1FRFHBYW144,"AMERICO LIFE, INC."
549300B5PRENBDHYQ971,Hewlett-Packard GmbH
549300B5SBS3MKZGEI22,บริษัท หลักทรัพย์ แมคควอรี (ประเทศไทย) จำกัด
549300B5VEYO8OWBDZ32,HITPAY PAYMENT SOLUTIONS PTE. LTD.
549300B6Q534WULQZF41,BGC INTERNATIONAL
549300B6VEZK3N0A1P55,FIRST AMERICAN FINANCIAL CORPORATION
549300B7H0E251VLNX71,Aktiebolaget Investor Group Finance
549300B81YWV4GBENI49,First Internet Bank of Indiana
549300B831LSRSI6RA15,"КОММЕРЧЕСКИЙ БАНК ""ДЖ.П. МОРГАН БАНК ИНТЕРНЕШНЛ"" (ОБЩЕСТВО С ОГРАНИЧЕННОЙ ОТВЕТСТВЕННОСТЬЮ)"
549300B8DHDW7XX3KW68,FONDO PENSIONE NAZIONALE A CAPITALIZZAZIONE PER I LAVORATORI DELLE FERROVIE DELLO STATO - EUROFER
549300B8GVT5PRZVJE74,SQUAREUP EUROPE LTD.
549300B8H612HAP5DJ84,Portefølje PM Balance KL
549300B8J99JJVA1TP42,"COECLERICI S.P.A. ENUNCIABILE "" CC S.P.A. """
549300BA0DVBLVWQFO12,NOMURA SECURITIES SINGAPORE PTE. LTD.
549300BABIOZPCNHMB89,"PRINCIPAL GLOBAL INVESTORS, LLC"
549300BAFGM4RC74ZJ94,"טבע תעשיות פרמצבטיות בע""מ"
549300BAONOLNOF3PE89,PARALLAX VALORES PUESTO DE BOLSA
549300BB4LSE4JRRGV15,Choice Financial Group
549300BBGZCVGWMMRP23,ZENITH AM
549300BC43J54DC3MQ83,Bank of New England
549300BD14PWV68T0T79,中華郵政股份有限公司
549300BD4QIHNP50TV34,NATIONAL BANK OF TAJIKISTAN
549300BDBM4VD1WIY331,BANQUE D'ABIDJAN (BDA)
549300BDK2FS7ZK39197,COMPASS BANCA S.P.A.
549300BE8C6LWUJ8W009,"BNP PARIBAS RCC, INC."
549300BEFX6JRSCS5N78,Centennial Bank
549300BEI5FJA6U6QK51,OANDA EUROPE LIMITED
549300BEL47N4GGJM871,Stanbic Bank Kenya Limited
549300BEM32ZRV7MJ178,Southside Bank
549300BENYSF664A4K89,AGILITY FOREX LTD.
549300BES7HNVKCDIM50,"American Savings Bank, F.S.B."
549300BETUFXG0055F45,GBT TRAVEL SERVICES UK LIMITED
549300BFUZT0WPLV8K64,Guyana Bank for Trade and Industry Limited
549300BG31WZXGJRH472,Texas National Bank
549300BGE4X1KRE2PE75,GENERALI IARD
549300BGNISXOPGDOT04,PACIFIC DAWN LIMITED
549300BH267R4KQVKV59,BANCO NACIONAL DE COSTA RICA
549300BHBJYBLKLYUZ38,Bullion Ventura International Limited
549300BHDVLB8717J837,KDB Asia Limited
549300BHOTYU0I7XC494,NATIONAL CREDIT AND COMMERCE BANK LTD.
549300BHZG4MO3AF1068,HENGISTBURY INVESTMENT PARTNERS LLP
549300BI9FMGBXN2I036,"SOCIETE GENERALE CAPITAL MARKET FINANCE, en abrégé SGCMF"
549300BIAWNNPUVFP581,MACQUARIE SECURITIES (AUSTRALIA) LIMITED
549300BIFAGVBE2BLC93,CENTTRIP LIMITED
549300BJHZ5S3CR5W615,MERCANTILE EXCHANGE CORPORATION
549300BJNJQG8YAMRR58,Ziglu Europe ApS
549300BJPGQYMIQ3E581,Khattar Capital International Pte. Ltd.
549300BJXDG25HKNNC94,Viknum AB
549300BKB46CGMNC2L04,PALMER SQUARE CAPITAL MANAGEMENT LLC
549300BKFQI8M03HT187,"Highland Capital Management, L.P."
549300BKKCO12VBQBO45,SOCIÉTÉ GÉNÉRALE DE BANQUES EN GUINÉE EQUATORIALE
549300BLETICMY13WN65,BANQUE CANTONALE DU JURA SA
549300BLWPABP1VNME36,SCOTIA CAPITAL (USA) INC.
549300BMTROG2VHYEV26,WIM ASSET MANAGEMENT (CAYMAN) LTD.
549300BMUBP6YOC66N50,CDS Clearing and Depository Services Inc.
549300BMVV7VTFX98010,Partner Fondkommission AB
549300BN2OQA45ZT7Y20,ALPHABET CAPITAL INTERNATIONAL DESIGNATED ACTIVITY COMPANY
549300BN4MNW5KE16X83,Northfield Bank
549300BN6JV17P41VQ10,lambda CAPITAL GROUP AG
549300BNHLLHDMRJKL16,高盛（中国）证券有限责任公司
549300BNS685UXH4JI75,HIKMA PHARMACEUTICALS PUBLIC LIMITED COMPANY
549300BNY5WIXXEEZ634,"Merrill Lynch, Kingdom of Saudi Arabia Company"
549300BO7WJYLJNCIE65,CELANESE SERVICES GERMANY GMBH
549300BOW6WEM3N6ZW20,SCHRODER INVESTMENT MANAGEMENT (SINGAPORE) LTD.
549300BPHEJP44XN4232,星展银行（中国）有限公司
549300BPK7857G4FHG58,EUR CORPORATE BONDS
549300BPO83ZZLEVGG70,QNB Bank
549300BRLQAIJ1LJA253,"Bank First, N.A."
549300BRZP1747NYWI06,GAVEA INVESTIMENTOS LTDA
549300BS56FCBTEVH698,"VANGUARD ASSET MANAGEMENT, LTD."
549300BS5B11WHP76U70,Casa4Funds SA
549300BSB8CC9F02PN97,J.P. MORGAN SE
549300BSI4Z5YDPOFP72,"PALOMA RHEEM INVESTMENTS, INC."
549300BSTL6BZIIPLY69,FISHER FUNDS MANAGEMENT LIMITED
549300BSU1TBH0FC2Y05,RUSSELL INVESTMENTS IMPLEMENTATION SERVICES LIMITED
549300BT086M5HUUWJ52,"Fenwal, Inc."
549300BT51N3KAXDPP56,ING Luxembourg
549300BTNWR3X658Z105,TOPJUAN TECH CORPORATION
549300BUPYUQGB5BFX94,HONG LEONG BANK BERHAD
549300BUY5TZ8OC68Y89,OCBC Bank (Malaysia) Berhad
549300BV85TFYXK2Y635,CITY OF LONDON INVESTMENT GROUP PLC
549300BVR9AUZB18HW43,"JACOBS LEVY EQUITY MANAGEMENT, INC."
549300BWSLLQ87D3BQ32,Langdon Equity Partners Ltd.
549300BX44RGX6ANDV88,HEWLETT PACKARD ENTERPRISE COMPANY
549300BX4TGA2STJHH03,NERINE TRUST COMPANY LIMITED
549300BXVNOCYQ83FU09,Coca-Cola HBC Finance B.V.
549300BYCCERC5EKUX15,株式会社　百五銀行
549300BYLG7XO0GJYP42,ROTHELAND
549300BYOD6JPDH1Y529,노무라금융투자 주식회사
549300BYU8UI37STTY19,ISLAMIC INTERNATIONAL ARAB BANK
549300BYWOXNH286YR10,State Street Global Advisors Trust Company
549300BZ3GKOJ13V6F87,"SID - Slovenska izvozna in razvojna banka, d.d., Ljubljana"
549300BZGC73FHYP9S05,ARAB BANK FOR ECONOMIC DEVELOPMENT IN AFRICA
549300BZOVZUPJKVVM35,"Plus500US Financial Services, LLC"
549300BZQ6CXNOPQ8E95,CLEARBRIDGE INVESTMENT MANAGEMENT LIMITED
549300BZTDNGUVTZJG45,WORLDVIEW CAPITAL MANAGEMENT LLP
549300BZZFFS0SOWR325,FORD BANK GMBH
549300C02MIZ7K4Z1B81,PT INDO PREMIER SEKURITAS
549300C04BJ0G297NC13,Ally Bank
549300C16Q6C2NMAI063,AGILITY PUBLIC WAREHOUSING COMPANY KPSC
549300C1DIJYADR7XM56,LGT Bank AG
549300C1DKVS5NB9AW83,LANTERNA MORTGAGE S.R.L.
549300C1NK9UMPNU0M16,RENEWI SUPPORT B.V.
549300C1VL3K8FAIEV61,ENGELHART CTP GMBH
549300C2AUIEJ0FZ5I29,Nomura International Trust Corporation
549300C2C8510ACFWP58,SEI INVESTMENTS (EUROPE) LTD
549300C2RYIE3KRC4N44,SCHRODER & CO. (ASIA) LIMITED
549300C2XKS86VQDGV41,LUZERNER KANTONALBANK AG
549300C43L0TF7UALB02,ASHMORE INVESTMENT MANAGEMENT LIMITED
549300C44ZNZJ1P8KP07,HUDSON ADVISORS L.P.
549300C4C5KUGLLS7L23,DEEP BLUE CAPITAL B.V.
549300C4J510S9L1RF98,"Alerus Financial, National Association"
549300C4RWHVOOSD9T96,"D. E. SHAW & CO. (LONDON), LLP"
549300C4TYC43F3PLR39,Sijoitusrahasto Nordea Global Index Select
549300C5E54H4H0UF379,ORIX AVIATION SYSTEMS LIMITED
549300C5GU86M1X2DG56,Central Bank & Trust Co.
549300C66EHJ6EWN7T05,LI Indeksobligationer Globale
549300C6IE8LNURFZG55,MODULAIRE GROUP HOLDINGS LIMITED
549300C6L67POGOTK470,BANCA DI CREDITO COOPERATIVO DI MILANO - SOCIETA' COOPERATIVA
549300C6M0CQYBNWOZ03,ALLSTON CAPITAL LLC
549300C6P2CZK2UMHF56,TOSCAFUND LIMITED
549300C6QEJST2O3A127,"CAIXABANK, S.A. ZWEIGNIEDERLASSUNG DEUTSCHLAND"
549300C6TUMDXNOVXS82,Länsförsäkringar Bank Aktiebolag
549300C74Y46JUAO4N13,British Columbia Investment Management Corporation
549300C77NPNCOM1EG05,"GOLDMAN SACHS TRUST COMPANY, NATIONAL ASSOCIATION, THE"
549300C8BNK81BLYTD88,LANTERNA FINANCE S.R.L.
549300C8KF7PXFLBR195,QARMET JOINT STOCK COMPANY
549300C8QPAXITCY2126,"MANULIFE INVESTMENT MANAGEMENT (TAIWAN) CO., LIMITED"
549300C9DDHIN3N5ZQ33,PFA Investment Fund
549300C9OVJL55Q3T566,ALLIANCE INVESTMENT BANK BERHAD
549300CA0TY8TCNA4540,WESTWOOD GLOBAL INVESTMENTS LLC
549300CACBCAF4N7SH07,NORTHERN TRUST (GUERNSEY) LIMITED
549300CBLFBFLXQI7H46,Hewlett-Packard Nederland B.V.
549300CBNW05DILT6870,EUROCLEAR
549300CBUV5WUHFO8G75,株式会社　関西みらい銀行
549300CC0UD41U9OK352,MAISONS & CITES SOCIETE ANONYME D'HLM
549300CCFF34WGDRI174,E.B.A
549300CCL2BKJGMYXV60,บริษัท ธนาคารกรุงเทพ จำกัด (มหาชน)
549300CCWSUKBW3TGZ30,LAFITTE II LIHTC LLC
549300CCXXYMZ7EPU633,CUMAX WEALTH MANAGEMENT LIMITED
549300CD7VYXUQLP3U85,Vantage Capital Markets HK Limited
549300CDOC4F7XSRG390,Pinnacle Bank
549300CEHN5CVC6INV48,The Park National Bank
549300CEWWYG2REGSU04,GIBRALTAR INTERNATIONAL BANK LIMITED
549300CEYDGRIHEM9C63,BLOM BANK QATAR LLC
549300CFI11HDPN4SZ38,FOLKETRYGDFONDET
549300CFUF38XUGZJO47,Banca del Sempione (Overseas) Ltd.
549300CG1LTCDOSKX862,"CHAMPLAIN INVESTMENT PARTNERS, LLC"
549300CGF6CED54T4Y96,IBANFIRST
549300CGKM4BC1DNJK63,Aktieinvest FK AB
549300CGLRBLXD8PLZ18,BANCA COMERCIALA INTESA SANPAOLO ROMANIA S.A.
549300CGO72ED3XVUZ04,AIB MORTGAGE BANK UNLIMITED COMPANY
549300CHDT9P405T3N03,Proven Wealth Limited
549300CHGPTV6WC9XD24,TD SYNNEX SUPPLY CHAIN SERVICES LIMITED
549300CHV3ZDT1NGD029,Volkswagen Group Canada Inc.
549300CI200LBT2L1X58,VIET CAPITAL COMMERCIAL JOINT STOCK BANK
549300CIFNQOH0I25678,MONCRIEF PRIVATE BANK (MONACO) S.A.M.
549300CII6SLYGKNHA04,THE OPTIONS CLEARING CORPORATION
549300CIT01KY6L1HP53,UBS SECURITIES PTE. LTD.
549300CJAWNR6YM7EY24,PRAMERICA PROPERTY INVESTMENT GMBH
549300CJFG5WEXKMGJ76,"BANGKO MONTANOSA, INC. (A RURAL BANK)"
549300CJFWU9XCX2Y628,Verdens Obligationsmarkeder KL
549300CJLSRN0BOE2N78,AARHUSKARLSHAMN FINANCE AB
549300CJMQNCA0U4TS33,WORLDLINE
549300CKQT0JZ2EGNC56,"BANCO DE RESERVAS DE LA REPUBLICA DOMINICANA BANCO DE SERVICIOS MULTIPLES, S.A."
549300CLB0CCSJV6S044,SAN FRANCISCO FIRE CREDIT UNION
549300CLHGIPTCYHQ143,"STRIPE, LLC"
549300CLJI9XDH12XV51,FLOW TRADERS B.V.
549300CLOMV5SY0XDF59,STRATEJİ MENKUL DEĞERLER ANONİM ŞİRKETİ
549300CLRIF4KXELPS45,"BOYD WATTERSON ASSET MANAGEMENT, LLC"
549300CM3R8O9D5Q9M94,MORABANC SA
549300CM85U35F4NQ736,SARADAR BANK SAL
549300CMH3J8ASUM8N29,THE CENTRAL DEPOSITORY (PTE) LIMITED
549300CMSI2E3L60JI77,Stabile Aktier Akkumulerende KL
549300CN3134K4LC0651,"BLADEX, INC."
549300CN35YG4W2KM746,BANCO DE LA NACION ARGENTINA
549300CN5PRDDW8RC842,SPINNAKER CAPITAL LIMITED
549300CNDFRI1MRPTB40,ENEL BRASIL S.A.
549300CNIK7LN7LMQM82,ABB E-mobility B.V.
549300CNZFRSJGEKKZ57,TRAD-X (UK) LIMITED
549300CO09CR3FNOZ392,Banco Pichincha C.A.
549300CO2PNBHLHG4K44,"HAMILTON LANE ADVISORS, L.L.C."
549300CO4Q7A6U0PDU26,"XP INVESTIMENTOS CORRETORA DE CAMBIO, TITULOS E VALORES MOBILIARIOS S/A"
549300CO6TF8VF5OQZ16,Goldman Sachs Global Services I Limited
549300CO8AXREIZS2W92,HARTREE PARTNERS (UK) LIMITED
549300CODTFC3OHCJJ49,OUTSET GLOBAL LLP
549300COIWXM618UBE82,HomeTrust Bank
549300CP7747DCRW6U68,Carrollton Bank
549300CPMJXDDMUGBV31,CASSA NAZIONALE DI PREVIDENZA ED ASSISTENZA PER GLI INGEGNERI ED ARCHITETTI LIBERI PROFESSIONISTI
549300CPZ5G5IZWT7878,Main Street Bank
549300CQ6M9Q0TJEZR23,BANK OF BARODA
549300CQ9NLEHMRCU505,CECABANK SA
549300CQKSICKUF2ZG18,Invenio Holdings Pte. Ltd.
549300CQVWV4J8T6PL86,BRS Banque S.A.
549300CQX54FREWX1196,RWC PARTNERS LIMITED
549300CRCUZB7SBPEP17,Quesada Kapitalförvaltning AB
549300CRG6KNLZMYZH16,BANQUE DU LIBAN
549300CRL28LF3CSEA14,"Goldman, Sachs & Co. Wertpapier GmbH"
549300CRTC7W0TDTWX06,NIKE DE MEXICO S DE RL DE CV
549300CSKRXD3WQG3Y09,UAB ILTE
549300CSQ23LTJFDT883,"DV TRADING, LLC"
549300CSSXBX5D7HKJ69,PT Bank Rabobank International Indonesia
549300CSU762LFH7U134,PARADICE INVESTMENT MANAGEMENT PTY LTD
549300CSX55MXZ47EI78,WEDBUSH SECURITIES INC.
549300CSXNCXQ6HTLA05,Sijoitusrahasto Nora Two (SEK)
549300CTRRO8C3BU3H64,"BAY CREST PARTNERS, LLC"
549300CTUU1RFXHQJE44,BANCO BRADESCO S.A.
549300CU2GA4XCIHLV64,STANBIC BANK UGANDA LIMITED
549300CU3OGJ7EMS2U55,PFIZER SERVICE COMPANY IRELAND UNLIMITED COMPANY
549300CU9LDRDVQE5539,STELLANTIS BANK
549300CUF3Q2PQGM9256,COMMONWEALTH FEDERAL CREDIT UNION
549300CUJUUF2CK3QK26,"BANCA DI CREDITO COOPERATIVO DI ALBA, LANGHE, ROERO E DEL CANAVESE SOCIETA' COOPERATIVA IN FORMA ABBREVIATA ""BANCA D'ALBA CREDITO COOPERATIVO SC"" OVVERO ""BANCA DI ALBA CREDITO COOPERATIVO SC"""
549300CWESV5NI78YL42,SAMSUNG ELECTRONICS HOLDING GMBH
549300CWUTEDC3CFJ739,Goldman Sachs LLC
549300CX0YOWPNTQ2Z70,Apex Fund Services (Cayman) Ltd.
549300CX6UBFJLT7NV25,San Mateo County Employees' Retirement Association
549300CX9K04SQY9WU50,"""A"" WORLD FINANCE (AWF)"
549300CXEW4WALC4V197,"EFACEC POWER SOLUTIONS, SGPS S.A."
549300CXSELYELMZCG27,ZURICH AMERICAN INSURANCE COMPANY
549300CY223ZSXCQH190,"Metabank, National Association"
549300CYUB4LLPADXI60,Globale obligationer KL
549300CZHLTYETQ8UL87,"RIVER ROAD ASSET MANAGEMENT, LLC"
549300CZW488L20NT866,ICE ENDEX MARKETS B.V.
549300D003QRZFSQ4N43,Prosperity Bank
549300D00HM87H839975,ZF AIRBAG GERMANY GMBH
549300D0DN3CHSCJ0I36,MILLENNIUM MANAGEMENT LLC
549300D0E6IYK0YNEG10,GP BULLHOUND HOLDINGS LIMITED
549300D0OIQKHM2H3S04,CVC CREDIT PARTNERS INVESTMENT MANAGEMENT LIMITED
549300D12H7JTV5GQM89,CA INDOSUEZ (SWITZERLAND) SA
549300D1777S8BEGUJ59,"Swedbank Investiciju valdymas, UAB"
549300D178N8UFD6I259,SAMSUNG ELECTRONICS (UK) LIMITED
549300D1D2DQ0EUZKD86,WELLS FARGO GLOBAL FUND SERVICES (UK) LIMITED
549300D1GVBLNBQJNP96,SINGAPORE LIFE LTD.
549300D1H731B30TSI43,BANCO SANTANDER (BRASIL) S.A.
549300D1L9OWXDBELF78,Monyx Asset Management AB
549300D1PL8LHKCBST97,SOMERSET TRUST COMPANY
549300D27A50QQD2OQ33,PICTET - INDIA INDEX
549300D2K6PKKKXVNN73,A.P. MØLLER - MÆRSK A/S
549300D2L80WDXJTD812,MEDICI BANK INTERNATIONAL LLC
549300D2T7NRDJTQL306,TRIUMPH III INVESTMENTS (IRELAND) DESIGNATED ACTIVITY COMPANY
549300D2YK0Y2N2MU368,RUPALI BANK PLC
549300D3B4GI1CT73Z02,NATIONAL BANK OF OMAN
549300D3Q016N7YOVW98,Grand Bank
549300D3RZ437284E744,ANZ NEW ZEALAND INVESTMENTS LIMITED
549300D405BPQ5DDVJ61,大和証券株式会社
549300D4KGDO77XZLK68,CMB MONACO
549300D4L76B477GHY32,Ocean Bank
549300D4WYNPHRHJY271,MACQUARIE INVESTMENT MANAGEMENT GLOBAL LIMITED
549300D5F1MMN8WX8D05,Bancontact Payconiq Company
549300D5Q0MTBR2SR973,MOTHER ZION LIHTC LLC
549300D618WKAUGSFT35,Bermuda Monetary Authority
549300D6B6F82KM21774,FASTER ANDELSKASSE
549300D6D4CL58L7GH16,HADRON CAPITAL LLP
549300D71YXF9YLC8J12,البنك اللبناني للتجارة ش.م.ل.
549300D74JNMNUE4XL53,CAXTON ASSOCIATES LLP
549300D7KQYT1Q6PJU91,INDUSTRIFINANS KAPITALFORVALTNING AS
549300D7SF4JSQDV7040,Mirabaud & Cie (Europe) S.A.
549300D7XC3E0ZRD6626,EDGEPOINT WEALTH MANAGEMENT INC.
549300D81ZB6SCFNSJ61,VANTRY CAPITAL INC.
549300D83GR71RNG0O65,NATIONAL BANK FINANCIAL INC.
549300D88XVKM6DJOC77,"Traditional Bank, Inc."
549300D8KGTG7ETFC021,A.P.S.A. - AMMINISTRAZIONE DEL PATRIMONIO DELLA SEDE APOSTOLICA
549300D8RGUM42PP7Q90,BFV-SOCIÉTÉ GÉNÉRALE
549300D8U9TF7WBED521,WEWORK COMPANIES INC.
549300DAPZWBBF0Y6447,AMBANK (M) BERHAD
549300DAQ1CVT6CXN342,NOVO NORDISK A/S
549300DB02FJSSLITX24,JS BANK LIMITED
549300DB6J81W7D15Z27,"TIMESSQUARE CAPITAL MANAGEMENT, LLC"
549300DBDCVZPLXHN447,大华银行（中国）有限公司
549300DBX71GUJPS1965,CREDIT IMMOBILIER ET HOTELIER
549300DC0M8DMLX0G290,Bambora AB
549300DCQS14SYSPPR61,"MECM, LIMITED"
549300DCU7KOL83B3B08,QUBE RESEARCH & TECHNOLOGIES LIMITED
549300DD29TUJTKIE868,CITIGROUP CAPITAL UK LIMITED
549300DDJSGA38RBYY14,Günther & Wikberg Kapitalförvaltning AB
549300DDPTTIZ06NIV06,Banco Itau Chile
549300DDT5O7UW8IQ492,GARDA CAPITAL PARTNERS SÀRL
549300DDU6FDRBIELS05,FOX CORPORATION
549300DE84CHJ3OWRO27,LAZARD ASSET MANAGEMENT LIMITED
549300DE8ZAIYS2T6Q22,TEEKAY TANKERS LTD.
549300DEN4ZLW33T4067,Sijoitusrahasto Nordea Vastuullinen Kasvu
549300DFDJKTCGIT4K93,Victorian Funds Management Corporation
549300DFOXLW8ZHSK740,BANCO BNP PARIBAS BRASIL S.A.
549300DG5JVB2XX2A247,CIBC ASSET MANAGEMENT INC.
549300DG7CU0C6T7Q866,Bank of Tokyo-Mitsubishi UFJ (Canada)
549300DGGG1W0LST8W05,Institute For Advanced Study
549300DGSSI1ZTZUMT16,BANCA DEL SEMPIONE SA
549300DGV3UF00SS9O26,Sijoitusrahasto Nordea Global Enhanced
549300DGZH8X7JHYXQ58,FRØSLEV-MOLLERUP SPAREKASSE
549300DH0J262VL0B783,CCLA INVESTMENT MANAGEMENT LIMITED
549300DH21KCYWWG2584,GS UK FUNDING LIMITED PARTNERSHIP
549300DHAG8DBBHSYW02,MAPLE ROCK CAPITAL PARTNERS INC.
549300DHKCP0ODN43H37,HIGHCLERE INTERNATIONAL INVESTORS LLP
549300DI194U0XWATI47,BANCO SANTANDER COLOMBIA S.A.
549300DI4WYFV640XM34,ROYAL BANK OF CANADA (CHANNEL ISLANDS) LIMITED
549300DI8RATWW2KQO25,"BANCA POPOLARE ETICA SOCIETA' COOPERATIVA PER AZIONI O IN FORMA ABBREVIATA ""BANCA ETICA"" O ""BPE""."
549300DID0NOB8PKMT31,The Forum Finance Group SA
549300DIQ1CI5NBF6741,STX COMMODITIES B.V.
549300DIQMZKODEB1Y46,PrimeCredit Limited
549300DIVVD0DKSWOI59,SAGIL CAPITAL LLP
549300DJ09SMTO561131,"STANLEY BLACK & DECKER, INC."
549300DJ0TLKPO1HIS84,FMR INVESTMENT MANAGEMENT (UK) LIMITED
549300DJ6F1V4GISFC11,BAYERISCHE LANDESBANK NY BR
549300DJBPR1DS6OWL09,ITAÚ (Panamá) S.A.
549300DJTBJ235LYP212,TRIBECA INVESTMENT PARTNERS PTY LTD
549300DJW1J04TBOUP49,UBS Asset Management Funds Ltd
549300DJX4SP2B5GJN45,BANK OF COMMERCE
549300DK3GGPVDIPPV39,BANK MELLI IRAN
549300DKC821GGPQCU24,"MARIVA CAPITAL MARKETS, LLC"
549300DKIG5MWQDYHB52,BANCO RENDIMENTO S/A
549300DKTASFPIBUBQ86,FIRSTRAND SECURITIES LIMITED
549300DLFISJFXEUB520,FEDERATED HERMES LIMITED
549300DLWZLXC60CXS69,Shanghai Commercial Bank Limited
549300DMF7YPC6N5PM27,アフラック生命保険株式会社
549300DMHEHNYZ2OLB41,First United Bank and Trust Company
549300DMIL591ZCRW370,STELLANTIS INTERNATIONAL SA
549300DMIXGESQ21W635,Sijoitusrahasto Nordea Vakaa Tuotto
549300DMQNOND6LEVJ13,SEQENS
549300DMVUWLVUJLNM35,DTCC ITP LLC
549300DNI5UYVM6X6N69,SEB Funds AB
549300DNKCTAG8S2NI74,BlueOrchard Microfinance Fund
549300DNKELB6K67GI90,CLAREVILLE CAPITAL PARTNERS LLP
549300DNLSOLVCAFQT35,Sijoitusrahasto Nordea EUR Short-Term Corporate Sustainable Stars Bond
549300DOHUCG0BDG1K90,BANCO PAULISTA S.A.
549300DPGWBCL9GVL627,"Banque Havilland (Liechtenstein) AG, Vaduz, Zweigniederlassung Zürich"
549300DPLZKV9AMND314,BANSI SA
549300DPP8ACTS8VM749,C. HOARE & CO.
549300DPPRM8YBBRMT15,HARDMAN JOHNSTON GLOBAL ADVISORS LLC
549300DPRWSBUY619V27,Simmons Bank
549300DPSJIA710FYT92,"QCM CAYMAN, LTD."
549300DQ5OUKYTQHD798,"THOMPSON, SIEGEL & WALMSLEY LLC"
549300DQEYY1QJS1ZF35,盛博香港有限公司
549300DR7J7VXW8NLE78,ARCUS FINANCE SA
549300DRF1T5X2Q4FB57,"DOW GLOBAL FINANCIAL MANAGEMENT, INC."
549300DS5HSXU83N7Y88,高雄銀行股份有限公司
549300DS86PEHLIYB473,ČESKÁ NÁRODNÍ BANKA
549300DSAWCVMN6QNX57,KIWI WEALTH INVESTMENTS LIMITED PARTNERSHIP
549300DSBT5HHG0VFT11,"MSD CAPITAL, L.P."
549300DSFX2IE88NSX47,BORGWARNER INC.
549300DSKP4KJP52XY61,"STRIPE PAYMENTS EUROPE, LIMITED"
549300DT47YM6PPU3813,ALFRED BERG KAPITALFORVALTNING AS
549300DT6IQS8LPRUT04,SVITZER A/S
549300DT7CCDCC7O6Z60,KEYPOINT Credit Union
549300DT7WZ1SOTNFJ62,First Bank
549300DTMS39GZYBX161,Banco Central del Uruguay
549300DTUYXVMJXZNY75,European Central Bank
549300DTVR57NON7XL66,BANCO CENTRAL DE LA REPUBLICA DOMINICANA
549300DTZK8VCTF2R431,GLAXO WELLCOME PENSION FUND AUTONOMOUS PENSION FUND
549300DU4JZVSGF3G964,Cashmere Valley Bank
549300DU66GWKF0AZQ89,"CITI MEXICO CASA DE BOLSA, S.A. DE C.V., GRUPO FINANCIERO CITI MEXICO"
549300DUJLPQ2RX1PB30,AURUM FUNDS LIMITED
549300DUQPVCDBMVGR28,Stichting Bedrijfstakpensioenfonds voor de Particuliere Beveiliging
549300DUTN4RUBI81Z18,Lakeside Bank
549300DUTQXWL9KTBH30,CAPGEMINI SERVICE
549300DV4DLC540WV917,Licania Fund Ltd.
549300DV870NBWY5W279,MEDIOBANCA INTERNATIONAL (LUXEMBOURG) S.A.
549300DVF4EIWTEUDA46,POTEN & PARTNERS (UK) LTD
549300DVPJYGNF2P7B03,Steiermärkische Bank und Sparkassen Aktiengesellschaft
549300DVVBP5RUR81I12,IF Livförsäkring AB
549300DW3ESRIUZCYN11,"EVEREST INTERNATIONAL REINSURANCE, LTD."
549300DW4WNCHUI1OQ50,Stichting Pensioenfonds TNO
549300DW8IRT0GVC9N77,บริษัท หลักทรัพย์ เจพีมอร์แกน (ประเทศไทย) จำกัด
549300DWRGGI0PDZC866,Credit Suisse Hedging-Griffo Serviços Internacionais S.A.
549300DWS85AHLUZHB50,Quad City Bank And Trust Company
549300DX1KT0FU6U7J22,OM RESIDUAL UK LIMITED
549300DXGB7KYNB0SE79,"CHINA MERCHANTS FUTURES (HK) CO., LIMITED"
549300DY3O1IV4DED240,SIGUE CORPORATION
549300DY78U4CMKNHE48,BANCA CESARE PONTI S.P.A.
549300DYMC8BGZZC8844,VESTAS WIND SYSTEMS A/S
549300DYPOFMXOR7XM56,CRELAN
549300DYR3K7LUB9DB77,ソシエテ・ジェネラル証券株式会社
549300DYYS8QPMR8OP36,BANCO CENTRAL DE COSTA RICA
549300DZ1EJ2E3OFRX83,BANK OF NAMIBIA
549300DZCL1LRBNVU327,LOS ANGELES CAPITAL MANAGEMENT LLC
549300DZTAR1RLKQFM53,LANCASTER INVESTMENT MANAGEMENT LLP
549300DZX1DZIET57N80,Sijoitusrahasto Nordea Premium Varainhoito Tasapaino
549300E02HG6KQ2N5U96,სს გალტ ენდ თაგარტი
549300E0NL6C1FCY6O52,MARINER INVESTMENT (EUROPE) LLP
549300E0ROTI7ACBZH02,"АКЦІОНЕРНЕ ТОВАРИСТВО ""СІТІБАНК"""
549300E0S1LZYZ9QNX81,"First Financial Bank, National Association"
549300E0VQWXTZ82FM65,LGT BANK (SINGAPORE) LTD.
549300E0WPRCJMXMUM09,Popular Bank
549300E1KGVH7NXGZN39,VULPES INVESTMENT MANAGEMENT PRIVATE LIMITED
549300E1MQ8IG1OUZO23,Sijoitusrahasto Nordea Euro Yrityslaina Plus
549300E1NH9FOTLIFI22,MOEVE SA
549300E1ZIF6Q2I5FZ83,"PARTNERS CAPITAL INVESTMENT GROUP, LLP"
549300E262HP3Y3PSP77,WARREN RENA DISTRIBUIDORA DE TITULOS E VALORES MOBILIARIOS LTDA
549300E26N224OG0ZH96,SCHRODER VENTURE HLDGS LTD-GROUP CAPITALINV
549300E2IPL06NDXMZ63,"National Australia Bank Limited, New York Branch"
549300E31HOXGFRB1623,USSC MONEY SERVICES INC.
549300E32YFDO6TZ8R31,UNUM GROUP
549300E34W6TNRG7B624,OREGONIANS CREDIT UNION
549300E3UP4DM1ROQJ49,Kommune II
549300E3VEW8SMS5XW09,"OneMain Holdings, Inc."
549300E3YERF55P5VX84,FIDUCIARIA BANCOLOMBIA S.A SOCIEDAD FIDUCIARIA
549300E47SRJ0FIEPR65,PPRO FINANCIAL LTD
549300E4FV1ZVP4KGQ95,UBS AMERICAS HOLDING LLC
549300E5ENQVY2IBLF67,MACQUARIE BANK EUROPE DESIGNATED ACTIVITY COMPANY
549300E5MKML6Z5U0690,Sijoitusrahasto Nordea Discretionary Swedish Equity
549300E5QVPE0T98ZW53,REPOWER ITALIA S.P.A.
549300E63DT9XZLE1K81,HORIZON ASSET (UK) LIMITED
549300E6FQ4TLWHME718,AIA BHD.
549300E6LSX52T58QB70,"TWO SIGMA SECURITIES, LLC"
549300E6W08778I4OW85,CAISSE FRANCAISE DE FINANCEMENT LOCAL
549300E707U7WNPZN687,FEDEX CORPORATION
549300E78YO4UPWUBK86,MUFG Alternative Fund Services (Cayman) Limited
549300E7H63UKSK2XO66,Banco Popular S.A.
549300E7ITIY79T1NL55,THAMOR TRADING CORPORATION
549300E7KUFOFLU7LC38,OMAN INVESTMENT AUTHORITY
549300E7O8O2L8JKIR08,PHILIP MORRIS FINANCE SA
549300E7OCR4VG0TY333,INFOBIP LIMITED
549300E7R8O8EHE8SN83,GUZMAN & COMPANY
549300E7TSGLCOVSY746,中国农业银行股份有限公司
549300E7XSMTIA5ORC60,شركة البحرين المالية ش.م.ب (مقفلة)
549300E8DECUXHGROP73,RIVERROCK SECURITIES LIMITED
549300E8L0ETO8GRJR95,JEFFERIES ASSET MANAGEMENT LIMITED
549300E8WORQKLLYCM62,SOCIETE GENERALE DE BANQUES AU SENEGAL (SGBS)
549300E94AMW3HSSMU17,BANISTMO S.A.
549300E9BVJVEGKBBK15,LEITH WHEELER INVESTMENT COUNSEL LTD.
549300E9E5Y3PKW24142,BANCO DE CREDITO E INVERSIONES
549300E9I71W06SQ9H40,MERCER INVESTMENTS (SINGAPORE) PTE. LTD.
549300E9PC51EN656011,SANOFI
549300EAQH74YHD07T53,FLEX LTD.
549300EATU2ZYDIZ8J04,TAL LIFE LIMITED
549300EAUYM8Q506XY54,CUMBERLAND BUILDING SOCIETY
549300EAYDU2H358PB45,"BARRINGTON RESEARCH ASSOCIATES, INC."
549300EB2XQYRSE54F02,MOODY'S FRANCE SAS
549300EBC8OHVQMGF416,"BROWNSTONE INVESTMENT GROUP, LLC"
549300EBTFWDTO3YBN75,Cadence Capital Management LLC
549300EBX17C1B77S338,Sinclair Knight Merz Pty Limited
549300EC11JZQNA37K65,BANK AUDI S.A.L.
549300EC9O49YKIAJ586,FONDO PENSIONE PER GLI AGENTI PROFESSIONISTI DI ASSICURAZIONE
549300ECDY3E8AN4XF58,CLS BANK INTERNATIONAL
549300ECECGRGY7HDR54,MERRILL LYNCH MARKETS SINGAPORE PTE. LTD.
549300ECJDDLOVWWL932,Banka Intesa Sanpaolo d.d.
549300EDJVMU2N0U8F67,GENERAL NOMINEES LIMITED
549300EE39SNC5DXTC46,Northern Bank & Trust Company
549300EE71OVI10JKG88,"STRATEGIC GLOBAL ADVISORS, LLC"
549300EEJ7DSM34FA898,CMC MARKETS STOCKBROKING LIMITED
549300EEJH4FEPDBBR25,TELEFONICA SA
549300EEMGCU9EBMY972,Lange obligationer KL
549300EES32R2VOEK894,Bankers' Bank
549300EET58YV5QD4578,"BEUTEL, GOODMAN & COMPANY LTD."
549300EF8AZLRG0UC208,NORTHERN TRUST SECURITIES LLP
549300EFKGH6INYXWY64,BANCO XP S.A
549300EFKI7DMDQFI675,Basis 3 KL
549300EFW4H2TCZ71055,LONZA GROUP AG
549300EG9JLHGB0PKJ38,"Roosevelt & Cross, Incorporated"
549300EGEGS2CVNRJJ82,CITIBANK ZAMBIA LIMITED
549300EGK79MTP86JX09,GOLDMAN SACHS SERVICES LLC
549300EGL1VV7LY0QU69,Bank of Marin
549300EGQ2E1GMXZAR74,Skandia Investment Management Aktiebolag
549300EHBLIJBZZ1VK55,WB TRADE EU LTD
549300EHC4PYT4R1SL82,NOMURA HOLDING AMERICA INC.
549300EHFNROFBP5JG29,北美信託香港有限公司
549300EHK4N5BM3GPC35,STATE STREET GLOBAL ADVISORS SINGAPORE LIMITED
549300EHNXQVOI120S55,COOP PANK AS
549300EHV0CCTOOQ8G17,FIRST CITIZENS BANK LIMITED
549300EI5FIZNI8UK277,GEMSSTOCK LIMITED
549300EI5FYS66P5X709,SBM HOLDING INC. S.A.
549300EI5LVWK1P20T09,United Texas Bank
549300EIM743Y7NSAQ79,CITCO REIF SERVICES UK LIMITED
549300EJ4LLD8X4NZA12,富邦綜合證券股份有限公司
549300EJ6OU5HEXU0W19,Klima Og Miljø KL
549300EJG376EN5NQE29,CVS HEALTH CORPORATION
549300EJYMJS22ND8Y17,J.P. MORGAN EUROPE LIMITED
549300EKI132J6VYXS73,Globale Aktier Indeks KL
549300EKNXW7AF23JZ77,CALDWELL INVESTMENT MANAGEMENT LTD.
549300EKSPGLIOFNIL18,BANK BIC NAMIBIA LIMITED
549300EKTBDWRBXSB835,"BDO Private Bank, Inc."
549300EKZMOKOC6EKO52,Employees Retirement System of Texas
549300EM9IELBMKYHT27,TD WATERHOUSE CANADA INC.
549300EMB5H4RAJLUJ17,Lombard Odier & Cie (Bahamas) Limited
549300EMP9DT6Q35HZ31,Aalberts N.V.
549300EMSGWUIVBFC263,アライアンスバーンスタインジャパン株式会社
549300EMW7AECU3N6X07,BankB
549300EN8MICV62FEJ05,CLOUGH CAPITAL PARTNERS L.P.
549300ENMI0WDAYSIP11,Da Vinci Derivatives B.V.
549300ENR8YMEK2RVE28,IBKR SECURITIES SERVICES LLC
549300ENXD6MBH06E085,Bristol County Savings Bank
549300EOCJQ4ER0W4035,NORTHERN TRUST INTERNATIONAL FUND ADMINISTRATION SERVICES (IRELAND) LIMITED
549300EOJN4BEHRL0W82,"BANCO COMERCIAL E DE INVESTIMENTOS, SA"
549300EOU1K8WJQRWD57,BARCLAYS SECURITIES (INDIA) PRIVATE LIMITED
549300EOZ04JQL5Q8E05,SAND GROVE CAPITAL MANAGEMENT LLP
549300EP2XXFIQ5X7786,Columbus Circle Investors
549300EP6JOM2CY64233,"NOVO BANCO DOS AÇORES, S.A."
549300EP6V6LBXH4SE65,CREDIT AGRICOLE EGYPT S.A.E
549300EPB8RQZ05XVH58,Aktier KL
549300EPLCO1K4KZXO57,KUWAIT INVESTMENT COMPANY
549300EPLIBR3F7WZ476,Formuepleje A/S
549300EQ5RBN1R7RP171,PEAC BUSINESS FINANCE LIMITED
549300EQEM5BAIV14J73,ピクテ・ジャパン株式会社
549300EQETUY86IPEU37,SYNGENTA CROP PROTECTION AG
549300EQF6IH6OIAYL40,"GRØNLANDSBANKEN, AKTIESELSKAB"
549300EQI2U1JDWE9P35,滙豐金融服務(亞洲)有限公司
549300ER47Y3A5QX4S12,SAMSUNG ELECTRONICS MAGYAR ZÁRTKÖRŰEN MŰKÖDŐ RÉSZVÉNYTÁRSASÁG
549300ERAZEQ2KEJ8L86,BLOM BANK S.A.L.
549300ERHJE9WU0EIK44,PRUNE PAYMENTS LTD
549300ERM73G2I641507,Teya Iceland hf.
549300ESBAT078Y0ZI38,F-CARAT 2010-1
549300ESJXOU0F7S8014,ICAP ENERGY AS
549300ESL2942F72EZ93,Nordea Stratega 70
549300ET6AKYV2XZ9B68,DUPONT CAPITAL MANAGEMENT CORPORATION
549300ETKP1MFYX3RQ19,TFS VOLBROKER LIMITED
549300ETSL7K1ZX05H30,"GTT Communications, Inc."
549300EU5WZ8E3ZA7Z86,"CAISSE D'EPARGNE RIVIERA, SOCIÉTÉ COOPÉRATIVE"
549300EUACLGQD4X9I61,TD SYNNEX Sweden AB
549300EUEDL5GKQW8U35,"BTG PACTUAL US CAPITAL, LLC"
549300EVNNXL2ODSZ622,SELLA SOCIETA' DI GESTIONE DEL RISPARMIO PER AZIONI ED IN FORMA A BBREVIATA SELLA SGR S.P.A.
549300EW2KM4KROKQV31,Tieto Oyj
549300EWO1QALFC6LE98,Meredith Village Savings Bank
549300EWSJTPKI0VTV84,BGC PARTNERS (AUSTRALIA) PTY LIMITED
549300EWYXV06QXJH078,DOW CREDIT UNION
549300EX8ERL6I4EZ886,ASCENSIA DIABETES CARE HOLDINGS AG
549300EXEHE1HX4HLI52,Caisse Nationale du Regime Social des Independants
549300EXH4L47WFRGL93,SAMSUNG ELECTRONICS ISTANBUL PAZARLAMA VE TİCARET LİMİTED ŞİRKETİ
549300EXJGTW5CHTEP63,VANCOUVER BULLION AND CURRENCY EXCHANGE LTD.
549300EXVD8D65PY5W81,BANCO ATLAS S.A.
549300EY0GEGN85IG135,AMERICAN EXPRESS AUSTRALIA LIMITED
549300EY33JZQC14T048,"VBT BANK & TRUST, LTD."
549300EYF7YJFPRU1G96,"ARENA CAPITAL ADVISORS, LLC"
549300EYI30YCQJGOB82,KESTREL PARTNERS LLP
549300EYQ6V322IGFP59,하나증권(주)
549300EZ060LDD77JC03,Shinhan Bank America
549300EZ3H51OQNSS023,"SANDS CAPITAL MANAGEMENT, LLC"
549300EZ5250PHXCJ452,PT BANK UOB INDONESIA
549300EZ53O29ZFMJM47,"EII Capital Management, Inc."
549300EZC54I6DDUTR91,CLERICAL MEDICAL INVESTMENT FUND MANAGERS LIMITED
549300EZCF2WMX24P369,CAMOMILLE LLP
549300EZRLEE2ODR0629,ABBEY CAPITAL LIMITED
549300EZRO2TE67W7P49,BANQUE INTERNATIONALE ARABE DE TUNISIE
549300F0242V0MVKQ555,C&C GLOBAL ARBITRAGE LIMITED
549300F04Z4D3CGREP09,"Golden Capital Management, LLC"
549300F05GC5GGHTPC72,Novartis Investments S.à r.l.
549300F0CVELHBU9A156,BANQUE NAGELMACKERS
549300F0L1DYDR0X8608,SELECTRA INVESTMENTS SICAV
549300F147U1CX3CEK69,APEX IFS LIMITED
549300F1TD6UHUN19D04,Wasatch Advisors LP
549300F247N2IU8SC024,First Business Bank
549300F2FONGJR575V67,METALSA SAPI DE CV
549300F2R7MYRHTLU306,Formuepleje Penta KL
549300F310BOLPDDZ813,J.P. Morgan Securities Canada Inc.
549300F35UE0BOM1WJ55,"SG AMERICAS SECURITIES, LLC"
549300F3NXLZ70VTRJ09,Dukascopy Bank SA
549300F40FQMTCNCJH29,DUNDAS PARTNERS LLP
549300F4W38GKH4BOS71,Elementa Management AB
549300F4ZEG3A9JDGZ08,"Акционерное общество ""Банк Русский Стандарт"""
549300F570XAWYN8Z237,Bank of Hope
549300F5Y4RLS5A76E46,Aktsiaselts Cresco Väärtpaberid - in bankruptcy
549300F67OZ0VNPRWK50,BANCO ITAU INTERNATIONAL
549300F6F75L86ROSC61,TOKTOKWALLET INC.
549300F6MON81PRPVJ50,Commonwealth Of Kentucky
549300F6XBRD10B23N79,OLZ AG
549300F70RYK3Z5ZPU58,GUARDIAN CAPITAL LP
549300F7FBD744MEP844,BANQUE RAIFFEISEN
549300F7H0PR3DPQJ174,Wealth Management Cube Limited
549300F7S6KEMTKK0546,"Extraco Banks, National Association"
549300F7YOJ6MOD9GJ05,"TRICON INTERNATIONAL, LTD."
549300F83UMH3HLBVG23,VELOCITY FOREIGN EXCHANGE SERVICES LTD.
549300F88C76FKBIX006,建信基金管理有限责任公司
549300F8HWZ0YT7S5359,"YORK CAPITAL MANAGEMENT EUROPE (UK) ADVISORS, LLP"
549300F99IL9YJDWH369,HSBC BANK MIDDLE EAST LIMITED
549300F9KV0I87Q6XY59,CREDIT UNION AUSTRALIA LTD
549300F9LQ14EC8U4481,บริษัท หลักทรัพย์ กสิกรไทย จำกัด (มหาชน)
549300FAK0S1P2U98B26,HOUSE OF HR
549300FANMRSXVBK4S64,SHELL SINGAPORE PTE. LTD.
549300FAQP1YKTIM1S87,BEAZLEY FURLONGE LIMITED
549300FBHFW3O5LH5M18,COMMONWEALTH SECURITIES LIMITED
549300FBP86E1QBESK72,ANDBANK MONACO SAM
549300FBU4ABGFXVF252,SAMSUNG ELECTRONICS MAGHREB ARAB
549300FBWNT4JV6LO844,Redeye Aktiebolag
549300FCO24OZMMRHE09,Bankinter Luxembourg S.A.
549300FD2MYRJTMNZG42,Indecap AB
549300FDK28K2Q1RBS76,OTT PAY HK Limited
549300FDWY4L9XYSIA19,第一フロンティア生命保険株式会社
549300FDYYIWV81VD442,"CIS BAYAD CENTER, INC."
549300FEBVI8PEQ2M505,Perennial Investment Partners Limited
549300FEFKSO50KOU830,ANIMA - SOCIETA' DI GESTIONE DEL RISPARMIO PER AZIONI
549300FEPVSYKWC0I854,法国兴业银行（中国）有限公司
549300FFD8J7ICD42N86,STANDARD BANK RDC S.A
549300FFR8ZVZMZL3Y65,Vator Securities AB
549300FFSRVBS0SQXY75,QATAR NATIONAL BANK (Q.P.S.C.)
549300FGJB2TTDTTT105,OMNICOM FINANCE LIMITED
549300FGJQRYGGI0WU25,HIFX LIMITED
549300FGSGT5QIJPPO24,The Manufacturers Life Insurance Company
549300FH0WJAPEHTIQ77,BOFA SECURITIES EUROPE SA
549300FH38RNS5EFI263,MERCOM BANK LTD.
549300FH843OWV8IPG14,JENNISON ASSOCIATES LLC
549300FHBQJKXUAWOU74,ADG SECURITIES LLP
549300FHFNGCSKDTHT42,"CHANG HWA COMMERCIAL BANK, LTD."
549300FHGNOLF14HHS09,Cambridge Savings Bank
549300FHGS1W8Y8Y9X51,BBGI GROUP SA
549300FHI0WC13LLFH88,CORONATION ASSET MANAGEMENT (PTY) LTD
549300FHU7LNO7UIGR13,TYME BANK LIMITED
549300FHVWCQCQH3ZQ94,compenswiss (Fonds de compensation AVS/AI/APG)
549300FIJ3MYU0VX6Y72,"Акционерное общество ""Всероссийский банк развития регионов"""
549300FIUH0UZ2OG4358,Banco Gnb Peru S.A.
549300FJA5MR6Q1FPS46,ODEY WEALTH MANAGEMENT (C.I.) LIMITED
549300FJD3YBXWX4JP34,AMPR FINANCE LTD.
549300FJZHS98VKJKA72,PT BANK CTBC INDONESIA
549300FK2MCILF3FZ680,"GS DIRECT, L.L.C."
549300FK3AFCFVAPH234,"Leader Bank, National Association"
549300FK7BVSNHWYZV56,MACQUARIE STRUCTURED SECURITIES (EUROPE) PUBLIC LIMITED COMPANY
549300FK7HEJO33J5N35,ADMINISTRADORA DE FONDOS DE PENSIONES PROVIDA S.A.
549300FKBDBMXH4N9N93,"BDO UNIBANK, INC. (HONG KONG BRANCH)"
549300FKHU9M1PAGIO86,ICE CLEAR SINGAPORE PTE. LTD.
549300FKMQ4CQTPLCI28,VP Bank (Luxembourg) SA
549300FKTMFFJ0FCTP58,Kudelski S.A.
549300FKWBMLIMGZ7Q40,Bridgewater Bank
549300FL07XZC5MNXS47,AUTONEUM HOLDING AG
549300FL8OQJK97VFD57,CORTO EUROPE
549300FL8SF8CAIDMI64,VERDIPAPIRFONDET NORDEA GLOBAL
549300FLKF3NX2O0U724,"AGÊNCIA DE GESTÃO DA TESOURARIA E DA DÍVIDA PÚBLICA - IGCP, E.P.E."
549300FM29R281J1VG65,Vontobel Asset Management AG
549300FMB5FGSDWKK368,"בנק ירושלים בע""מ"
549300FMF3TPT1HFRF48,"ROTH CAPITAL PARTNERS, LLC"
549300FMOYCQNLVRRP95,ABG Sundal Collier AB
549300FMPETKV5WPMW57,ABU DHABI ISLAMIC BANK - EGYPT
549300FN26DK7DGUPD51,West Michigan Community Bank
549300FNI1JKTRY2PV09,KEMPER CORPORATION
549300FNX8TUIVCQQT73,GARENA ONLINE PRIVATE LIMITED
549300FO5ANZMIVPNN87,CREDITO COOPERATIVO FRIULI (ABBREVIATO CREDIFRIULI) - SOCIETA' COOPERATIVA
549300FOASW7JFUQV048,Länsförsäkringar AB (publ)
549300FOEW2Z6ZU6BG52,Medigest SA
549300FOF121DSRG5867,BPER Bank Luxembourg SA
549300FONLMVK7YYYH41,サントリー食品インターナショナル株式会社
549300FOO7XNZ1564N12,"Beverly Bank & Trust Company, National Association"
549300FP38S4QKHMX982,Stabil Balanceret KL
549300FP8XBL5CZKDM81,HP PRINTING AND COMPUTING SOLUTIONS SL
549300FPHBZGFVXJJX45,PENTAGRAM WEALTH MANAGEMENT SA
549300FPS0L2V2TAKK25,RENTOKIL INITIAL 1927 PLC
549300FPSYJVFTPAYC55,BANCO DE GUATEMALA
549300FPTTLE2R9UEE81,Nomura Bank (Schweiz) AG
549300FPV2EZMK6VYP96,UBA KENYA BANK LIMITED
549300FPXBFVBUHGVU73,State Street Services (Luxembourg) S.A.
549300FQFLY6N6DXP164,DEV. BANK OF THE PHILS.
549300FQN4T2J7VDAD82,聯邦商業銀行股份有限公司
549300FQRD4U11UVEN40,St. James Plaza Distributors Limited
549300FQUWVUPJ3L1W28,FREEMONT MANAGEMENT SA
549300FR0333EJPLMZ17,LONGVIEW PARTNERS LLP
549300FR3U1PB1Y6LV13,MAREX SPECTRON INTERNATIONAL LIMITED
549300FR80KBVO6DRL61,GS FINANCE CORP.
549300FR956J8UJDWQ78,BANCA CREDIFARMA S.P.A.
549300FRBP5L0O1HY885,Sparbanken Syd
549300FRU9FLMWI67N43,"VAUGHAN NELSON INVESTMENT MANAGEMENT, L.P."
549300FS8Q2T5RS0UE73,"CURVATURE SECURITIES, LLC"
549300FSBNOGRM9E0L70,Nordic Equities Förvaltnings Aktiebolag
549300FSLUWD8ETI2P24,OSTTRA LIMITED
549300FT36TF8GQFTL08,SANTANDER INVESTMENT SECURITIES INC.
549300FTE4GOTKGCTC85,UBS Securities Hong Kong Limited
549300FU88LM30I7P586,LLOYD'S REGISTER GROUP LIMITED
549300FVD71D2Q9TVR77,RADIN CAPITAL PARTNERS INC.
549300FVFD5HBP6XE830,OP Varainhoito Oy
549300FVJ3IB88LTR841,Stockman Bank of Montana
549300FVL7Q2SY501K38,EBIXCASH WORLD MONEY LIMITED
549300FVPWXG57TWN385,SPARKASSE NIEDERÖSTERREICH MITTE WEST AKTIENGESELLSCHAFT
549300FVV8VHKPMMRT38,ABRDN ASIA LIMITED
549300FW1U413IRXDZ86,Nordea Generationsfond Senior
549300FWBZ85PPXFLH91,VOLVO TREASURY NORTH AMERICA L.P.
549300FXBIWWGK7T0Y98,"""Swedbank"" AS"
549300FXL8SJSFBTQQ26,J.P. MORGAN MANSART MANAGEMENT LIMITED
549300FXO4ZXUIAXGP41,الشركة السعودية للطاقة
549300FY5PQTSMJKWY35,Convera Malta Financial Limited
549300FYN93WUMXNFM41,Westamerica Bank
549300FYQOZJ5FPFRH15,LARRAIN VIAL COLOMBIA S A COMISIONISTA DE BOLSA
549300FYVZ9Q6HREFP74,ステート・ストリート信託銀行株式会社
549300FZ417XL0BBLZ51,"SOUND POINT CAPITAL MANAGEMENT, LP"
549300FZB4XB5JCHXV67,"FIRST EAGLE INVESTMENT MANAGEMENT, LLC"
549300FZJCP0WM3QJH15,Peapack Private Bank & Trust
549300FZMI927JVROY25,株式会社SMBC信託銀行
549300FZTQNO0EOY4Y45,CASSA RURALE VAL DI NON - ROTALIANA E GIOVO - BANCA DI CREDITO COOPERATIVO SOCIETA' COOPERATIVA
549300G012A1BYW7RZ59,MANDG INVESTMENT MANAGERS (PTY) LTD
549300G0BRF4NTRXGW03,杰润（中国）商贸有限公司
549300G0RVHY0VSFWD76,PEPPERDINE UNIVERSITY
549300G13KP7NN0HZQ31,CITICORP MERCHANT BANK LIMITED
549300G1HRHO27VGH361,WORLD FIRST ASIA PTE. LTD.
549300G1JG004Y3K8S97,CENTRAL BANK OF NIGERIA
549300G1P6577D6TH121,SOGELIFE S.A.
549300G1S24HHV2HX706,CapitalatWork Foyer Group S.A.
549300G2EWXR3BRFKQ37,ROGALAND SPAREBANK
549300G2P8MX7J4PPT95,ISEC Services AB
549300G2Q3P6ZVNC1465,WHSP HOLDINGS PTY LIMITED
549300G3C8M0WXQCWH61,CAJA LABORAL POPULAR COOP DE CREDITO
549300G4CQJMNBDGI305,Bergs Securities AB
549300G4GEZ3XA3HPV97,WELLINGTON MANAGEMENT INTERNATIONAL LIMITED
549300G4NQWALE3GBW70,농업협동조합중앙회
549300G51T847KTJPJ43,"CAMBIAR INVESTORS, LLC"
549300G5331W09285383,BMO PRIVATE INVESTMENT COUNSEL INC.
549300G6DE5CLEBNZG48,Habib Canadian Bank
549300G6FJXXZCLA1068,株式会社埼玉りそな銀行
549300G6M80TK2Q8SO02,Mubasher Financial Services B.S.C. (C)
549300G6YW0676UM5S33,FAIRFAX UK HOLDINGS LIMITED
549300G6ZUFBJVLAJQ46,MERCURIA ENERGY TRADING SA
549300G7D3M2W356ZS32,PARADIGM CAPITAL INC.
549300G7EOUXG5MFVT16,American International Bank LLC
549300G7F252XC38AK19,NOBLE CLEAN FUELS LIMITED
549300G82IHLL5I26H31,"BLACKROCK INVESTMENT MANAGEMENT (UK) LIMITED, STOCKHOLM FILIAL"
549300G9N3NK9UM8KL46,ELQ INVESTORS IV LTD
549300GA3RS3DYEQGU89,Humle Kapitalförvaltning AB
549300GB85OJ8241D118,FOOD AND AGRICULTURE ORGANIZATION OF THE UNITED NATIONS
549300GC21INBQ4L7O39,Söderberg & Partners Wealth Management AB
549300GC5MDF1KXYMP06,"AQR CAPITAL MANAGEMENT, LLC"
549300GCBXLLWN6OCX13,USD GOVERNMENT BONDS
549300GCEDD8YCF5WU84,MOODY'S CORPORATION
549300GCEP3NM7A1X491,TrustCo Bank
549300GCKIGJD6DZHF25,CURRENCYCLOUD PTY LTD
549300GCRU5QIM9WHM73,兆豐國際商業銀行股份有限公司
549300GCXSGKRE1V3767,OMERS CAPITAL MARKETS ASIA HOLDINGS PTE. LTD.
549300GCY00DCI8U3S02,"BNI - BANCO DE NEGÓCIOS INTERNACIONAL, S.A."
549300GD54M5D18LKU62,"Comfin, S.A."
549300GDMRAOFNOMKY53,BC PAYMENTS AUSTRALIA PTY LTD
549300GDPG70E3MBBU98,Kreditanstalt für Wiederaufbau
549300GDVJ4IYOMUZP32,FAISAL ISLAMIC BANK OF EGYPT
549300GEDGZ318BZNX82,"Northmill Bank AB, filial i Finland"
549300GEP62IUCL05M64,RBC Global Asset Management Inc.
549300GESLGUWWGJRM09,GOLDEN BAR (SECURITISATION) S.R.L.
549300GF62L1BQ3N3D92,"FOYSTON, GORDON & PAYNE INC."
549300GFJVPO0TG07M38,ATLANTIC SECURITIES LIMITED
549300GFRG6OK00RG957,St.Galler Kantonalbank AG
549300GGE58VFJE5KJ70,INSTABANK ASA
549300GGFLRSTQ15VF10,GOLDMAN SACHS AUSTRALIA PTY LTD
549300GGZN1RFPRZS880,UAB GF bankas
549300GH3DFCXVNBHE59,"""SWEDBANK"", AB"
549300GH8KY3M2QD3W46,AMERICAN EXPRESS SERVICES EUROPE LIMITED
549300GHBMY8T5GXDE41,UNITEDHEALTH GROUP INCORPORATED
549300GHCCJWKY72R127,PIMCO EUROPE LTD
549300GHOPVI63L3CV78,YORAM LIMITED
549300GIWCYFWC3THC56,Mangold Fondkommission AB
549300GIXEN5875K5W17,Horicon Bank
549300GJDYJNN6MDVX74,株式会社常陽銀行
549300GJG1KI5NK5HG05,ARAB BANK (SWITZERLAND) LTD.
549300GJTSW5MY3HJ702,"MIDDLE EAST BANK, MUNICH BRANCH"
549300GJUS3RD4RG4D56,Principal Bank
549300GK65M93DFOBG64,Gerald Metals Sàrl
549300GK9KWVQKHQ5S16,JUPITER ASSET MANAGEMENT LIMITED
549300GKFG0RYRRQ1414,DNB BANK ASA
549300GKFVWI02JQ5332,ABERTIS INFRAESTRUCTURAS SA
549300GKK294V7W57P06,Olin Corporation
549300GL1JOQ7TI73B39,CALIFORNIA STATE TEACHERS' RETIREMENT SYSTEM
549300GLJYPQ5MNW0Q85,SEQR Payments AB
549300GLON6NCPMZSN90,LGT Capital Partners AG
549300GLSRLI7IDE3Z66,Finarbit AG
549300GM4U2N91LN4698,GOLDMAN SACHS (ASIA PACIFIC) L.L.C.
549300GM5MYK4SWM4B33,PEEL HUNT INC.
549300GM9K6LH4B5UB57,Liberty Mutual Holding Company Inc.
549300GM9S3NF3LN8U50,NIKE TERRA LLC
549300GMW50UQLFLHV20,Essity Treasury AB
549300GMXJ4QK70UOU68,MOODY'S ITALIA S.R.L.
549300GN1OZCOY5S7285,BANQUE CPH
549300GNC7CO2W8SMF50,BANK OF AFRICA TANZANIA LIMITED
549300GO4DX1OE3MT584,KentBank dioničko društvo
549300GO7SF5HVVJOX58,Absalon Capital Fondsmæglerselskab A/S
549300GOANEUFIDND260,JAMUNA BANK PLC
549300GOPH3KDGIKIU33,LATINO COMMUNITY CREDIT UNION
549300GOPVLTY8C8IN16,"GUGGENHEIM CAPITAL, LLC"
549300GOQKT1GAWYRL17,PRIVATBANK BELLERIVE AG
549300GOZ5VCT8XKSE32,"GW&K INVESTMENT MANAGEMENT, LLC"
549300GOZMQ1TFNZQB60,CITCO FINANCIAL PRODUCTS (LONDON) LIMITED
549300GPUSUTJ741PG93,SYMETRA INVESTMENT MANAGEMENT COMPANY
549300GPWSKE78KYBD18,TWO SIGMA SECURITIES UK LIMITED
549300GQCZVXBZ1VSR12,BOUSSARD & GAVAUDAN INVESTMENT MANAGEMENT LLP
549300GQZVOFMMC77O33,APS ASSET MANAGEMENT PTE LTD
549300GR6DZ97DTA7913,"CAIXA ECONÓMICA DA MISERICÓRDIA DE ANGRA DO HEROÍSMO, CAIXA ECONÓMICA BANCÁRIA, S.A."
549300GRB2L2PD7VJD35,UAB FMĮ OSUM Securities
549300GRMW61KES0F661,UAE EXCHANGE CENTRE LLC
549300GRQCWQ3XGH0H10,PIPER SANDLER & CO.
549300GRRAF98H6WCX60,HIDDEN ROAD PARTNERS CIV US LLC
549300GRXFI7D6PNEA68,BANCA AKROS SPA
549300GS0W0TEUQS8571,"Morgan Stanley Private Bank, National Association"
549300GSODGFCDQ3DI89,AMCOR PLC
549300GSSPQ1QSKI1376,BANK PICTET & CIE (EUROPE) AG
549300GSYIBSO9N4PB10,CONSUMERS CREDIT UNION
549300GTEHN7YF85CX81,FONDACO SOCIETA' DI GESTIONE DEL RISPARMIO S.P.A.
549300GTTTYDW9YAUL53,TAIYO PACIFIC PARTNERS L.P.
549300GTXY7AM8BMMB87,FOUNDEVER OPERATING CORPORATION
549300GU3WB221KOYG86,SWEDISH INTERNATIONAL HOLDING AB
549300GUAMON5OX2OO54,CREDIT SUISSE (UK) LIMITED
549300GVM9BQWJXPI223,INTERACTIVE BROKERS (U.K.) LIMITED
549300GW1GZ75KNZYX18,BANQUE MAROCAINE POUR LE COMMERCE ET L'INDUSTRIE
549300GW5G8DI3A6KT57,ZODIA CUSTODY LIMITED
549300GWD9H4FQ2VR805,"UBS Bank USA, National Association"
549300GWG5DD04NREX98,"CHINA MERCHANTS SECURITIES INVESTMENT MANAGEMENT (HK) CO., LIMITED"
549300GWSBQN4JDTDV40,Global Small Cap KL
549300GX4FPMFF91RJ37,MACQUARIE CAPITAL (EUROPE) LIMITED
549300GXM5ZGZJXZ1Y74,"MARTINGALE ASSET MANAGEMENT, L.P."
549300GYK7N8U42X9587,Five Star Bank
549300GYMDP10GGMLF50,"Golden Bank, National Association"
549300GYXV0GKGK5J765,PYRENEES ACQUISITIONS LIMITED
549300GZ04VJ5HQF0H36,MOMentum Alternative Investments SA
549300GZ34UTKQH0RT22,"BAIN CAPITAL PRIVATE EQUITY, LP"
549300GZLN4QH0YBEL90,BANCO BICE
549300GZY55UGMUMI322,SmartBank
549300H0QDQHRJXRM779,PARETO SECURITIES AS
549300H1JNU0HLNFU552,BANCO BBVA PERU
549300H1O5NPX749PO27,ムーディーズ・ジャパン株式会社
549300H26KDS3NKVP242,AMALTHEE GESTION
549300H2EAI4YRLWBB20,Wilmar International Limited
549300H2FBT9CCBTQY78,STATE STREET BANK INTERNATIONAL GMBH
549300H2GQ5FMZJTSV18,"VALIANT CAPITAL MANAGEMENT, L.P."
549300H316CT32FQXI76,ATHENE HOLDING LTD.
549300H3F1P2EQW0FC36,The Bank of Tampa
549300H3PKOQSQPFL934,ZAI AUSTRALIA PTY LTD
549300H3Y6CV0C6O2A59,SAMSUNG ELECTRONICS AUSTRIA GMBH.
549300H3YPB6EJ1RV917,First Bank of Berne
549300H47WTHXPU08X20,FIXED INCOME CLEARING CORPORATION
549300H4DRA43I4QJI74,SMARTCITY
549300H4IOG5LW5HQP63,KOHLER CO.
549300H60Y2DUDX1VM52,HOLD Alapkezelő Befektetési Alapkezelő Zártkörűen Működő Részvénytársaság
549300H62SNDRT0PS319,INTESA SANPAOLO BANK LUXEMBOURG S.A.
549300H6HORS73ZGX051,FUNDO DE GARANTIA DE CREDITO AGRÍCOLA MUTUO
549300H6TOJW23N9MZ20,株式会社　北陸銀行
549300H78CKL2ZTQTD26,"CGS International Securities USA, Inc."
549300H7EXFMRS487544,Metropolitan Life Insurance Company
549300H8L46OOZOFHU82,Canadian Imperial Bank Of Commerce
549300H8NA7JBJ225007,SOCIÉTÉ GÉNÉRALE GUINÉE
549300H8QJNF9O127E84,Sterling Capital Management LLC
549300H8VV043UPPN494,Scotiabank (Bahamas) Limited
549300H90VV8DK5UM624,FLOW TRADERS U.S. INSTITUTIONAL TRADING LLC
549300HB00TB2OW09K04,UNIVERSAL MUSIC GROUP TREASURY SAS
549300HB4KPIVCPU6W16,FIAT CHRYSLER FINANCE S.P.A.
549300HB5UIU62VI4S77,JH INVESTMENTS (DELAWARE) LLC
549300HBJLRO8YFMI370,The Depository Trust Company
549300HBUGSQD1VCXG94,中国民生银行股份有限公司
549300HBUNHZ41EGEU21,Business Development Bank of Canada
549300HBYTOFMPCTSB79,EATON VANCE MANAGEMENT (INTERNATIONAL) LIMITED
549300HC6W6OEXV7SY67,بنك مسقط
549300HCNXMTNGIMAR91,United Nations Federal Credit Union
549300HCVL7RP9R6YK30,WORLD FIRST PTY LTD
549300HDF99L84TF2D68,مجموعة الخطوط الجوية القطرية
549300HE1YLI2F7GWC55,UNILEVER FINANCE INTERNATIONAL AG
549300HE7JBDPBZFCT19,"CROW POINT PARTNERS, LLC"
549300HE8I5BAH78Z875,KBC Asset Management
549300HEJK1QY30BWK41,BIOTECH
549300HEWVOGS3X2MA10,益群證券有限公司
549300HEYP0HGEVT8L46,CITCO BANKING CORPORATION N.V.
549300HF45VBQ8L4HF36,STANBIC BANK ZAMBIA LIMITED
549300HFEHJOXGE4ZE63,SFIL
549300HFHGOLW672FG74,SUNRISE BROKERS LLP
549300HFIB2GRUMDID72,株式会社リコー
549300HFW4QUVXW50634,PROVIDENT ADVISORS LLC
549300HFXRW8BZRK3J17,JUMP TRADING EUROPE B.V.
549300HFZ79K1KSXJU45,BLUECREST CAPITAL MANAGEMENT (UK) LLP
549300HGDJQ37M5BE268,"INB, National Association"
549300HGG1HANHW7SB47,BANCO J.P. MORGAN COLOMBIA S.A
549300HGO9PC9HHUBW30,TACONIC CAPITAL ADVISORS L.P.
549300HGV012CNC8JD22,Aktiebolaget Volvo
549300HH7ZKU17SIO079,ALGERT GLOBAL LLC
549300HHDH8V7N22JR54,EDWARD JONES
549300HHFZ79VGRYE473,GTS FI B.V.
549300HI3FIGFR7SU483,Piscataqua Savings Bank
549300HI3GYE86825R87,BANK J. SAFRA SARASIN (GIBRALTAR) LTD
549300HIK4TTS0OCL437,SMBC日興証券株式会社
549300HJBGCOVO2MLG52,株式会社レゾナック
549300HJD00HOXYCA262,ธนาคารแห่งประเทศไทย
549300HJD8NEGT71RF07,BlackBerry Limited
549300HJFRP8GNBWY020,GLOBAL CURRENCY SERVICES INC.
549300HJQJ15MZML2E03,MONEYWAY FINANCIAL GROUP CORP.
549300HJQPMYW2PURA72,MORGAN STANLEY FUND ADVISOR IFSC PRIVATE LIMITED
549300HKUUXZWI5S5047,ATLANTIC PARTNERS ASIA (SG) PTE. LTD.
549300HKYBSATM44Q425,"The Washington Trust Company, of Westerly"
549300HLPEQ31HY26E57,Bankhometown
549300HLRMSZ6BUWED14,PT NOMURA SEKURITAS INDONESIA
549300HLUOQ4ZGINVI30,DCB BANK LIMITED
549300HLUZPRXNY01L75,TOGETHR TRUSTEES PTY LTD
549300HM4HEVJSKTDN54,霸菱資產管理(亞洲)有限公司
549300HM84IFXD1X6652,CASSA RURALE VALSUGANA E TESINO - BANCA DI CREDITO COOPERATIVO - SOCIETA' COOPERATIVA
549300HMJRYVBYQOZ025,GLOBAL MEGATREND SELECTION
549300HMTMNNSEFN9D07,CANSO INVESTMENT COUNSEL LTD.
549300HN0XPLCFCUIL94,"THE BAUPOST GROUP, L.L.C."
549300HN4MS4YAV3YF72,Moody’s Local MX S.A. de C.V.I. Calificadora de Valores
549300HN4UKV1E2R3U73,"BOFA SECURITIES, INC."
549300HNJMXMN92LZ393,南方東英資產管理有限公司
549300HNMUG8WS7JLL28,The Citizens National Bank of Bluffton
549300HNOCFVJN7H7J64,Market Wizards B.V.
549300HNOEWVOXIE8187,SPP Spar AB
549300HO5WFZUT5N2T22,HOWMET AEROSPACE INC.
549300HOCMBILHOKIF93,BOUND RATES LIMITED
549300HOCPXIDHGFIQ97,MOODY'S CANADA INC.
549300HONNZES9JKE471,Banco Consorcio
549300HOX7RSQ1OIMU32,FARRINGDON STREET L.P.
549300HPPHXGN29XSC24,GS LOGISTICS HOLDINGS LTD
549300HQCTVA2RJNC138,BLACKROCK LIFE LIMITED
549300HQF0CKXWS4CJ46,BCC FINANCING S.P.A.
549300HQW3FSOL75WC88,First County Bank
549300HQX8YVDUZCTK05,KNIGHTS OF COLUMBUS ASSET ADVISORS LLC
549300HR1PFH1I522K11,SUN LIFE FINANCIAL TRUST INC.
549300HS42SEOHJU6P64,Taurus Funds Management Pty Limited
549300HST49806XTCK29,شركة جي بي مورقان العربيةالسعودية شركة
549300HSWKGX7HDSBC31,Società Bancaria Ticinese SA
549300HT66F3HW6NWF64,NATIONAL COMMERCIAL BANK
549300HTGDOVDU6OGK19,EUROPEAN BANK FOR RECONSTRUCTION AND DEVELOPMENT
549300HTKXGML0SZVN92,"QIK BANCO DIGITAL DOMINICANO, S.A. -BANCO MULTIPLE"
549300HTWZSIRRZQ2683,AUSTREO COMMERCIAL VENTURES PTY LTD
549300HU8OQS1VTVXN55,Banco Itau Uruguay S.A.
549300HUC4LOMA9OKQ03,SG HISCOCK & COMPANY LIMITED
549300HUCLV2DB1T8U76,CIMB BANK BERHAD
549300HUKIA1IZQHFZ83,ERSTE BANK DER OESTERREICHISCHEN SPARKASSEN AG
549300HUQGP330HMFS40,CASA DE BOLSA BBVA MEXICO SA DE CV GRUPO FINANCIERO BBVA MEXICO
549300HVNWMJPOFVNI41,AXIS BANK LIMITED
549300HVQM9AK48FWJ59,Texas Permanent School Fund Corporation
549300HVTWB0GJZ16V92,"JD.com, Inc."
549300HW6Q43WKYCB077,Carnegie Fonder AB
549300HWF93HB8BDM648,"VIRTUS INVESTMENT PARTNERS, INC."
549300HWWR1D8OTS2G29,"ICE CLEAR U.S., INC."
549300HXFQKKZG38VQ37,Shinhan Bank Canada
549300HXJLXCPDWAH070,"JANE STREET EXECUTION SERVICES, LLC"
549300HXOCTXFFW8RD19,Everspring OÜ
549300HXQQQCCUBS2Z23,Royal Bank of Canada - WFC Branch
549300HXY7FKPEKW6Q38,Kommune I
549300HYGYJKXU2J8X74,United Nations
549300HYJ8M4BZGBVY86,Coeli Wealth Management AB
549300HYQ08YB71NN340,ASPECT CAPITAL LIMITED
549300HZ0QH0BYNUF136,CIBC Cayman Bank Limited
549300HZ8J3MLVXQ8F85,PT BANK NEGARA INDONESIA (PERSERO) TBK
549300HZKOE06M36JM93,板信商業銀行股份有限公司
549300HZL4BUX1HYKS61,SAMSUNG ELECTRONICS SWITZERLAND GMBH
549300HZOV3ENYNPCW61,"UNICRE - INSTITUIÇÃO FINANCEIRA DE CRÉDITO, S.A."
549300HZS7YBIRN5GG10,SOCIÉTÉ GÉNÉRALE CALEDONIENNE DE BANQUE
549300HZZA8KEK9MI141,Nordea Stratega 35
549300I08UA8SMJON743,DUFRY INTERNATIONAL AG
549300I0G4630QALCU43,GREEN PIER FINTECH LLC
549300I1B1U1HB4HRH77,บริษัท ธนาคารกรุงศรีอยุธยา จำกัด (มหาชน)
549300I1NMOBS4B1LT88,LUXOTTICA GROUP SPA
549300I209J79YKTCL23,GAM (U.K.) LIMITED
549300I2DDZTVYCVCY25,GS FUNDING EUROPE
549300I3SQGHOJ3O1P34,Sijoitusrahasto Nordea Säästö 75
549300I3U59T2U620T86,SCULPTOR CAPITAL MANAGEMENT EUROPE LIMITED
549300I3ZBJQDXA7AS20,SKJERN BANK A/S
549300I48OJHSE9OZS95,Аларик Секюритис
549300I4B1CR8KDREL11,TOWARZYSTWO FUNDUSZY INWESTYCYJNYCH PZU SPÓŁKA AKCYJNA
549300I4FIV0GPT5LF55,BEST INVESTMENTS (DELAWARE) L.L.C.
549300I4GMO6D34U1T02,LAM RESEARCH CORPORATION
549300I5GBQ9DPI6AQ86,Obligationer
549300I5OQCDADQSPI57,住友生命保険相互会社
549300I60GKWXEE6II40,FIIG SECURITIES LIMITED
549300I68TD716GMAB09,"M.Y. Safra Bank, FSB"
549300I6K0JHSVK8I066,みずほ証券株式会社
549300I6K3WGNOSQZB08,Al Nile Bank for Commerce & Development CO.
549300I6LVKZW70C2U42,GTS EXECUTION SERVICES LLC
549300I6ZHZC8YMWH735,شركة صدارة للكيميائيات
549300I70EP612DH5T64,PICTET OVERSEAS INC.
549300I7J0AYIGH3S098,"CONTINUOUS CAPITAL, LLC"
549300I7JYZHT7D5CO04,"SANFORD C. BERNSTEIN & CO., LLC"
549300I7OIUB41P86L19,BANCA SELLA - S.P.A.
549300I888XKUQATBC68,RHB INVESTMENT BANK BERHAD
549300I8FH314U10ZK71,BANCA DELLA MARCA CREDITO COOPERATIVO - SOCIETA' COOPERATIVA
549300I8LYOK91HBX439,Prudential Distribution Limited
549300I8X15KSI64Y307,"IMPERIAL CAPITAL, LLC"
549300I8YO3YP10K4M03,"REN - REDE ELÉCTRICA NACIONAL, S.A."
549300I8ZHP6YHTW4843,Parkside Financial Bank & Trust
549300I950EBZA8WVN44,THREADNEEDLE ASSET MANAGEMENT LIMITED
549300I9JG0JCJPKA680,Sijoitusrahasto Nordea Säästö 30
549300I9WRBRFYSQB633,株式会社第四北越銀行
549300IB0Z8F74QQ6V24,ACA SA SOCIEDAD DE VALORES
549300IBT66DQE0R7L71,BRAC EPL STOCK BROKERAGE LIMITED
549300IBZWZL1KTPF918,ASB BANK LIMITED
549300ICEK1VVZC9R735,BENEFIT TRUST COMPANY
549300ICEWWNWCQ3K855,ADMIRAL MARKETS UK LTD
549300IDUXOP6HUDV878,North American Banking Company
549300IE7Q45PYC8TW17,BTG PACTUAL GLOBAL ASSET MANAGEMENT LIMITED
549300IEQ7T1V5YROD12,FIL Investment Management (Australia) Limited
549300IEVCBWVV97WC81,Kommunalkredit Austria AG
549300IFGBDZQE2NZG16,"DEEL, INC."
549300IFL3XJKTRHZ480,HR RATINGS DE MEXICO SA DE CV
549300IFOE4SCP384147,University Bank
549300IGECXJZ184KV64,Pacific National Bank
549300IGVRJKAFTG2F34,BANCA ALTA TOSCANA CREDITO COOPERATIVO - SOCIETA' COOPERATIVA
549300IGYI0G23DXNH83,TECH DATA GLOBAL FINANCE L.P.
549300IH6530YSK1ED94,Sijoitusrahasto Nordea Finnish Enhanced
549300IHBDUTUNQJJB79,AGFA-GEVAERT
549300IHIJ7SCANBWN17,"ABLV Bank, AS"
549300IHKL0WTV30Z357,"M.D. Sass, LLC"
549300IHNQOYDXR2OU02,CONNING ASSET MANAGEMENT LIMITED
549300IHT3UMGTGZSX08,NinePoint Partners LP
549300IHXG0F2386L588,Solevo Suisse SA
549300IHXQVKBQBET197,BANQUE CALEDONIENNE D'INVESTISSEMENT
549300II25ZWSHX8W615,TEACHERS MUTUAL BANK LIMITED
549300IIBEBN6YD2ZF72,TREK BICYCLE CORPORATION
549300IIEMUGQ2EOPQ87,AFRO INTERNATIONAL (U.K.) LIMITED
549300IINZTQS0WPMV84,"Bocage Capital, LLC"
549300IJC8BVICB93146,"PARADIGM ASSET MANAGEMENT COMPANY, L.L.C."
549300IJCOAVVTB9XV81,CITIGROUP GLOBAL MARKETS HONG KONG HOLDINGS LIMITED
549300IJV8X2BVHFN697,"MIZUHO BANK, LTD."
549300IK25CZHKVLAL89,SEFE MARKETING & TRADING LIMITED
549300IK95C59T7Z9K45,BANQUE RICHELIEU GCC LIMITED
549300IKNU8A627GPM07,BANCO BMG S.A
549300IKYYXPGBS8SS38,Beneva inc.
549300ILSMS2BO16P227,DUET ASSET MANAGEMENT LIMITED
549300IMBXQ8SGH3HJ31,COMMERZ MARKETS LLC
549300IMLK876H8BDA38,"CREDITO COOPERATIVO RAVENNATE, FORLIVESE E IMOLESE SOCIETA' COOPERATIVA IN BREVE ANCHE LA BCC RAVENNATE, FORLIVESE E IMOLESE SOC. COOP."
549300IMX0KM56ICSH06,ベアリングス・ジャパン株式会社
549300INVP71EOYOVV10,TAILOR AM
549300IOFUQ8JIFJOY25,損害保険ジャパン株式会社
549300IOQIYE6OVIZL48,BANK OF BEIRUT S.A.L
549300IOW92TBZQIR750,ALVEAN SUGAR SOCIEDAD LIMITADA
549300IPJJS0DK6UEY77,BRACCO S.P.A.
549300IPSO7UOP2K4880,LOMBARD ODIER (EUROPE) S.A. SUCCURSALE EN FRANCE
549300IQ5NY7CSJLZW53,FIRST BANK & TRUST
549300IQ650PPXM76X03,SINGAPORE EXCHANGE LIMITED
549300IQTYC8XXQ6C338,MAKOR SECURITIES LONDON LTD
549300IRCCFFAE30FT55,BP FRANCE
549300IRDTHJQ1PVET45,FREEPORT-MCMORAN INC.
549300IRGNL8Q3O8Y413,ЮРОБАНК БЪЛГАРИЯ
549300ISNP33VX5SGO89,JEFFERIES (AUSTRALIA) SECURITIES PTY LTD
549300ISVYA7FDZI6E62,ECONOCOM FINANCE
549300IT7UNQ8N8BKN45,SØNDERHÅ-HØRSTED SPAREKASSE
549300ITFBNFH0H6FK36,ธนาคารเพื่อการส่งออกและนำเข้าแห่งประเทศไทย
549300ITSSRJFIRUHM73,ធនាគារជាតិនៃកម្ពុជា
549300IU1B6Z4VKE3Y87,POLUS CAPITAL MANAGEMENT LIMITED
549300IUOQXDZBVFHK88,Intesa Sanpaolo banka d.d. Bosna i Hercegovina
549300IUR8Q7Y44KBL02,Eimskipafélag Íslands hf.
549300IUT8F6T4KV4469,NESTLE BRASIL LTDA.
549300IV6O2YY2A1KH37,OLD REPUBLIC INTERNATIONAL CORPORATION
549300IVCLHPHPOYT226,WESTERN ASSET MANAGEMENT COMPANY LIMITED
549300IVDRYC7JY3QC31,VENTUM FINANCIAL CORP.
549300IVURCTJ6QVMD67,First Financial Bank
549300IVVSB5MBTQRT37,TP ICAP GROUP SERVICES LIMITED
549300IVZNUXNLQY6W19,VENUS MANAGEMENT COMPANY S.A.M.
549300IW7540H8HM8F38,"HPS INVESTMENT PARTNERS, LLC"
549300IXBPBVL5LE2350,SWISS-ASIA FINANCIAL SERVICES PTE. LTD.
549300IXL0NHY6E5W175,CREDIT AGRICOLE DU MAROC
549300IXP5DNWSGY6F96,"Intrust Bank, National Association"
549300IXPCRIG6GX2F40,"Advent International, L.P."
549300IXTYUJMTVT2D95,CONVERSE RUN STAR LLC
549300IXU82PMU6XZT45,HILLTOP SECURITIES INC.
549300IY1OLR4ILFDQ89,Sijoitusrahasto Nora Four (NOK)
549300IY6A4IPIRLLX57,"DEPARTMENT OF FINANCE, GOVERNMENT OF DUBAI"
549300IYLFG4F0FOOG36,SHORT-TERM EMERGING LOCAL CURRENCY DEBT
549300IZ2M67ED5XC477,"UBS BB CORRETORA DE CAMBIO, TITULOS E VALORES MOBILIARIOS S.A"
549300IZ71UAMEHWL382,MEMORIAL SLOAN-KETTERING CANCER CENTER
549300IZFVXL9ZPJFM37,"FBN SECURITIES, INC."
549300IZU6NBO0IUQM56,BLUESTONE MORTGAGES LIMITED
549300J06DR268G1B556,"MOODY'S INVESTORS SERVICE, INC."
549300J0EHU6M88PZ560,"WOLVERINE TRADING, LLC"
549300J0GSZ83GTKBZ89,OTP banka d.d.
549300J0P7XYE8BMZ775,"WILLIAM BLAIR & COMPANY, L.L.C."
549300J0Q7EXSG12P147,XINJA BANK LIMITED
549300J0U7C8RDJRQX84,Max Matthiessen Värdepapper AB
549300J0YLPRCHNP5L73,PLATA CAPITAL EUROPE AS
549300J11TNGTWCC3R56,CITADEL SECURITIES GCS (IRELAND) LIMITED
549300J20BNHLUZ42L86,HCCI LIHTC LLC
549300J22EU1A0WATN43,中国华安投资有限公司
549300J3K4KLKZR37L92,GSG LIHTC INVESTOR LLC
549300J3KKX1PEJGDW36,ARCH REINSURANCE LTD.
549300J3OSVP1WT8DW93,J.P. MORGAN CHASE BANK BERHAD
549300J3VGZXNP7PEB59,CLARUS SECURITIES INC.
549300J43MRRHUL8JX64,"BLACKROCK INSTITUTIONAL TRUST COMPANY, N.A. UK BRANCH"
549300J4ASJ4UGJ5R887,安聯環球投資亞太有限公司
549300J4GJ6K0JZPI032,AUSWIDE BANK LTD
549300J4MR4TMTZPUP92,"DAYFORCE US, INC."
549300J4SXC5ALCJM731,FERROVIE DELLO STATO ITALIANE S.P.A.
549300J4U55H3WP1XT59,Bayer Aktiengesellschaft
549300J4W2S4CAFJ0X57,"CAIXA GESTÃO DE ATIVOS, SGOIC, S.A"
549300J53CHFXTQML197,EncoreFX Inc.
549300J572R66JA41P46,AMLQ HOLDINGS (DEL) LLC
549300J57FPGYEI4IO14,KAIROS PARTNERS SGR S.P.A.
549300J5T6BQEV7FBF42,STONEHAGE FLEMING DEALING AND TREASURY SERVICES (JERSEY) LIMITED
549300J5VB24NI9MBU61,Goldman Sachs Services (Hong Kong) Limited
549300J5W91RLNLMTL86,Adams Community Bank
549300J5WTRUG44NX905,NIKE SWIFT B.V.
549300J5X4E65PJHE355,VPK SERVICES
549300J6GFO6DALBE134,AMF Fonder AB
549300J778QS7XTS7440,臺灣期貨交易所股份有限公司
549300J7IN26FW3I8P68,"SOUTHEASTERN ASSET MANAGEMENT, INC."
549300J8CUY0MPIIZG03,"WISCONSIN CAPITAL MANAGEMENT, LLC"
549300J8JKCZBPXJRS07,TP ICAP (SINGAPORE) PTE. LTD.
549300J97JXR3URQK322,UNION BANK OF THE PHILIPPINES
549300JA2AF0TMGHY210,HO CHI MINH CITY DEVELOPMENT JOINT STOCK COMMERCIAL BANK
549300JANZ5F5NT3Q036,"LIGHTHOUSE INVESTMENT PARTNERS, LLC"
549300JB1P61FUTPEZ75,"Všeobecná úverová banka, a.s."
549300JB2WGPWORBJO80,ARDIAN HOLDING
549300JBCWFMP0AEWN09,ALUBAF ARAB INTERNATIONAL BANK
549300JBN1OSM8YNAI90,ALLY FINANCIAL INC.
549300JBZ3MK7Z4FI764,Thomaston Savings Bank
549300JC6II4Z5801517,J.P. MORGAN SECURITIES ASIA PRIVATE LIMITED
549300JCAG8ICQAUC638,Alfa Laval Treasury International AB (publ)
549300JCH2GVKT4FK296,GROBANK LIMITED
549300JD2GHO6WG85597,ENEL GLOBAL TRADING S.P.A.
549300JDVRDBH680VF26,富国生命保険相互会社
549300JDXN2C72I4OJ74,COPERION GMBH
549300JDXPV5U7PN2R62,HIDDEN ROAD PARTNERS CIV US OTC LLC
549300JDZ831FK78P830,Sijoitusrahasto Nordea Venäjä
549300JE3W6CWY2NAN77,CARRIER GLOBAL CORPORATION
549300JEB576INN13W07,WRKCO INC.
549300JEBULFT3BSU682,Bangor Savings Bank
549300JECLPX13NZLU57,DANSKE ANDELSKASSERS BANK A/S
549300JERLAEEXE2BW14,AXALTA COATING SYSTEMS GERMANY GMBH & CO. KG
549300JESI5VYMIRYH75,Louisbourg Investments Inc.
549300JFPLM3K1EQT363,KIWIRAIL HOLDINGS LIMITED
549300JFZMTJ6K65TJ25,Sijoitusrahasto Nora Three (SEK)
549300JGFH6L45DLE408,AB Nasdaq Vilnius
549300JGIJIWD1F37S39,BANCO FALABELLA
549300JGWNFUAVSUH393,OUTSET GLOBAL TRADING LIMITED
549300JHIZVM4UYRQQ16,BANCO DE MOÇAMBIQUE
549300JHM7D8P3TS4S86,株式会社日本証券クリアリング機構
549300JI5RKNDKC3GU44,中國信託商業銀行股份有限公司
549300JIEINNUZB0YC91,CLEARBRIDGE INVESTMENTS LIMITED
549300JIHPG76IIVMR92,GLOBAL
549300JIZNNQPMQBIM70,Meridian Credit Union Limited
549300JJ9X98J3496292,ASPHALTOS TRADE S.A.
549300JJPHM34SB2IK90,SOCIÉTÉ GÉNÉRALE COTE D'IVOIRE S.A.
549300JK0JZQU6CW3084,BANCA DI CREDITO COOPERATIVO VICENTINO - POJANA MAGGIORE (VICENZA ) - SOCIETA' COOPERATIVA
549300JK2NJEXZ7X6Z09,安泰商業銀行股份有限公司
549300JK5MARGBR0V142,Calamos Aksia Advisors LLC
549300JK865OUJRKJV94,SCOTIA INVESTMENTS JAMAICA LIMITED
549300JKGKT4PJ43H784,RESOLUTION CAPITAL LIMITED
549300JKYBEV1DF8FD32,Banesco USA
549300JL0QLIQC7NEN29,HP SINGAPORE (PRIVATE) LIMITED
549300JL3TGNE3Y7PE33,Texas Security Bank
549300JLJBBW3K5GLQ29,"GCA INVESTMENT MANAGEMENT, LLC"
549300JMMSS9C5S2HO30,QVT FINANCIAL LP
549300JMNZL6MTGJFW72,ANZ BANK (VANUATU) LIMITED
549300JN4JHMFPO31Y81,"LORD, ABBETT & CO. LLC"
549300JNH2DV17Z80F28,EURIZON CAPITAL SGR S.P.A.
549300JNK4NQF55REI10,AVERE COMMODITIES SA
549300JNOD6D228BRU50,RPM Risk & Portfolio Management AB
549300JNUWJPM2KO7L98,HAFNIA SG PTE. LTD.
549300JOREQVVS6OSN96,GOLDMAN SACHS (MALAYSIA) SDN. BHD.
549300JOSXQ6OINW6U87,StoneX証券株式会社
549300JOY5AOTCRJCO70,SOCIETE GENERALE SECURITIES INDIA PRIVATE LIMITED
549300JP3R5ZCN3Y0W95,Banco Central De Bolivia
549300JP4L34E48UJM16,The RMR Group Inc.
549300JPG4IUQOVV5C90,"Middlesex Federal Savings, F.A."
549300JPMMI8T2PBJU34,SCHRODERS (BERMUDA) LIMITED
549300JPU10TNVWFRE67,Artisans' Bank
549300JQ26UYYI7I7C72,Eastern Caribbean Central Bank
549300JQ5583E0CEKQ61,EQUITY TRUSTEES LIMITED
549300JQCOHB4P575F76,SUNCOR ENERGY SERVICES INC.
549300JR32EO2KGZQM55,PETERS & CO. LIMITED
549300JRFTHOLH9YTE16,BANQUE CENTRALE DES ETATS DE L'AFRIQUE DE L'OUEST
549300JRH86BT3KZUJ54,MERRILL LYNCH S/A CORRETORA DE TITULOS E VALORES MOBILIARIOS
549300JRHF1MHHWUAW04,NATIONAL FINANCIAL SERVICES LLC
549300JRZJXS01TP9N73,MCNB Bank and Trust Co.
549300JS165WZ2MDFW17,"АКЦІОНЕРНЕ ТОВАРИСТВО ""МЕГАБАНК"""
549300JSAJFLTQ47NG13,TUFTON INVESTMENT MANAGEMENT LTD
549300JSC82O1L4XV837,Nordnet Bank AB
549300JSQZG5CD2LWR30,The Dime Bank
549300JSVDZIR2CPTP95,SECURITY BANK CORPORATION
549300JSX0Z4CW0V5023,adidas AG
549300JT4RK8VWKNUS94,MARCHES FINANCIERS MACQUARIE CANADA LTEE.
549300JTBUGNI7GO3P51,ALTERNATIF YATIRIM ANONIM ŞIRKETI
549300JTF4D3RNCGFU45,BANCO PICHINCHA S.A.
549300JTJBG2QBI8KD48,STANDARD CHARTERED BANK MALAYSIA BERHAD
549300JUFNE0FD1EVT09,ROTHSCHILD & CO WEALTH MANAGEMENT UK LIMITED
549300JUFTJMOTC28B39,DANSKE COMMODITIES A/S
549300JUMW00QTZRX045,STANDARD CHARTERED BANK NEPAL LIMITED
549300JUTRXBBFGCJB34,"INVESTQUEST - SOCIEDADE GESTORA DE PATRIMÓNIOS, S.A."
549300JVXT0U42UPXE36,DRW GLOBAL MARKETS LTD
549300JW2HGF0IEGQ526,SARENS BESTUUR
549300JW85B6K24YJS45,渣打(亞洲)有限公司
549300JWHWRPWRFUMF97,DIGITAL
549300JWNE2R5KAL9F35,"Banco Davivienda Salvadoreño, S.A."
549300JWO836U8W2PR12,BANQUE RICHELIEU MONACO
549300JWXZAV7QL16W86,شركة الخطوط الجوية الكويتية
549300JX7L6CKP0SZF78,ナティクシス日本証券株式会社
549300JXIQJRQ1HME757,Florence Bank
549300JXJMSTRDTQF377,STONE RIDGE ASSET MANAGEMENT LLC
549300JXMTTP8GKYIX14,Medtronic Global Holdings S.C.A.
549300JXVNVNY1YSBO15,CASSA RURALE VAL DI SOLE - BANCA DI CREDITO COOPERATIVO - SOCIETA' COOPERATIVA
549300JY1SNI78TP4048,MCCAIN FOODS LIMITED
549300JYPS6Z0I1BVB86,MORGAN STANLEY SAUDI ARABIA
549300JYX4DF88DA4495,ALLAN GRAY
549300JZCEAE9IY7LR48,Bordier Bank (TCI) Ltd.
549300K0BHJ9BX9J8J87,DWS Investment GmbH
549300K0ZDYG8YJZ3L95,"Ponce Bank, National Association"
549300K17GM8EQD0FQ48,"FTI CONSULTING, INC."
549300K1V1WOTCGNSI96,BANCO ABC BRASIL S.A.
549300K2507QF5P5DT31,VELOCITY TRADE CAPITAL LTD.
549300K38X31USHAII08,FIRST FONDENE AS
549300K3XH58G82FRX97,CORREDORES DAVIVIENDA S A COMISIONISTA DE BOLSA
549300K42HUHZN128246,CAIXA DE CREDITO AGRICOLA MUTUO DE BOMBARRAL CRL
549300K48PIZ6BU1KP31,ソニー生命保険株式会社
549300K4BLURJJ58VL85,PICTET BANK & TRUST LIMITED
549300K4FEQB268PFW97,LIBERTY OSTRAVA A.S.
549300K4JV5KZ338XY26,AB INBEV HOLDINGS LIMITED
549300K4NM6XHJNWCF67,Gass Capital Markets GmbH
549300K4ROHPOTQWXU96,Europ Assistance Holding SA
549300K4SXC0CLBZHS67,"CLEARARC CAPITAL, INC."
549300K4W3A5ITOPTK67,QUADIENT S.A.
549300K52B4WORY4WR96,CapitalOne a.d. Beograd
549300K569KJZL34UR56,ELDON CAPITAL MANAGEMENT LIMITED
549300K5CRYK9CDF8616,RIVERGLYDE PROPERTY FINANCE DESIGNATED ACTIVITY COMPANY
549300K5GD3JPA2LLG98,Seðlabanki Íslands
549300K5IND0FIJ1BK85,GENERAL PENSION AND SOCIAL SECURITY AUTHORITY
549300K5KP6M0E54QI49,MAERSK TANKERS A/S
549300K5MB1CG23DBD13,Tetragon Partners UK LLP
549300K609B872PZT291,"CONSTELLATION INSURANCE, INC."
549300K6BTPH3TXTDU71,ATB CAPITAL MARKETS INC.
549300K6KOPTARHG2C50,Exprinter International Bank N.V.
549300K6T3J5QIB4B873,DEGROOF PETERCAM ASSET MANAGEMENT
549300K78FM6LBJBZK62,"GOLDMAN SACHS WEALTH SERVICES, L.P."
549300K7LUCBJS7USM69,康利亞太有限公司
549300K7NH3086Y0SV98,HBL BANK UK LIMITED
549300K7RQWLX0DZGM20,FINACOR & ASSOCIES SA/NV
549300K7SRNSZFCG1N08,ABRDN INVESTMENTS DEUTSCHLAND AG
549300K7YFYNV2QW2M07,OLD MISSION EUROPE LLP
549300K7Z2KT76WQJD18,NARODOWY BANK POLSKI
549300K8L0JBCINX9D23,"OSI GROUP, LLC"
549300K8PLPY0Y3RE011,بنك بيبلوس ش.م.ل
549300K8SDGLDAWJ7825,"Waterstone Capital Management, L.P."
549300K8TJRAKK72RA49,STANDARD CHARTERED YATIRIM BANKASI TÜRK ANONİM ŞİRKETİ
549300K8ZGR1UGJM1U10,SIP Nordic Fondkommission AB
549300K9HQYU0EZRPV93,BT FUNDS MANAGEMENT LIMITED
549300KAGSU38TD02M71,TECH DATA LUXEMBOURG S.à.r.l.
549300KANWUH74ELG813,IKC Capital AB
549300KAWKHIO6H7OD97,TI AUTOMOTIVE LIMITED
549300KAXHDD341NRL28,"Caixa-Banco de Investimento, S.A."
549300KBD80FBR6EOW23,State Street Bank International GmbH
549300KBW1UFG70QHB90,Lazard Freres & Co. LLC
549300KCJ26VBX5L8L53,GVA Partners SA
549300KD5PDUFGGVGQ18,华侨银行有限公司
549300KDE5DT1929F576,CHARLES TAYLOR INVESTMENT MANAGEMENT COMPANY LIMITED
549300KDR56WHY9I3D10,WEIR GROUP PLC(THE)
549300KDZJWLZSXF0618,FRANKLIN TEMPLETON AUSTRALIA LIMITED
549300KE7IXAZX7PNY32,GOLDMAN SACHS UK HEALTHCARE TRUST LIMITED
549300KEQATBHAGVF505,MKS INC.
549300KEVMSOSY8T8R35,SOUTH AFRICAN RESERVE BANK
549300KEY1F8CN4Y8H09,THREADNEEDLE INVESTMENT SERVICES LIMITED
549300KEYHJ10QGWYW66,"АКЦІОНЕРНЕ ТОВАРИСТВО ""СЕБ КОРПОРАТИВНИЙ БАНК"""
549300KF1ZL7PZ3FNF52,NIKE EUROPE HOLDING B.V.
549300KFLI6V2PUY8522,Bank Gutmann Aktiengesellschaft
549300KFUYUBWR916846,TULLETT PREBON SOUTH AFRICA
549300KFWCXTM1FCEI16,"CATHAY LIFE INSURANCE CO., LTD."
549300KGF2GKSYXF4A43,BANQUE RICHELIEU FRANCE
549300KGFU24TKE6O148,Sijoitusrahasto Nora Four (EUR)
549300KGI78MKHO38N42,"ZAVAROVALNICA TRIGLAV, d.d."
549300KGPYQZXGMYYN38,PACIFIC INVESTMENT MANAGEMENT COMPANY LLC
549300KGZ542NOXMOK66,THE CAMBRIDGE STRATEGY (ASSET MANAGEMENT) LIMITED
549300KH8TWZHTVN7L56,"Provident Investors, L.L.C."
549300KHB4GQQCIN1X35,UBS Futures Singapore Ltd.
549300KHCNR5IIBHUM44,GOLDMAN SACHS ASSET MANAGEMENT (INDIA) PRIVATE LIMITED
549300KHUXLS6Q30KT26,Mizuho Markets Cayman LP
549300KIPCE7JIEIM651,"YOUSIF CAPITAL MANAGEMENT, LLC"
549300KIPGRYLXDQDD87,Bank of China International Limited
549300KJ10X71KOMA788,BANCO ITAÚ (SUISSE) SA
549300KJAKQN5OEO4N05,FIERA CAPITAL CORPORATION
549300KJD6WXP2OOPT58,Pepins Sweden AB
549300KJDAUOUEZMPC33,BARAK CAPITAL G.T. LTD
549300KJI3KX8KY2FG10,Hilltop National Bank
549300KJO7OEHERLYI94,State Street Fund Services (Ireland) Limited
549300KJPQZ8FP5J7V50,LABORATOIRES DE BIOLOGIE VEGETALE YVES ROCHER
549300KJZ82173UB3I21,City National Bank of West Virginia
549300KK68CZPET8CV49,Citigroup Global Markets Hong Kong Futures and Securities Limited
549300KKF90PR16SX010,NORCAP AS
549300KKI18U36EHXZ86,Virksomhedsobligationer KL
549300KKIZ6TSRIP5898,JS BANK LIMITED
549300KKLDTNOIW0NU52,CAPITAL FUND MANAGEMENT
549300KKMY8XC2HPZ142,IBKR Financial Services AG
549300KKSXXV6AMJJB15,"DRW COMMODITIES, LLC"
549300KKXGLDFUDZ0Q43,VIKING GLOBAL INVESTORS EUROPE LLP
549300KLGSXQ8Q35LD60,PT GOLDMAN SACHS INDONESIA SEKURITAS
549300KLYWZE8YFUI784,RUBY CAPITAL PARTNERS LLP
549300KM6VUHPKQLQX53,CANTOR FITZGERALD EUROPE
549300KMFGGW36I79D06,BROWN ADVISORY LLC
549300KMTLEZ7POU8H05,RBC Royal Bank (Barbados) Limited
549300KNQS43Y7TO3X67,CLEAR STREET LLC
549300KNUZPLW6UD1E30,高盛期货（深圳）有限公司
549300KNWERW7QG9HM70,"JMMB PUESTO DE BOLSA, S.A"
549300KO1GDQ208GOP45,Banque Havilland (Liechtenstein) AG
549300KO2EX5JZ22XO06,MELVILLE DOUGLAS INVESTMENT MANAGEMENT
549300KOLY0319FWUU47,COREBRIDGE INSTITUTIONAL INVESTMENTS HOLDINGS CORP.
549300KOORG6SN9LMO68,IIG BANK (MALTA) LTD
549300KOOW3B2WK0K818,WORLD FIRST NETHERLANDS B.V.
549300KOUXTTEDKLU491,Eurex Capital OÜ
549300KOZUWUZDRQ8F66,OPHIR ASSET MANAGEMENT PTY LTD
549300KP1F33MIYFFP74,BELL ASSET MANAGEMENT LIMITED
549300KP56LL8NKKFL47,THE BANK OF NEW YORK MELLON (INTERNATIONAL) LIMITED
549300KP5KVQJDR7WD41,Sijoitusrahasto Nordea Pohjois-Amerikka Osinko
549300KPBYGYF7HCHO27,República Argentina
549300KPKY7DRCHYZF60,SAMSUNG ELECTRONICS NORDIC AKTIEBOLAG
549300KPP03BLDBGEJ74,ALTURA MARKETS SOCIEDAD DE VALORES SA
549300KPPMVGR0EBG252,ASSET VALUE INVESTORS LIMITED
549300KQ38UGDJPWLM29,RBC (BARBADOS) TRADING BANK CORPORATION
549300KQBXAI1XD5BD24,MANULIFE INVESTMENT MANAGEMENT (SINGAPORE) PTE. LTD.
549300KQPH36X3TWWB38,Tjänstemannarörelsens Förvaltningsfond
549300KQWCT26VXWW684,GOLDMAN SACHS FINANCE CORP INTERNATIONAL LTD
549300KR3CB1AXT4LT74,UNION BANCAIRE PRIVEE (UK) LIMITED
549300KRHG5GM7DXKE41,REYL & Cie SA
549300KRYIHU89KDBD86,EASTERN BANK PLC.
549300KRZPD4CJ340L77,Sunwest Bank
549300KS3MIBF4UT2D62,SWISS REINSURANCE AMERICA CORP
549300KSAOIBSRXY2E64,SWISS LIFE (LUXEMBOURG)
549300KSBRB2D8PZE641,"FOCUS PARTNERS WEALTH, LLC"
549300KSDR83FJJPZ790,Transmarket Group LTD
549300KST6N97GYH0O45,Susser Bank
549300KUB2XKWLPMXV81,NORTHERN BANK LIMITED
549300KUIHN585DKX254,SOCIETE GENERALE PRIVATE BANKING (MONACO)
549300KULHTCGKZVUP07,Wictor Family Office AB
549300KUN9K9K32C6D97,"BNP Paribas Prime Brokerage International, Limited"
549300KUYF5QOROM7N37,ESL Federal Credit Union
549300KV400XOCIS7Q68,บริษัท ไทยประกันชีวิต จำกัด (มหาชน)
549300KVPORT2SG1FP15,NOMURA SECURITIES MALAYSIA SDN. BHD.
549300KW6FNTSZB43I63,The Caravel Fund (International) Ltd
549300KW705BBINDIZ26,TIB National Association
549300KWBK7CWIYDD351,Equinor OTS AB
549300KWL65KWWO7FY68,SOCIEDADE GESTORA DOS FUNDOS DE PENSÕES DO BANCO DE PORTUGAL S.A.
549300KWMDAFBV6VR711,AHAM Asset Management Berhad
549300KWMEQCS3XR4H73,PICTET ALTERNATIVE FUNDS - MOSAIC EURO
549300KWQQIOY2F3L963,MOODYS LOCAL BR AGENCIA DE CLASSIFICACAO DE RISCO LTDA.
549300KWRNDIITFG5S11,TD FINANCIAL PRODUCTS LLC
549300KWRS8Y610HFO62,Investeringsforeningen Profil Invest
549300KWU8YQOYSK5Y64,NBC GLOBAL FINANCE LIMITED
549300KWWHBDT5QFY692,EKATERRA GROUP FINANCE B.V.
549300KWXY72RJWYSG13,Utmost Paneurope Designated Activity Company
549300KX2KT8MOAS5Q71,"State Bank of the Lakes, National Association"
549300KX53HCGKOLNC71,ECOGREEN SA
549300KX5KSYGK8YMN81,CREDIT LIBANAIS S.A.L.
549300KXBEJAOJ9OVF93,NATIONAL TREASURY MANAGEMENT AGENCY
549300KXK2BI4PYWQ807,Kåpan Tjänstepensionsförening
549300KY09TR3J12JU49,"SS&C TECHNOLOGIES, INC."
549300KYQM9VZAD08L54,NBF Markets (Cayman) Limited
549300KZ8RU11X0L9455,株式会社北國銀行
549300KZDJZQ2YIHRC28,"BROADRIDGE FINANCIAL SOLUTIONS, INC."
549300KZJFHUSUNKZZ03,摩根士丹利亞洲有限公司
549300L09D57A4VEVO78,HERITAGE AND PEOPLE'S CHOICE LIMITED
549300L0HN6HS5QSDL27,PT. Bank QNB Indonesia Tbk.
549300L0HTJZNDINJP85,PARTNERS GROUP (UK) LIMITED
549300L0NC8SF6OQIR89,WESTMINSTER BANK LIMITED
549300L0QEAI5DYJ2U56,東海東京証券株式会社
549300L150UTDIQIWS31,"GELBER GROUP, LLC"
549300L1IEXJYJ2NUV45,Sparekassen Danmark
549300L1IG2JOW7XNY28,"NISA INVESTMENT ADVISORS, LLC"
549300L1LYV2VEI08P16,SGX BOND TRADING PTE. LTD.
549300L2CGMMXM4BR047,CREDIT SUISSE SECURITIES (INDIA) PRIVATE LIMITED
549300L2QZVVBZF48N53,"INTREPID CAPITAL MANAGEMENT, INC."
549300L2RSQCVMOHGM20,PUBLIC BANK BERHAD
549300L2TJKMRAVJCZ02,SUEZ CANAL BANK SAE
549300L34SVNLDX2HM14,BAHRAIN INDIAN INTERNATIONAL EXCHANGE CO
549300L36QZWPHM6FP31,"Citizens Business Bank, National Association"
549300L3R4ZB01CCMA36,HAMBLIN WATSA INVESTMENT COUNSEL LTD.
549300L3R6C4MA4YKN89,APOLLO INSURANCE SOLUTIONS GROUP LP
549300L4ISXB74YTKM79,SWISS LIFE (LIECHTENSTEIN) AG
549300L4UJ40IEVVI304,Cerner Corporation
549300L4VGUHIHBN5T53,CASSA RURALE ALTA VALSUGANA BANCA DI CREDITO COOPERATIVO - SOCIETA' COOPERATIVA
549300L51ZEIQOS58R74,"China Merchants Bank Co., Ltd., Luxembourg Branch"
549300L5FZ06J1914B44,NOTTINGHAM BUILDING SOCIETY
549300L5KZQRDVVXSK45,"CLEARBRIDGE INVESTMENTS, LLC"
549300L5L2B7LJ7VK287,"CORVUS CO., LTD."
549300L6OVRS3MGIEG89,CAMBRIDGE MERCANTILE CORP. (UK) LIMITED
549300L6VFT40METCL65,BRITISH AMERICAN TOBACCO DEL PERU HOLDINGS S.A.
549300L6WP2S7MIBLO68,NEXO AG
549300L70BS183Y6ML67,DWS Investment S.A.
549300L72GYBDRZU7D50,CHEYNE CAPITAL MANAGEMENT LIMITED
549300L770PQT649FP60,"CITINVERSIONES DE TITULOS Y VALORES, S.A. PUESTO DE BOLSA AFILIADO A LA BOLSA DE VALORES DE LA REPUBLICA DOMINICANA"
549300L7I4W19C7JV575,"VIRTUS FIXED INCOME ADVISERS, LLC"
549300L7V4MGECYRM576,Bank Vontobel AG
549300L7YCATGO57ZE10,FINECOBANK BANCA FINECO S.P.A.
549300L87TNUBT6M3A17,ITALFINANCE RMBS S.R.L.
549300L8G1E7ZHVEOG75,NATIXIS SECURITIES AMERICAS LLC
549300L9109V36J94123,AFFINITY PETCARE S.A.
549300L9MOPDT0NKE883,"Fidelity Bank, National Association"
549300LAFD5QRROLSB17,BGC LIQUIDEZ DISTRIBUIDORA DE TITULOS E VALORES MOBILIARIOS LTDA
549300LALC1WP3OOQJ68,"DELPHI CAPITAL MANAGEMENT, INC."
549300LBK5BTNFKZJD14,Univest Bank and Trust Co.
549300LCITTTQIP3QB34,GOLDMAN SACHS ISRAEL LLC
549300LCJ1UJXHYBWI24,"Публичное акционерное общество ""Нефтяная компания ""ЛУКОЙЛ"""
549300LCLFZTX0SGM862,RWC ASSET MANAGEMENT LLP
549300LCO2FLSSVFFR64,"RBC Capital Markets, LLC"
549300LCQ7UM3GW8VB53,CONVERSE CANADA CORP.
549300LCQUXMRSWPKT48,NORDEA INVESTMENT FUNDS S.A.
549300LCTN5FC5FYWG51,BANCO AGROMERCANTIL DE GUATEMALA
549300LDE6CIQJ9C5F75,UNITED OVERSEAS BANK PHILIPPINES
549300LE3G5S51QJXW60,ARAB ISLAMIC BANK
549300LETZT83D62QF65,ELQ Investors X S.à r.l.
549300LF0ECT0YGJTB41,BANANA FINTECH SERVICES CORPORATION
549300LFHTJF2OGIXL33,CASSA RURALE VALLAGARINA - BANCA DI CREDITO COOPERATIVO - SOCIETA' COOPERATIVA
549300LFK257DF2RVN05,TCW ASSET MANAGEMENT COMPANY LLC
549300LG353H35323B05,BSI BANK LIMITED
549300LGSPGRHCXQ3543,SUN LIFE INVESTMENTS LLC
549300LGZ1IY6IGRCP97,INVESTMENT MANAGEMENT CORPORATION OF ONTARIO SOCIETE ONTARIENNE DE GESTION DES PLACEMENTS
549300LH3IWWTHU2LD07,Jabre Capital Partners SA
549300LHMIP8TSSM5E16,"CMS ASSET MANAGEMENT (HK) CO., LIMITED"
549300LHRGMT4X7VHF05,رضا الانصاري للصرافة ش.ذ.م.م
549300LIHOK7FE6D2888,Bank RBK JSC
549300LIV65YU31L5264,J. SAFRA SARASIN (DEUTSCHLAND) GMBH
549300LIVN3FFOJN2K47,VÅR ENERGI ASA
549300LJ1SLN90J0C789,"""TELECOM ITALIA SPARKLE S.P.A."" ANCHE DENOMINATA IN FORMA ABBREVI ""TI SPARKLE"
549300LJA5XIWTG2V513,CLARIVEST ASSET MANAGEMENT LLC
549300LJO8ORMI8ZWM80,ЮГ МАРКЕТ
549300LKHWFX99UJ3X15,JPMORGAN SECURITIES (MALAYSIA) SDN. BHD.
549300LKNMTCNMPT7A11,JBWERE (NZ) NOMINEES LIMITED
549300LKSXTJD9P0YZ08,"SAMSUNG - ELECTRONIC PORTUGUESE, UNIPESSOAL LDA"
549300LL1VXRM45CLF50,FONDATION DE FRANCE
549300LM7URE8RZR5X06,HSBC PRIVATE BANK (SUISSE) SA
549300LN3SG0DGWL5O83,"GPS CAPITAL MARKETS, LLC"
549300LNCLMO3ITVCU07,AFRICAN DEVELOPMENT BANK
549300LNIUIPKJOPIK90,野村アセットマネジメント株式会社
549300LNKU6K5TJCRG93,STONEX FINANCIAL INC.
549300LNYKT3CP3PML94,ADELPHI CAPITAL LLP
549300LO2GWZ8BBSY014,SAMSUNG ELECTRONICS SOUTH AFRICA (PTY) LTD
549300LO6BJXOY8V8320,BANQUE DE POLYNÉSIE
549300LOLPFZ05R1BE51,BEKA FINANCE SV SA
549300LOOVRKTNUWQP68,ELQ INVESTORS VI LTD
549300LP0CV2MNC1GV68,"Academy Bank, National Association"
549300LPS48DJ96NXT15,AHL PARTNERS LLP
549300LQ0ICT0TCPEZ41,"FORMUE- & INVESTERINGSPLEJE A/S, FONDSMÆGLERSELSKAB"
549300LQ4LWX2R8ZV130,"KYNDRYL HOLDINGS, INC."
549300LQ6NXDW1B8NT42,엔에이치투자증권(주)
549300LQBRSSUQ58GO21,WISDOMPOINT CAPITAL LTD
549300LQIZZDDHTTK166,Rothschild & Co Investment Managers
549300LQR5JY5EOLWS35,JAK Medlemsbank
549300LR4TCK5I7EJE98,MB CBA BONDCO S.P.A.
549300LRFPSC0IOE0112,MIMAII NZ LIMITED
549300LRI77T5F28OH18,UNILEVER FINANCE INTERNATIONAL B.V.
549300LRIF3NWCU26A80,"BlackRock Finance, Inc."
549300LRKHF4Y7D41I50,"BRIDGEWAY CAPITAL MANAGEMENT, LLC"
549300LRPVT8N6FNFC04,株式会社 京都銀行
549300LRSNKYDM4Q4635,JPMORGAN ASSET MANAGEMENT INTERNATIONAL LIMITED
549300LSDJAZ2PO51K23,Nordea Swedish Stars
549300LSHWT3B834RD96,Chow Tai Fook Life Insurance Company Limited
549300LSMT16CIP6P858,POYRY CAPITAL LIMITED
549300LSYQGRUUNKDU12,Nineteen Private Capital AB
549300LT256P1KNTYF28,"FIDELITY SERVICE COMPANY, INC."
549300LT5DL1WYL17V72,SOUTH RIVER ASSET MANAGEMENT LIMITED
549300LTH67W4GWMRF57,COCA-COLA EUROPACIFIC PARTNERS PLC
549300LTZQGEAJRFIU65,AB Financial Markets Ltd.
549300LU752YUUU1GW07,ARCHITAS MULTI - MANAGER EUROPE LIMITED
549300LUH78PG2MP6N64,ERAMET
549300LUNNL5XMTU0J89,中國國際金融香港資產管理有限公司
549300LUSWY3HVRZHF54,Magnifi Financial Credit Union
549300LUUB7DIXUERJ03,海尔集团财务有限责任公司
549300LUY356596MV847,BLACKSTONE REAL ESTATE SPECIAL SITUATIONS ADVISORS L.L.C.
549300LV55M0M833HD25,БУЛБРОКЪРС
549300LVQPMSAEHU3U94,RAB CAPITAL LIMITED
549300LVXYIVJKE13M84,BLACKROCK FINANCIAL MANAGEMENT INC.
549300LXI6NWKUI5QE87,岡三証券株式会社
549300LXKIU23ZDMYR50,Goldman Sachs Services Limited
549300LXTX6SNEHTF533,STONEX DISTRIBUIDORA DE TITULOS E VALORES MOBILIARIOS LTDA.
549300LXVFYIVZLFL678,TULLETT PREBON CANADA LIMITED
549300LY6TO4QO4YFR78,BANCO ABC BRASIL S.A.
549300LY7AXPXQMUO474,"C.L. KING & ASSOCIATES, INC."
549300LYFYVPUCG6SY25,BANCO COOPERATIVO ESPAÑOL SA
549300LYHE7LWSKDZT53,BANCO DE BOGOTA
549300LYNZDH07L9NG18,SOCAR Trading SA
549300LYO31F9R639W03,SWISS RE INVESTMENT MANAGEMENT LIMITED
549300LZFW7A9ZU66W02,"DREYFUS SÖHNE & CIE. AKTIENGESELLSCHAFT, BANQUIERS"
549300M0NN29T4F38J57,"CTS GLOBAL EQUITY GROUP, INC."
549300M0QYKO33HB5L77,"FERMAT CAPITAL MANAGEMENT, LLC"
549300M0TV8E1AJVSE39,BANCO INDUSTRIAL DO BRASIL S.A.
549300M16F306POWCS41,VANGUARD MARKETING CORPORATION
549300M1BOLNXL8DOV14,THE CHEMOURS COMPANY
549300M1TOB2573YHT17,FAMILY
549300M1VQ0K5Z838B91,FONDSMÆGLERSELSKABET MAJ INVEST A/S
549300M1ZY1QHN0L4Q22,ميدبنك ش.م.م
549300M22LOA28OSLV51,ELLERSTON CAPITAL LIMITED
549300M249TNCC8WN963,"Starr International Company, Inc."
549300M2FN8CTT8IDI14,EUROAMERICA CORREDORES DE BOLSA S A
549300M2IHOB9P5WE714,SWISSQUOTE BANK EUROPE SA
549300M3N5M3E5WDG321,STANBIC BANK GHANA LIMITED
549300M4RJ55T8T60N04,Banque Socredo
549300M4VKX6IMPC8Y43,EDGBASTON INVESTMENT PARTNERS LIMITED
549300M5D2V3B7MRCH98,"BANCO BIC, S.A."
549300M5D5Q2KMDSMP10,"Macatawa Bank, National Association"
549300M5HOPPLR3SJW75,GOLDMAN SACHS HOLDINGS (SINGAPORE) PTE. LTD.
549300M5JMGHVTWYZH47,MOODY'S DEUTSCHLAND GMBH
549300M5MYAD51WHJD55,EUROCLEAR UK & INTERNATIONAL LIMITED
549300M5X5T6C27W3H96,株式会社　大垣共立銀行
549300M6EXC9VGI8YR84,BANCA CREDINVEST SA
549300M710DSN29NN391,野村フィナンシャルプロダクツ＆サービス株式会社
549300M77KOOX4N4ST65,Kapitalforeningen Absalon Invest - Verdensaktieindeks KL
549300M7EOXYU5SJQ317,WESTERN UNION BUSINESS SOLUTIONS (UK) LIMITED
549300M8EHEO6W5JZ872,Sijoitusrahasto Nora Three Master
549300M8P0LTMZZSMQ10,Länsförsäkringar Fondliv Försäkringsaktiebolag (publ)
549300M8XQL2SIHLTO81,BANCA DI UDINE CREDITO COOPERATIVO-SOCIETA' COOPERATIVA
549300M92DRNP449VA56,CITIGROUP GLOBAL MARKETS FINANCIAL PRODUCTS LLC
549300M9SNZ6EZKB4Z25,PENINSULA PETROLEUM LIMITED
549300MACVLN46DK7389,FIRST SENTIER INVESTORS (AUSTRALIA) IM LTD
549300MATQ2L03SLFT65,Cidel Bank & Trust Inc.
549300MB1I00PC3H9U60,Svensk Kraftmäkling AB
549300MB8JNPSH0NIZ61,BANCA DI CREDITO COOPERATIVO DI AVETRANA - SOCIETA' COOPERATIVA
549300MBB18HDMBPJK33,ASB BANK CORP.
549300MBUKKK7VBYA149,パインブリッジ・インベストメンツ株式会社
549300MBWR5H8SIJLE03,Avanza Bank Holding AB
549300MC5BM16HUYWI17,MORGAN STANLEY INVESTMENT MANAGEMENT COMPANY
549300MC7DDO39OJ7F04,UNICREDIT FACTORING S.P.A.
549300MCPF5HTBF8ZR90,BANK OF BAHRAIN AND KUWAIT
549300MCUSUATEP12F94,"АКЦІОНЕРНЕ ТОВАРИСТВО ""КОМЕРЦІЙНИЙ БАНК ""ГЛОБУС"""
549300MCZ2H4EGT04V44,RBC Royal Bank (Bahamas) Limited
549300MD0MH7D38WOH93,Marchfelder Bank eG
549300MD1R2NMU6B8J09,NUTRITION
549300MDIZUYGHP7D340,AZIZI BANK
549300MDYVVHJ8D1DW28,STANDARD CHARTERED BANK (SINGAPORE) LIMITED
549300ME0BXGTWSKMK34,EBURY BANCO DE CAMBIO S.A.
549300MEQ74A1GXKO751,A3E EM High Yield Fund
549300MFCXK5HOOEWP84,TÜRKİYE SINAİ KALKINMA BANKASI ANONİM ŞİRKETİ
549300MGAN8GCG7QFX02,"ARENA INVESTORS, LP"
549300MGVLXK8G4X5Y29,遠東國際商業銀行股份有限公司
549300MH0X01MRWXPL31,EGYPTIAN ARAB LAND BANK
549300MH1CA06T7E7F09,SHELL (CHINA) LIMITED
549300MH1CUE6VRR3922,MOZA BANCO
549300MHAX26P4JQQ658,Goldman Sachs (Hong Kong) International Investments Limited
549300MHYFHBK14BXI81,"VULCAN VALUE PARTNERS, LLC"
549300MI2MQKPNCVIU88,Sijoitusrahasto Nordea Finnish Transition
549300MI5UQ6RJI14N25,DHB Bank N.V.
549300MII67ES5YBJH61,TRADEWEB DIRECT LLC
549300MILIXP5DAXXK61,RUSSIAN EQUITIES
549300MJ0Y817D63DD96,Asian Bank
549300MJA6PWCLC7G017,SAMSUNG ELECTRONICS ITALIA S.P.A.
549300MJE0EYLRQ0SS55,STELLANTIS FINANCIAL SERVICES ITALIA S.P.A.
549300MJWLQYA5VQDC46,HORISONT KAPITALFORVALTNING AS
549300MJXS7Z5FXV1597,MERCANTILE BANK LIMITED
549300MJYKNCXK293D84,Credimo
549300MK2UTWNN8J3M25,Unigestion SA
549300MK4UIWSCRUW631,MUFG FUND SERVICES (US) INC.
549300MK9FT787B71R64,ATRIUM INVESTMENT MANAGEMENT PTY LTD
549300MKO5B60FFIHF58,招商银行股份有限公司
549300ML2KAH0XQ8B089,NEDERLANDS CENTRAAL INSTITUUT VOOR GIRAAL EFFECTENVERKEER B.V.
549300ML2LNRZUCS7149,한국산업은행
549300ML5OJYXMGRK437,The Victoria Mutual Building Society
549300MM2G2LFEPR2M50,Skandiabanken Aktiebolag (publ)
549300MM5G1GK3G7IH09,Gunvor SA
549300MMVL80RTBP3O28,SOLVAY
549300MNVXT92RBYBF93,Cornerstone Bank
549300MNZECUR067HB12,BancFirst
549300MO4PIYW10JJ098,ESIT Canada Enterprise Services Co.
549300MOAYIHK7N7J350,ナイキジャパン株式会社
549300MOD6Y2YZTUAI37,EFFISSIMO CAPITAL MANAGEMENT PTE. LTD.
549300MOF13GKBNRVV53,BRITANNIC TRADING LIMITED
549300MOGFEJN0GF3619,ODEY ASSET MANAGEMENT LLP
549300MONA3L2BDK8Q22,"Signature Bank, National Association"
549300MP3KK77THHQT36,Bank of the Pacific
549300MPA2Q2UR7L0F82,LUXEMBOURG BRANCH(ES) OF CHINA CONSTRUCTION BANK CORPORATION
549300MPAQJSEDSFFI93,PUBLIC TRUST LIMITED
549300MPFMC06IZG0608,"DBRS, INC."
549300MPFMWO1KUUZ497,China Construction Bank (Asia) Corporation Limited
549300MPRNPO6FWNKN78,MACQUARIE BANK LIMITED
549300MS3WYYVQ4HXM15,"Sumitomo Mitsui Banking Corporation, New York Branch"
549300MS654K78GYF580,FEDERAL AGRICULTURAL MORTGAGE CORPORATION
549300MSMRB6LINDEW77,TTG OPTIONS LLP
549300MSPCW34QBJ9N89,"PACER ADVISORS, INC."
549300MSU5WVAU4ZN645,"Dollar Bank, Federal Savings Bank"
549300MSV3RKNEEDVH61,"COOKE & BIELER, L.P."
549300MSY5NIVC0BME80,CIB BANK ZRT.
549300MTLEDCCBA8DW32,永豐商業銀行股份有限公司
549300MTO9BQ942O8F18,"MARTIN INVESTMENT MANAGEMENT, LLC"
549300MTQSPU91FZ6432,BUTTERFIELD BANK (CAYMAN) LIMITED
549300MTX6LYJRGAEC56,CAMBRIDGE MERCANTILE (AUSTRALIA) PTY. LTD.
549300MTYJII3EK63R40,Majestic Boulevard Limited
549300MU1T4QMXOQV290,ナイキジャパングループ
549300MU2MYJLOY6IJ51,TP ICAP E&C LIMITED
549300MU9YQJYHDQEF63,FORTIVE CORPORATION
549300MUUU8K18347O59,ARAB BANKING CORPORATION (B.S.C) SINGAPORE BRANCH
549300MUW60SFUO8RP23,"BANCOLOMBIA (PANAMA), S.A."
549300MV6H0LW0X8GG54,PT Goldman Sachs Indonesia
549300MVF4DRUKXGGO87,FIXED & MOBILE PTE. LTD.
549300MVU01C0CXDFG16,كيو انفست ال ال سي
549300MW73M5PK1PNG73,WESTPAC NEW ZEALAND LIMITED
549300MW7XR2UCU4EL28,"YUANTA COMMERCIAL BANK CO., LTD."
549300MW9E8PLD2DIN09,ZYBI TECH INC.
549300MW9OVMRJKCB072,ROBINSONS BANK CORPORATION
549300MWGS2LY0JXCM40,RHUMBLINE ADVISERS LIMITED PARTNERSHIP
549300MWHILYDXW26197,Svenska FinansMäklarna AB
549300MWLHCJ08DFDO25,フィリップ証券株式会社
549300MWNS3RG3CUSA56,SKF International Aktiebolag
549300MWSEJVHQAMN503,"ИП ""ИНТЕРКАПИТАЛ МАРКЕТС"""
549300MWWOL8Q7EVI995,SKERRYVORE ASSET MANAGEMENT LTD
549300MWZ8VY5QS62R66,FIRSTCARIBBEAN INTERNATIONAL BANK (TRINIDAD & TOBAGO) LIMITED
549300MX0QKP6GD7TZ73,SMARTSHARES LIMITED
549300MX3UZP4SFXJJ35,Tennessee Consolidated Retirement System
549300MX4M35DP7FZQ31,DNB ASSET MANAGEMENT AS
549300MX7N43QBTYPZ34,美林證券股份有限公司
549300MXKMPGM4KO7123,IMEX BANKA dioničko društvo
549300MXL7C60HZ59S65,"CASTLEOAK SECURITIES, L.P."
549300MY6SBXNB0USK41,Nomura Asset Management Singapore Limited
549300MYAXFDGEI4NZ65,GFA Federal Credit Union
549300MYB1NZTDVHAG25,OLD MUTUAL INVESTMENT GROUP
549300MYST2CHNAOZC34,あいおいニッセイ同和損害保険株式会社
549300MZ40TXZRYPI268,GAM SYSTEMATIC LLP
549300MZA4CBXT81MS60,CASSA RURALE ED ARTIGIANA DI BORGO SAN GIACOMO (BRESCIA) - CREDITO COOPERATIVO - SOCIETA' COOPERATIVA
549300MZI5MIYJ02ZU33,"EBSCO INDUSTRIES, INC."
549300MZXX1MYLR8K747,Intercontinental Investment Bank
549300N0G7P1N08DKZ05,LEE OVERLAY PARTNERS LIMITED
549300N0SOX9OZVKG341,"CITICORP SECURITIES SERVICES, INC."
549300N0URHBPBOWLW22,NATIONAL MUTUAL FUNDS MANAGEMENT LTD.
549300N16G77SO6AI465,Impala Platinum
549300N1SDN71ZZ8BO45,Norsk Hydro ASA
549300N1UWZ4871DND44,Apple Bank
549300N2O26NW4ST6W55,PITNEY BOWES INC.
549300N2YX5795KCTZ95,ESSENTRA FINANCE LIMITED
549300N38Q5YKSSV1106,Bankesb
549300N3SBVMRN52OB12,GOLDMAN SACHS GLOBAL COMMODITIES (CANADA) CORPORATION
549300N477OUMMDGVR39,FWU Life Insurance Lux S.A.
549300N4MN7QR0K4RO63,TIR (Holdings) Limited
549300N4N8Z6E2PYR089,"GOLDMAN SACHS MEXICO, CASA DE BOLSA SA DE CV"
549300N4W45PST8EVZ40,Verisure Group AB
549300N57ZLMJHG8OB15,"LUMINUS MANAGEMENT, LLC"
549300N5HX3RYYLUTB74,Nordea Generationsfond 60-Tal
549300N5J1Z9YBHM1U68,MULTIPASS PLATFORMS LIMITED
549300N5SHPUHLUNQO46,Bolton Capital Partners International Ltd.
549300N5W87B2ISAUG48,PYRFORD INTERNATIONAL LIMITED
549300N5WDXOIOYBFN31,Banque Transatlantique Luxembourg
549300N63RJKPUYAY631,HABIB BANK LIMITED
549300N6A0CYKU82WG04,AUDI GLOBAL MARKETS LTD
549300N6ENJB45F3IO05,SCOTTISHPOWER ENERGY MANAGEMENT (AGENCY) LIMITED
549300N6EPI1C1BFRT05,MACARTHUR PHASE A LIHTC LLC
549300N7EUJ8SSOB3S92,"LAKEWOOD CAPITAL MANAGEMENT, LP"
549300N7GWZRI1MEWL81,"ASCENDI, SGPS, S.A."
549300N7RP6SWOB8ZS11,Xylem Europe GmbH
549300N7SPGY7D0EVA06,Allianz Investment Management LLC
549300N8BDWE3MP97605,AFRASIA BANK LIMITED
549300N8MWPYEJDPE198,PIGUET GALLAND & CIE SA
549300N8NA7HECIC6I58,NATIXIS NORTH AMERICA LLC
549300NB00IGN8R8UG27,Rangecourt S.A.
549300NB2DWIX90LZM81,Invium Partners AB
549300NB7FE83IH6BW96,بنك الكويت الوطني / مساهمة العامة
549300NBFK4GO76FTE84,CNB Bank
549300NBLHT5Z7ZV1241,BANK DEGROOF PETERCAM
549300NBN0URT3RA3Y54,WALLENIUS WILHELMSEN ASA
549300NBYEV0UENWTV85,Trans-Canada Capital Inc.
549300NC3GURN0AEZU06,PERSHING SECURITIES LIMITED
549300NCIDYGHQKF7P95,AdventHealth Credit Union
549300NCMRN7QO6TPB94,FPB CASSA DI FASSA PRIMIERO BELLUNO - BANCA DI CREDITO COOPERATIVO - SOCIETA' COOPERATIVA
549300NCQQ9E4O5JX172,FONTERRA CO-OPERATIVE GROUP LIMITED
549300ND1MQ8SNNYMJ22,AS SEB PANK
549300ND75H8476SLO73,SOCIÉTÉ GÉNÉRALE TCHAD
549300NDCSLSCUI14L89,엘에스증권(주)
549300NDNZ6EWP8BJI88,Bank Iowa
549300NDSLF6SGBG0P27,CRYDER CAPITAL PARTNERS LLP
549300NDVW3TSNX6N213,Credit Union Central of Saskatchewan
549300NE01PCWMXUF415,海通國際證券有限公司
549300NEBDPH0ZXIF850,Daiwa Capital Markets Deutschland GmbH
549300NEMRCSGL23FU27,CIFC ASSET MANAGEMENT LLC
549300NEQHXUX4MZIH22,Bessemer Trust Company
549300NETORQMFBOZ319,NEUBERGER BERMAN EUROPE LIMITED
549300NF1DEFHG8XLQ11,Bank of Uganda
549300NG4IAYEMQ99364,USFOREX INC.
549300NG5F8DSHWRWF86,BANCO SOCIETE GENERALE BRASIL S.A.
549300NGFSGY6QN85U40,COLCHESTER GLOBAL INVESTORS LIMITED
549300NGKPO863OCDX74,CITIGROUP FINANCIAL PRODUCTS ISRAEL LTD
549300NGP68ESFZN6010,Absa Bank Botswana Limited
549300NH6S3EOUMY2162,臺灣證券交易所股份有限公司
549300NHLKJP1FQOEI30,Integro Bank
549300NIQZGDT123OH38,FISHER INVESTMENTS EUROPE LIMITED
549300NIUPNUFRZ8LJ52,GOLDMAN SACHS (ASIA) L.L.C.
549300NIVXF92ZIOVW61,STANBIC IBTC BANK LTD
549300NJ14K1JD7ET710,JUMP TRADING PACIFIC PTE. LTD.
549300NK573N15JIEI66,GARDNER RUSSO & QUINN LLC
549300NKFOI0ALVCTS33,BASF METAL FORWARDS LIMITED
549300NKG8WR6UWSZS80,GAIN CAPITAL UK LIMITED
549300NKKEOXL1K82T73,Försäkringsaktiebolaget Skandia (publ)
549300NL3JN3ABDPH257,AFFINITY PLUS
549300NL7HTCLIXMWU28,未來資產環球投資(香港)有限公司
549300NL8FP4YIVORV07,"BANISI, S.A."
549300NLEOFP92P38Q71,B. C. ZIEGLER AND COMPANY
549300NLID30G8RSPH79,HAYFIN CAPITAL MANAGEMENT LLP
549300NLOMBOWE943Y30,REALKREDIT DANMARK A/S
549300NLQXERSJ2AGN81,AFORE SURA SA DE CV
549300NM4RLBUDOZCN35,Wihuri International Oy
549300NMJPJ4Z5SPCZ73,교보증권㈜
549300NMK53ZO7KHAR59,JUPITER UNIT TRUST MANAGERS LIMITED
549300NN0FG2Y4MXF572,LFG+ZEST SA
549300NNL9H573MWO110,BANK OF UTAH
549300NNRKTYIWRL5U23,BSL BANK SAL
549300NO0KFB16R0X782,BANKA OTP ALBANIA SHA
549300NOJVZRPQGXQV73,INSIGHT INVESTMENT MANAGEMENT LIMITED
549300NOT0MVDZ12LG12,First Global Bank Limited
549300NP4MIDUNET0550,"BGC FINANCIAL, L.P."
549300NP4O0KCIFBR344,JANATA BANK PLC.
549300NPMY49SMN5GK24,QUEST EUROPE SUSTAINABLE EQUITIES
549300NPPVK0H2XGQ639,BANCA DI CREDITO COOPERATIVO BRIANZA E LAGHI - SOCIETA' COOPERATIVA
549300NPVBPYW8WKDV87,SOCIETE GENERALE GHANA PLC
549300NQ32SRT0NWPB72,BANCA ALETTI S.P.A.
549300NQ588N7RWKBP98,OP Yrityspankki Oyj
549300NQQYMZ14GFC628,GS ASIAN VENTURE (DELAWARE) L.L.C.
549300NQY2IY7YJ8HG28,ABBEY STOCKBROKERS LIMITED
549300NRF8VJL4TLMI28,THRIVENT FINANCIAL FOR LUTHERANS
549300NROGNBV2T1GS07,Bank Negara Malaysia
549300NS02J9X0OKK880,THESIS UNIT TRUST MANAGEMENT LIMITED
549300NS308NHMAH1C72,OLAYAN INVESTMENTS COMPANY ESTABLISHMENT
549300NS4D5IK406VT62,BALLY'S CORPORATION
549300NT3PLD3ZTLM664,BANCO MAIS S.A.
549300NT5SN7746DXX04,KRYGER CAPITAL LIMITED
549300NT7GLLVGTH0249,American Enterprise Investment Services Inc.
549300NT7XMQ7NR16L72,Aviso Wealth Inc.
549300NTFI9SUJY6ZZ14,INFRONT SPORTS & MEDIA AG
549300NTSMOFLP23EQ17,SOCIETE GENERALE SECURITIES AUSTRALIA PTY LTD
549300NUBCPBLVYI6F75,Gottex Securities AB
549300NUBTNVY9NFMS65,銀聯信託有限公司
549300NUP2MJOCL4Q619,Jefferies Hong Kong Limited
549300NURMJV1O5EQA54,SAMSUNG ELECTRONICS BENELUX B.V.
549300NV1Y88Z56VSC97,"GRUPO BURSATIL MEXICANO, S.A. DE C.V. CASA DE BOLSA"
549300NV8FSQRNOUQO50,RELIANCE TRUST COMPANY
549300NVJV165GE8AO03,BANCA ALETTI & C. (SUISSE) SA
549300NWJF7674M17J14,OCEANWOOD CAPITAL MANAGEMENT LLP
549300NWLAMU6V1SEU32,CONCENTRIX S.A.S. FRANCE
549300NWLIYW5EWZ5B14,BTG PACTUAL CASA DE BOLSA SA DE CV
549300NXP7NMRCRG3P34,Swedbank Robur Fonder AB
549300NY6OZM39SO6475,Bausch + Lomb Corporation
549300NYBMESYXTWIJ67,TAI FUNG BANK LIMITED
549300NYLIJ5VJ8WQT89,FCE BANK PLC
549300NZ97UNGBXAPM35,BANK CIMB NIAGA
549300NZIBOZBYW6UL69,CLARENCY SINGAPORE PTE. LTD.
549300NZJLUO8SYMED69,ROTHSCHILD & CO WEALTH MANAGEMENT MONACO
549300NZP1SIONC13983,GLOBAL ENVIRONMENTAL OPPORTUNITIES
549300NZSH0TUJK0MP50,BANCA DI CREDITO COOPERATIVO DI SANTERAMO IN COLLE (BARI) - SOCIETA' COOPERATIVA
549300NZWZUYUWEOA562,Elements Financial Federal Credit Union
549300O080RZNQXWR806,"TRADE & DEVELOPMENT BANK, JSC"
549300O0NX3OWMAZEH79,UCP ASSET MANAGEMENT LIMITED
549300O0W8N1WJ6NCG08,Credicorp Capital Sociedad Agente de Bolsa S.A.
549300O0XKV5IVJ3B364,NOMURA ASSET MANAGEMENT U.K. LIMITED
549300O0YQXDOJB36Y73,SANTANDER CONSUMER BANK S.P.A.
549300O1HO5F5JL8T923,FWD生命保険株式会社
549300O1LQYCQ7G1IM57,บริษัท ธนาคารสแตนดาร์ดชาร์เตอร์ด (ไทย) จำกัด (มหาชน)
549300O2MVAMFR6BH208,Raiffeisen Kapitalanlage-Gesellschaft m.b.H.
549300O2NNE4X00RNP42,LUMYNA INVESTMENTS LIMITED
549300O2OCIJU74PSB07,BLACKROCK ASSET MANAGEMENT UK LIMITED
549300O2SZL3XF11I355,NEXUS ENERGIA SA
549300O2UN9JLME31F08,UNICREDIT BANKA SLOVENIJA d.d.
549300O35MBB4IYFDZ17,الانصاري للصرافة ذ م م
549300O38070NP5ORC46,OPENMARKETS AUSTRALIA LIMITED
549300O3HXYXXUHR0897,Klarna Bank AB
549300O3J3YO6S614573,DBS VICKERS SECURITIES (SINGAPORE) PTE LTD
549300O3RIGG8W2NLH04,MONEDA S.A. ADMINISTRADORA GENERAL DE FONDOS
549300O3VBBL7XXSXF49,AMOVA ASSET MANAGEMENT UK LIMITED
549300O3W2GY5M53PI68,REEPAY FINANCE LTD.
549300O482B6CBF38D50,Telecom Italia Finance
549300O4BITBUELR8P60,ELARA SECURITIES (INDIA) PRIVATE LIMITED
549300O4C6NBTT84ZT89,IMAGOR S.A.
549300O4DODKF0NGEX65,ASIA INVESTING HOLDINGS PTE. LTD.
549300O4PPYGGOTPBU44,Guaranty Income Life Insurance Company
549300O4QHK2ENLCGV47,ARAB FUND FOR ECONOMIC & SOCIAL DEVELOPMENT
549300O4R80KGT0Y1X66,KUTXABANK INVESTMENT SOCIEDAD DE VALORES SA
549300O50UGGP56RLJ29,FAYEZ SAROFIM & CO.
549300O5K6L7F2Q6PN22,ENNIS PROPERTY FINANCE DESIGNATED ACTIVITY COMPANY
549300O5KAG21BMZ8N83,DOHA BANK Q.P.S.C
549300O5NBH6AGRGPL96,SOCIETE GENERALE ASIA LIMITED
549300O67ZSVJAT55O77,UNIONDIGITAL BANK INC.
549300O6CSI01N2D1257,PT BANK DBS INDONESIA
549300O6E2WAK3IAXE34,NORGES BANK
549300O6JIWFHX6Z0E31,Mälarenergi Försäljning AB
549300O7HJXM3826N706,CREDITBANK SAL
549300O7LDE1XDIKSB70,ZEDRA TRUST COMPANY (UK) LIMITED
549300O7SBDSNG4IB582,IRCE S.P.A
549300O7SGM8FH65GQ47,Busey Bank
549300O7Z28EIU8U5084,AL WATANIEH FOR FINANCIAL SERVICES COMPANY
549300O8SYC11K6GP975,JT INTERNATIONAL HOLDING B.V.
549300O8T6I5A7FBMN18,CMB WING LUNG BANK LIMITED
549300O95PYSBUJZWY40,華泰商業銀行股份有限公司
549300O9YDJVGCONW084,"KOLMAR AMERICAS, INC."
549300OA79DKM2EKBT58,BANCO J P MORGAN SA INSTITUCION DE BANCA MULTIPLE J P MORGAN GRUPO FINANCIERO
549300OAK5NVO4DQRI60,BCR BANCA PENTRU LOCUINTE SA
549300OB5SQ53A8BTO30,モルガン・スタンレーMUFG証券株式会社
549300OBDWYLEP2V5I94,MIND MONEY LIMITED
549300OBGOF2IVUD3L23,DEŽELNA BANKA SLOVENIJE d.d.
549300OBLIP1F3NM5751,PlainsCapital Bank
549300OBO7DOF2KOP535,FirstBank
549300OBXZ84F1NNDY50,THANACHART SECURITIES PUBLIC COMPANY LIMITED
549300OCBOJOTTXNSK53,센트비
549300OCLB7H5K2SVV15,HONG LEONG INVESTMENT BANK BERHAD
549300OCPYKDBIQ11H61,Valliance Bank
549300OCYFAUVGQY5I62,CITY OF LONDON INVESTMENT MANAGEMENT COMPANY LIMITED
549300OCYH0WALOPK216,Stichting Bedrijfstakpensioenfonds voor de Detailhandel
549300OD9B3Z017FKI66,شركة جولدمان ساكس العربية السعودية
549300ODEKJCRN2AM859,NORTH SOUTH CAPITAL LLC
549300ODOEJMCP77CP58,KOLMAR GROUP AG
549300ODYYY8HGVS6190,PT BANK MIZUHO INDONESIA
549300OEJ6A7AFFQDN13,"CONNOR, CLARK & LUNN FINANCIAL GROUP LTD."
549300OEJUJZFNLTKO69,شركة مصرف بغداد- مساهمة خاصة
549300OELEN3ZS5RB682,Merck Financial Services GmbH
549300OF84KDPIFN4M17,WEATHERBYS BANK LIMITED
549300OFTR67XBWX5T25,EA SERIES TRUST
549300OG26Q2SY5LIY84,東京海上日動火災保険株式会社
549300OGHEDFQ83ZNX55,SOFAER GLOBAL RESEARCH (HK) LIMITED
549300OGSFI8KL1WUU09,Bank of China Limited Hong Kong Branch
549300OHIIUWSTIZME52,"BLOCK, INC."
549300OHLZ0RR2TSKH90,R.J. O'BRIEN LIMITED
549300OI8QSEKIEUHL63,SLC Management Private Fixed Income Plus Fund
549300OI9J7XOWZMUN85,GE HEALTHCARE TECHNOLOGIES INC.
549300OIOZ0ULY8HNW21,Nomura Asset Management Malaysia Sdn. Bhd.
549300OJYN6VFGGPE496,Fidurhône SA
549300OK9777B5RLCX22,St. Stanislaus - St. Casimir's Polish Parishes Credit Union Limited
549300OKBU4JKF4TWP75,AMNS Luxembourg Holding S.A.
549300OKGXJCIPEF4722,MOODY'S LOCAL AR AGENTE DE CALIFICACION DE RIESGO S.A.
549300OKKPH77U3XPY61,INTERDIN BOLSA SOCIEDAD DE VALORES Y BOLSA SA
549300OKLGNR14RENI09,Virksomhedsobligationer Højrente KL
549300OL514RA0SXJJ44,CLEARSTREAM BANKING S.A.
549300OLBL49CW8CT155,IBERCAJA BANCO S.A.
549300OLDAMXBPSHIC05,Banco Centroamericano de Integración Económica
549300OLXJ4Y010LOT34,COUTTS & COMPANY
549300OLZFLPH7LVXW89,BANK OF CHINA (CANADA)
549300OM1MUSBTEGVV90,The Bank of Nova Scotia Trust Company (Bahamas) Limited
549300OM47DQV01G4854,"KEEFE, BRUYETTE & WOODS, INC."
549300OM47Z0Z2E7XU45,SVC CO-OPERATIVE BANK LTD
549300OM6UL0BXPO3W46,"WEEDEN PRIME SERVICES, LLC"
549300OMC8R4W0GLBW81,بنك سورية والمهجر ش م م ع
549300OMCGXMJEDNIY61,Vattenfall Power Management Aktiebolag
549300OMFJGQ3ZEXJP47,GCM GROSVENOR L.P.
549300OMFZIUL3HNFC34,"BANCO COMERCIAL DO ATLÂNTICO, S.A."
549300OMI3WHG0X9PA58,مركز حفظ و مقاصة الادوات المالية للبنان و الشرق الاوسط (ميدكلير) ش.م.ل.
549300OMRYXDUM138808,FIRST BANK CHICAGO CORP.
549300OMT8LAUY15DW84,GNB - SOCIEDADE GESTORA DE FUNDOS DE PENSÕES S.A.
549300OMTXWX1144LP69,"Akciju sabiedrība ""Reģionālā investīciju banka"""
549300ON2S1SHJ78XL05,ФК ФИНА-С АД
549300ONBUTV20237K19,Luossavaara-Kiirunavaara Aktiebolag
549300OO5RDECUYL6P03,COMDER CONTRAPARTE CENTRAL S.A.
549300OOASP1I1T3D205,"Banco Agricola, S.A."
549300OODOO0QOU3BT85,UBS Securities Pte. Ltd.
549300OOI2GKV3PJY748,BTG PACTUAL CHILE SA CORREDORES DE BOLSA
549300OOOBFNCPKH1P84,GS EM LIMITED
549300OP3ZTC2ZENVK65,"АКЦІОНЕРНЕ ТОВАРИСТВО ""ПРАВЕКС БАНК""."
549300OP8ESLON2JNP22,Allianz Global Investors Taiwan Limited
549300OPKCV6BLMDSL66,United Bank
549300OPUKN7OQ6WAX33,COLLINS SARRI STATHAM INVESTMENTS LIMITED
549300OPUPG8HEI23I42,UGL Services Pty Ltd
549300OQ7NQEKOCGWF54,American Business Bank
549300OQHYGBN8W1QP06,WORLD FIRST UK LIMITED
549300OQKKP0E3PYU162,INCLINE GLOBAL MANAGEMENT LLC
549300OQKZVD4N4DSW57,NÆRINGSBANKEN ASA
549300OQLM7WDDGQB771,"ALPS Advisors, Inc."
549300OQTBW7J6DYG658,UBS Securities Canada Inc.
549300OQTLP8NQWSK514,GS SAPPHIRE HOLDING LIMITED
549300ORF2FMHXODHJ66,CALDWELL SECURITIES LTD.
549300ORLU6LN5YD8X90,BANCA COMERCIALA ROMANA SA
549300ORMHFZGQWBPU71,MYSTATE BANK LIMITED
549300OSGFLYKC22SO39,株式会社商工組合中央金庫
549300OSSB84L1IO3H73,EMIRATES INDIA INTERNATIONAL EXCHANGE - LIMITED PARTNERSHIP CO. (HEAD OFFICE) (BRANCH)
549300OT5L7B87VWHP86,ALMACENES EXITO S.A.
549300OT9KGY8WOEN952,BANK OF GHANA
549300OTLWFQPOOSC346,BayCoast Bank
549300OTTCSOD5OCZ143,"Bessemer Trust Company, National Association"
549300OU1LASVUU4F760,陽信商業銀行股份有限公司
549300OUFGVRFN8PZB89,Herring Bank
549300OUL3PXD17HV644,Sagen Mortgage Insurance Company Canada
549300OULZAEQLPNTL63,SOCIETE NATIONALE DE CREDIT ET D'INVESTISSEMENT
549300OUQA5TQ2JW3I71,ICE BONDS SECURITIES CORPORATION
549300OUY5Y47EXQBB91,"CTC INVESTMENTS, LLC"
549300OV6H94Z8XLJW55,TESE CONSULTORIA FINANCEIRA LTDA
549300OVB176OMK4Y420,Portefølje PM Stats- og realkreditobligationer KL
549300OVKIM4QTWASP03,KEYSIGHT TECHNOLOGIES SINGAPORE (HOLDINGS) PTE. LTD.
549300OVLWK5JUQ6ZH26,CTBC Bank Corp. (Canada)
549300OVO8MRA4KTCJ44,UNICREDIT CAPITAL MARKETS LLC
549300OW8GZUKSGDZF75,CB Asset Management Aktiebolag
549300OWAIOB5PIYON10,TBP Investment Advisory (HK) Limited
549300OWBDK3ZWOL2C57,Marginalen Bank Bankaktiebolag
549300OWD7I6F3PCJT62,EAST COAST ASSET MANAGEMENT SEZC
549300OWFMSO9NYV4H90,BRITISH TELECOMMUNICATIONS LIMITED
549300OWSAW68CBJ3V37,MONEDA CORREDORES DE BOLSA LIMITADA
549300OWXQEVZB2YGC46,86 400 LTD
549300OX8NDYIQ4DB571,摩根士丹利銀行亞洲有限公司
549300OXNT12UCMA5V92,EUROPA CAPITAL LIMITED LIABILITY PARTNERSHIP
549300OY1IT4IB353V97,NÁRODNÁ BANKA SLOVENSKA
549300OY8LKCT4PMVP79,DNB Asset Management AB
549300OYRGTPMFY7AC71,SOCIETE REUNIONNAISE FINANCEMENT-SOREFI
549300OYUPKC8M68U288,ORION ENGINEERED CARBONS GMBH
549300OZ46BRLZ8Y6F65,EUROCLEAR BANK
549300OZIFHR7THILC90,"Merchants Bank, National Association"
549300OZSHE4H5BFQA66,Intesa Sanpaolo Wealth Management
549300P01KPUTAFHD235,JAPANESE EQUITY OPPORTUNITIES
549300P0GXZAWI355052,Machias Savings Bank
549300P0PVQNO43T7K36,Bloomberg Tradebook LLC
549300P123CGXBLT3M90,"""CASSA RURALE ED ARTIGIANA DI BINASCO - CREDITO COOPERATIVO"" SOCI ETA' COOPERATIVA"
549300P161V4IPKAQS70,BANCO DAVIVIENDA S A
549300P1SLJZB82YLP69,TÜRK EKONOMİ BANKASI ANONİM ŞİRKETİ
549300P26ZSW59JDOM79,FEDERATED HERMES (UK) LLP
549300P2EFHKIRHCYB07,IMB LTD
549300P2GEYNMH5OQA71,WASHINGTON TRUST BANK
549300P2JF82DYWEXW33,Apex Fundrock Limited
549300P2JSTCSHO5JG54,HAITONG BANCO DE INVESTIMENTO DO BRASIL S.A.
549300P3DI8LOUAPBT80,"Hartford Funds Management Company, LLC"
549300P3DIW86LCFS227,STATE BANK OF INDIA
549300P475H9B1VU3K77,البنك التجاري الأردني
549300P4CZ72TCEMNW52,"TISHMAN SPEYER PROPERTIES, L.P."
549300P4L8QUVFG4EB93,شركة العليان الماليه
549300P4PXJT26P1MU82,"HOTTINGER, GAULTIER & PARTNERS AG"
549300P554N1K0KFBD25,SJÄTTE AP-FONDEN
549300P683KIY097ZG79,"SAMSUNG ELECTRONICS CZECH AND SLOVAK, S.R.O."
549300P74FF45UQVU281,THE CENTRAL BANK OF THE REPUBLIC OF AZERBAIJAN
549300P7G2LJKXQ8BY52,CARDIF LIFE
549300P7J8F3SSMY3E81,Eastman Kodak Company
549300P7J9S1WSW4VU68,"Village Bank and Trust, National Association"
549300P83A4B4UIS4N50,Ohio Treasurer of State
549300P8D8LB2NFYZM12,"ANGEL OAK CAPITAL ADVISORS, LLC"
549300P8JY7KBLZSXM75,Citibank Cote d'Ivoire SA
549300P8K0GPRS1CUS51,HNB National Bank
549300P8TDQ7FBZIAB98,KENANGA FUTURES SDN. BHD.
549300P9U61KPQ0EU265,OTUS CAPITAL MANAGEMENT LIMITED
549300PATUOZBNCEYK80,JIA INVESTMENT ALLIANCE PTE. LTD.
549300PBLPGO5HHRXL63,EIFFEL INVESTMENT GROUP
549300PBQLL4JDNIAQ80,THE CURRENCY CLOUD LIMITED
549300PBTCTIHYDVKO13,CHIMAERA CAPITAL LTD
549300PBUN0RPL1FYV60,Express Bank Sverige Filial
549300PC872I5Y7SZX87,BUNGE SA
549300PCVG20950ZOL88,"THE FIG GROUP, LLC"
549300PD0IHUIB4I9X69,CASA DE BOLSA FINAMEX S A B DE C V
549300PD3MYDT7QR0C92,CITADEL FRANCE SAS
549300PD69T87IGZG395,Volvo Treasury Aktiebolag
549300PDCRBXSQU4DO76,"OBERWEIS ASSET MANAGEMENT, INC."
549300PE56BQM0D8FL40,State Street Brasil S.A - Banco Comercial
549300PEGR5CPT5EAY89,Gramercy Funds Management LLC
549300PEHUAW62538U24,"UNION BANCAIRE PRIVEE, UBP SA"
549300PEK0AU35HVR544,NOVARTIS HOLDING AG
549300PER2ICSDPP2R94,ATLANTIC EQUITIES DEUTSCHLAND GMBH
549300PFKNLAYCVJJZ66,BRITISH AMERICAN TOBACCO DEL PERU S.A.C.
549300PG0U4Z0Y0TDA68,SAMAN BANK NIEDERLASSUNG FRANKFURT
549300PGP9XNV1G6ES58,TUDOR CAPITAL EUROPE LLP
549300PGXWH0WZUNMG82,TRADITION FINANCIAL SERVICES LTD.
549300PH8W6E9DMTQ364,J.P. MORGAN SECURITIES (FAR EAST) LIMITED
549300PHEUKQ7DF1QM86,SHIRE IRELAND FINANCE TRADING LIMITED
549300PHH16L4ZYRUG95,Banque Cramer & Cie SA
549300PHQH3Q74O5YT52,Nordea Investment Management AB
549300PHQZ4HL15HH975,SWEDBANK AS
549300PHVEBLXGO8CN25,"BIBANCA, SOCIETA' PER AZIONI"
549300PHVVLJP2WH0I02,Credit Union Central Alberta Limited
549300PI1IMVNJ8GOS22,MAYWOOD ASSET MANAGEMENT PTE. LTD.
549300PI8J8CV6B53I58,Bank of Ann Arbor
549300PIL5VCMXDT1E72,NPJ ASSET MANAGEMENT LLP
549300PIL6WWOVND8E73,BANCO MIZUHO DO BRASIL S.A.
549300PIO4YBWBVP9463,MONARCH ALTERNATIVE CAPITAL (EUROPE) LTD
549300PIUSJV81WDAH03,LONGEVITY
549300PJ4L47VP3EUL80,INORA LIFE DESIGNATED ACTIVITY COMPANY
549300PJGF8BK9XKVB17,摩根大通银行（中国）有限公司
549300PK6LFJ2F3E0519,RBTT Bank Grenada Limited
549300PKBTWAJOSBG383,Land Bank of the Philippines
549300PKEQ3Q9S0IXW76,UNITED FEDERAL CREDIT UNION
549300PKUFGFKKY0C917,株式会社北海道銀行
549300PL06CMX2TBY506,BELGRAVE CAPITAL MANAGEMENT LIMITED
549300PLDYJMOW8QKZ45,CIMB BANK BERHAD
549300PLIQC17ABD1N68,"Danske Bank A/S, Danmark, Sverige Filial"
549300PM6JVUOVCSP852,Nomura Nederland N.V.
549300PN3O3XXR1NHB27,SOCIETE GENERALE CAMEROUN
549300PN6MKI0CLP4T28,Bank of Canada
549300PNDUV5FM5MJ160,"Decatur Capital Management, Inc."
549300PNQH628DTH5332,หลักทรัพย์ ยูบีเอส (ประเทศไทย) จำกัด
549300PNY73XR92RF524,Banco Improsa Sociedad Anonima
549300PO25CJTOVWTP67,EDGEPOINT INVESTMENT GROUP INC.
549300PO3ZPO1TWBWB20,SFI MARKETS B.V.
549300PO4FKG60O2CH52,FirstCaribbean International Bank (Jamaica) Limited
549300POR1VXCUOJ3V54,WESTERN UNION INTERNATIONAL BANK GMBH
549300PP49C5N6ZWR511,OKASAN ONLINE SECURITIES CO. LTD.
549300PP8OITZIFVRG78,澳門商業銀行股份有限公司
549300PPJGN9E26TI110,PERSHING SECURITIES INTERNATIONAL LIMITED
549300PPXHEU2JF0AM85,LLOYDS BANKING GROUP PLC
549300PPZX37KVXJT751,Sijoitusrahasto Nordea Premium Varainhoito Maltti
549300PQ3LL5KBMMBQ09,SENSATO INVESTORS LLC
549300PR3ETI85Y9Z253,Sijoitusrahasto Nordea Maailma Osinko
549300PSGUCZV4QKZQ41,PT AIA FINANCIAL
549300PSKQMT6O8FR185,NEPHILA CAPITAL LTD.
549300PSOFCH1JWD1W14,PICTET - EMERGING EUROPE
549300PSZ3ZWM6B81P43,Tundra Fonder AB
549300PT6CCDYU4VHM41,Pennsylvania State Employees Credit Union
549300PU0T1YNEGI0829,Investec Markets Pty Ltd
549300PUTA9MBEMSLA89,OPTION TRADING COMPANY NV
549300PV2KIL739QYQ35,Citizens National Bank of Texas
549300PV50TEP9HM5V61,EVEREST REINSURANCE COMPANY
549300PVG26ISP5X1556,"ROCKET SOFTWARE, INC."
549300PVITVD0I4S2O72,"NIKE Holding, LLC"
549300PVL6CYCWSH9C53,Franklin Templeton International Services S.à r.l.
549300PVTTOLMNI0GA40,JLQ LLC
549300PW5CMJP3D8CT42,SA STOCK BROKERS
549300PWCKTQ0V5IPJ96,ELECTRADE S.P.A.
549300PX4WGXJNU7GL82,Pan American Health Organization
549300PXD4J0GZKMHX56,PILOT 2017-A LLC
549300PXHEWNAGPV0398,SANTANDER CONSUMER BANK SPÓŁKA AKCYJNA
549300PXLLK5QCF1XC81,"BDO UNIBANK, INC. (SINGAPORE BRANCH)"
549300PY0EQ50FR81A89,VISA EUROPE LIMITED
549300PY20FEU0RGFX33,"BASSWOOD CAPITAL MANAGEMENT, L.L.C."
549300PYICCVCQR1U511,SIGMA SECURITIES BROKERAGE
549300PZ44DNQDPOV865,Pinnacle Bank
549300PZMFIQR79Q0T97,Íslandsbanki hf.
549300PZS8G8RG6RVZ52,ORKLA ASA
549300PZYOQ2NW83V760,株式会社SBI新生銀行
549300Q00QU7BNARF391,STANDARD CHARTERED SAADIQ BERHAD
549300Q063PWQEPK4W29,OMEGA GLOBAL INVESTORS PTY LTD
549300Q08P3G7KZVGB68,BANCO DE LA REPUBLICA
549300Q0JB7QCXBFP534,重庆市经济技术开发区庆盛小额贷款有限公司
549300Q0KSEZVTYZGG48,TOWERS WATSON LIMITED
549300Q0QU26D7ZQ8N78,NCBA BANK KENYA PLC
549300Q17EOFMB1AGS79,WIZINK BANK SA
549300Q1TD0UFF461I77,ISLAMI BANK BANGLADESH PLC
549300Q25E47PLNDRB53,"""SAMSUNG ELECTRONICS BALTICS"" SIA"
549300Q27GKJ40I3KD92,GZC INVESTMENT MANAGEMENT AG
549300Q2QFG9Q2IJ7S57,DANA LIMITED
549300Q2UFK55M7CZC75,Portefølje Lange Obligationer
549300Q2Z3B0BNFSSC21,BLUEFIN EUROPE LLP
549300Q3448N041CTH56,ACEA S.P.A.
549300Q36F6N7JFTYF87,EMERSUB TREASURY IRELAND UNLIMITED COMPANY
549300Q3OIWRHQUQM052,SPAREBANK 1 SØR-NORGE ASA
549300Q3SVMKOB8NBS80,AL BARAKA GROUP B.S.C
549300Q464CED150EV03,AIKYA INVESTMENT MANAGEMENT LIMITED
549300Q4GC0J1AKMXF46,PT Bahana Sekuritas
549300Q54HHOIVWCEN57,"ICE SECURITIES EXECUTION & CLEARING, LLC"
549300Q5IU75XPTW3541,GENERALI FRANCE
549300Q5JRTVVV8W8633,BERGEN BUNKERS AS
549300Q5VVMOFZGJNF15,J.P. MORGAN DUBLIN PUBLIC LIMITED COMPANY
549300Q64X96MTIMYC33,Sijoitusrahasto Nordea Intia
549300Q65OLJQDCR6033,Eminova Fondkommission AB
549300Q67XT5N2SEWX61,ENERGY EUROPE INVEST SCRL
549300Q76OHEI4WOY325,"FON.TE - FONDO PENSIONE COMPLEMENTARE PER I DIPENDENTI DA AZIENDE DEL TERZIARIO (COMMERCIO, TURISMO E SERVIZI)"
549300Q7E782X7GC1P43,Schaeffler AG
549300Q7MTG2QGPX3Y16,AMERICAN IRON & METAL COMPANY INC.
549300Q7SEZ32KPGBL06,케이비증권 주식회사
549300Q8DI3V0B3FO467,OMEGA INTERCONTINENTAL INC.
549300Q8IB2KWGTWCR28,"MCKINLEY CAPITAL MANAGEMENT, LLC"
549300QA7IYEM9HDE217,"E FUND MANAGEMENT (HONG KONG) CO., LIMITED"
549300QAJ2SD5X8T7X10,Synergy Bank
549300QB430LQXXC6H46,SHIFT CONNECT LTD.
549300QBHSCPTZ7YV010,臺灣銀行股份有限公司
549300QC8YGNHW412238,FREEPOINT COMMODITIES EUROPE LLP
549300QD3RM5P9IQB413,MONTANA BOARD OF INVESTMENTS
549300QD7E6QF34IQV08,Samsung Asset Management (Hong Kong) Limited
549300QDS5K6OGU25W78,MSIM FUND MANAGEMENT (IRELAND) LIMITED
549300QE3BN5Y1FE7M41,ADMIRAL MARKETS AS
549300QEP36CTLK2U748,ETEX
549300QFJDBOCX7WKY08,The American National Bank of Texas
549300QFMJD8HIPYYG60,Lion Global Investors Limited
549300QGBF42RMLOZV67,WEST INDIES STOCKBROKERS LIMITED
549300QGFHQRB8SVPI60,BANCA DI ANGHIARI E STIA - CREDITO COOPERATIVO - SOCIETA' COOPERA TIVA
549300QGQH9A4BFYZO71,XR TRADING EUROPE LLP
549300QHH84JU3L3SJ43,FIVE CAPITAL MARKETS LTD
549300QHK2X9FP0ZOL02,CATERPILLAR FINANCE FRANCE
549300QHMHYHV6PN4S68,Aqurat Fondkommission AB
549300QIG7KWJUKQYP27,FIRST CITIZENS DEPOSITORY SERVICES LIMITED
549300QIK4DP8O0E3O71,"TREASURY 4, INC."
549300QILLZSH3EROB92,TRANSURBAN LIMITED
549300QILSWMVYH1KU77,"Акционерное общество ""СЭБ Банк"""
549300QITVENB22PDI67,HEADLANDS TECHNOLOGIES EUROPE B.V.
549300QJCTKN5P6Y1H64,CORIS BANK INTERNATIONAL
549300QJDAIXJFGHRM37,POPCORNPAY LTD.
549300QJEO1B92LSHZ06,渣打國際商業銀行股份有限公司
549300QJFOTFCCGFG488,Toyota Material Handling Europe AB
549300QJHGSKBIX1VE40,ALLIANZ GLOBAL INVESTORS U.S. LLC
549300QJJX6CVVUXLE15,RBC DOMINION SECURITIES INC.
549300QJOOR7R6MY2T42,巴克萊亞洲有限公司
549300QK2VLDRLVHWA62,شركة ادارة الأصول ش.م.ب مقفلة
549300QK33HS7IXY1175,GOLDMAN SACHS INTERNATIONAL SERVICE ENTITIES HOLDINGS LIMITED
549300QKYNEBBVKNKX30,ANTIPODES PARTNERS LIMITED
549300QL9Z6XV46RXT40,Jトラストグローバル証券株式会社
549300QLDCP11KB6XW55,FINNING INTERNATIONAL INC.
549300QLFCFZC6JADP03,Bullion Ventura Investment Pte. Ltd.
549300QLG2MA77DKS538,HEARTLAND BANK LIMITED
549300QLH7BRA4EIZO16,GOLOMT BANK JSC
549300QM6V6MTI1RS734,"S.A. de Gestion, d'Investissements et de Participations (SAGIP)- N.V. voor Beheer, Investeringen en Deelnemingen (SAGIP)"
549300QMHS5VUBL4LM05,T Plús hf.
549300QMRPHU0AS15A62,Transtrend B.V.
549300QMVUSCX2K3A596,TA INVESTMENT MANAGEMENT BERHAD
549300QNR45E3A715J87,"POTTERS INDUSTRIES, LLC"
549300QOGMPTKB6W7G56,บริษัท ปตท. จำกัด (มหาชน)
549300QOLX6CNNMH5E58,MBSB Bank Berhad
549300QOMHWIXQCEYW57,Interactive Brokers Canada Inc.
549300QP3CEZZ31FV734,QUAERO CAPITAL LLP
549300QPSJY1NP48D415,Sijoitusrahasto Nordea Stratega Korko
549300QPTRCVVVW4C167,"Progress Investment Management Company, LLC"
549300QPUO1CTL8XCU05,BEACCOUNT LTD
549300QQ50POMBZU3C33,"Tibra Trading America, LLC"
549300QQLTWEVIMUPV13,CENTRAL BANK OF MADAGASCAR
549300QQN4L60N5ZNP62,MSE FINANCIAL SERVICES LIMITED
549300QQRY1JCFQHYS08,JANNEY MONTGOMERY SCOTT LLC
549300QQXOOYEF89IC56,WESTERN DIGITAL CORPORATION
549300QR08KS0U3CJV92,GOLDMAN SACHS (MAURITIUS) L.L.C.
549300QR1LCUY2E97607,Sijoitusrahasto Nora Five Master
549300QR3RXJKWZMK182,RAYMOND JAMES LTD.
549300QRHQ2JFP7YS408,"""SAMSUNG ELECTRONICS POLSKA"" SPÓŁKA Z OGRANICZONĄ ODPOWIEDZIALNOŚCIĄ"
549300QRKQ3057TEHD16,BANQUE BANORIENT FRANCE
549300QS0R6M20VUB380,EBS DESIGNATED ACTIVITY COMPANY
549300QSDFLY87110W54,Mastercard Transaction Services (Europe)
549300QSSBTJGX05TF19,BANK NXT
549300QSUNKAEBMYIR16,RAVAGO S.A.
549300QT9R66K7XRP112,TFL LEDERTECHNIK GMBH
549300QTC1F1LZ0Z8B30,Equity Bank Bahamas Limited
549300QTIFOG2JQJDQ51,AIA INVESTMENT MANAGEMENT PRIVATE LIMITED
549300QTTCJ72V42ZG09,全国共済農業協同組合連合会
549300QTVYRPFHS0J362,BANCO MERCANTIL DEL NORTE SA INSTITUCION DE BANCA MULTIPLE GRUPO FINANCIERO BANORTE
549300QU4YNWBS829190,"BANCO ANGOLANO DE INVESTIMENTOS, S.A"
549300QUH5S3VFIWMU57,"GNBank, National Association"
549300QUYBII2PQ4T727,SAMSUNG ELECTRONICS ΕΛΛΑΣ ΜΟΝΟΠΡΟΣΩΠΗ ΑΝΩΝΥΜΗ ΕΙΣΑΓΩΓΙΚΗ ΚΑΙ ΕΜΠΟΡΙΚΗ ΕΤΑΙΡΕΙΑ ΗΛΕΚΤΡΙΚΩΝ ΚΑΙ ΗΛΕΚΤΡΟΝΙΚΩΝ ΕΙΔΩΝ
549300QV5WLCUPJUKW48,THE UNIVERSITY OF TEXAS/TEXAS A&M INVESTMENT MANAGEMENT COMPANY
549300QV8QHGRC1V8N10,P. SCHOENFELD ASSET MANAGEMENT LLP
549300QVL55JBW2V2571,CANYON CAPITAL ADVISORS (EUROPE) LIMITED
549300QVPRMDFIO6C194,BROAD STREET CREDIT HOLDINGS LLC
549300QW4IE1MKHFDO17,PHILEAS ASSET MANAGEMENT
549300QX0QWWJKEY4R28,Marquette Bank
549300QXLA6LSHVXQR44,STANDARD INVESTMENT BANK LIMITED
549300QXP30FD81KVQ43,BLACKROCK INVESTMENT MANAGEMENT (UK) LIMITED
549300QXX3SGZZ4OEU72,Multibank Inc.
549300QY4UCP33T94N09,Ballston Spa National Bank
549300QYTWV3I6FUNZ69,BENDIX FOREIGN EXCHANGE CORPORATION
549300QYZ5CZYXTNZ676,"KROLL BOND RATING AGENCY, LLC"
549300QZ7S5YP8TTLG58,Banca dello Stato del Cantone Ticino
549300QZET8Z4YJN9I45,WORLD FIRST ASIA LIMITED
549300QZGCE8CXPCBV22,СТАНДАРТ ИНВЕСТМЪНТ АД
549300QZGMU6Y0TA5Y64,"AVENUE EUROPE MANAGEMENT, LLP"
549300QZOPH4HQ1T5R56,"Акционерное общество ""Кредит Европа Банк (Россия)"""
549300R0DP2GXAIMGB41,Bank of Colorado
549300R0I2QW0MMAO567,"BENDIX PAYMENT SOLUTIONS, LLC"
549300R0Q58QYRNZLS10,STANDARD CHARTERED BANK (MAURITIUS) LIMITED
549300R0SMAPALLYQD57,GOLDMAN SACHS (INDIA) SECURITIES PRIVATE LIMITED
549300R0VN9C371W0E07,METSO OYJ
549300R0ZPYS6LVTM523,ธนาคาร ซีไอเอ็มบี ไทย จำกัด (มหาชน)
549300R0ZX1E7MISH129,MEKSA YATIRIM MENKUL DEGERLER ANONİM ŞİRKETİ
549300R18H3UOREEZ255,FX CORP PTY LTD
549300R1H520FG7U1Q04,ASSARAY TRADE AND INVESTMENT BANK
549300R1J2KA31NC8483,DYNASOL GESTION SL
549300R1UMENGYBJDQ03,BANCO SABADELL S A INSTITUCION DE BANCA MULTIPLE
549300R1WLMS6CLE8M77,MILFORD ASSET MANAGEMENT LIMITED
549300R20AB76CQEH402,The Juniata Valley Bank
549300R24NNCTGT7CW53,Danske Hypotek AB (publ)
549300R27FMOYJ7L0G26,ENEL IBERIA SL
549300R2EX6BTYLO9246,ធនាគារ (ខេមបូឌា) ភីអិលស៊ី
549300R2L1ORP77W4R24,UTTARA BANK PLC
549300R305XY4DOBR818,Sijoitusrahasto Nora Five (SEK)
549300R3H5XXNLWIOY79,J P MORGAN EQUITIES SOUTH AFRICA
549300R3I2M18P3ZLO82,Global Securities S.A
549300R3JXX43J09PA39,BVR BANCA VENETO CENTRALE CREDITO COOPERATIVO ITALIANO - SOCIETA' COOPERATIVA
549300R3XR02910GZ080,CORTINABANCA - CREDITO COOPERATIVO - SOCIETA' COOPERATIVA
549300R46G1X232ODH36,"Geode Capital Management, LLC"
549300R4EZHU6DUS3S67,BLACKSTONE ALTERNATIVE ASSET MANAGEMENT L.P.
549300R4FSBSW1WY7052,中信證券國際全球市場有限公司
549300R4MM6LT37H7L07,"TRAIANA, INC."
549300R4O3O16JWCZK60,QUAESTIO CAPITAL MANAGEMENT SOCIETA' DI GESTIONE DEL RISPARMIO S.P.A. IN BREVE QUAESTIO CAPITAL SGR S.P.A.
549300R4XILOL7HDRE77,Bank of Bird-in-Hand
549300R51E6Q60VCGI32,ORIFLAME COSMETICS GLOBAL S.A.
549300R5E0DJJN8D4E32,Van Eck Associates Corporation
549300R5UQW8MJSM0T48,BT PENSION SCHEME MANAGEMENT LIMITED
549300R5W2EP17CW1T58,MEMBERS EQUITY BANK LIMITED
549300R6G93N6J8LIC12,Ngân hàng Thương mại cổ phần Quốc tế Việt Nam
549300R6JDOZTOUPKM60,ABERDEEN PLATFORM LIMITED
549300R7PKVEGTSLIF76,First General Bank
549300R7VK7PAHEHQ320,BANCA CREMASCA E MANTOVANA - CREDITO COOPERATIVO - SOCIETA' COOPERATIVA
549300R7W2KTE2IYTR23,MORGAN STANLEY IFSC FUND
549300R8BLR4RYNNB891,M-TWENTYFOUR INVESTMENTS LIMITED
549300R8K43AXHYP5M15,RECTICEL
549300R8VJDW3X6CD250,한국투자증권 주식회사
549300RA02N3BNSWBV74,VIRTU AMERICAS LLC
549300RACQVOIC68DB49,"WATERFALL ASSET MANAGEMENT, LLC"
549300RAQJBTN6Z28096,"Wintrust Bank, National Association"
549300RATXRKYIJ73Z89,TT INTERNATIONAL ASSET MANAGEMENT LTD
549300RB1KP8DQS0MO13,STADIL SPAREKASSE
549300RB8ZUQ2QO5HJ15,INDUSTRIAL AND COMMERCIAL BANK OF CHINA (ASIA) LIMITED
549300RB9YLW2W4ZRS49,CSCBANK SAL
549300RBFB4BPRK3BJ06,ABCI Securities Company Limited
549300RBHWW5EJIRG629,STANDARD CHARTERED BANK KENYA LIMITED
549300RBOGHF6XWXMY24,شركة حصانة الاستثمارية حصانة مساهمة مقفلة
549300RBYAFM3PQZB872,PT BANK OCBC NISP TBK.
549300RCECTD3BXPZF21,BEMO SECURITIZATION SAL
549300RCM12JDWO9GX23,VISTA FINANCIAL ADVISORS LLC
549300RD4R1ZJBZBEK17,Zürich Lebensversicherungs-Gesellschaft AG
549300RE2CX3V6XBFC68,"LGT BANK AG, DUBLIN BRANCH"
549300RE60KX7TX1DZ43,PIMCO AUSTRALIA PTY LIMITED
549300RE88OJP9J24Z18,CAPITAL INTELLIGENCE RATINGS LTD
549300RE88TVJ2I5YL98,GENERAL MOTORS INVESTMENT MANAGEMENT CORPORATION
549300REBU71LYBCPN39,NANUK ASSET MANAGEMENT PTY LTD
549300REMPPKST0PVA02,Mastercard Transaction Services (US) LLC
549300RF5ZFZKP1GRQ89,"PRIVAL BANK, S.A."
549300RFD07WYQ63UJ33,"VIRTU FINANCIAL EUROPE, LIMITED"
549300RFKNCOX56F8591,RAIFFEISEN BANK SA
549300RFMUA2HR34Z831,"W.H. TRADING, L.L.C."
549300RFSMIRUODUVW59,First Interstate Bank
549300RFU3D1M30ZZA20,株式会社十六銀行
549300RG3H390KEL8896,Banca Transilvania SA
549300RGCVWZUN04IA69,"MIAX FUTURES EXCHANGE, LLC"
549300RGT0JMDJZKVG34,UNICREDIT BANK D.D.
549300RGTVDGJ2L9RV02,ALCON PHARMACEUTICALS LTD
549300RGUFR9ZF0W7X26,أفينتيكوم كابيتال مانيجمنت (قطر) ذ.م.م.
549300RH0WLLIXUIBR40,"ULLICO INVESTMENT ADVISORS, INC."
549300RH5FFHO48FXT69,Investec Bank
549300RHDK5D1O3JHU60,PT BANK MAYBANK INDONESIA
549300RHQA2HXUOC5Z25,株式会社りそな銀行
549300RHULME9WP8CG46,PHILLIP NOVA PTE. LTD.
549300RHWXGEVOPFMQ03,Stockholm Corporate Finance AB
549300RI6VZUNIR81J81,INSTINET PACIFIC LIMITED
549300RI8DC4PN54EQ93,NGÂN HÀNG TNHH MỘT THÀNH VIÊN ANZ (VIỆT NAM)
549300RIG2CXWN6IV731,"CEMEX, S.A.B. DE C.V."
549300RIJI1OTIGU0H19,MOX BANK LIMITED
549300RIR04Y64SF4306,Kish Bank
549300RIVY5EX8RCON76,FERRARI N.V.
549300RIYSZ6W3JBU641,BROAD STREET CREDIT INVESTMENTS LLC
549300RIZEQX18I6OZ67,"АКЦІОНЕРНЕ ТОВАРИСТВО ""МІЖНАРОДНИЙ ІНВЕСТИЦІЙНИЙ БАНК"""
549300RJ0CSL5M1B7J96,EATON VANCE MANAGEMENT
549300RJ6DQQVC9KSF08,SG KLEINWORT HAMBROS (GIBRALTAR) LIMITED
549300RJFN0Z663VE860,BBVA SECURITIES INC.
549300RJTS0EUAOPTJ96,GLG Partners LP
549300RK0E9O6BRS0Q28,WPP GROUP SERVICES
549300RK1K905795P160,PT KAF SEKURITAS INDONESIA
549300RK2ZTCKN0NA066,BOREALIS FINANCIAL SERVICES
549300RKDRX166QXEE44,TEXAF
549300RKJX7E09DR4R58,NIKE RETAIL B.V.
549300RKRZUJ1D5BSQ90,上海墨盛资产管理有限公司
549300RL3U27X2Y98H34,VERITAS ASSET MANAGEMENT LLP
549300RLDW1ENPACZR07,ST. GEORGES BANK & COMPANY INC.
549300RLNUU3GJS6MK84,STANDARD CHARTERED BANK TANZANIA LIMITED
549300RM7ARTTP3T1V93,The Canandaigua National Bank and Trust Company
549300RMFVPWCJL9IX64,BANK JULIUS BAER (MONACO) S.A.M.
549300RMH3LEAM6PZA55,SRPSKA BANKA AD BEOGRAD
549300RMHF1NLJ25CP94,台北富邦商業銀行股份有限公司
549300RMRKQ2KZV1QZ55,IMAMURA SECURITIES CO. LTD.
549300RMVY7CFMPI4Z48,TD Asset Management Inc.
549300RNE7OEAVHRPL02,IKEA SUPPLY AG
549300RO1K3C2PFOGH13,CLEAN ENERGY TRANSITION
549300RO2URI2ASXSE39,Placeringsfond Nordea Allokeringsfond
549300RO4882C2LQRT88,MARITIME & MERCHANT BANK ASA
549300ROHQ68Q1CNTW75,"TRIBAL CAPITAL MARKETS, LLC"
549300ROVL6CLWTA6O38,"MORGAN STANLEY CAPITAL GROUP JAPAN CO., LTD."
549300RP18KM6QP5BI81,DG PARTNERS LLP
549300RP5QCNRPILXB63,Letterone Treasury Services S.A.
549300RPLD8RXL49Z691,სს საქართველოს ბანკი
549300RPLOV1JR2JYK84,"ESSO PETROLEUM COMPANY,LIMITED"
549300RPQO8JDYY4VC30,PRISM FINANCIAL PRODUCTS LLP
549300RQ1D1WIE085245,Merrill Lynch B.V.
549300RQ3KP83QPVQY51,SGBTCI
549300RQGJNZKXD4R894,equensWorldline SE
549300RQKM8WAKLNMY77,SANTANDER ISA MANAGERS LIMITED
549300RQPBS2YQL7GX62,ARES MANAGEMENT LIMITED
549300RQT6K4WXZL3083,GOLDMAN SACHS GROUP UK LIMITED
549300RR2DDKUVF3MR77,AGODA COMPANY PTE. LTD.
549300RS7EWPM9MA6C78,SYNCHRONY FINANCIAL
549300RSJL5C0MWVZB39,Hewlett-Packard (Schweiz) GmbH
549300RSKQN4Z5ZSGH94,PT. Bank Mandiri (Persero) Tbk.
549300RSN7N9VJ81HD62,ENGELHART CTP HOLDING (UK) LIMITED
549300RSNEVPCE8HET83,臺灣土地銀行股份有限公司
549300RSVYIR4EIGET64,CMC MARKETS ASIA PACIFIC PTY LTD
549300RSY622D5TQWS42,CITIGROUP GLOBAL MARKETS HONG KONG LIMITED
549300RT3HUPVHDUZ811,BI ASSET MANAGEMENT FONDSMÆGLERSELSKAB A/S
549300RTCZ4OFP5EPS96,PILOT 2016-A LLC
549300RTRGKQT0K2UY67,FIDUCIE DESJARDINS INC.
549300RU7K4VMGDJ0G97,WATERMILL INSTITUTIONAL TRADING LLC
549300RUEBDP37NOGI48,Nordic Growth Market NGM Aktiebolag
549300RUKY2I2HQ2AI44,POLISH & SLAVIC
549300RUX2WQHK226B73,유안타증권 주식회사
549300RV35EPTV9IUT09,PT KGI SEKURITAS INDONESIA
549300RV6VOPHGTMQZ52,BI MANAGEMENT A/S
549300RWEXG63FOZ6X90,Atlantic Finance Company Limited (The)
549300RWQNBMB9BHL579,Andbank Asset Management Luxembourg
549300RX3OHHKBC2EQ32,Woodforest National Bank
549300RX8EDHA2HIW345,"UAB ""PERLAS FINANCE"""
549300RXD00V454J4078,PS Bank
549300RXDW65JFMNG352,PAYDEN & RYGEL GLOBAL LIMITED
549300RXHLK3XT6SD946,Jefferson Bank
549300RY23JYNT5OX436,SOUTH CHINA SECURITIES LIMITED
549300RY2Y2HWOK4EV95,PMG Investment Solutions AG
549300RY3Q0YLHMEXM25,BURSA MALAYSIA DERIVATIVES CLEARING BERHAD
549300RYC9NELN2ICA34,NATIONAL SECURITIES CLEARING CORPORATION
549300RYCNYHUWYKP329,JEFFERIES INDIA PRIVATE LIMITED
549300RYJCJ7JPQ4RF20,BankNewport
549300RYQETUSJSQ8695,RBC ROYAL BANK (TRINIDAD AND TOBAGO) LIMITED
549300RYYRVPPB8NC636,Ambac Assurance Corporation
549300RZHLK2X6YP5T52,OCM ASIA CREDIT I PTE. LTD.
549300RZTZ0HILNF3Y05,American National Insurance Company
549300S05FTPELT4JK26,D.B.R. INVESTMENTS LIMITED
549300S158163H2DN048,ODEON CAPITAL GROUP LLC
549300S1BEQ0YLLJIE23,THREADNEEDLE PENSIONS LIMITED
549300S1C03GIXLRSW61,CLEAR MARKETS EUROPE LIMITED
549300S1DSYN5JO5ZM57,LOMBARD ODIER (EUROPE) SA SUCURSAL EN ESPANA
549300S1GPYRNNYSKV68,Dolomite Capital Advisors LLP
549300S1PT3M9JIUWL37,SQUAREUP INTERNATIONAL LIMITED
549300S1SYQJL97KAF87,Scotiabank & Trust (Cayman) Ltd
549300S1TTZLHSPL3J21,SPARINVEST S.A.
549300S24DMOQB7FX206,STRATOS MARKETS LIMITED
549300S2T3FWVVXWJI89,"Slovenská sporiteľňa, a.s."
549300S2WO6N5LZCA810,CITIGROUP FIRST INVESTMENT MANAGEMENT LIMITED
549300S32ZDD67D2FB46,Norway Savings Bank
549300S34RQ8CV99Y430,MACQUARIE CAPITAL SECURITIES (INDIA) PRIVATE LIMITED
549300S3EENGNTY1Q631,BTG PACTUAL PERU S.A. SOCIEDAD AGENTE DE BOLSA
549300S3IVHLEK6L5N78,MY.Alpha Management HK Advisors Limited
549300S3P4IT9YL69L18,HBOS INVESTMENT FUND MANAGERS LIMITED
549300S4KLFTLO7GSQ80,NVIDIA CORPORATION
549300S4WU4W1Z92RF77,PARAMETRIC PORTFOLIO ASSOCIATES LLC
549300S5161J3XIURT65,Erste Befektetési Zrt.
549300S52TQRCUV2XY81,سامسونج الخليج للإلكترونيات م.م.ح
549300S5LHMBX3WRT314,"Wheaton Bank & Trust, National Association"
549300S5Y3SCCQM7YP79,بنك الخليج المتحد ش.م.ب (مقفلة)
549300S6ONUHIO7CPV56,NOMURA INVESTMENTS (SINGAPORE) PTE. LTD.
549300S6UXVEE0EKUL97,"Westfield Capital Management Company, L.P."
549300S6ZINNW7Y1NP62,BP SINGAPORE PTE. LIMITED
549300S7C1GB2JYIKK33,BANCA TERRITORI DEL MONVISO - CREDITO COOPERATIVO DI CASALGRASSO E SANT'ALBANO STURA SOCIETA' COOPERATIVA
549300S826PE5GR56O46,CRESCENT ASSET MANAGEMENT ASIA PTE. LTD.
549300S8SHBRCI7UU819,Baxter Credit Union
549300SAMQW7TYZ1TR74,SOCIETE GENERALE SECURITIES SERVICES S.P.A.
549300SB3IBI34M00Z45,GILDAN ACTIVEWEAR INC.
549300SBPFE9JX7N8J82,AB SEB BANKAS
549300SC000TFX78OJ56,BARCLAYS PRIVATE CLIENTS INTERNATIONAL LIMITED
549300SCKU4B0LXWV721,Leonteq Securities AG (Guernsey Branch)
549300SD2DLJBBSOPU28,SEA - INVEST
549300SD749BZ9F3DJ64,SALAAM SOMALI BANK
549300SDDJE84DDJNB30,REFINITIV TRANSACTION SERVICES LIMITED
549300SDN7P7N854ID20,SPM FUNDS
549300SDQ83FUC7IK543,Pinnacle Bank
549300SDTKBGV1C10168,Nidoco AB
549300SDWTIPBONK6Q93,SAMPATH BANK PLC
549300SDXT36XYPVWI79,ASX OPERATIONS PTY. LTD.
549300SE0HWX23B15Y23,State Bank of India (California)
549300SEMGDTJL1IDN77,ASIAN LOCAL CURRENCY DEBT
549300SF8F7EYDTFTZ34,"ID-SPARINVEST, FILIAL AF SPARINVEST S.A., LUXEMBOURG"
549300SFOI1RG2567H85,CITIGROUP CONGO
549300SFZJMMBDUEUE73,FundRock LIS S.A.
549300SG184IVNYDMN03,滙豐(台灣)商業銀行
549300SG5DZIK7RNKC51,FIRST CITIZENS INVESTMENT SERVICES LIMITED
549300SGCEMX4ZIZ0E76,Graubündner Kantonalbank
549300SGDHJDHGZYMB20,UBS Asset Management (UK) Ltd
549300SGF4BS54YG8M65,CITCO BANK NEDERLAND N.V.
549300SH2TNOYSD2NI40,Hinc Asset Management AB
549300SHE1JTCOWBP090,STATE EMPLOYEES'
549300SHH0RJIDUOI545,"Ambac Credit Products, LLC"
549300SHI4D0QGWI8X45,CITADEL ADVISORS LLC
549300SHQJPJG8CN8153,"HomeTown Bank, National Association"
549300SHR0URTIFB5Z32,"INTERCAM BANCO S.A., INSTITUCION DE BANCA MULTIPLE, INTERCAM GRUPO FINANCIERO"
549300SI0RO37NRYM538,BEMO EUROPE BANQUE PRIVEE
549300SIG49DZZN70M07,INTERNATIONALE KAPITALANLAGEGESELLSCHAFT MIT BESCHRÄNKTER HAFTUNG
549300SIZ5KBISEZE503,UniBank for Savings
549300SJ1N0QRN4COV34,"BANCO MULTIPLE BHD, S.A."
549300SJ7CE6KN8F1Q37,BANCO CENTRAL DE TIMOR-LESTE
549300SJ9GM0PAURM839,"NATIONWIDE ASSET MANAGEMENT, LLC"
549300SJDJCST6RZEI60,SUMITOMO MITSUI TRUST BANK (LUXEMBOURG) S.A.
549300SJWHR48MXCKE95,C WORLDWIDE ASSET MANAGEMENT AS
549300SJY0U9SL3YWC09,INVESTORS EUROPE (MALTA) LIMITED
549300SKD8BVIU3J1O95,REALDANIA
549300SKTBTC2QFDKG02,Centier Bank
549300SKTZSFBDTOFJ56,China Re Asset Management (Hong Kong) Company Limited
549300SKVB18YSSIDT75,JEFFERIES FINANCE LLC
549300SLLW8GF73Y2J74,MUTUAL TRUST BANK PLC.
549300SLU4LP6YMRLK07,明治安田生命保険相互会社
549300SLV66NW0DI7312,Santander Consumer Finance Oy
549300SM89WABHDNJ349,MOODY'S INVESTORS SERVICE LIMITED
549300SMB53PXFMKBQ74,CAPITAL GENERATION PARTNERS LLP
549300SMG06YR6LAWP96,BANCO SUMITOMO MITSUI BRASILEIRO S A
549300SMIU4R1RSNLX11,"JOHNSON FINANCIAL GROUP, INC."
549300SN1NAZW1D1MC09,三信商業銀行股份有限公司
549300SNCWUUNHA5EL28,PRISM FINANCIAL PRODUCTS LP
549300SNMRIYQKPRAG21,NIKE ELITE LLC
549300SNN0C8LGK00O69,COMPAGNIE FINANCIÈRE MICHELIN SUISSE SA
549300SO1LWCDV9C5D89,Sijoitusrahasto Nordea Nordic Small Cap
549300SO6THYI3S78O95,NATIONAL BANK OF KUWAIT - EGYPT (NBK)
549300SO7QUETMQD9D84,BANCO GNB SUDAMERIS S.A.
549300SOC0BTU7MGMI13,株式会社沖縄銀行
549300SOGM3USX5DOD03,J.P. MORGAN LIMITED
549300SOGU7U2WCM9D57,"Hranilnica LON d.d., Kranj"
549300SOI7X1IESN6176,S3 CACEIS COLOMBIA S.A. SOCIEDAD FIDUCIARIA
549300SOSI58J6VIW052,COMPAGNIE GENERALE DES ETABLISSEMENTS MICHELIN
549300SOZES6XPZ50475,Texas Partners Bank
549300SPHVO4KAGQUX53,The First National Bank of Hutchinson
549300SPT964B3GQGO31,SAMSUNG ELECTRONICS ROMANIA SRL
549300SQBCX6FPXQNO95,INGKA INVESTMENTS FINANCIAL ASSETS IRELAND LIMITED
549300SQCEGXVG3EIP06,GLOBAL HIGH YIELD
549300SQM0MRIF4HE647,STATE STREET GLOBAL MARKETS INTERNATIONAL LIMITED
549300SQNTLSCP6FTV53,ARGONAUT CAPITAL PARTNERS LLP
549300SQYI82RVWFN715,METROPOLITAN BANK & TRUST COMPANY
549300SRN3UJUIF3IN02,KUWAIT INVESTMENT AUTHORITY
549300SRNCM0FO1UR227,"LUXOR CAPITAL GROUP, LP"
549300SRT3ET25W0WR75,"State Street Cayman Trust Company, Ltd."
549300SRZN1EMF77YK89,CITCO CUSTODY LIMITED
549300ST8FVI0WO6M153,BW MARITIME PTE. LTD.
549300SU730FTQOKTE75,INSTINET CANADA LIMITED
549300SUPDLSXO6YWJ42,Garantum Fondkommission Aktiebolag
549300SUXEIK8DXSDF68,PAGONXT PAYMENTS UK LTD.
549300SV2HIB7EJR0U84,DODGE & COX
549300SVES86KMRYW688,Ability Asset Management Scandinavia Aktiebolag
549300SW1A0SWG24LO05,AUSTRACLEAR LTD
549300SW5ZJ2N5OFL161,Absa Bank Tanzania Limited
549300SW608HANLVVZ22,Portefølje Fleksibel
549300SWIBG2E4LDOX46,EQUINOR UK LIMITED
549300SX0NC1HQWB2932,المصرف الدولي الاسلامي
549300SX6THT96LFD245,Oakworth Capital Bank
549300SXDK635K23PE20,MIMA LIHTC LLC
549300SXM92LQ05OJQ76,SPAREBANK 1 NORD-NORGE
549300SXQO4RWLD24V90,BNP Paribas (Canada) Securities Inc.
549300SXSTGQY3EA1B18,RBC CAPITAL MARKETS (EUROPE) GMBH
549300SY18GCXLMU8636,Nordea Generationsfond 50-Tal
549300SY2N2U69BNPB45,ALLIANCE ISLAMIC BANK BERHAD
549300SYH5K5QZPEO535,RHB ISLAMIC BANK BERHAD
549300SYMJD16PREW641,"MTGLQ INVESTORS, L.P."
549300SZ8U8ME4IGNQ69,CATALYST RE INTERNATIONAL LTD.
549300SZBQMYMAL3OM08,Avidia Bank
549300SZJ9VS8SGXAN81,UBS Group AG
549300SZVW17ROZPY480,Sijoitusrahasto Nordea SEK Instituutiokorko
549300T08P71XXBYLW62,"TRADESTATION SECURITIES, INC."
549300T0KLGA41EVVR68,EASTSPRING INVESTMENTS (SINGAPORE) LIMITED
549300T0RVNRGTRFB762,Global Markets OOD
549300T12EZ1F6PWWU29,ALCOA CORPORATION
549300T167XWWKCEDP79,VELOCITY TRADE INTERNATIONAL LIMITED
549300T1EREIRH8ICX03,ANIMA HOLDING S.P.A.
549300T1G0CXYKKCSK12,FISHER & PAYKEL APPLIANCES LIMITED
549300T1JIP3LZ5TZ694,NEWCASTLE BUILDING SOCIETY
549300T1KWXIS1JJ7Q76,BANCO SANTANDER PERU S.A.
549300T1ND8WS37KEK40,QBE MANAGEMENT SERVICES PTY LTD
549300T1Z6OR0HN3RK32,PASPX A/S
549300T2VJR8AUYKVP29,New York State Teachers' Retirement System
549300T3TP2IYV4PHY98,Banco Santander Sociedad Anonima
549300T46KUP3OWN3O73,NACIONAL FINANCIERA SNC
549300T4BOZWLF4UEI52,Lamprell (PLC) Limited
549300T4MDLB9460W848,Anthem Bank & Trust
549300T4NS52280ZOH12,I-CARAT S.R.L.
549300T4TIA794YJ6U44,アムンディ・ジャポン株式会社
549300T53RGZI53X8F47,Barings Umbrella Fund (Lux) SCSp SICAV - RAIF
549300T5RZ1HA5HZ3109,Vattenfall AB
549300T60BY4RTBQCL56,"SCOTIABANK INVERLAT, S.A., INSTITUCION DE BANCA MULTIPLE, GRUPO FINANCIERO SCOTIABANK INVERLAT"
549300T6P6ZV3UWLRJ89,NIKE SPHERE C.V.
549300T70JXFWEXCK295,DANMARKS SKIBSKREDIT A/S
549300T7AIY7RU1YDP31,NBH Bank
549300T7WU87LQYO0K16,"STRIPE TECHNOLOGY EUROPE, LIMITED"
549300T7ZLIM2AE45156,INDIAN EQUITIES
549300T8IDCFNHN29E62,Dräger Safety AG & Co. KGaA
549300T8MOVNV08XF242,"BANCO MONEX S.A. INSTITUCION DE BANCA MULTIPLE, MONEX GRUPO FINANCIERO"
549300T8W9349L4KCL74,CREDIT SUISSE SECURITIES (MALAYSIA) SDN. BHD.
549300T91OYP6I7P8G39,ARCOS DORADOS B.V.
549300T9VX2E2K8P3943,Manulife Investment Management (Hong Kong) Limited
549300TB3JMG64GK6X59,KUVEYT TÜRK KATILIM BANKASI ANONİM ŞİRKETİ
549300TB5TLVU3CHO563,BOSTON RE LTD.
549300TBH6LTL3UKU026,"CRABEL CAPITAL MANAGEMENT, L.L.C."
549300TBHUH1N033XO78,HIDDEN ROAD PARTNERS CIV UK LTD
549300TBMDO3C0F5EB42,TCM WEALTH LIMITED
549300TBPC52LF1UWQ47,J.P. MORGAN (S.E.A.) LIMITED
549300TBS2M2ML45V909,EFG BANK AG
549300TBZBNTFC84TH88,WORLDLINE
549300TCEYVHTMWRRX34,"BANCA DI CARAGLIO, DEL CUNEESE E DELLA RIVIERA DEI FIORI - CREDITO COOPERATIVO - SOCIETA' COOPERATIVA"
549300TCFMWGLMH7ZC74,EXPORT-IMPORT BANK OF MALAYSIA BERHAD
549300TCFQH464NI3L16,CITIGROUP GLOBAL MARKETS MALAYSIA SDN. BHD.
549300TD1G8SPABZWD16,M1 FINANCE LLC
549300TDDCTW5Q8H1W66,GOLDMAN SACHS PROPERTY MANAGEMENT
549300TDFL442EPSLM98,Universal-Investment-Gesellschaft mit beschränkter Haftung
549300TDINW3ZOSQAR28,MAWER INVESTMENT MANAGEMENT LTD.
549300TDW4KKERUMNM63,Sarpong Capital Markets Limited
549300TE4WZOT0R7UU56,BANCA D'ITALIA
549300TEDZW3EZZBTR75,RESONA MERCHANT BANK ASIA LIMITED
549300TEJKOLFN65KR76,BNF BANK PLC
549300TEWK6ENMZQLF18,"BMC SOFTWARE, INC."
549300TF1E42EUFBSL45,Mechanics Bank
549300TF8ECTKD47OD02,CITIFINANCIAL EUROPE LIMITED
549300TFA54CU0ECDO13,PAYOMA IRELAND LIMITED
549300TFF7BEQMGPHG77,Wealthsimple Investments Inc.
549300TFG2CEPUPY4692,Corner Bank (Overseas) Limited
549300TG736IJQBL4N81,UTMOST LUXEMBOURG S.A.
549300TGUOUK4B24S925,JORDAN AHLI BANK
549300TGUS6Y1N77GV58,River City Bank
549300TGZX4PLYAP3S87,ТРЕЙДИНГ 212
549300TH3I6HFSEM8R89,ZEAL ASSET MANAGEMENT LIMITED
549300THIO0PS5WQH554,IBROKER GLOBAL MARKETS S.V. SA
549300TI8X31XV2WEG32,建達(香港)資本市場有限公司
549300TIOP6QYGNUVL12,BRUNEI DARUSSALAM CENTRAL BANK
549300TIUY0WVROSRF36,BANCA DI CREDITO COOPERATIVO AGROBRESCIANO - SOCIETA' COOPERATIVA
549300TJ1GRR4PX8GJ82,株式会社静岡銀行
549300TJCKW4BRXPJ474,RPM INTERNATIONAL INC.
549300TJF420N3F01V87,Equity Bank
549300TJOKZ7LABRIN26,فرع جي يب مورجان تشيز بنك ان ايه
549300TJQD0HFHH8NF07,UPS GLOBAL TREASURY PLC
549300TJREQ7GHIXWR36,Swedbank Hypotek AB
549300TK038P6EV4YU51,AB Artea bankas
549300TK7G7NZTVM1Z30,UNILEVER N.V.
549300TKX5J0BKJ3RZ21,Keskinäinen Eläkevakuutusyhtiö Ilmarinen
549300TL5406IC1XKD09,SAXO BANK A/S
549300TL6ADTK1C8M761,TRG MANAGEMENT LP
549300TLB5ALPCGBHN23,"SHANGHAI COMMERCIAL AND SAVINGS BANK CO., LTD"
549300TLLDCPFYMTND72,CASSA DI PREVIDENZA LAVORATORI EXXONMOBIL - FONDO PENSIONE
549300TLNORQ6AN98V91,EUR GOVERNMENT BONDS
549300TLZPT6JELDWM92,Landsbankinn hf.
549300TM914CSF6KI389,Cofinimmo
549300TMH5W90U8OTT58,BARCLAYS BANK MEXICO S.A. INSTITUCION DE BANCA MULTIPLE GRUPO FINANCIERO BARCLAYS MEXICO
549300TNBK4BTW41KD58,Baloise Life (Liechtenstein) AG
549300TNFJKKHMUPIB82,Police & Nurses Limited
549300TNMIIYQ6ZC4520,ＪＰモルガン・アセット・マネジメント株式会社
549300TNSHGVU2UXO005,POWSZECHNY ZAKŁAD UBEZPIECZEŃ NA ŻYCIE SPÓŁKA AKCYJNA
549300TNVH7BUVXVFO20,DUNEARN INVESTMENTS (MAURITIUS) PTE LTD
549300TOJ3EXY1KZVA86,"Infinium Capital Management, LLC"
549300TORDQN20L5FJ25,BANCO DE COMERCIO EXTERIOR DE COLOMBIA S.A.
549300TP70GP7J3FPI13,"BANCO ECONÓMICO, S.A."
549300TPAN1WJY46W431,Essex Savings Bank
549300TPJCLC0OHGM008,DWS International GmbH
549300TPMBM6S3XOIF71,GROUPE ADEO
549300TPNBKQ857MU463,ARAB TRADE FINANCING PROGRAM
549300TQXGXQ9IUEPP48,GOLDMAN SACHS DO BRASIL CORRETORA DE TITULOS E VALORES MOBILIARIOS S/A
549300TR6MWKSIOP3B72,Beacon Bank And Trust
549300TRUWO2CD2G5692,"UNICREDIT, SOCIETA' PER AZIONI"
549300TRX2WPVVOZFK93,NIKE Alpha Force LLC
549300TRXM9Y6561AX39,三菱電機株式会社
549300TSCH0ZTLR5W421,Caribbean Development Bank
549300TSH0U05UHSZW19,BLACK CREEK INVESTMENT MANAGEMENT INC.
549300TTHIODYMGND828,MARKETAXESS EUROPE LIMITED
549300TTZTKBUFKWH890,CYPRUS DEVELOPMENT BANK PUBLIC COMPANY LIMITED
549300TUB5TU8NU5CC18,BANCA DI CREDITO COOPERATIVO DI PONTASSIEVE - SOCIETA' COOPERATIVA
549300TUL0268YE0PK56,"HEARTLAND ADVISORS, INC."
549300TUSPYB3IXITC10,CAPEVIEW CAPITAL LLP
549300TVEJCTJLRAKC65,UBS SECURITIES INDIA PRIVATE LIMITED
549300TVFIIUZ7573M16,State of Tennessee Department of Treasury
549300TVLW3S530Z3J57,Canada Deposit Insurance Corporation
549300TVSF2J4D5SGZ55,WAY FUND MANAGERS LIMITED
549300TVTVALJC1NA695,MAYBANK SINGAPORE LIMITED
549300TW0YSWGV05YB12,GSB NMTC INVESTOR LLC
549300TW29K5QURDVU59,"BEST - BANCO ELECTRÓNICO DE SERVIÇO TOTAL, S.A."
549300TW4DBR7TK3OX31,STRIPE PAYMENTS AUSTRALIA PTY LTD
549300TX1C2P8T12JN89,Global Enhanced KL
549300TX8DKDGZTDZY07,"ALYESKA INVESTMENT GROUP, L.P."
549300TXDGINQJ75K298,E&P Asia (HK) Limited
549300TY16GTNTOY0411,Goldman Sachs Structured Products (Asia) Limited
549300TYFZ43STXGE267,Freedom Securities Trading Inc.
549300TYKCOUG5UGOB04,FIL Investment Management (Singapore) Limited
549300TYSBN1PJBJ5U41,BNP PARIBAS COLOMBIA CORPORACION FINANCIERA S.A.
549300TYXVGBTII6J855,"LUMENT SECURITIES, LLC"
549300TYYLZJQDED3W86,Integrity Bank for Business
549300TZC0521ZIVTQ82,Absa Bank Ghana Limited
549300U02ZVT5SS1W359,SONY CAPITAL CORPORATION
549300U065YUBR4NXJ94,MARELLI EUROPE S.P.A.
549300U06VNJ0MUT1344,Horton Point LLC
549300U08PFO1SAY6V60,ATB Financial
549300U0WBRM3DAWOC94,شركة مؤسسة الخليج للاستثمار ش م خ
549300U16G4LU3V6C598,ABN AMRO CLEARING USA LLC
549300U1GLU0WSL87L32,GSGROUP NMTC INVESTOR LLC
549300U1JWW9SCOH3W56,Warner Bros. Entertainment Inc.
549300U1YXDFKMDU7D20,UNICREDIT NV/SA
549300U21VS5DK3F8H21,OptimumBank
549300U26M0CHK8MRU36,LUMILEDS HOLDING B.V.
549300U41AUUVOAAOB37,Roche Holding AG
549300U4H4BEJHJ27M83,RBC Direct Investing Inc.
549300U4LIZV0REEQQ46,KUTXABANK SA
549300U4MQ042DBRJW21,CURI CAPITAL LLC
549300U4MX6QHUJ90X64,FIDELITY MANAGEMENT TRUST COMPANY
549300U4T93AF1MIUB71,SCHRODER WEALTH MANAGEMENT (US) LIMITED
549300U4WHR6LTQNBT10,Welch Capital Partners LLC
549300U6C5DCBKSIEB26,CITCO BANK CANADA
549300U6CT3EHB9XS980,株式会社七十七銀行
549300U6DW7DX671T306,Midland States Bank
549300U6PKQ4H1P34E17,中国光大银行股份有限公司
549300U773X8YFSV7135,NAYAPAY (PRIVATE) LIMITED
549300U7ERLWHOGWFM48,ChoiceOne Bank
549300U7Q5B93YK7O165,"WAINWRIGHT INVESTMENT COUNSEL, LLC"
549300U8H3KN0K301B23,CITIBANK UK LIMITED
549300U8L31JJT1ZDP60,"Peoples National Bank , N.A."
549300U916G5U3VC5279,Chemium International Corp
549300U9H74ZS6M90L15,Banco Central de Reserva de El Salvador
549300U9TE44KB7LLW50,Ди Ви Асет Мениджмънт ЕАД
549300UA2M7UCJX8SE64,CA INDOSUEZ WEALTH (EUROPE)
549300UBFGH3FCI88T50,M.G.T.M. FINANCIAL SERVICES LIMITED
549300UBZBK422UWGA80,CIMB ISLAMIC BANK BERHAD
549300UC4ZJ2O8SGHF58,Sijoitusrahasto Nordea Pohjoismaat
549300UCNQ45LBI1QT80,AWARE SUPER PTY LTD
549300UCSPN8ID3OFU28,"ARISTOTLE PACIFIC CAPITAL, LLC"
549300UD1B8SO7KOZC53,MIRAE ASSET GLOBAL INVESTMENTS (USA) LLC
549300UDBUNBNEKR8J69,"St. Charles Bank & Trust Company, National Association"
549300UDG16DOYUPR330,thyssenkrupp AG
549300UDVTUQRZAV7U33,LIA OIL SA
549300UE1DRCK5TSEC35,AIG INTERNATIONAL INC.
549300UE27D3HDTZET39,Chong Hing Bank Limited
549300UE2ZF21B02QG64,BDM BANCA S.P.A.
549300UE4FFDNV7ELD54,SCHLUMBERGER EMPLOYEES CREDIT UNION
549300UELOOESZQLWV30,UNITED OVERSEAS BANK (MALAYSIA) BHD.
549300UEMVMO6SER3P64,SANCTUM FI LLP
549300UF0WW28Z71DM64,CHINA BANKING CORP.
549300UF3FPC7U6RFC59,The Central Trust Bank
549300UF7BYC77B8W379,HERMES ALTERNATIVE INVESTMENT MANAGEMENT LIMITED
549300UFDYI1U0OH2766,J.P. MORGAN TRUSTEE & ADMINISTRATION SERVICES LIMITED
549300UFRYUJFIZFHO82,Societe Arabe Internationale De Banque
549300UFT67YZ4UOSZ02,SALAAM AFRICAN BANK SA
549300UG41FOBD1ST065,Banque cantonale neuchâteloise
549300UGPVQ46RRRGK26,EUR INCOME OPPORTUNITIES
549300UGXBLRF0KTKG41,BANCO BS2 S.A.
549300UHIXKB877SBQ61,"REINHART PARTNERS, LLC"
549300UHKXBCDGRX4Y91,ALTICOR INC.
549300UHQ3UXVA4AGM53,ANB Bank
549300UHUTTOEC14D714,"ANDORRA BANC AGRÍCOL REIG, SA"
549300UHZNUZMJI2SN55,Redwood Peak Limited
549300UIBQ7XLY26GA19,NEXT PAYMENTS PTY LTD
549300UIFWFOMSTSJK45,GOLDMAN SACHS POLAND SERVICES SPÓŁKA Z OGRANICZONĄ ODPOWIEDZIALNOŚCIĄ
549300UIHIOJWSZRIF14,MAPLETREE INVESTMENTS PTE LTD
549300UIIWP57OK3D647,L'Occitane International (Suisse) SA
549300UIS3M08QT1P391,MOMENTUM GLOBAL INVESTMENT MANAGEMENT LIMITED
549300UIU6ZMTZ7XEW62,Hanmi Bank
549300UIY3LFCTQ6PR80,"ALKEON CAPITAL MANAGEMENT, LLC"
549300UJ6S2E8Z63H142,MURRAY STREET CORPORATION
549300UJC0AVAFMADF74,"MEGA INTERNATIONAL COMMERCIAL BANK CO., LTD., CANADA BRANCH"
549300UJJWR7V7RCM192,"АКЦІОНЕРНЕ ТОВАРИСТВО ""СЕНС БАНК"""
549300UJQNY2XIBGWH08,ALAN YATIRIM MENKUL DEĞERLER AŞ
549300UJRT4KE08RIS90,PHILIPPINE DEPOSITORY & TRUST CORP.
549300UKPMR7RBWFH039,AMUNDI (UK) LIMITED
549300UKYDM6L8HEPU79,OMV PETROM SA
549300ULELGFR56LOJ17,"ENERGY INCOME PARTNERS, LLC"
549300ULQG05MBH1GH90,AL WASATA SECURITIES CO.
549300ULXYYDX707L214,FEROX CAPITAL LLP
549300UM1EVTYXVS1166,BANCO CENTRAL DE RESERVA DEL PERU
549300UM31PJ24TTSR94,INTESA SANPAOLO ASSICURAZIONI S.P.A.
549300UM4UKZYVOLCQ72,Vancouver City Savings Credit Union
549300UMER3VSPDXG095,Sijoitusrahasto Nora Three (NOK)
549300UN5PB6KO59XK55,"CASHAM, S.A."
549300UN6U9Q1BBRSS43,FRØRUP ANDELSKASSE
549300UN7ONYQYOITC38,HOISINGTON INVESTMENT MANAGEMENT CO.
549300UNIB7M2AXUXS35,"THE NAVIGATOR COMPANY, S.A."
549300UNLSUNQ23QTV81,Sijoitusrahasto Nora Four (SEK)
549300UNS0E0CCKL0C57,MIRABAUD & CIE SA
549300UNX5JHOZM5B075,CIM BANQUE SA
549300UOQ4N8CBASRY79,"United Nations Educational, Scientific and Cultural Organization"
549300UOVN71BXMSEL32,AFORE XXI BANORTE SA DE CV
549300UOX05QGUJJ5707,Stadshypotek AB
549300UPNBTXA1SYTQ33,LEAR CORPORATION
549300UPTIIJ3IBNIR43,BAO VIET SECURITIES JOINT STOCK COMPANY
549300UQ40KIFBTZQV27,Portefølje PM Kreditobligationer KL
549300UQ9FXR10DMTM81,BG FUND MANAGEMENT LUXEMBOURG S.A.
549300UQPFB0RR8JCA42,Dacotah Bank
549300URGO4D3SHWLM15,FIDBANK UK LIMITED
549300URJH9VSI58CS32,"BANCO SANTANDER TOTTA, S.A."
549300URUSGWHXJ4OZ19,Coastal Heritage Bank
549300US0VXHVXG6RD34,NOOR FINANCIAL INVESTMENT COMPANY K.P.S.C
549300USWUR0S7VMM868,ASX CLEARING CORPORATION LIMITED
549300UTDV8OSFRQYR06,GOLDMAN SACHS GLOBAL SERVICES II LIMITED
549300UTJ6LGMSTZYJ30,CORPORACION FINANCIERA COLOMBIANA S A
549300UU5CUEOOXQU935,Simonis Storm Securities (Proprietary) Limited
549300UUFXSNDNQ6CC59,QNB (DERIVATIVES) LIMITED
549300UUMDDRKCXSUY48,ARBOR RESEARCH & TRADING UK LIMITED
549300UUZ6SLQGGQTD76,HAYWOOD SECURITIES INC.
549300UV4C6WSBB8SL67,UBS ASSET MANAGEMENT (AUSTRALIA) LTD
549300UV4DM2KIBBQ741,SUSQUEHANNA INTERNATIONAL GROUP LIMITED
549300UVLQZOOPOK3U06,EMIRATES LEBANON BANK S.A.L.
549300UVMBCBCIPSUI70,CORP NACIONAL DEL COBRE DE CHILE
549300UVU2ZEG8T8ZH17,ABSOLUTE RETURN FIXED INCOME
549300UVUPSOKLP9XA81,"PROTECTIVE INDUSTRIAL PRODUCTS, INC."
549300UVWEGG1R4OF168,CAISSE POPULAIRE ACADIENNE
549300UW4UH6XT2X8C50,BANK OF THE PHIL. ISLANDS
549300UW56DH4EXVZS92,Cuscal Limited
549300UWA74T8PF7KY34,Dime Commercial Bank
549300UWFMHLVSNJ8978,FÖRSTA AP-FONDEN
549300UWPJG8LKUQ9V12,CONTINENTAL CASUALTY COMPANY
549300UX2Z5WLYRV7O02,BAIDURI BANK SENDIRIAN BERHAD
549300UX7BN34UFIPA91,MORGAN STANLEY TAIWAN LIMITED
549300UY5C6HUV0XLS53,Parkland Corporation
549300UY81ESCZJ0GR95,"""ПЪРВА ИНВЕСТИЦИОННА БАНКА"" АД"
549300UYJKOXE3HB8L79,"WOOD & Company Financial Services, a.s."
549300UYMK70HLNJU654,BAILLIE GIFFORD & CO
549300UYNXMI821WYG82,COUNCIL OF EUROPE DEVELOPMENT BANK
549300UZ06MCKSNHC940,TIBRA TRADING EUROPE LIMITED
549300UZ0KD5HX862Y09,SQUAREPOINT OPS LLC
549300UZ2V9CC3FWDY92,NORDIC CORPORATE BANK ASA
549300UZ8HIIMJXKCU27,USA INDEX
549300UZ8KWDDJ65GE68,"UAB ""G4S LIETUVA"""
549300UZRCTIM0HREY46,GARANTI BANK SA
549300UZRRVYI5I5P867,ALL TRADING EUROPE ASSETS & MARKETS SOCIEDAD DE VALORES SA
549300UZW78KEHRUB928,UNITED TAIWAN BANK
549300V040JZX5S66Z78,Sun Life Financial Inc.
549300V04X8BDXJR8E96,SGBT Asset Based Funding S.A.
549300V063DQ03ISLT39,BANK AL-MAGHRIB
549300V0DV8746LDV709,SANTANDER CACEIS BRASIL DISTRIBUIDORA DE TITULOS E VALORES MOBILIARIOS S.A
549300V0EXVJ7I5OY648,PIRE ASSET MANAGEMENT
549300V1F773E1PK6553,ชื่อนิติบุคคล : บริษัท ธนาคารยูโอบี จำกัด (มหาชน)
549300V1VN70Q7PQ7234,CA AUTO BANK S.P.A.
549300V1W1Z43VU1Q688,BANCO FICOHSA NICARAGUA S.A
549300V1WUXBDYBR5485,LABORERS NATIONAL PENSION FUND
549300V235L4XXVM6D13,"CALDWELL SUTTER CAPITAL, INC."
549300V275C7ETUJVM61,“ՀԱՅԷԿՈՆՈՄԲԱՆԿ” ԲԲԸ
549300V2LQD6SX1WIG70,OSTTRA SERVICES LLC
549300V36CKBGYWG0D98,SQUARE CAPITAL LLP
549300V3LM2EJOFVMW60,BAE SYSTEMS PENSION FUNDS INVESTMENT MANAGEMENT LIMITED
549300V3QHO9FX7LC461,ИНВЕСТ КЕПИТЪЛ
549300V4H4USWZUCE073,"BISON BANK, S.A."
549300V4LCOYCMNUVR81,MOODY'S INVESTORS SERVICE CYPRUS LIMITED
549300V53NCUNO4KVO42,BIRCHFIELD ESTATES LTD
549300V54X1NJ9FZXW98,Afa Försäkring tjänstepensionsaktiebolag
549300V5PBGACQU9JJ14,Bank von Roll AG
549300V62Q1L7B08KO22,SOCIETE GENERALE OFFSHORE
549300V62YJ9HTLRI486,OMV AKTIENGESELLSCHAFT
549300V6713OL7WDD711,ONE FIN CAPITAL MANAGEMENT LP
549300V68BDB4U60EZ86,Moelven Industrier ASA
549300V6APY5SBWY9L62,AZIMUT INVESTMENTS LIMITED
549300V6K8NOK1VFJG80,"DIAMOND HILL CAPITAL MANAGEMENT, LLC"
549300V6XJXIT0VLHA91,GENERATION INVESTMENT MANAGEMENT LLP
549300V70RZ0HZW2DL27,Сумеснае беларуска-расiйскае адкрытае акцыянернае таварыства «Белгазпромбанк»
549300V78DH9XCK5UI63,OSCAR GRUSS & SON INCORPORATED
549300V7NU090M6XCS31,Air Canada Pension Master Trust Fund
549300V7WW5QGUQI1C74,PGIM WADHWANI LLP
549300V7YSH2IZ841X25,H2O AM LLP
549300V834DLWPYKXZ81,BANCO BOCOM BBM S.A.
549300V8FZYMGQ1ITR48,SECURITY
549300V8G2QIKUZN3A81,信金中央金庫
549300V8OJ53W3I8LU54,E. Gutzwiller & Cie. Banquiers
549300V8RVM0EMTDPF28,The Bank of N.T. Butterfield & Son Limited
549300V8UCJTLZZT4M32,Bay State Savings Bank
549300V9CB2J5I3SR572,BEIJING GAO HUA SECURITIES COMPANY LIMITED
549300V9K708TICWWC92,"RURAL BANK OF LA PAZ, INC."
549300V9QSIG4WX4GJ96,DEUTSCHE TELEKOM AG
549300V9UF8T93ZZH315,신한투자증권(주)
549300VAFJV006WSLV36,Emerging Markets Enhanced KL
549300VAPISFDQ8EQ771,SOVEREIGN SHORT-TERM MONEY MARKET EUR
549300VB6UM9TUOCYW67,ASTROBANK PUBLIC COMPANY LIMITED
549300VC136NI5Z05Q45,"SANTANDER ASSET MANAGEMENT - SGOIC, S.A."
549300VC6IRQ4ONXWV33,"UNION BANCAIRE PRIVEE, UBP SA"
549300VCGUSH7TB4IS76,Citibank Gabon SA
549300VCT4IH7HC2NQ22,China Merchants Securities International Company Limited
549300VDBAZ9LXIKWZ18,REPUBLIC BANK LIMITED
549300VDESQLVNRY3146,ALTA ADVISERS LIMITED
549300VDFSH9FM8SIK15,ALPHA INVESTOR SERVICES MANAGEMENT
549300VDMWT733TQGE18,IFRC BANK & TRUST
549300VDPV8QUEZVO116,Prudential Unit Trusts Limited
549300VDSXMAERRE0J80,RIA LITHUANIA UAB
549300VDY6P7FVMD4W57,Merrill Lynch Far East Limited
549300VE1VLZB8T28366,ANZ BANK (KIRIBATI) LIMITED
549300VE2H041QJDRU79,Sonali Bank PLC
549300VE5YDFPV0VWU74,"Delta Dental Plan of Michigan, Inc."
549300VEEEI856RLOV83,Ingram Micro Luxembourg
549300VEVWWZL81W0D92,NIKE NEW ZEALAND COMPANY
549300VFDTC6BKPD4415,فيتول بحرين ش .م.ب.م
549300VFY0MCEZLV5Q49,INVERSEGUROS SOCIEDAD DE VALORES SA
549300VFZ8XJ9NUPU221,THE ESTEE LAUDER COMPANIES INC.
549300VGCU4ELH3CYI66,BTA FINANCE LIMITED
549300VGE7QN15BPTZ72,渣打银行（中国）有限公司
549300VGEJKB7SVUZR78,KERING
549300VGITPUHSMP1639,W.D. Latimer Co. Limited
549300VGKMMSJEW8TW22,First Citizens Bank
549300VH1UQNCZSVGI82,Scotiabank (British Virgin Islands) Ltd.
549300VH6ZT1KRXIUY60,HOLD Alapforgalmazó Zártkörűen Működő Részvénytársaság
549300VHBALPLHRR4080,City Bank
549300VHOWSD9OG7S547,"MIZUHO BANK, LTD. FILIALE DÜSSELDORF"
549300VIK8HQ25MCRC05,BOUSSARD & GAVAUDAN GESTION
549300VJFJB7H4TCOC17,VELORA INVESTA SL
549300VJGFAO55EWKF41,한국스탠다드차타드증권
549300VJZV93UIORC566,MORGAN STANLEY MENKUL DEĞERLER ANONİM ŞİRKETİ
549300VK27H89GJZDF37,EATON VANCE WATEROAK ADVISORS
549300VKP0NBT4LWRR84,OZFOREX LIMITED
549300VKTRXFIL5RTO92,المصرف العراقي للتجارة
549300VKZ5UYSWL0KI68,Lannebo Kapitalförvaltning AB
549300VL8GRXJQGJCL77,澳大利亚和新西兰银行（中国）有限公司
549300VLMKMDBEY9DC02,ONE SANTA FE LIHTC LLC
549300VLR4TEG8VILM36,ENEL GREEN POWER S.P.A.
549300VLYM2XZE4FJF95,Sveriges Riksbank
549300VM44QZZJGWJW19,FONDO PENSIONE NAZIONALE DI PREVIDENZA COMPLEMENTARE PER I LAVORATORI ADDETTI AI SERVIZI DI TRASPORTO PUBBLICO E PER I LAVORATORI DEI SETTORI AFFINI
549300VM4HMDDMQKVE41,Sijoitusrahasto Nordea Itä-Eurooppa
549300VME2Y2WNMF1H07,BME SCSp
549300VMNVYC2SN1Y553,PURATOS
549300VMVKSQE1B7DD43,The Camden National Bank
549300VNYOLU68FQNE06,台中商業銀行股份有限公司
549300VO4FJKJIJG2H24,BOCI SECURITIES LIMITED
549300VO8J8E5IQV1T26,A.M. BEST EUROPE - RATING SERVICES LIMITED
549300VOUIBR2256K858,THE UNITED NATIONS WORLD FOOD PROGRAMME
549300VOV9W4JT37H775,บริษัท หลักทรัพย์ เครดิต สวิส (ประเทศไทย) จำกัด
549300VP00MZ3MBIIH98,Prudence Investment Management (Hong Kong) Limited
549300VP8A03AE5XPR39,ANDELSKASSEN FÆLLESKASSEN
549300VP92Z696FCLZ96,みずほ信託銀行株式会社
549300VPEUBMIBRX1Y59,Sijoitusrahasto Nordea Kehittyvät Osakemarkkinat
549300VPY67YFJV8N204,VOLVO TREASURY ASIA LTD
549300VQAKE3RPI7LM05,GOLDMAN SACHS GLOBAL FUNDING III LIMITED
549300VQGJYXZB2MLB61,GK Capital Management Limited
549300VQPBNVKWTN8091,"KAPITAL MEXICO CASA DE BOLSA, S.A. DE C.V, KAPITAL MEXICO GRUPO FINANCIERO"
549300VQX7UKO60A7X27,"WILLIAM BLAIR INVESTMENT MANAGEMENT, LLC"
549300VR3QTN4GZYUR03,Bar Harbor Bank & Trust
549300VRHLXZUZ4QVL12,MACQUARIE CAPITAL SECURITIES (MALAYSIA) SDN. BHD.
549300VRM6G42M8OWN49,SPAREBANK 1 ØSTLANDET
549300VS3YG3J725UB88,Man Investments (CH) AG
549300VT9YUPDGZ3Y654,MARIBANK SINGAPORE PRIVATE LIMITED
549300VTR6EGLGTZLN45,Nomura Securities (Bermuda) Ltd.
549300VUQ4KD10YTTM53,Genesee Regional Bank
549300VUQP8LETNCVK53,First Nations Bank
549300VUVMRL6RE7R376,(주) 우리은행
549300VV8X5RR9JOCN38,THE STATE BANK OF VIETNAM
549300VVEYXR2MC40W44,MANULIFE (SINGAPORE) PTE. LTD.
549300VVNUPPDLB8OK87,CASTLE HOOK PARTNERS LP
549300VW8N3KO83VNX18,CERELIA PARTICIPATION HOLDING
549300VWN2NLTDMK1D29,TEXAS TREASURY SAFEKEEPING TRUST COMPANY
549300VX33ASV5049Z96,EASTERN & ALLIED PTY LTD
549300VXOOO8QW48A309,EFG BANK EUROPEAN FINANCIAL GROUP SA
549300VY43XY8TV0OQ37,CASSA NAZIONALE DI PREVIDENZA E ASSISTENZA A FAVORE DEI DOTTORI COMMERCIALISTI
549300VYG4AYVBIDN394,DASH FINANCIAL TECHNOLOGIES LLC
549300VYK2WBD7SST478,Bank OZK
549300VYS5QCUXWX7650,PIaceringsfond Nordea Defensiv
549300VZCL1HTH4O4Y49,Henkel AG & Co. KGaA
549300VZKC61IR5U8G96,Andritz AG
549300VZUQGQJJPM5M09,"THE VERTICAL TRADING GROUP, LLC"
549300W01Z54L5RHPJ40,DUFF & PHELPS INVESTMENT MANAGEMENT CO.
549300W0PZ7YSGIBGV07,"Zentiva Group, a.s."
549300W0W9TMVZJ3RH17,LAZARD FUND MANAGERS LIMITED
549300W0YBCUV18HSR42,Tri Counties Bank
549300W14EHMXJ7AD681,"ONEAMERICA ASSET MANAGEMENT, LLC"
549300W19TN6A5K46H71,"KAYNE ANDERSON RUDNICK INVESTMENT MANAGEMENT, LLC"
549300W1JVT88HCZNQ04,環球投資(香港)有限公司
549300W1PKAHKJ86TC84,BNPパリバ証券株式会社
549300W1QKTVF4YTRL67,Nordea Generationsfond 70-Tal
549300W1QYDI0OYR2P73,Portigon AG
549300W1XKGLUIPOH435,SUN CHEMICAL CORPORATION
549300W21ZG1JMPSQH64,Nano Systèmes
549300W23MQR2V0LXU65,NOMURA AUSTRALIA LTD
549300W2B43DMVCWDS34,ARCELORMITTAL TUBULAR PRODUCTS ROMAN SA
549300W30KK4XMOCKQ79,"VIRTUS INTERNATIONAL MANAGEMENT, LLP"
549300W34LL57Z8HVU44,Portefølje PM Globale Aktier Fokus KL
549300W384M3RI3VXU42,TELECOM ITALIA SPA O TIM S.P.A.
549300W3CGEVSBW7KS96,GOLDMAN SACHS SERVICES PRIVATE LIMITED
549300W3IVMGOR2OUL22,"CAPSTONE INVESTMENT ADVISORS (UK), LLP"
549300W3KIN4AHKM6X10,ARKEA DIRECT BANK
549300W520SF54JPDV50,Ontario Pension Board
549300W53RXK7NVDKS79,TRINITY STREET ASSET MANAGEMENT LLP
549300W5TZYJLCBU2T30,NBK GDM (CAYMANS) LIMITED
549300W5XTNPZO7IM271,ANZ SECURITIES LIMITED
549300W64S5Q0I46LK20,ALSTOM Holdings
549300W696CUHX8SLK40,"DRW HOLDINGS, LLC"
549300W6K140RN8NQB93,DFCU FINANCIAL
549300W72VIS5XUH9H15,CITIBANK (TRINIDAD & TOBAGO) LIMITED
549300W74HHEOET33G05,MELIO PAYMENTS INC.
549300W7839USWFU3D94,Sijoitusrahasto Nordea North American Enhanced
549300W78QHV4XMM6K69,J.P. MORGAN INVESTMENT MANAGEMENT INC.
549300W7CNYGJ68XGD27,STANDARD CHARTERED BANK UGANDA LIMITED
549300W7R46DCHJ8TN50,CIGOGNE Management S.A.
549300W86N4HT5SZO450,PHILIPPINE BANK OF COMMUNICATIONS
549300W9JLPW15XIFM52,Telefonaktiebolaget LM Ericsson
549300W9LMF70M5SBS25,BANCA PREALPI SANBIAGIO CREDITO COOPERATIVO - SOCIETA' COOPERATIVA
549300W9MKNIVWXFM679,平安银行股份有限公司
549300W9STRUCJ2DLU64,VENETO BANCA SOCIETA' PER AZIONI
549300WA6XI46HDQ4V17,HYPERION ASSET MANAGEMENT LIMITED
549300WAKS2ILZ1M8P04,"Lowe, Brockenbrough & Company, Inc."
549300WBCQHX42LBGI20,BANCO SANTANDER INTERNATIONAL
549300WBJAM78VONDL95,Foundry Partners LLC
549300WBLU5NKPX5X472,"QVC, INC."
549300WC23DQWUWXH219,SISU CAPITAL LIMITED
549300WC7H3M644FUH84,SG HAMBROS TRUST COMPANY LIMITED
549300WCO4FJRJZ1HJ81,"IM GESTÃO DE ATIVOS, SOCIEDADE GESTORA DE ORGANISMOS DE INVESTIMENTO COLETIVO, S.A."
549300WD62JUY9FGRX69,Forvaltningsinstituttet for Lokale Pengeinstitutter
549300WD664MDCU7L584,SCHRODERS IS LIMITED
549300WDPFPR0TE6OX32,株式会社　伊予銀行
549300WDT1HWUMTUW770,STANDARD CHARTERED BANK AG
549300WE3SVHHVQPZT91,Merrill Lynch Reinsurance Solutions Ltd.
549300WE6TAF5EEWQS81,"Публичное акционерное общество ""Сбербанк России"""
549300WESL03YASJ5X58,SOCIETE FRANCAISE DU RADIOTELEPHONE - SFR
549300WEVBGDQ4D14J71,OTALA.MARKETS LTD
549300WF2SASVIWM6U79,Arelion AB
549300WF5C22WL5IE637,Access Bank Botswana Limited
549300WFG8RENRBOKH88,CITIGROUP GLOBAL MARKETS INDIA PRIVATE LIMITED
549300WFGKTC3MGDCX95,STANDARD CHARTERED BANK GHANA PLC
549300WFIN7T02UKDG08,BANK OF QUEENSLAND LIMITED
549300WFKHBSB2RDVJ87,BANK AUDI LLC
549300WFSFBN7NQX3Q33,ŞEKERBANK TÜRK ANONİM ŞİRKETİ
549300WFYYJY4T93E871,"ОБЩЕСТВО С ОГРАНИЧЕННОЙ ОТВЕТСТВЕННОСТЬЮ ""АМЕРИКЭН ЭКСПРЕСС БАНК"""
549300WG3JO935L6QD56,ETHIAS
549300WH9RIN045SG770,LIBYAN FOREIGN BANK
549300WHH7HQS04GS740,BANCA ADRIA COLLI EUGANEI - CREDITO COOPERATIVO SOCIETA' COOPERAT IVA
549300WHIMVBNIDQWK21,SAHAM BANK
549300WHMGAP15TBW058,"MEGA INTERNATIONAL COMMERCIAL BANK CO., LTD"
549300WHU4EIHRP28H10,THE ROYAL BANK OF SCOTLAND PUBLIC LIMITED COMPANY
549300WI2WY2ADKAXQ87,B.B. ENERGY (ASIA) PTE LTD
549300WICWOUG12T9L17,COMPETROL INTERNATIONAL INVESTMENTS PRIVATE LIMITED
549300WIDLDZ8YJJBW69,"NWQ INVESTMENT MANAGEMENT COMPANY, LLC"
549300WIJHQXSA4U2I97,ROCHFORD CAPITAL PTY LIMITED
549300WIWQK5Q9MCUN92,BBVA MEXICO SA INSTITUCION DE BANCA MULTIPLE GRUPO FINANCIERO BBVA MEXICO
549300WIYIAVCFZI6Z04,KUO SAB DE CV GROUP
549300WIYL2UYMYSRD52,Doxa Advisors S.A.M.
549300WJ7B4P1UR7XC30,BELVEDERE TRADING LLC
549300WJ7HI577DVSX33,JPMORGAN LIFE LIMITED
549300WJBANT80U52C95,POPULAR BANK LTD. INC.
549300WJEPV9WK5FYX61,CREDIT SUISSE (SINGAPORE) LIMITED
549300WJRIVY626H7D76,PHIL. VETERANS BANK
549300WK75BOEGFG7M56,CIGNA HEALTH AND LIFE INSURANCE COMPANY
549300WKCW12LEPUMV07,Union Internationale de Banques
549300WKGLXEV3DB7I54,บริษัท ธนาคารทหารไทยธนชาต จำกัด (มหาชน)
549300WL1M55G8FIDZ68,Permanent TSB Public Limited Company
549300WLK330OXO4QV57,"SAVA INFOND, družba za upravljanje, d.o.o."
549300WMD1RYUSGEUG82,"שרותי בורסה והשקעות בישראל - אי.בי.אי. - בע""מ"
549300WMJF3H0USS3148,SAMSUNG ELECTRONICS CANADA INC.
549300WMLEZE5UTKVI49,KGI SECURITIES CO. LTD.
549300WMZ3M9HJ01HB12,DEA CAPITAL REAL ESTATE SGR S.P.A.
549300WNB3BQ4638PG80,FIAT CHRYSLER FINANCE EUROPE
549300WNCFRSOUW5C557,HEEREMA MARINE CONTRACTORS FINANCE B.V.
549300WNR5RT8JSG8M73,CITIGROUP GLOBAL MARKETS SINGAPORE PTE. LTD.
549300WNZDVOEJ4VSJ62,"KING STREET CAPITAL MANAGEMENT, L.P."
549300WO2DKF0Q3YMV43,CREDIT AGRICOLE SECURITIES (USA) INC.
549300WO86V3TP8VZX52,TINTRADE LIMITED
549300WOIFUSNYH0FL22,UBS Switzerland AG
549300WOJCNL7B110W30,Open Bank
549300WP9M0TJPGXGL30,花旗環球證券股份有限公司
549300WPOGGC3U5MLF87,BANCO DE CREDITO DE BOLIVIA S.A.
549300WQ41SAC0F5MZ89,CETCO S.A.
549300WQTNGF6CX5GS78,BENEFIT STREET PARTNERS L.L.C.
549300WS4Y6131F94Q29,Nordea Generationsfond 80-Tal
549300WT0WF1MQJYEH75,ROTARY INTERNATIONAL
549300WT2A7OFEK0ML22,한국에스지증권
549300WT3YR8YON1F749,ARAB MONETARY FUND
549300WT7Z39WFC3S063,FULL SPEED SECURITIES COMPANY LIMITED
549300WTHUV5DF3HHH67,BANK OF CHINA (AUSTRALIA) LIMITED
549300WTRWBU83IPFN70,ETC SURETY SA
549300WTVI4KO4GEJN54,CITADEL SECURITIES (EUROPE) LIMITED
549300WTZWR07K8MNV44,"GILEAD SCIENCES, INC."
549300WU17K1CLH8VI32,Chemung Canal Trust Company
549300WV8UN4CZC8PI98,BANK OF ENGLAND ALTERNATIVE LIQUIDITY FACILITY LIMITED
549300WVF6G6L7A03379,LPI Indeksobligationer II
549300WWJ28EP3GZG107,FIRSTBANK PUERTO RICO
549300WWPCXP14L1F885,SYMPHONY ASSET MANAGEMENT LLC
549300WWWDUONZNJTT60,"KING'S TOWN BANK CO., LTD"
549300WXUYR1CMLDQF25,TFS DERIVATIVES LIMITED
549300WY46EXEYWWC567,"HORIZON INVESTMENTS, LLC"
549300WY8ZBI168Y6Z05,PENSERRA SECURITIES LLC
549300WYBPIWKK6SQC06,Bell Bank
549300WYFIFDMB6POR04,JB DRAX HONORE (UK) LIMITED
549300WZDEF9KKE40E98,"AMETEK, INC."
549300WZE0SWGWHT9L38,"CURRENCY EXCHANGE INTERNATIONAL, CORP."
549300WZI2AGR4NZU538,NLB KOMERCIJALNA BANKA AD BEOGRAD
549300WZLFZYU8CM1I97,Sijoitusrahasto Nordea Premium Varainhoito Kasvu
549300WZMFF1RXV1FD47,Agenta Investment Management AB
549300WZRVQERM819Z90,SCHWEIZERISCHE RÜCKVERSICHERUNGS-GESELLSCHAFT AG
549300WZTQIHZUPFYM20,广发银行股份有限公司
549300WZWM393AWUNK20,ЕКСПАТ АСЕТ МЕНИДЖМЪНТ ЕАД
549300WZWOM80UCFSF54,MCKESSON CORPORATION
549300WZWPKNRJ4PQD76,Nasdaq Tallinn Aktsiaselts
549300X03SL4SM0F3U87,ConnectOne Bank
549300X0IY3DHHRDEM02,DV Capital LLC
549300X0MVH42CY8Q105,ASIAN DEVELOPMENT BANK
549300X0WSE3RPNKMN22,SANDHURST TRUSTEES LIMITED
549300X14O2YYL48XO87,PELHAM CAPITAL LTD
549300X18HRZWYSVCX65,USD SHORT MID-TERM BONDS
549300X18HY4B4D40R12,台新國際商業銀行股份有限公司
549300X18Z5X1NCMDE76,"BANCO BASE, S.A., INSTITUCION DE BANCA MULTIPLE, GRUPO FINANCIERO BASE"
549300X1FFW399TI1820,SPARKASSE BADEN
549300X1RO9ID7AUCA83,Redco Corporation
549300X34UUBDEUL1Z91,HSBC BANK MALTA P.L.C.
549300X3BDG37I68ON28,Prior & Nilsson Fond- och Kapitalförvaltning Aktiebolag
549300X3UK4GG3FNMO06,ELECTRICITE DE FRANCE
549300X3VRB2P0N1KR45,LEK SECURITIES CORPORATION
549300X44BWCB2DOBB79,JOHN HANCOCK LIFE & HEALTH INSURANCE COMPANY
549300X4DLVDPFSS3246,INTUS HOIU-LAENUÜHISTU
549300X5CGPF2D5OD320,Henderson UK Equity Long Short Fund Limited
549300X5EXC8VF5EY364,SAFA BANK
549300X5I608U02HAI25,Bankwell Bank
549300X5UKJVE386ZB61,ASSICURAZIONI GENERALI SOCIETA' PER AZIONI
549300X676P2CALWRI73,Absa Bank (Mauritius) Limited
549300X7ELPSP81ATF17,SANDOZ AG
549300X7F6TY02DR4085,GUESS EUROPE SAGL
549300X7HHEXBMHJYJ80,GOLDMAN SACHS (UK) SVC. LIMITED
549300X7IZ26MGLZSL68,Lombard Odier (Europe) S.A. UK Branch
549300X7LIS9RFELXJ98,NIKON CORPORATION
549300X7ND28G0C7P676,RICHEMONT INTERNATIONAL SA
549300X7R5O3QR04Z939,PROSPECT INVESTMENT MANAGEMENT LIMITED
549300X7ULDGXKFTX656,SG SECURITIES (HK) LIMITED
549300X8LQKEYXI85460,BANQUE POPULAIRE ALSACE LORRAINE CHAMPAGNE
549300X8NGW9C5OJZU13,PLUS500 LTD
549300X8PMHXCLWNCB66,株式会社福岡銀行
549300X8T9CWHQJ2PT67,BANQUE J. SAFRA SARASIN (MONACO) SA
549300XB35O8F9WO1X43,"DONALD SMITH & CO., INC."
549300XBB2JNZKOQH435,Perennial Value Management Limited
549300XBG3E50WMF0H64,PAULSON & CO. INC.
549300XBOZD5TYQ28P20,PLEIAD
549300XC6BQVZTLJJX23,Canada Mortgage and Housing Corporation
549300XCMHTPSU485O55,FULLERTON FUND MANAGEMENT COMPANY LTD.
549300XCYNOLGSFEZI77,BANQUE DE TUNISIE ET DES EMIRATS
549300XDRUL0TUQLQY80,PT CREDIT SUISSE SEKURITAS INDONESIA
549300XEJLXD21GCVI14,EUROLAND INDEX
549300XEL7NJ5QOTRR67,Emerging Stars KL
549300XF2BY8JP0LBO34,"WATCHTOWER BIBLE AND TRACT SOCIETY OF NEW YORK, INC."
549300XFU1NPZZ47SX90,BANK J. SAFRA SARASIN (BAHAMAS) LTD.
549300XFX12G42QIKN82,NATIONWIDE BUILDING SOCIETY
549300XG3NTPMSNKWD40,株式会社山口銀行
549300XG5LFGN1IGYC71,VIRTU FINANCIAL IRELAND LIMITED
549300XGHOLJHVP8DS88,PHILLIP SECURITIES PTE LTD
549300XGLJDDSAC1Q092,TIBERIUS GROUP AG
549300XGLVZM5QOG2M52,COINSHARES CAPITAL MARKETS (JERSEY) LIMITED
549300XGPOF48GVY4D26,BLACKROCK FUND MANAGERS LIMITED
549300XGY5ASDHYKF231,Candriam
549300XHELKAF4R4S554,Kuwait Fund For Arab Economic Development
549300XHJYFMEFOFGN31,BANCO INTERNACIONAL S.A.
549300XHKDHI81WG5G33,Bank of the Orient
549300XIBSIRYZHZ6U80,OCBC AL-AMIN BANK BERHAD
549300XIIOMBI2YP3680,타노스 주식회사
549300XIM24KBQS8HU64,"AGRAM BANKA, dioničko društvo"
549300XIY2M2AQ6B1K02,INFOSERVE INCORPORATED
549300XIZLHUYFCPJH13,TSX INC.
549300XJIYZSQQTM4P24,CREDIT SUISSE (BRASIL) S.A. CORRETORA DE TITULOS E VALORES MOBILIARIOS
549300XJLZPD8CX9DI94,Stark International Lux
549300XJO5CGVWMZAQ80,CIMB BANK BERHAD
549300XJQRHCIWEIAL61,BTG PACTUAL S.A. COMISIONISTA DE BOLSA
549300XK8N8JNBOMWY44,ABU DHABI INVESTMENT COUNCIL COMPANY P.J.S.C.
549300XK9DIBEY64IY42,STONEX BANCO DE CAMBIO S.A.
549300XKWSVW0KPPBS74,GS COMMERCIAL REAL ESTATE LLC
549300XLB24KXX8Y5Z68,ZESPRI GROUP LIMITED
549300XLFVIW2BKIJW82,TALIS MAN PAY LTD.
549300XLHV5OCI7BXT94,ATRIUM PORTFOLIO MANAGERS - EMPRESA DE INVESTIMENTO S.A.
549300XLJO7AQJ4IZZ93,HOUSING AND DEVELOPMENT BANK S.A.E
549300XLK5NQHFUIEW27,Sijoitusrahasto Nordea Discretionary Asset Allocation
549300XLNS8GBET6ZF43,"CREDIT SUISSE SECURITIES (CANADA), INC."
549300XM0RUUR7N89P36,VALORES BANCOLOMBIA S.A. COMISIONISTA DE BOLSA
549300XMLXFXUTPNYY04,ARAB FINANCE CORPORATION S.A.L.
549300XMP8RC4U3EH647,INTEGRATED CORE STRATEGIES (US) LLC
549300XMXYBJTUH49O89,GLOBAL FASHION GROUP TRM LIMITED
549300XN3CMYGITD5K98,ROOFOODS LTD
549300XN7CXXC5423C71,"MLQ INVESTORS, L.P."
549300XODLMRWA0FPI29,Deltec Bank & Trust Limited
549300XOHLO9G78P6819,SOCIÉTÉ GÉNÉRALE MAURITANIE (SGM)
549300XOR2688C8LK689,HUNTER DOUGLAS HOLDING B.V.
549300XOTES5TCS8T794,"First Mid Bank & Trust, National Association"
549300XOV1SBR5LT5Q03,PARTNER BANKA D.D. ZAGREB
549300XP222MV7P3CC54,TSB BANK PLC
549300XP4CV80NAOS116,MAISON PLACEMENTS CANADA INC.
549300XPBOS5SDRV2B24,AEA INTERNATIONAL HOLDINGS PTE. LTD.
549300XPNL3J2VYAWN77,THE KOREA DEVELOPMENT BANK
549300XPU45RE2JYBH21,OPTIVER AUSTRALIA PTY LIMITED
549300XQBGBEAABTUC05,Alberta Teachers' Retirement Fund Board
549300XQKJLDSIMR5332,ALPHAFIXE CAPITAL INC.
549300XQZKTSBDYK2B72,"KK INVESTMENT PARTNERS, a.s."
549300XR1SIQ5DT33R37,National Commercial Bank Jamaica Limited
549300XRKUVU11ECMD71,ROTHSCHILD & CO BANK INTERNATIONAL LIMITED
549300XRW34CJZEXFG78,Keel Capital AB
549300XTCMOUXC51WZ58,ALFA CAPITAL HOLDINGS (CYPRUS) LIMITED
549300XTMGRU0YGNX539,Keskinäinen Työeläkevakuutusyhtiö Elo
549300XTNDL4NYEGVH13,PERSEVERANCE ASSET MANAGEMENT INTERNATIONAL (SINGAPORE) PTE. LTD.
549300XU3XH6F05YEQ93,BAKER HUGHES HOLDINGS LLC
549300XUI2AYZNEJ0Y70,Apex Fund Services Ltd.
549300XUVC0A1EQBO575,XAMAX FINANCE LTD.
549300XV3812QGUFUZ14,AkademikerPension - Akademikernes Pensionskasse
549300XVCHXNN8R67U29,Community Federal Savings Bank
549300XVKZNJ4UTCN573,Convera Australia Pty Ltd
549300XVZ2CZ1DOX1A54,"RAND FINANCIAL SERVICES, INC."
549300XWC21UGFTCR876,APG Asset Management N.V.
549300XWGTGPPNVKZY94,JPMorgan Asset Management (Europe) S.à r.l.
549300XWJHRKLHU2PS28,ERSTE BANK HUNGARY ZÁRTKÖRŰEN MŰKÖDŐ RÉSZVÉNYTÁRSASÁG
549300XWJNRZV6LZCC50,"CITIGROUP GLOBAL MARKETS BRASIL, CORRETORA DE CAMBIO, TITULOS E VALORES MOBILIARIOS S.A."
549300XWKWI24LOY8Q43,CREDICORP BANK S.A.
549300XWZ7BG5G23OF51,בנק דיסקונט לישראל בעמ
549300XX0CS0DIWW6825,"RUANE, CUNNIFF & GOLDFARB INC."
549300XXCF4R2V3AU684,中国华新投资有限公司
549300XXGQ3ZBUATAA14,ODLUM BROWN LIMITED
549300XXHOD8SXSZKY72,Central 1 Credit Union
549300XXMOJSIW8P4769,(주) 국민은행
549300XXWEPZGXETT322,PARETO SECURITIES INC.
549300XY1661QCIA7J65,"COREBRIDGE FINANCIAL, INC."
549300XYJSIN9JGKDH03,MY MONEY BANK
549300XYJTDGWLM77720,HVIDBJERG BANK A/S
549300XZK6EWDBAZSY16,"Diebold Nixdorf, Incorporated"
549300XZLRIL68FLYM90,FONDO NAZIONALE PENSIONE COMPLEMENTARE PER I LAVORATORI DELLE PICCOLE E MEDIE IMPRESE - FONDAPI
549300XZQ3TVN21XDG88,BROAD STREET INVESTMENTS (SINGAPORE) PTE. LTD.
549300XZU1BJGG07ES12,BRAZA BANK S.A. BANCO DE CAMBIO
549300Y08TJ4I4APO417,"CF GLOBAL TRADING, L.L.C."
549300Y1EF311UBUO034,PHARO MANAGEMENT (UK) LLP
549300Y1ER96P65SWW07,JMMB BANK (JAMAICA) LIMITED
549300Y1FHNGHGQGPO75,CFG BANK
549300Y1FXTO6EZYWR82,SUN LIFE INSURANCE (CANADA) LIMITED
549300Y1IIQ0WYJR9F68,Arbejdsmarkedets Tillægspension
549300Y1J7P7CGMR6014,诺安基金管理有限公司
549300Y1PMK3RWXMWR72,"MUFG SECURITIES (CANADA), LTD."
549300Y1QVH6DZTMEJ73,L1 CAPITAL PTY LTD
549300Y1YBBCABDDXF19,ソニー銀行株式会社
549300Y20X0QOZ0SEA86,PAYONEER EUROPE LIMITED
549300Y2HDFI4Q5XNP98,HBK EUROPE MANAGEMENT LLP
549300Y35FCB6270R069,UBS SECURITIES ASIA LIMITED
549300Y364WLODHG3072,Hewlett-Packard Singapore (Sales) Pte. Ltd.
549300Y3H3YIK6S2H942,Försäkringsaktiebolaget Agria (publ)
549300Y3HHZB1ZGFPJ93,Aktiebolaget Electrolux
549300Y3OAE55RU0KC48,FIMASER
549300Y3RTKH8O8DYY87,BANK J.VAN BREDA & C°
549300Y3SYD3R07LYS08,BANCA DI CREDITO COOPERATIVO DI MOZZANICA - SOCIETA' COOPERATIVA
549300Y3VZJ8PV4GR334,NGÂN HÀNG THƯƠNG MẠI CỔ PHẦN SÀI GÒN THƯƠNG TÍN
549300Y3W4512F4J2D08,"R.J. O'BRIEN SECURITIES, LLC"
549300Y3ZQ0BCCDJGI40,THE INTERNATIONAL BANK OF AZERBAIJAN
549300Y44RH5TF83NO69,"LEVIN CAPITAL STRATEGIES, L.P."
549300Y4N7FKSD848P40,NATIONAL GRID ELECTRICITY SYSTEM OPERATOR LIMITED
549300Y4P2ZPFKCZ0C60,"BOKU, INC."
549300Y5TZ3N4PABJ621,Burling Bank
549300Y5YUNNHUW2EQ06,Stellar Bank
549300Y5YXLUQPJWVE34,THE UNITED BANK
549300Y647UICM1NQT21,TWELVE CAPITAL AG
549300Y65V2O4QXDZJ93,CITIC SECURITIES INTERNATIONAL CAPITAL MANAGEMENT LIMITED
549300Y6K4T3QBM4LN29,MIZUHO MARKETS AMERICAS LLC
549300Y6STSCWOUIIU46,MULTI ASSET GLOBAL OPPORTUNITIES
549300Y75F32J4LE5S67,PROVABLE MARKETS LLC
549300Y7B4P61P71C647,FUNDO DE RESOLUÇÃO
549300Y7LLCOFU7R8H16,MACKAY SHIELDS LLC
549300Y7Q2CB0KNL2Q81,Mirabaud Asset Management (Suisse) SA
549300Y7VHGU0I7CE873,"NETFLIX, INC."
549300Y8QE4EI2LP6B42,"WESTERN NEW ENGLAND BANCORP, INC."
549300Y8ZX6716L5AZ68,Meriti Stiftelsetjänst AB
549300Y988WIDPB40X32,Move Wealth Management AG
549300Y9ETUV0YBTCJ35,SAMOA COMMERCIAL BANK LIMITED
549300Y9NQRXUD5SCD57,"INTERNATIONAL VALUE ADVISERS, LLC"
549300Y9URD6W70K0360,BENDIGO AND ADELAIDE BANK LIMITED
549300YA5M7IV6UCLE63,CALDERYS FRANCE
549300YB1H2FRI6JPM51,LAKE MICHIGAN CREDIT UNION
549300YB2ARX5DQT4F62,渤海银行股份有限公司
549300YBRCVZF3J2DE33,ECO-BAT TECHNOLOGIES LIMITED
549300YBTGLVGOYI5425,CORONATION INTERNATIONAL LIMITED
549300YBTKT1BZDUG027,DRW EUROPE DERIVATIVES B.V.
549300YCD0BJVYXVO019,GOLDMAN SACHS ASIA STRATEGIC PTE. LTD.
549300YCM16J7EW34I61,"UAB FMĮ ""Orion securities"""
549300YCMKM63YU00T44,บริษัท หลักทรัพย์ เมอร์ริล ลินช์ (ประเทศไทย) จำกัด
549300YCN2HLIW35TL08,SOCALFI
549300YDLO344EXX2X46,"YORK CAPITAL MANAGEMENT GLOBAL ADVISORS, LLC"
549300YDSMM4FBAIKF69,合作金庫商業銀行股份有限公司
549300YDYVW90IFPHY85,BHD INTERNATIONAL BANK (PANAMA) S.A.
549300YEC7519H8CBF72,J.C. GENERAL SERVICES
549300YECLPQ2ECYHN24,FULLERTON (PRIVATE) LIMITED
549300YEEPFT3PTIXZ81,Portefølje Aktier
549300YEZVAVRZDQX018,AXA XL UNDERWRITING AGENCIES LIMITED
549300YFSH86K0OVUV25,"LANSING PROPRIETARY, LLC"
549300YFT14H8HRQ5D03,PRIME BANK PLC.
549300YG409Y6M4KK348,WORLD VISION INTERNATIONAL
549300YG7WG1HR9KGW98,BP OIL INTERNATIONAL LIMITED
549300YGHOSBCB47SV89,EMERGING LOCAL CURRENCY DEBT
549300YGKE5MX3KS3880,OLDFIELD PARTNERS LLP
549300YGP02N6JKP0E37,Anchor Bank
549300YGUXO4JJ7D4665,"PRAESIDIUM INVESTMENT MANAGEMENT COMPANY, LLC"
549300YH14JTUEU8V987,JNE PARTNERS LLP
549300YHCJ80MZ6J9H33,B&BT NV
549300YHNUGLS407SF83,CASSA PADANA BANCA DI CREDITO COOPERATIVO SOCIETA' COOPERATIVA
549300YHP12TEZNLCX41,WELLINGTON MANAGEMENT COMPANY LLP
549300YHVUGYHNEIXE60,"WILMINGTON EQUITIES, INC."
549300YI34DX51LRGS71,BANQUE CANTONALE DU VALAIS
549300YJCGVJY9R30103,СТОПАНСКА БАНКА АД - СКОПЈЕ
549300YJRSPSK5DWGL35,"BAYVIEW ASSET MANAGEMENT, LLC"
549300YJUYJ9A24RXL71,Billerud Aktiebolag (publ)
549300YK417GKI6EQ392,OQ SAOC
549300YKAFEBK0ZWO192,PT MANDIRI SEKURITAS
549300YKIVVKJHDQP792,Britannia Securities Limited
549300YKP7BZLLJB3318,GMO AUSTRALIA LIMITED
549300YKPCCZO6Y5JD07,سامسونج الكترونكس ليفانت/ الاردن
549300YKV3YF5IMCLF19,美國雅培製藥有限公司
549300YKVT8BRR7R4304,FIRST SENTIER INVESTORS (UK) FUNDS LIMITED
549300YLBTRGPV0WJ896,INTERACTIVE BROKERS AUSTRALIA PTY LTD
549300YLITY2P4NFXG74,WINDMILL HILL ASSET MANAGEMENT LIMITED
549300YLYJU4NBM06C11,بنك أنتركونتيننتال لبنان ش.م.ل
549300YM5CWCAUVOPB53,ENEL CHILE S.A.
549300YMZ05IR3NORF05,HIGHFIELDS CAPITAL MANAGEMENT LP
549300YNNLBXT8N8R512,"ARROW ELECTRONICS, INC."
549300YNTO3JS9P4SG42,TP ICAP COMMODITIES LIMITED
549300YNUT7D0FWKU636,The Farmers National Bank Of Canfield
549300YOG7L5RIDRN993,"FISHER ASSET MANAGEMENT, LLC"
549300YOGGZET04TZM44,Abacus Federal Savings Bank
549300YOPKY16JD5QW47,BARINGS (U.K.) LIMITED
549300YOTKO8B9YFJL83,"TOWERBANK INTERNATIONAL, INC."
549300YPHM2JT8ZHBS03,CONSOLIDATED TRADING LLC
549300YQ7FS9SJWWV657,SLOANE ROBINSON LLP
549300YQRFF9XBLWGF31,"GRANAHAN INVESTMENT MANAGEMENT, LLC"
549300YQTJTQRWGCSV19,GLOBAL X MANAGEMENT COMPANY LLC
549300YRBS4XYCVIH803,"Akciju sabiedriba ""Nasdaq Riga"""
549300YRMVVWXO9A2F30,HSBC BANK (URUGUAY) S A
549300YRQGC6ZFD7IN28,Εθνική Χρηματιστηριακή Μονοπρόσωπη Ανώνυμη Εταιρία Παροχής Επενδυτικών Υπηρεσιών
549300YRZ2DC387FBW20,ブラックロック・ジャパン株式会社
549300YS0Y8HCSHTHN07,CRÉDIT AGRICOLE NEXT BANK (SUISSE) SA
549300YS1VKNQZ112123,"GOLDMAN SACHS PSI GLOBAL HOLDINGS, LLC"
549300YS4CB1171BRJ08,First Bank
549300YS869GO8JNRX85,INTEROGO FUND MANAGEMENT S.A.
549300YTJBCFG3MTGW39,クレディ・スイス株式会社
549300YTOMKUNPUTB551,STANDARD CHARTERED BANK (PAKISTAN) LIMITED
549300YTZPMRP8RYSY86,BLACKROCK ASSET MANAGEMENT CANADA LIMITED
549300YUKIRT3WZ00383,HULL TRADING ASIA LIMITED
549300YUNEMKRCKKKW26,AUSTRALIA AND NEW ZEALAND BANKING GROUP (PNG) LIMITED
549300YUNM20D1LAQX96,TRANSPORT AND DEVELOPMENT BANK
549300YV2LNLS7BBHF64,Credit Suisse Brazil (Bahamas) Limited
549300YV6LXRPJO3U576,MERKUR ANDELSKASSE
549300YV77ZZ5ADLO929,Habib American Bank
549300YV7HFY5MTM2Z65,Merrimack County Savings Bank
549300YVBU4V7JWHAJ32,KLP BANKEN AS
549300YVK8SX0TLP0185,"CHINA MERCHANTS SECURITIES (HK) CO., LIMITED"
549300YVLVD8MONBCM37,J.P. MORGAN BANCO DE INVERSIÓN
549300YVMQ5W0B9X2Q27,IBM CANADA LIMITED
549300YW06JHD2TT6Z37,EURONET 360 FINANCE LIMITED
549300YW95G1VBBGGV07,"AS ""SEB BANKA"""
549300YWHX69BSKW5H49,Nordea Obligationsfond
549300YWLEF1UP7P0Q78,CENTRICUS ASSET MANAGEMENT LIMITED
549300YWNPUXBR9XZW77,Craig-Hallum Capital Group LLC
549300YXOFR1ZL7VP044,"ПУБЛІЧНЕ АКЦІОНЕРНЕ ТОВАРИСТВО ""АРСЕЛОРМІТТАЛ КРИВИЙ РІГ"""
549300YXZ68UJGUVAM76,"BLUEFIN ACCESS CAPITAL, LLC"
549300YZ10WOWPBPDW20,Natixis Structured Issuance SA
549300YZ2GIMNB6S2A13,UBS Securities Co. Limited
549300YZCLLSGCTSC309,FINANCIERE REMY COINTREAU SA/NV
549300YZLMDN2Z5BIE40,AL RA'IDAH INVESTMENT COMPANY
549300Z0AVQF0QSFQV15,J.P. MORGAN SECURITIES AUSTRALIA LIMITED
549300Z0FZEB0VOWGE42,MERCADOS Y GESTION DE VALORES SA
549300Z0H15P7ZLU2G11,UNITED SECURITIES
549300Z0P8NDN88T2269,AMBANK ISLAMIC BERHAD
549300Z0YGZORVTS1V30,BANK OF PAPUA NEW GUINEA
549300Z13FLNFBQX7333,Nyhavn Capital AB
549300Z2A62XFVD47T20,SCOTTISH WIDOWS UNIT TRUST MANAGERS LIMITED
549300Z2B4FHRYOXTS09,Heritage Bank
549300Z2ET89XOQWMV67,AETE LIMITED
549300Z2ZSKKGUE3J147,"NIKE USA, Inc."
549300Z3V8FWSENAH224,PICTET ASSET MANAGEMENT SA
549300Z402F16H5EGH48,"CORNERSTONE ONDEMAND, INC."
549300Z4OD4DHKJ0EG18,UBS ASSET MANAGEMENT CREDIT INVESTMENTS GROUP (UK) LTD
549300Z5C6IXF1KV0Z78,Minimax Viking GmbH
549300Z5CJRTI3CSS791,KIWIBANK LIMITED
549300Z5VU00GHU3B005,BANCO SANTANDER CONSUMER PORTUGAL S.A.
549300Z6OB1D4ZUBD145,Banque de Patrimoines Privés
549300Z6PZBY8JQXYI54,BELTANY PROPERTY FINANCE DESIGNATED ACTIVITY COMPANY
549300Z6WNTSGE7Z5P13,内藤証券株式会社
549300Z7QC1FFRWQJR77,Prime Bank Limited
549300Z7T788F173OW64,ECOM AGROTRADE LIMITED
549300Z7V2WOFIMUEK50,УНИКРЕДИТ БУЛБАНК
549300Z87IDPSBOIBO71,MTFX INC.
549300Z8EM6P4IUIYG50,"Waterford Bank, N.A."
549300Z8KI41ZN43L794,RAIFFEISEN BEFEKTETÉSI ALAPKEZELŐ ZÁRTKÖRŰEN MŰKÖDŐ RÉSZVÉNYTÁRSASÁG
549300Z8OG67W8DBH881,ASSA ABLOY Financial Services AB
549300Z8RF8ZG4X73J32,NORDNORGE FINANS FORUM ASA
549300Z8SUT4F8XGZ462,LEEK UNITED BUILDING SOCIETY
549300Z8WO0USJ2GJL93,BANCA DI CREDITO COOPERATIVO DI TRIUGGIO E DELLA VALLE DEL LAMB RO SOCIETA' COOPERATIVA
549300Z95GX7JTBPKW46,ALTERNATIVE GESTION SA
549300Z97MFLU58LWK39,エヌエヌ生命保険株式会社
549300ZA4KG2U4B57V72,CREDICORP CAPITAL ASSET MANAGEMENT S.A. ADMINISTRADORA GENERAL DE FONDOS
549300ZAS8QV6X1Q5X12,GOLDMAN SACHS GIVES (UK)
549300ZAV8QQ3E3OVB85,Choice Bank Ltd
549300ZBIG7CIR7IQM03,TRUEVO PAYMENTS LTD
549300ZBZQ6M21ZGGY79,China Merchants Bank (Europe) S.A.
549300ZC4JWUMN5DD754,SPRUCEGROVE INVESTMENT MANAGEMENT LTD.
549300ZCLJ2XMVGEHV31,"UAB ""PHOENIX PAYMENTS"""
549300ZD7BBOVZFVHK49,ASX CLEAR (FUTURES) PTY LIMITED
549300ZDBUCTRBOPM023,BRITANNIC ENERGY TRADING LIMITED
549300ZDCVMBGESJ8C44,FIDUCIARIA BOGOTA S.A.
549300ZDCYYUPHEE5K87,株式会社神戸製鋼所
549300ZDHJL1XXIM5E64,CONVERA UK LIMITED
549300ZDHOETLAIVTE82,Cembra Money Bank AG
549300ZDSNOT43QKBZ15,TCI ADVISORY SERVICES LLP
549300ZDTX9TQMBREN18,KOH THIRD ASSET SECURITIZATION SPECIALTY COMPANY
549300ZDWWCK3VFHV669,KING STREET (EUROPE) LLP
549300ZE4IQ6CJ3PTR90,Bolig
549300ZEFHS6C560GZ38,"АКЦІОНЕРНЕ ТОВАРИСТВО ""БАНК АВАНГАРД"""
549300ZEFUWWFTP7BA50,BANQUE CANTONALE DE GENÈVE
549300ZERON8OJWRR841,THE TRUST COMPANY LIMITED
549300ZEZN48NMTQ0U03,KENMARE PROPERTY FINANCE DESIGNATED ACTIVITY COMPANY
549300ZFLU7DNO5DIO68,Nordea Avtalspensionsfond Midi
549300ZFMWSXLGV3QC86,"REMITLY U.K., LTD"
549300ZFO413NG4Q2L67,JTC Private Trust (Bahamas) Limited
549300ZFOAZC3BSRQ043,"H&R BLOCK MANAGEMENT, LLC"
549300ZFPYDS135LU078,台新國際商業銀行股份有限公司
549300ZFTE242TUMKM36,PPG FINANCE B.V.
549300ZFW3VKR1VR2487,BBC COMMERCIAL LIMITED
549300ZG5PH6MA164968,Multilateral Investment Guarantee Agency
549300ZGB3DX5UDX4I30,"NODAL EXCHANGE, LLC"
549300ZGI0C17QQCQ672,CORIS BANK INTERNATIONAL SENEGAL SA
549300ZGTRKCDKOVEQ80,First National Bank of Pulaski
549300ZGUWOCUTU7BJ86,CHINA INDEX
549300ZHEHX8M31RP142,JANE STREET FINANCIAL LIMITED
549300ZHFZ4CSK7VS460,PRIVREDNA BANKA ZAGREB - DIONIČKO DRUŠTVO
549300ZHO4JCQQI13M69,SAAB Aktiebolag
549300ZHPISVPN0QZ116,ANZ BANK (SAMOA) LTD
549300ZHRPSV7QIUJT80,RHB BANK BERHAD
549300ZI0VP87LWFWK38,EP Bank AB
549300ZI2PEOLX7W6D65,ORBIS INVESTMENT ADVISORY LIMITED
549300ZIBGCG0W5V8P46,"JUMP TRADING FUTURES, LLC"
549300ZIIULAZVZYPH61,M&G Alternatives Investment Management Limited
549300ZIJGMQJ5DRVC43,US High Yield
549300ZIQFP7BVD4RG03,BANCO TRAVELEX S.A.
549300ZJ3TRNYZ63TS23,RBC ROYAL BANK (CAYMAN) LIMITED
549300ZJ8PJOED45HZ43,UBS ASSET MANAGEMENT (SINGAPORE) LTD.
549300ZJN237XZZ40234,BEEP INVESTMENTS (SINGAPORE) PTE. LTD.
549300ZK0FWOO3P5J254,AL-ARAFAH ISLAMI BANK PLC.
549300ZK53CNGEEI6A29,J.P. Morgan SE
549300ZKLIF7RP6EH823,Tessenderlo Group
549300ZL2JBI0IJS5732,BARCLAYS INVESTMENT SOLUTIONS LIMITED
549300ZL72WM5JM4I209,PHILLIP CAPITAL LIMITED
549300ZLBKR8VSU25153,OTIS WORLDWIDE CORPORATION
549300ZLPU75MU7O0T38,ORIENTAL BANK
549300ZLWT3FK3F0FW61,SINGAPORE EXCHANGE DERIVATIVES CLEARING LIMITED
549300ZM0JAJ8TK0HN16,Banc of America Securities Asia Limited
549300ZM18R1K0LH5420,Nordic Small Cap KL
549300ZM212VQHR8ON54,Relative Value Trading GmbH
549300ZM4FQ8SO4GP364,Cité Gestion SA
549300ZMC0LNJNVAVU30,VINTRA CAPITAL LLP
549300ZN36E1MEF7S595,NOMURA ASSET MANAGEMENT U.S.A. INC.
549300ZN7MDZXM5CAL38,Heard Capital LLC
549300ZNG8IUFU0CB396,"Balbec Capital Management, LP"
549300ZO4GNVXIBGHK94,PAYPAL PTE. LTD.
549300ZOE0EU2VKF6M35,Lombard Odier (Europe) S.A.
549300ZOGI4KK37BDV40,"Conning, Inc."
549300ZOOJIV5LJHWL04,"Performa Limited (US), LLC"
549300ZPCFF2SIW4B230,"BROAD STREET PRINCIPAL INVESTMENTS, L.L.C."
549300ZPP46PTHQ2RF22,North Bay Credit Union
549300ZPSDER0RIECF87,渣打證券(香港)有限公司
549300ZPZVBD2F8NKI18,BANK CIC (SCHWEIZ) AG
549300ZQ6ICBM18UBN91,BANK AUSTRIA WOHNBAUBANK AG
549300ZQJQ5GQRDOBE68,Rothschild & Co Bank AG
549300ZR7TU88Q5ULT85,"MEMBERS CAPITAL ADVISORS, INC."
549300ZR9SL6P1CF7I36,"HEDGEMARK ADVISORS, LLC"
549300ZRL968ARU3DT19,SOGELEASE BDP
549300ZRNEMNQKP28436,Arnhem Investment Management Pty Ltd
549300ZT0RVWCG8T4L55,SCOTTISH WIDOWS LIMITED
549300ZTT08EKQRVTR15,Atlantic Union Bank
549300ZTUCZZT7MPZX36,Sijoitusrahasto Nora Four Master
549300ZTZN8X96IUI763,"AVM, L.P."
549300ZU1ZJHRIQ9WM35,OCBC SECURITIES PRIVATE LIMITED
549300ZV1RSA9F0LU821,"PayPal (Europe) S.à r.l. et Cie, S.C.A."
549300ZVEIQH73ZXGE62,"KIM VIETNAM FUND MANAGEMENT CO., LTD"
549300ZVONUQ845QCH95,MIDDLEGATE SECURITIES INC.
549300ZVZV7G7BU5SK03,"ТОВАРИСТВО З ОБМЕЖЕНОЮ ВІДПОВІДАЛЬНІСТЮ ""ІНВЕСТИЦІЙНИЙ КАПІТАЛ УКРАЇНА"""
549300ZVZXBQ2TLODN54,TULLETT PREBON BRASIL CORRETORA DE VALORES E CAMBIO LTDA
549300ZW0H9ORV7CWL52,بنك مصر ش.م.م.
549300ZW1JDJ8MC0BG34,NEWEDGE BROKER INDIA PRIVATE LIMITED
549300ZW4KOFK8KMIG35,AXIA MARKETS PRO LIMITED
549300ZW58TM1KU8CK35,Falcon International Bank
549300ZW5W660U16FP37,PICTET CANADA L.P.
549300ZW7MOEIJH2N570,Double Haven Capital (Hong Kong) Limited
549300ZWA6HRT4N1Z222,Hills Bank and Trust Company
549300ZWV5M8BDGDXG64,MANUFACTURERS LIFE REINSURANCE LIMITED
549300ZWYC0QUOFP0Q79,PEGASUS BANK
549300ZX07JYMI8GHQ39,"PENSKE TRUCK LEASING CO., L.P."
549300ZYCG2XOIQZ8258,Sera Global Securities Canada LP
549300ZYM1ZRTMQ77Q48,GOLDMAN SACHS ASSET MANAGEMENT AUSTRALIA PTY LTD
549300ZYMKWX57I17O22,"HENDRICKSON HOLDINGS, L.L.C."
549300ZYZ5URYZRO2293,ステート・ストリート・グローバル・アドバイザーズ株式会社
549300ZZIAVB1U6Z4S78,BEGINNINGS CREDIT UNION
549300ZZXJKKQ0D6EC81,"METROPOLITAN OPERA ASSOCIATION, INC."
54ZMQ1M7YQYKOZC8E043,"STATE STREET GLOBAL ADVISORS FUNDS DISTRIBUTORS, LLC"
551QBR5B50SV8ZYC3K06,GOLDMAN SACHS (UK) L.L.C.
5586000NXMEV1C9ALP71,The National Shipping Company Saudi arabia
5586001LY5MB7XPJTH49,Jadwa Investment Company
5586001MFRGV0XD2SB47,GIB Markets Limited
55860027REKC9VDPNH94,شركة الشرق للصرافة (ش . ذ. م. م)
55860046PU23E9MJG761,GIB KSA Markets Limited
5586005JYFTUMPVGE837,EFG Holding S.A.E
5586005NT0UMAR4D1K66,Securities Clearing Center Company - Muqassa
5586005PSTVGZDRW2U31,MUFG Bank Ltd - Riyadh Branch
5586006WD91QHB7J4X50,Saudi Arabian Oil Company
5586006ZEFQ542K7CY16,The Saudi National Bank
55860081C7FV0A4JGD52,The industrial bank of Kuwait
5586009NS6VRGXQPUK52,Arab Banking Corporation Jordan
558600BQZS4Y1DTU8589,Al Rajhi Bank
558600BYC3HXL0JSVU63,Gulf International Bank-Saudi Arabia
558600C5E6NWD3R7QJ90,Derayah Financial
558600E4C9MWY6TUVP22,THE SAUDI NATIONAL BANK (DUBAI BRANCH)
558600EF1LZ82YHRMV66,Public Investment Fund
558600FAUY6XHS2B0J49,بنك البحرين الاسلامي ش.م.ب
558600FG4CZB5EAVK341,Bank Muscat
558600FGNP3JML7WY215,AlJazira Bank
558600HPAUTN6XSVBK93,Alinma Bank
558600JW2XPMLG97TV14,Gulf International Bank B.S.C
558600JXHMU834ADGL59,Industrial and Commercial Bank of China Limited branch
558600L0CP2FVJW7XT75,SNB Capital
558600N07EDF4ATYR106,Banque Saudi Fransi
558600NC81HKXMFSTY52,Burgan Bank K.P.S.C.
558600PBCNPTAIOTVW98,Vision Bank
558600PL8MQNKHD7S478,EFG Hermes KSA
558600PUYRPTVLGQEM92,ReTech Reinsurance Brokers Co.
558600RJ8WZXF5LG6S76,EFG Hermes UAE LLC
558600RJSKQ06MTHV135,Jordan Kuwait Bank
558600S9AW0TZ65EGN51,BNP PARIBAS INTERNATIONAL BRANCH
558600SNRB0ZGHPF4L72,First Abu Dhabi Bank Saudi Arabia Branch
558600SY4RZNJTDP3H57,Deutsche Bank AG Riyadh Branch
558600TQS0WENZUC5190,Saudi Awwal Bank
558600TYHGJJXQXKKX03,EFG Hermes IFA Financial Brokerage Company
558600U9YMGSR4KAHP73,EFG Hermes International Securities Brokerage S.A.E
558600UQSR3TWPBFD068,AMANA BANK LIMITED
558600V2UPALWRZJ1D15,AlBaraka Bank s.a.l.
558600V3J4M5TUY9HR70,The Saudi Investment Bank
558600VAH1G0MFW3N697,Saudi Fransi Capital
558600W0F2U8Z7N9QX12,Arab Co-operation for Financial Investments co ABC Investments
558600WRQ9D1TGCZK230,GTN Middle East Financial Services (DIFC) Limited
558600WS5P2AY37NQM77,T.C. ZIRAAT BANKASI A.S. JEDDAH BRANCH
558600X205M9DZ4C1658,EFG HERMES JORDAN
558600Y0TFKRV2QZ1A74,شركة أكوا باور شركة مساهمة سعودية
558600YCBDW7JVZM6028,Qatar National Bank
558600YCBMF3KW9QH647,Albilad Bank
558600YR7LJ35QCXGM88,National Bank of Kuwait
558600ZCXHMK0GWNY556,NATIONAL BANK OF PAKISTAN
55XO0OZ0X7D2DKGKJ453,WINTON CAPITAL MANAGEMENT LIMITED
571474TGEMMWANRLN572,State Street Bank and Trust Company
579100BKDDEFFCCHB008,BANCO CREDICOOP COOPERATIVO LTDO
579100BKDDIDGJFHJ020,BANCO RIOJA SOCIEDAD ANONIMA UNIPERSONAL
579100BKDFDBFGIIF011,MONTEMAR COMPAÑIA FINANCIERA S A
579100BKDJDKGKHHF040,BANCO DE FORMOSA S A
579100BKDKBIGDCFJ024,Banco De Inversion Y Comercio Exterior Sociedad Anonima
579100CKDCDDHJDBB087,BANCO BICA SOCIEDAD ANONIMA
579100CKDEHBFHBCE008,BANCO INTERFINANZAS S A
579100CKDGEGGBDJC051,NUEVO BANCO DE SANTA FE SA
579100CKDGKDFHDED047,BANCO DE COMERCIO S.A.
579100DKDJBEFDDIH020,JPMORGAN CHASE BANK NATIONAL ASSOCIATION SUCURSAL BUENOS AIRES
579100EKDEEJFBIDH082,BANCO MERIDIAN SOCIEDAD ANONIMA
579100EKDEGDFEHDC012,BANCO SAENZ S A
579100EKDJBGHKJBF017,BANCO COINAG S.A.
579100EKDJJJHFGKK020,BANCO DE SERVICIOS Y TRANSACCIONES S.A
579100EKDKHBGIDKB011,BANCO COMAFI SOCIEDAD ANONIMA
579100FKDEGEFKBDK050,BANCO ROELA SA
579100FKDHGIFBFHF056,BANCO PROVINCIA DE TIERRA DEL FUEGO
579100FKDJKFGJCIJ071,BANCO INDUSTRIAL SOCIEDAD ANONIMA
579100GKDCBHFFCHE067,BANCO DE VALORES S A
579100GKDCGJFJBHE043,BANCO CMF SOCIEDAD ANONIMA
579100GKDEEEFECBK004,BANCO MARIVA S A
579100GKDGHDFGEEB073,BANCO VOII S A
579100HDDFJBHJJKF073,NUEVO BANCO DE ENTRE RIOS S.A.
579100HKDCEBGGEFB045,BANCO JULIO SA
579100HKDECBHFCKH095,BACS BANCO DE CREDITO Y SECURITIZACION S. A.
579100HKDEGJFIDBH049,BANCO COLUMBIA SOCIEDAD ANONIMA
579100HKDFJGGKDHH084,BANCO DEL SOL SA
579100IKDCJEFBFBE088,BANCO FINANSUR S A
579100IKDIDEFDDIH076,BANCO DE LA REPUBLICA ORIENTAL DEL URUGUAY
579100JDDBCKJJEJC067,Banco De La Provincia De Buenos Aires
579100JDDIBBJJIJB095,BANCO MUNICIPAL DE ROSARIO
579100JKDFCGJFCJI017,BANCO DE LA PROVINCIA DE CORDOBA SA
579100JKDHBGFDFGB035,BANCO PIANO S A
579100JKDIEEHGEKH092,Industrial and Commercial Bank of China (Argentina) S.A.U.
579100KDDBKHFJKKF050,Banco Supervielle Sociedad Anonima
579100KKDBKJFDKKD024,BANCO BBVA ARGENTINA S.A.
579100KKDDKIFCBKB062,BANCO CENTRAL DE LA REPUBLICA ARGENTINA
579100KKDEKEFCKKJ033,BANCO DE SAN JUAN S A
579100KKDFKBFGBKC022,BANCO DE LA PAMPA S.E.M.
579100KKDGKBFDKKG058,BANCO PATAGONIA SOCIEDAD ANONIMA
579100KKDGKCFFKKF005,CITIBANK N A
579100KKDGKKFCBKK036,BANCO DE CORRIENTES SA
579100KKDHBJGJFHH037,NUEVO BANCO DEL CHACO SA
579100KKDHKDFFKKB072,BANCO DE GALICIA Y BUENOS AIRES S. A.
579100KKDIKKFBJKI028,BANCO DE SANTA CRUZ SOCIEDAD ANONIMA
579100KKDJKJFKBKC002,BANCO DEL CHUBUT S.A.
579100KKDKKEFHBKE081,BANCO PROVINCIA DEL NEUQUEN S.A.
579100KKDKKHFCBKB005,BANCO HIPOTECARIO SOCIEDAD ANONIMA
579100KKDKKIFEBKK040,BANCO MACRO SOCIEDAD ANONIMA
58PU97L1C0WSRCWADL48,JEFFERIES LLC
593C3GZG957YOJPS2Z63,City National Bank
5967007LIEEXZX4N9429,Voss Veksel- og Landsmandsbank ASA
5967007LIEEXZX4R4058,BN BANK ASA
5967007LIEEXZX4RVS72,ARCTIC SECURITIES AS
5967007LIEEXZX4WIG90,SPAREBANKEN NARVIK
5967007LIEEXZX51WW28,SPAREBANKEN ØST
5967007LIEEXZX548841,DNV GROUP AS
5967007LIEEXZX57BC18,Carnegie AS
5967007LIEEXZX5AEG57,SB1 MARKETS AS
5967007LIEEXZX5L7C02,SOKNEDAL SPAREBANK
5967007LIEEXZX5OAG06,SKAGERRAK SPAREBANK
5967007LIEEXZX5PU005,SPAREBANKEN MØRE
5967007LIEEXZX626G85,SØGNE OG GREIPSTAD SPAREBANK
5967007LIEEXZX62Y816,SPARESKILLINGSBANKEN
5967007LIEEXZX661C73,TINDE SPAREBANK
5967007LIEEXZX66T412,GRONG SPAREBANK
5967007LIEEXZX67KW92,ORKLA SPAREBANK
5967007LIEEXZX69W828,GRUE SPAREBANK
5967007LIEEXZX6C7K33,FLEKKEFJORD SPAREBANK
5967007LIEEXZX6J5K03,STRØMMEN SPAREBANK
5967007LIEEXZX6JXC59,ØRSKOG SPAREBANK
5967007LIEEXZX6N0G88,SPAREBANK 1 HALLINGDAL VALDRES
5967007LIEEXZX6OK028,SPAREBANK 1 HELGELAND
5967007LIEEXZX6Q3K70,STOREBRAND BANK ASA
5967007LIEEXZX6QVC82,Valdres Sparebank
5967007LIEEXZX6SEW24,BB BANK ASA
5967007LIEEXZX6T6O52,VOSS SPAREBANK
5967007LIEEXZX6VI040,HALTDALEN SPAREBANK
5967007LIEEXZX6W9S34,FEARNLEY SECURITIES AS
5967007LIEEXZX6X1K40,HAUGESUND SPAREBANK
5967007LIEEXZX6YL456,BJUGN SPAREBANK
5967007LIEEXZX704O38,SELBU SPAREBANK
5967007LIEEXZX737S20,SPAREBANK 1 NORDMØRE
5967007LIEEXZX73ZK25,SPAREBANK 1 RINGERIKE HADELAND
5967007LIEEXZX75J484,PARETO BANK ASA
5967007LIEEXZX76AW36,OBOS-BANKEN AS
5967007LIEEXZX772O08,SKUDENES & AAKRA SPAREBANK
5967007LIEEXZX77UG71,FANA SPAREBANK
5967007LIEEXZX79E080,AASEN SPAREBANK
5967007LIEEXZX7D8W16,SPAREBANK 1 ØSTFOLD AKERSHUS
5967007LIEEXZX7FK859,COSMOS MARKETS AS
5967007LIEEXZX7GC039,ETNEDAL SPAREBANK
5967007LIEEXZX7H3S04,AURSKOG SPAREBANK
5967007LIEEXZX7HVK26,NIDAROS SPAREBANK
5967007LIEEXZX7JF455,EIKA DIGITALBANK AS
5967007LIEEXZX7LQG72,AGDER SPAREBANK
5967007LIEEXZX7OTK49,FORTE FONDSFORVALTNING AS
5967007LIEEXZX7SOG95,SPAREBANK 1 LOM OG SKJÅK
5967007LIEEXZX7WJC44,Odal Sparebank
5967007LIEEXZX7ZMG21,EVJE OG HORNNES SPAREBANK
5967007LIEEXZX80E863,KVINESDAL SPAREBANK
5967007LIEEXZX82PK66,HEGRA SPAREBANK
5967007LIEEXZX850W58,SKUE SPAREBANK
5967007LIEEXZX85SO43,LANDKREDITT BANK AS
5967007LIEEXZX87C875,DRANGEDAL SPAREBANK
5967007LIEEXZX884073,ASKIM & SPYDEBERG SPAREBANK
5967007LIEEXZX89NK89,TRØNDELAG SPAREBANK
5967007LIEEXZX8BYW44,Ørland Sparebank
5967007LIEEXZX8CQO16,Valle Sparebank
5967007LIEEXZX8DIG85,SPAREBANK 1 GUDBRANDSDAL
5967007LIEEXZX8GLK62,MARKER OG EIDSBERG SPAREBANK
5967007LIEEXZX8I5486,STADSBYGD SPAREBANK
5967007LIEEXZX8L8854,JÆREN SPAREBANK
5967007LIEEXZX8QMO62,TOLGA-OS SPAREBANK
5967007LIEEXZX8S6851,NORDEA DIRECT BANK ASA
5967007LIEEXZX8UHK11,SPAREBANK 1 SOGN OG FJORDANE
5967007LIEEXZX8YCG57,JBF Sparebank AS
5967007LIEEXZX8Z4848,KLP KAPITALFORVALTNING AS
5967007LIEEXZX92Z414,FONDSFINANS AS
5967007LIEEXZX93QW15,FONDSFINANS KAPITALFORVALTNING AS
5967007LIEEXZX9G3C87,ARCTIC ASSET MANAGEMENT AS
5967007LIEEXZX9HMW06,Eika Kapitalforvaltning AS
5967007LIEEXZX9IEO75,VERDIPAPIRSENTRALEN ASA
5967007LIEEXZXA40G44,CLARKSONS SECURITIES AS
5967007LIEEXZXACI078,FRENDE SKADEFORSIKRING AS
5967007LIEEXZXAXC017,SOGN SPAREBANK
5967007LIEEXZXB16W88,SISSENER AS
5967007LIEEXZXES8046,LILLESANDS SPAREBANK
5967007LIEEXZXEUJC13,TRØGSTAD SPAREBANK
5967007LIEEXZXEVB408,Berg Sparebank
5967007LIEEXZXEW2W49,Bien Sparebank ASA
5967007LIEEXZXEXMG87,LUSTER SPAREBANK
5967007LIEEXZXEZ6043,GILDESKÅL SPAREBANK
5967007LIEEXZXF1HC35,HØLAND OG SETSKOG SPAREBANK
5967007LIEEXZXF29443,ROMERIKE SPAREBANK
5967007LIEEXZXF30W48,SPAREBANKEN DIN TELEMARK
5967007LIEEXZXF3SO40,RØROSBANKEN RØROS SPAREBANK
5967007LIEEXZXFBIG54,CULTURA SPAREBANK
5967007LIEEXZXHDL433,OSLO BØRS ASA
5967007LIEEXZXI0QG32,MELHUS SPAREBANK
5967007LIEEXZXJ9HK73,KONGSBERG GRUPPEN ASA
5CIJ4S9HAEBWILA19B65,"DYNEX CAPITAL, INC."
5DPO0YNXJOHNTPNIJ867,"ITAU BANK, LTD."
5GCSNMQXHEYA1JO8QN11,MASCO CORPORATION
5HPLP7FVD3SPX7MNDL06,VIRTU CANADA CORP.
5JL7TMOH5TY3IUYSUP91,"LAUREATE EDUCATION, INC."
5KYC8KF17ROCY24M3H09,PARAMOUNT GLOBAL
5NGPZ37H6T4XS5MO5N09,ゴールドマン・サックス証券株式会社
5PRBRS5FEH7NREC8OR45,"PRUDENTIAL FINANCIAL, INC."
5QK37QC7NWOJ8D7WVQ45,IBERDROLA SA
5R6J7JCQRIPQR1EEP713,ICE CLEAR EUROPE LIMITED
5RGWIFLMGH3YS7KWI652,SYSCO CORPORATION
5RJTDGZG4559ESIYLD31,AUREL BGC
5U0XI89JRFVHWIBS4F54,株式会社三井住友銀行
5UMCZOEYKCVFAW8ZLO05,ΕΘΝΙΚΗ ΤΡΑΠΕΖΑ ΤΗΣ ΕΛΛΑΔΟΣ Α.Ε.
5V8AKSARQCPN7NTUBB15,GOLDMAN SACHS AUSTRALIA GROUP HOLDINGS PTY LTD
5WUVMA08EYG4KEUPW589,"STIFEL, NICOLAUS & COMPANY, INCORPORATED"
5X2LLWIMJN6WIS0TJ422,"GS INVESTMENT STRATEGIES, LLC"
5X7O2M1I3LNNJ4E5R997,GOLDMAN SACHS LENDING PARTNERS LLC
5Z1UQ1CWY0DQ3KJWDQ07,"EverBank, National Association"
60JPPD3G1GUIPIJAI202,CARGILL B.V.
6113F6JQLWIUGTBN1L36,COMPUTER SCIENCES CORPORATION
62QBXGPJ34PQ72Z12S66,AMGEN INC.
63540012A8DVPUL6GI96,Letterkenny Credit Union Ltd
6354001FBQ72VQFURM36,West Midlands Credit Union Limited
6354001G77R9OFGYST89,Credit Union Plus Limited
6354001MYZVWVMJDUV63,BlackBee Investments Limited
6354002CRGHLJFNUZQ44,DEUTSCHE ALTERNATIVE ASSET MANAGEMENT (UK) LIMITED
6354002DOOBPDMM2K338,Emyvale District Credit Union Limited
6354002EIG9CH4GSEQ16,Kanturk Credit Union Limited
6354002IGSDFAEOEHI67,Crosshaven-Carrigaline Credit Union Limited
6354002KVASF2IIRFJ36,First Tech Credit Union Limited
6354002LCR6Q1C3BKP03,North West Credit Union
6354002R7UZEHLHXWR61,Halston Street Credit Union Ltd
6354002U21KKWRPZMN55,Cavan Credit Union Ltd
6354002VIZGW25YTUB93,Leighlin Credit Union Limited
6354002WOGLFYPOC1W29,GOVERNOR COMPANY BANK IRELAND
6354002ZS8JUNGLQ6X06,AYRFIELD CREDIT UNION LIMITED
6354003IA1MEC62FLR78,MUFG CORPORATE MARKETS (IRELAND) LIMITED
6354003JYANWUQ7L1B15,Dunboyne & District Credit Union Limited
6354003LNVCBITITXF67,Lanesboro' Ballyleague Credit Union
6354003N1GI38U6TUM72,Kildare Credit Union Limited
6354003NTDEHN3AHFX03,Black Raven Credit Union Limited
6354003POY3XG2ZAQX03,Saint Raphael's Garda Credit Union Limited
63540047ZYGODPFBLY43,Abbeyfeale Credit Union Limited
6354004C6R7INCP4CN20,Bank Dhofar SAOG
6354004DSP1ZL6TWKJ10,Ballygall Credit Union Limited
6354004FVVFFSRBUUW50,Ballaghaderreen & District Credit Union
6354004HB4CUEDLMXY86,SP GROUP TREASURY PTE. LTD.
6354004OXCZ4ZL22HF45,Cathedral Credit Union Limited
6354004TT6OZBPPLBO93,Cana Credit Union
6354005CUR1HZNSYJD70,Roscommon Credit Union Ltd
6354005DZDWWWYUJYC44,ARCH INSURANCE (EU) DESIGNATED ACTIVITY COMPANY
6354005EHJWAEXPDFT12,Portarlington Credit Union Limited
6354005F3OZLCZV3TY39,FTI Finance Limited
6354005MK36KEPSLYC40,Croí Laighean Credit Union Limited
6354005QDAVSCECXHV75,"Attijariwafa Bank, Egypt (S.A.E)"
6354005QTKFQZOTBFJ44,CURRENCYFAIR LIMITED
6354005WCSORLVMZ4K59,Clontarf Credit Union Limited
63540061DPCBNMCGRY22,J&E Davy Unlimited Company
63540062ZUGJAIEEIE93,Ranelagh & District Credit Union Limited
635400686VPVEMHVWL72,SECTOR GAMMA AS
63540069ILR6MYG9XA11,Limerick & District Credit Union Limited
6354006HHFTKVILXEV31,Ballyshannon & Killybegs Credit Union Limited
6354006KNDDHIBAIZQ52,BANK OF AFRICA KENYA LIMITED
6354006M55WJJNW55183,Dubco Credit Union Limited
6354006MEE3AOHXAJR10,Synergy Credit Union Ltd
6354006MUUWYCDHNAA37,"Schafer/Cullen Capital Management, Inc."
63540074IUMPLH51H760,BIRDIE YAS INSURANCE LTD
6354007E5CCOVXQDU589,Midleton Credit Union Limited
6354007MAQH8BXN9LK23,Kilnamanagh Credit Union Limited
6354007RE1HFRNNCWO86,Westport Credit Union Limited
6354007TYS9EBSQTOO16,Castlerea and District Credit Union Limited
6354007ZW5CLO6YHGK36,CAIXA RURAL DE TURIS COOPERATIVA DE CREDITO VALENCIANA
63540084MSORAFQ34C44,Swinford and District Credit Union Limited
6354008IVHXRZ71KTO30,Sheephaven Credit Union Limited
6354009HA9QI4XKYWN88,Firhouse Credit Union Limited
6354009SUAHNWTVXBR95,First South Credit Union Limited
635400A6LAZ57BIHJ652,Ennistymon and District Credit Union Limited
635400AAAHWNVGJCCF71,SILPHIUM ASSET MANAGEMENT LIMITED
635400AAPLXTJGKCMB39,CAIXA RURAL ALTEA COOPERATIVA DE CREDIT VALENCIANA
635400ABCAC8L5SRJB67,Shercock Credit Union limited
635400AFOWJ6ZVJX8N07,Wicklow and District Credit Union Limited
635400AHZRXDIOJJOI26,ZFP Equity Trading (Dubai) Limited
635400ALLFOLGDGO7A50,St. Brigid's Credit Union Ltd
635400AODUJPLENRZ138,Global Shares Execution Services Ltd
635400AOYRRGOJUGAX32,CAJA DE CREDITO DE PETREL CAJA RURAL COOPERATIVA DE CREDITO VALENCIANA
635400AQCMGMEAGQB886,CAJA RURAL DE ALGINET S. COOP. CTO. V.
635400ASGCSIRNOLND33,Tallaght and District Credit Union Limited
635400ATHM2VDOAREC21,Manorhamilton and District Credit Union Limited
635400AUAC2PGRYJWG43,Cahir Credit Union Limited
635400AVSQPQ83KA1N36,Link Credit Union Limited
635400AXVQO6QM8HAF95,Dunleer Parish Credit Union Ltd.
635400B3DOXSWFOWJT40,Smurfit Kappa Treasury Unlimited Company
635400B4JMEKVIH72416,AVA Trade EU Limited
635400BAQIPLDOGIOK36,Foyle Credit Union Ltd
635400BE9SBAG61DJ963,GRAFTON GROUP PUBLIC LIMITED COMPANY
635400BJJ3YZ5ZWLRY04,Virginia Credit Union Limited
635400BLP2E2CMKVVH36,Premier Credit Union Limited
635400BPCTF8TCGUXG82,中国民生银行股份有限公司香港分行
635400BRRL3HHUAJVA93,Ballymote & District Credit Union Ltd
635400BVDTBFTBZFBE54,RTE Credit Union Limited
635400C19MYRVGJEME96,Affinity Credit Union Limited
635400C7A4RL2QU79I71,Comhar Chreidmheasa Chorca Dhuibhne Teoranta
635400C9BVPF96KLQS43,Taiga Fund Management AS
635400CCQR9W3RQFRA10,Clones Credit Union Ltd
635400CDH4BEZWGN6W58,Azimut Life Designated Activity Company
635400CE9HHFB55PEY43,"CAJAMAR CAJA RURAL, SOCIEDAD COOPERATIVA DE CREDITO"
635400CGQQOPPOC1LM31,Templemore Credit Union Limited
635400CI6PTHSYKCZG34,W&W Investment Managers Designated Activity Company
635400CMG1PROFX9EY63,St. Canice's Kilkenny Credit Union Limited
635400CPU9WLS99YCR40,CREDIT MOBILIER DE MONACO
635400CS5QZEHZCF4X84,Fexco Limited
635400CU89FPCEPOC853,St. Ailbes Credit Union Limited
635400CVME1O4432GV36,Gateway Credit Union Limited
635400CVQVWBGFPCLP51,ROSCREA CREDIT UNION LTD
635400D3UKBLGJNUUO75,OASIS ASSET MANAGEMENT LTD
635400D7BIUZZGZ2P741,Mohill Credit Union Limited
635400DCPWYGNLK3JV64,Athenry Credit Union Limited
635400DOFXF5EO8FZM19,Fexco Corporate Payments Limited
635400DOTOKCYX7MYW23,Greystones and District Credit Union Limited
635400DTQASBAOH7IR77,CHARTERED ASSET MANAGEMENT PTE LTD
635400DXPUJZATROKD56,Kilmallock Credit Union Limited
635400DZBUIMTBCXGA12,The Irish Stock Exchange Public Limited Company
635400EDTERPZFLHQG46,Elevate Credit Union Limited
635400EFXYYJHJSL6F63,Bruff Credit Union Limited
635400EH3DZNJ6JAXP04,St. Paul's Garda Credit Union Limited
635400ERNQGAC6OPCR34,Monasterevan Credit Union Limited
635400ESKMK8UA8K7O87,EQUITY BANK UGANDA LIMITED
635400F6HLXKXNJJX605,EXIM BANCA ROMÂNEASCĂ S.A.
635400F7INLBPAACQO08,GUARANTY TRUST BANK (RWANDA) PLC
635400F8XIYWT69LQH32,MARSHALL WACE ASIA LIMITED
635400FCFKAH6DULNS15,Access Credit Union Limited
635400FDFUNLA8OXJK44,A.N.S.A.C. Credit Union Limited
635400FTUWGNM6CHRI73,CAIXA RURAL TORRENT COOPERATIVA DE CREDIT VALENCIANA
635400FU1MGLAGWSAD25,Sector Epsilon AS
635400FWHZ6AHKZ4HB74,Wexford Credit Union Limited
635400FXWAHS7F7CL490,Barclays Bank Ireland Plc - France Branch - Barclays Europe
635400G6ZY3QOYEH7O65,New England Asset Management Limited
635400GBIVP4TSY6S943,North Longford and Arva Credit Union Limited
635400GCCT9JTSJZFW18,Drumcondra & District Credit Union Limited
635400GCLK5ZHSHH5B80,CAJA RURAL SAN ISIDRO DE VILAFAMES S. COOP. DE CREDITO V
635400GHJF71GVNTFH50,Dundalk Credit Union Limited
635400GIJMVHO4MDQI52,SP POWERASSETS LIMITED
635400GNRY1S6JXJSV51,Squared Financial Services Limited
635400GSYWZHY8M4Z981,Donegal Town Credit Union Limited
635400GTQNBXIALUUZ36,Aviate Credit Union Limited
635400GTTBKEZSC1SQ38,Tower Credit Union Limited
635400GUDAWJRSJFLI51,Kilnamanagh & Tallaght West Credit Union Limited
635400GVIH9SGLHBGF92,Comhar Creidmheasa Cholm Cille Teoranta
635400GXMEEHFKNCGW64,Le Chéile Credit Union Limited
635400H1XBIBGBSIFL64,Marino Credit Union Limited
635400H54FDIWXQ1DX93,Thomastown Credit Union Limited
635400H7UFJFEUVATJ77,Farranree Credit Union Ltd
635400HAQGWKKUUQMQ08,Cabra Credit Union Limited
635400HAZINIQWXBII49,IQ EQ FUND MANAGEMENT (IRELAND) LIMITED
635400HDM4QHBCYBHW56,Greenhills and District Credit Union Limited
635400HFAXNO6IBLKM87,Progressive Credit Union Limited
635400HJINQYXKDTZX81,M.P.C.C. Credit Union Limited
635400HLF68VROC6H145,SECTOR THETA AS
635400HMV7WVBEIZLS44,Ballincollig Credit Union Limited
635400HPDCEVUD6ZMI71,Aughrim Street Credit Union Limited
635400HPDQGIIPHGC409,Quaero Capital S.A.
635400HRFJTBXAJIVF37,Derg Credit Union Limited
635400HUV6OPU6ZNCL61,NEMESIS ASSET MANAGEMENT LLP
635400HVLNUVYLIFFE69,Fexco Merchant Services Limited
635400I3HXFDZVEKYO61,Bishopstown Credit Union Limited
635400I5HZHMT1QHNF06,RESEARCH VISION LIMITED
635400I6AHCZFGJT8Z16,DONORE CREDIT UNION LIMITED
635400I8CA5WYNXGTC57,Youghal Credit Union Limited
635400IAV22ZOU1NFS89,Susquehanna International Securities Limited
635400IC96YWR8FJ7A34,Termonfeckin Credit Union Limited
635400IFPTXRPJVEVJ24,Comgest Asset Management International Limited
635400IFVLXJVEEY4397,Campbell O'Connor & Company Unlimited Company
635400IH2HVHKAAHOY15,Cootehill Credit Union Ltd
635400IHRQRV4FJKIH56,Nenagh Credit Union Ltd
635400IL71G3SXS7OE16,Goodbody Stockbrokers Unlimited Company
635400IOI5DMZIY9IS92,Shannon Credit Union Limited
635400IPSUQZJIN67K89,Housing Finance Bank Limited
635400ISXWTNBSPNGQ21,Slane Credit Union Limited
635400ITDXTWDU5SYQ05,Mitchelstown Credit Union Limited
635400IV8KDZUPLGWM18,The Investment Bank of Ireland Limited
635400IVTJQIPGHRED03,Gort Credit Union Limited
635400IW1QMK3FNFF894,MERIDIAN BANK
635400J15IRJJXMI6M28,CAIXA RURAL SANT JOSEP DE VILAVELLA S COOP DE CREDIT V
635400J73BDO4TTGXD45,EQUATE Petrochemical Company K.S.C.C.
635400JATNLMLYYONG67,Kilrush Credit Union Limited
635400JDB6Q1FZESBT78,Castlecomer Credit Union Ltimited
635400JG8GZZSHCDLD80,Tycho Arete Macro Fund
635400JGUDBXA9SJAT89,"CAJA RURAL LA JUNQUERA DE CHILCHES, S. COOP DE CREDITO V"
635400JJZDUA8I1DLJ46,Birr Credit Union Limited
635400JLFWHDCRUVXG24,Ardee Credit Union Limited
635400JLGKETPVVGPW53,De Lage Landen International B.V.
635400JLPGXLBL3ZOQ96,NOFRIXION LIMITED
635400JUXY4CDECWNR76,SumUp Limited
635400JW2KG3ELU7OG45,Leixlip and District Credit Union Limited
635400JXANNPXCZMXK72,Carrickmacross Credit Union Limited
635400JZ2XYLRLMXHJ78,New Ross Credit Union Limited
635400K21ESWLVJPN328,Macroom Credit Union Limited
635400KH2616LTAWP147,Listowel Credit Union Limited
635400KJQLJZEBCVFY68,Tullow Credit Union Limited
635400KO4E6T891V3D37,PRICEWATERHOUSECOOPERS SERVICES UNLIMITED COMPANY
635400KQGPB2OWR2YQ51,Blanchardstown and District Credit Union Limited
635400KRJDUIVM7B1Y58,Cairde Credit Union Limited
635400KRLYJKHFUZBG86,Connemara Credit Union Ltd
635400KUZUGKEXDQX765,Palmerstown Credit Union
635400LATQHBDJVK2O07,"CAJA RURAL SAN ROQUE DE ALMENARA, S.COOP. DE CREDITO V"
635400LC3OXA26SPOM33,Savvi Credit Union Limited
635400LECFQOFWLODP55,Blessington & District Credit Union Ltd
635400LFDWJ58VFTGB88,Brandes Investment Partners (Europe) Limited
635400LFEEDI34QCR658,Drogheda Credit Union Limited
635400LGFTISIKNOZK81,Enniscorthy Credit Union Limited
635400LI4QMLUFFT9Y68,Investec Europe Limited
635400LMPOKSGOMJTD08,South Dublin Credit Union Limited
635400LNIRFZBI6EKB11,St. Michael's Credit Union Limited
635400LSFAEFKDSBOC05,VIDA BANK LIMITED
635400LVMDVFOXAQL493,Blarney Credit Union Limited
635400LWGWFFKITHYD44,Bank of Ireland Mortgage Bank Unlimited Company
635400M7OWD3YT3T9P27,FIRST CHOICE CREDIT UNION LIMITED
635400MAMSZNLASIXI36,Merrion Stockbrokers Limited
635400MBNDARMWEBWE14,ABK Cayman Island Limited
635400MESBD5DVZSZV76,Desmond Credit Union Ltd
635400MHAYBU7VBM7J98,Journi Credit Union Limited
635400MHT4V7DVELR516,Culross Global Management Limited
635400MMGYK7HLRQGV31,XNT Ltd.
635400MN8YOCG5NK6F72,Brewin Dolphin Wealth Management Limited
635400MNU8KC9OESWQ54,Finglas Credit Union Limited
635400N5XVNTLTWTUK34,Cantor Fitzgerald Ireland Limited
635400NAZ949N7TQY381,LGB Bank SAL
635400NBMEM4UME2TO15,Bank of Sharjah P.J.S.C.
635400NCZM7LS2KVDJ14,COIS SIONNA DESMOND CREDIT UNION LIMITED
635400NEDOJDEJEQZQ77,PUSH VIRTUAL ASSETS IRELAND LIMITED
635400NEZTIT83WHGM88,People First Credit Union Limited
635400NSXMZBBZMLCA62,Cobh Credit Union Limited
635400NTOIANCQXSKU76,Arainn Credit Union Limited
635400NY7IQMBTTK4D30,"CAIXA RURAL SANT VICENT FERRER DE LA VALL D'UIXO, S. COOP. DE CREDIT V."
635400NYLD2ECXZPII28,SECTOR FUND SERVICES AS
635400NYPJO59OBC7K29,Ballinlough Credit Union Limited
635400O7K35EWHJCRY04,Capital Credit Union Limited
635400OAUSKT6BT5UZ19,Central Bank of Ireland
635400OEZSUYJPNWD722,Comhar Linn INTO Credit Union Limited
635400OGOAPLLMZW4708,Trinity Credit Union Limited
635400OH6FJJKKN4CE94,St. Declans Ashbourne Credit Union
635400OHJASECLBARU85,Ballina Credit Union Limited
635400OO8JGPGTDFZJ81,Public Service Credit Union Limited
635400OOSCBJ1YFAHJ12,Claddagh Credit Union Limited
635400OQCKNEH1Z2IK79,Bantry Credit Union Limited
635400OULIUAN5CKNK52,St. Colmcille's (Kells) Credit Union Limited
635400OUXAEZKN3TXL77,St. Patrick's (Cork) Credit Union Limited
635400OVO5JWIPZBCD12,Comhar Creidmheasa Ghaoth Dobhair Teoranta
635400OVO6HWLUD2YY08,CAJA RURAL DE CHESTE SOCIEDAD COOPERATIVA DE CREDITO VALENCIANA
635400OVUMFYZGQ43469,FINECO ASSET MANAGEMENT DESIGNATED ACTIVITY COMPANY
635400OXF9OKA1LAQ438,Inishowen Credit Union Limited
635400OYXBRZULQROU92,Ballyconnell Credit Union Limited
635400P9LAFWKF6DFH81,St. Colman's (Claremorris) Credit Union Ltd
635400PC7SEKOOGFDD19,Erris Credit Union Limited
635400PG53OKXYYLRB68,"CAJA RURAL SAN JAIME DE ALQUERIAS NIÑO PERDIDO, S. COOP. DE CRÉDITO V"
635400PJVWAILALN1E67,Citco Fund Services (Ireland) Limited
635400PPC9MZAXVN4L20,Monasterboice Credit Union Limited
635400Q3SPCPIHXXGR35,CAIXA RURAL DE CALLOSA D'EN SARRIA COOPERATIVA DE CREDITO VALENCIANA
635400Q71W5EHB2CGL58,Tipperary Credit Union Limited
635400QGF8OPQYTFHQ65,North Midlands Credit Union Limited
635400QGFU4C7PLXEK08,Kilcock-Kilcloon and District Credit Union Limited
635400QJJRJWUHGRIV75,Teachers' Union of Ireland Credit Union Limited
635400QM3B3Y6LTIDE60,Clanmaurice Credit Union Ltd.
635400QRDROC5REDLP11,CAJA RURAL SAN JOSE DE BURRIANA S.COOP. DE CREDITO V.
635400QTEROA54FXAI95,Rathmore and District Credit Union Limited
635400QVECIE7CDU3U93,Lisduggan District Credit Union Limited
635400QVRIZMOSW4ZB83,Sarsfield Credit Union Limited
635400QWZKKFIRUJ1H84,The Lough Credit Union Ltd
635400QXP44PVCL1QZ57,Mediolanum International Funds Limited
635400R3UFDCCELUUB56,Lucan District Credit Union Limited
635400RBHKSLAKXWCG46,Ervia Employees' Credit Union Limited
635400RCYB4RANPXG230,"AN POST OR, IN THE ENGLISH LANGUAGE, THE POST OFFICE"
635400RFMJ6VY7ILFP84,Alsback Forvaltning AB
635400RKRK5EGXSPC782,Experian Finance plc
635400RPDMTRVACZ4P03,Sundrive Credit Union Ltd.
635400RPS2DGYDVFIH52,Athlone and Castlerea Credit Union Limited
635400RRQI1XZUUCHG67,Xapo (Gibraltar) Limited
635400SAFML7Q2XJ7E32,MPB Bank Ltd
635400SAHDSQUVTCFU95,Monaghan Credit Union Ltd.
635400SCKGXY6HLJJA02,Heritage Credit Union Limited
635400SEUMOXX34IAM20,Rathangan & District Credit Union Ltd
635400SPRSJ5LC5H3Q54,Community Credit Union Limited
635400SR7XRQGZQKHH71,Kiltimagh District Credit Union Limited
635400SRMCBHVMSKJS84,Glanbia plc
635400SZBXBO1H9WC735,Altura Credit Union Limited
635400T42EDIMUFQ2V55,Lifford Credit Union Limited
635400T6AXCIH7EOTO46,CAJA RURAL SAN JOSE DE NULES S COOP. DE CREDITO V.
635400T6YLECKJFCKS26,Killarney Credit Union Limited
635400TBDX7LGCAHV277,Swilly Mulroy Credit Union Limited
635400TBJ4KMTHOOKD55,Core Credit Union Limited
635400TBWEMSO5VXCS43,Rathkeale & District Credit Union
635400TCZZL37BMASL83,Enfield Credit Union Limited
635400TDFKL4ZSPVXC31,"Caravela - Companhia de Seguros, S.A."
635400TFG2CHXYC2IC30,B & S Credit Union Limited
635400TJZ4L1CJ7HWB49,SODEXO FINANCE DESIGNATED ACTIVITY COMPANY
635400TPIDKWYVZIAP29,East Wall Credit Union Limited
635400TRVZ6SNGKH7T82,Goresbridge Credit Union Limited
635400TVFCZ8KWG6YZ06,CAJA RURAL DE VILLAR COOP DE CREDITO V
635400UA3SKRYX7TQG97,Life Credit Union Limited
635400UC2FUA5IBHKO69,Castleblayney Credit Union Limited
635400UJSBGYZKC2AK86,Prison Service Credit Union Limited
635400UKETBFEDTH6Y93,Tara and District Credit Union Limited
635400UMPJGL1BAXRX87,BANK ONE LIMITED
635400UQUKU8YPEPO680,Carlow District Credit Union Limited
635400URTRGYKGDLVG98,Malahide and District Credit Union Limited
635400V2CSU8KRT6ME43,Piltown Credit Union Limited
635400V2FERV2ICEJM38,BALLYBAY CREDIT UNION LTD
635400V5TGRESGMWZD36,4 SQ INTERNATIONAL SCC LTD
635400V762A6XTFQPB27,Clonakilty & Dunmanway Credit Union Limited
635400VAUDTBIYZRDT13,Larkhill & District Credit Union Limited
635400VFFGFWNTNFO205,B.H.K. Credit Union Limited
635400VGTDR4UUAZR709,Gurranabraher Credit Union Ltd
635400VIYABUSTRYT791,"Banco Primus, S.A."
635400VK7YHOMGMTTJ40,Celbridge District Credit Union Limited
635400VNWPJJBTDMUK86,Connect Credit Union Limited
635400VPUI9VZYXXW432,Kilcormac Credit Union Limited
635400VUQVH3KFHTIA37,Arklow Credit Union Limited
635400VVIBTGW39XQ438,Arch Reinsurance Europe Underwriting Designated Activity Company
635400VW8GWUK3WHPB45,DJE Kapital AG
635400VXFTRHO7HFNB39,Mulcair Credit Union Limited
635400W3NWVL6NO2TX29,Blackrock Credit Union Limited
635400W7OL9OEEVQMM96,Interpay UK Limited
635400W8SDZXWH4ZVW97,Cooley Credit Union Limited
635400WBGEC251N5RI42,Tullamore Credit Union Limited
635400WBIYW3BEGUEI86,Unity Credit Union Limited
635400WGZWJDYTZPYC32,Mallow Credit Union Limited
635400WJQWHRUTXOXL76,Interpay Limited
635400WLOJBRM4BEWO02,Lismore and Cappoquin Credit Union Limited
635400WNJNT9E5EU5F48,Quality Capital Management Limited
635400WVHNXCLHQIBS71,An Post Employees' Credit Union Limited
635400WVL2ISLNNA3J71,KERRY GROUP SERVICES LIMITED
635400WYRIPOIT4BC373,Glanmire & District Credit Union Limited
635400X5CJY2E8PQSS63,Cleariestown Credit Union Limited
635400X94UTPIPOBSD36,Our Lady Crowned Credit Union Limited
635400XDZOK6UE23TT63,ING EUROPEAN FINANCIAL SERVICES PUBLIC LIMITED COMPANY
635400XE9USVPDTCZO84,Tramore Credit Union Limited
635400XGWYNNZBOEUA21,The Rosses Credit Union Limited
635400XMIMUCWVKSX570,BBPM Life DESIGNATED ACTIVITY COMPANY
635400XMOV4PZNTHJW84,St. Francis' Credit Union Limited
635400XRREGNPFSLW398,Investment & Capital Bank (I&C) SAL
635400XTDJWADGIGKZ68,I&M BANK (UGANDA) LIMITED
635400XTIHLWJUE4IA05,Carrick on Suir Credit Union Ltd
635400XTNZLWNIHITY79,Clonmel Credit Union Limited
635400Y5TRYHVELUWZ86,St. Agnes Credit Union Limited
635400YBGSGSIUPUU905,Boyle Credit Union Limited
635400YJUKQYKQK54B50,Newmarket Credit Union Limited
635400YO7OST368OF238,East Coast Credit Union Limited
635400YWCCWGO9ZIFY36,Ecoinvest Consulting Ltd
635400YZLBPZJP3BSF98,Granard Credit Union Ltd
635400Z4EATCOFXPDY63,Borrisokane Credit Union Ltd
635400ZCIV91Y4IYC144,Cara Credit Union Limited
635400ZE5LLZYGDUHJ28,Mayorstone District Credit Union Ltd
635400ZGKF7PMGQXUK54,Phibsboro and District Credit Union Ltd
635400ZGMATWUBSG9E16,Health Services Staffs Credit Union Limited
635400ZK97VWMOTG2N87,INCENTIVE AS
635400ZKWXOJYYIVM751,Member First Credit Union Limited
635400ZM3UKJSIE8LG86,Naomh Breandain Credit Union Limited
635400ZM7HW3CXPHA583,St. James's Place International Public Limited Company
635400ZQ6IYF2LFZOY37,Education Credit Union Limited
635400ZRZLPOZNB1XB17,Rowlagh Credit Union
635400ZVGS11GFDSOU76,HOTTINGER & CO. LIMITED
635400ZZ2UZDSHVRAU02,St. Dominic Credit Union Limited
6367003QI2VR7O241E20,NEONOMICS AS
6367004XPYLNNNNXZL49,Bankomat AB
63670068KFN19CMA8549,Mellifera Kartiera Limited
636700DUYYYP1095T552,Narvi Payments Oy Ab
636700GN51HSHHW6OJ58,MIZRAHI TEFAHOT BANK LIMITED
636700HU9OI570TUSG69,INPAY A/S
636700PQQC47V4PX3M75,Nordic Payments Council
636700Z25ZQXLMZ3CY73,Kalmar Oyj
64881L9L9PQ2HJ9C1660,SUMUP PAYMENTS LIMITED
64881LID5BC4F183H411,VFS LT UAB
64881O39F8H2E85FHF03,SPEED ENTERPRISE LIMITED
648822RRWA15J949IG33,AMIT NALIN SECURITIES PRIVATE LIMITED
64885DGH36M1R2Z96K27,OZONE FINANCIAL TECHNOLOGY LIMITED
64885GQP01O501Q9OG07,UAB STANHOPE FINANCIAL
64888HC93744LDW9RX25,VELCROW FINANCIAL LP
64888J8TF7K52HS5U385,Tartu Hoiu-laenuühistu
6488AID1XH49S462F484,Pace FS SIA
6488F8W91TC710DQP387,Steven AB
6488GKH17O8XT1326F66,SIA GR8 PAY
6488K4TPS77590SC3U17,PANPAY UK LTD
6488M029H0IA850KMQ79,FIRE FINANCIAL SERVICES LIMITED
6488P5U97M28RV7A2M31,INSTITUTIONAL SHAREHOLDER SERVICES UK LIMITED
6488QZU26SEPP8775526,INSTITUTIONAL CASH DISTRIBUTORS LIMITED
6488UE4O17T5F8BM5004,MVM BANK LIMITED
6488WH1S8O593V86IQ45,PAYMOB TECHNOLOGY LTD
6488X316FV70OI81UY90,ONDRA LLP
6488XKPG1589BQE68886,AP OPERATIONS SIA
6488ZP32XVB91O0F0803,UAB NexPay
652F6ZLIZI2PEEZ8A412,"EMPOWER HOLDINGS, INC."
655600C1442914000094,山西银行股份有限公司
655600NJK8JHRYUWYP31,青岛海信国际营销股份有限公司
655600UX6DSW8NK5BN83,山高國際證券有限公司
66AGRETLUXS4YO5MUH35,SKIPTON BUILDING SOCIETY
67FTM1PK7URN4JC4C454,Vontobel Swiss Financial Advisers AG
680BQC8QTR6VFH4U8N23,Stichting Pensioenfonds Hoogovens
68UVVLEGYGS11M7FBH52,WILLIAM STREET COMMITMENT CORPORATION
6994001OJHXTSUW2X478,EPBF
699400KTFIHX45312S11,HR Pay Solutions
699400U6W3SV7TR4TM73,Wise Europe
6B2PBRV1FCJDMR45RZ53,KBC BANK
6BS8JLEICI3VGJ264L55,MARSHALL WACE LLP
6EWKU0FGVX5QQJHFGT48,BNP PARIBAS FINANCIAL MARKETS
6FYBQSG3XP4VJEZXK273,Macquarie Financial Limited
6GG1425B5X0SPG36P168,SECURITY BENEFIT LIFE INSURANCE COMPANY
6J362NQ5BHY6GDZGQ456,Arrowgrass Master Fund Ltd
6JVDRRM1LMN4T6ODOP63,"MARSICO CAPITAL MANAGEMENT, LLC"
6K7JD115YPWDUBM4QK96,GOLDMAN SACHS MANAGEMENT (IRELAND) LIMITED
6N8SC06AK49F0N7KIX52,MORGAN STANLEY INVESTMENT MANAGEMENT INC.
6NYZXKE9GUP7XNI56S88,MORGAN STANLEY AUSTRALIA SECURITIES LIMITED
6PJDTY319315T5LR2241,"SMBC NIKKO SECURITIES AMERICA, INC."
6PTKHDJ8HDUF78PFWH30,The Northern Trust Company
6QEUCPL8JVEAIZ67O164,CORONA GAS MANAGEMENT LIMITED
6RPK2YDJN6L35AS0M510,주식회사 하나은행
6RW0L752VAVTPZF36F02,HEWLETT-PACKARD INTERNATIONAL BANK DESIGNATED ACTIVITY COMPANY
6S552MUG6KGJVEBSEC55,"MOTOROLA SOLUTIONS, INC."
6THEVG93PYJH84S4D167,HYDRO-QUÉBEC
6TIN7S7AEVZ717N6GQ95,بنك الفجيرة الوطني
6TJCK1B7E7UTXP528Y04,Citigroup Global Markets Europe AG
6UHRKD73G36IZYN3FC43,Customers Bank
6UYOOZUIKHTN7U75ZV92,"BAIN CAPITAL PUBLIC EQUITY, LP"
6Y69KXPE1SI1ZTYB3823,NOMURA BANK (LUXEMBOURG) S.A.
6YJ6OTG0PYO45FO7Q425,Eesti Pank
6YVO3H2OUHJXER5SGR23,"Columbia Management Investment Advisers, LLC"
6YZN2LELRE8NOKM7UQ94,Blackstone Alternative Credit Advisors LP
70DNWEAINTGFO4DMV441,CANADA PENSION PLAN INVESTMENT BOARD
70UN1RCXO6LO7KWNC831,ING BANK (AUSTRALIA) LIMITED
7245000M6QKU477OAI59,Stichting Beleggingsonderneming IQ EQ-Giro
7245000P3761SP1BV538,KEB Hana Bank
7245000Q4DDLWDSE0Q38,Florint B.V.
7245000R5QUIJPTI7118,"Oolders, Heijning & Voogelaar B.V."
7245000TUBHTVZZA7N47,"Rouws en Ceulen, Bureau voor Vermogensbeheer"
7245000UZH70GO047N03,ARCADIS N.V.
72450010JCLKN75E3B83,Industrial and Commercial Bank of China (Europe) S.A.
724500150EYZNR0TNE93,Velthuijse & Mulder Vermogensbeheer B.V.
7245001XD1ERULCSCL12,323 Trading B.V.
72450020LBV5FJDMJM58,Franx B.V.
72450029BZOWBEPZZW30,Philipse & Co B.V.
7245002O69AI0J9FD936,Interfood Global B.V.
7245002ZUXNOEJ0QPZ44,bunq B.V.
72450036G2PK1CR7M516,Onafhankelijk Vermogensbeheer 's-Gravenhage B.V.
7245003KABYX7ZTSTW42,Captin B.V.
7245003MA13WNO4FG217,Riwal Finance B.V.
7245003N6YDAVXGJF191,Norinchukin Bank Europe N.V.
7245003TLNC4R9XFDX32,ICE CLEAR NETHERLANDS B.V.
72450043S4QURVG1FJ81,InsingerGilissen Asset Management N.V.
7245004LHSBFHEW9M345,Volker Wessels Stevin Financial Services B.V.
7245004NA3QB11PQWQ89,Laaken Asset Management N.V.
7245004T3GVMWC5LP916,AFS Interest B.V.
7245005ERMLWMQ47SH30,Stichting BPL Pensioen
7245005HQXFZ8AEMQ423,RV Capital B.V.
7245005WLU8LU5LUXF69,OLX Global B.V.
724500604XSTP9D0NU75,Anthos Fund & Asset Management B.V.
72450060655OYN8U8610,Blue Sky Group B.V.
72450061PRWF1SP2Z104,Stroeve & Lemberger Vermogensbeheer N.V.
7245006GIS8M96NOVI66,Cross Options International XI B.V.
7245006LMEO1Z6UNA903,Raiffeisen Switzerland B.V.
7245006UF5YIP0VDOR69,DMA Europe B.V.
7245006ZUJ6RW45NB932,Van Lieshout & Partners N.V.
72450077K2IJS067MF63,Leopark Options B.V.
7245007AFNR4LGNO9Z88,Stichting Pensioenfonds Haskoning Nederland
7245007EFZS7O160R857,ORA Traders B.V.
7245007GYFOINHEFR098,Van Oord Finance B.V.
7245007R5SG7NIQU4810,Accent Aigu B.V.
7245007XP5HEJP4VT767,Centercross B.V.
724500802IB1MHVBB564,N.V. Settlement Bank of the Netherlands
72450086MO5T4EMZDH17,PVH Europe B.V.
7245008F10KM2UTPVD13,Buckaroo B.V.
7245008G22FOV7TYYJ34,TKH Group N.V.
7245008GWLPQCA1S1726,FINOM Payments B.V.
7245008JIW5C41HOYW12,Argenta Spaarbank NV
7245008UIDKQX76WIG94,Action Holding B.V.
724500937F740MHCX307,Cboe Clear Europe N.V.
724500973ODKK3IFQ447,Adyen N.V.
72450097ZHDI6WRF4669,Bank Ten Cate & Cie. N.V.
7245009EAAUUQJ0U4T57,Randstad N.V.
7245009IC6EL3JEKMA24,Heineken International B.V.
7245009JFTXEFU5GUD82,Nxchange B.V.
7245009KRYSAYB2QCC29,Optiver V.O.F.
7245009Q7DZLB3HX6E68,SHV Holdings N.V.
7245009UXRIGIRYOBR48,BNP Paribas Issuance B.V.
7245009VSZ0ZSVDGP754,CURRENCYCLOUD B.V.
7245009ZP4X4SZC79G88,Booking.com B.V.
724500A11NIP5HCVF984,Dexia Nederland B.V.
724500A1FNICHSDF2I11,ASN Bank N.V.
724500AAT1DK36059L16,Commonwealth Bank of Australia (Europe) N.V.
724500AH42V5X8BCPE49,Achmea Bank N.V.
724500BICUQ0LF1AH770,Nationale-Nederlanden Bank N.V.
724500BPEU3T7K9SVR41,GroeiVermogen N.V.
724500BQCNIJ21TMGR57,ASR Vermogensbeheer N.V.
724500BZJ5I7ABV10H62,Global Exchange Trading Services (GETS) B.V.
724500C17UZL2NC2DE67,Triodos Investment Management B.V.
724500C2X9H7UPD8IK74,Financial Transaction Services B.V.
724500C60L930FVHS484,Ayvens Bank N.V.
724500C9GNBV20UYRX36,Koninklijke Ahold Delhaize N.V.
724500COSXUVV1FY0670,ASICS Europe B.V.
724500CPLDJNWB9HNF31,FCC Securities B.V.
724500CR19MQGFWFBZ64,ICL Finance B.V.
724500D4BFEWKWVC1G62,TRADEWEB EU B.V.
724500D8WOYCL1BUCB80,VAN LANSCHOT KEMPEN N.V.
724500DSIDGBUXJ78Z60,Fugro Financial Resources B.V.
724500DX7Q1A19SPY530,Schiphol Nederland B.V.
724500EAW1MTCM9M1X68,ClearBank Europe N.V.
724500EMOWX3Q40XRJ04,Verder International B.V.
724500EQTOU1N68JMZ57,Stichting Algemeen Pensioenfonds KLM
724500FH0D6K3YH7TS78,Airwallex (Netherlands) B.V.
724500FML1NNCXXOEC03,Bejo Treasury B.V.
724500FQ3KWYYJPQQ828,IMC Asset Management B.V.
724500FX4Y0701D41157,Frontier Clearing Corporation B.V.
724500G4BY32WOSPXL55,Stichting Pensioenfonds KLM-Cabinepersoneel
724500GF7R7HN4J1ZZ03,Boels Verhuur B.V.
724500GFKQL721A58K40,Inter IKEA Treasury B.V.
724500GIF6VO6KN5Z257,Stichting Pensioenfonds Achmea
724500GVTJJK4ZK9MF53,IBS Asset Management B.V.
724500GY4BYLAXLTAN38,International Card Services B.V.
724500GYM7W0NYDLZX11,Optimix Vermogensbeheer N.V.
724500H1P1HA8IIMXG57,Accent Tonique B.V.
724500H2HPSXUAS7BH79,Mileway B.V.
724500H652ANC5GH7617,Quantrust Vermogensbeheer B.V.
724500I3HDNTSN8KR126,IB Krediet B.V.
724500IGHWT151LMQ276,Agrifirm Group B.V.
724500II9NDS8SR6SU27,Customs BidCo B.V.
724500IMTXI6W1CZMX93,Yabandpay B.V.
724500ITXOHVHR098233,Vitesse PSP B.V.
724500J8YXYEHP7PEQ12,All Options International B.V.
724500JPBK9CIJ5R6M72,Flora Food Treasury B.V.
724500JR49MH2HDNFS08,Stichting Pensioenfonds voor Fysiotherapeuten
724500JSY5LM1CGP1114,Havenbedrijf Rotterdam N.V.
724500JXAEKQO6C0S478,Vladeracken B.V.
724500K685CXX9W64N40,Hoogwegt Group B.V.
724500KRDP4T5G8W5641,Takeaway.com Central Core B.V.
724500KRJEMC79KAAU28,CONSTELLIUM SE
724500L6COLH8HRH0491,AlpInvest Partners B.V.
724500L6H2FUV5RUF360,Darling Ingredients International Holding B.V.
724500L7T6JR7V9S1O28,Nationale-Nederlanden Levensverzekering Maatschappij N.V.
724500LGY9DFI3QOGR89,Mint Tower Capital Management B.V.
724500LHRPMMT817SG55,Intersolve Payments B.V.
724500LW8RN89XNAC840,IMC B.V.
724500M1ZIQZJC3F2D30,Brand New Day Bank N.V.
724500M76LX58E3PW491,Cardano Risk Management B.V.
724500MD983J6IL9AF50,CURO Payments B.V.
724500MHZV32LZ42AS90,Cebulon V.O.F.
724500MO0A9O7XWZFW77,Index People B.V.
724500MQU74J6YMJI362,Bouwfonds Investment Management B.V.
724500MYCVX2USUTT915,Reyersen van Buuren Vastgoedbeleggingen B.V.
724500N0A1UP8GZJ4R76,XTransfer B.V.
724500N11LY720059605,ACT Commodities Group B.V.
724500N6PJD0IYEMS804,Stichting Pensioenfonds Vliegend Personeel KLM
724500NG2MXZWU3NUN36,Wolkers & Co B.V.
724500NO3WYTI74Y7G12,ADM Investor Services B.V.
724500NVYAUGU2PZO463,UGI International Holdings B.V.
724500OHYNDT9OY6Q215,NN Group N.V.
724500OILL4YC0FBRI77,Fimagro B.V.
724500OVAUPPJDTA1817,Forza Vermogensbeheer B.V.
724500OVRHQO9VY0AM28,B & S International B.V.
724500P0J5GAVK80H143,Utr8 B.V.
724500P58VMJCR42MH66,Airwallex Netherlands Stichting
724500PDVE3Q0TG1DR82,Rootline B.V.
724500PFMCMWDUKJKD35,Orangina Schweppes Holding B.V.
724500PIOVWPGRWCLC89,Auréus Group B.V.
724500PMK2A2M1SQQ228,Triodos Bank N.V.
724500PO9025H5KJ5353,Kaldenbach Derivatives Trading B.V.
724500Q03K04L0479N30,MUFG Bank (Europe) N.V.
724500Q1WOMQ3ZYWAC30,Anthos Private Wealth Management B.V.
724500Q28MA9H8CE6506,Pon Holdings B.V.
724500Q9U3RK6XHTKZ23,Samskip Holding B.V.
724500QCPKRLL1ZM6Y16,AFS Execution Services B.V.
724500R90K2IZI5PKS82,Effectenkantoor Nieuwe Uitleg B.V.
724500RICHZNOED3K275,Univest Company B.V.
724500RKMOD48AIWKD94,COFCO International Netherlands B.V.
724500RQ1UO1X6FAQ936,hyperworkx B.V.
724500RQE99P791ITJ49,Keijser Capital N.V.
724500RXWPFZ7TDRJV80,Caerus II B.V.
724500RZ0FIKHOW1I376,Providence Capital N.V.
724500SEAWTN14VP1E43,Paerel Investment B.V.
724500T1EJNA00VJUI72,Bustelberg B.V.
724500TG7366QUILKU74,Wijs & Van Oostveen B.V.
724500TGV8BEK26SC648,Vanderlande Industries B.V.
724500TNHNOIK0H4K493,Epson Europe B.V.
724500TNP3F2V8YEK997,Stichting DeGiro
724500U5UC8JDZOJZS93,DIF Management B.V.
724500ULVPQTXLOC7031,BUX B.V.
724500UQURR0AKDL6874,TRUSTUS Capital Management B.V.
724500USP9HS1X77OV03,Wilshire Associates Europe B.V.
724500V4QZAOY63SY989,SAIPEM FINANCE INTERNATIONAL B.V.
724500V991UETYOBEM36,IQ EQ Netherlands N.V.
724500VCZXI05DIMWT36,Ebury Partners Belgium NV
724500VH9JWY29MXNL28,Radix Trading Europe B.V.
724500VM8HP5Q7HXS489,Accent Grave B.V.
724500VR7OURFA1R7694,WEBB Traders B.V.
724500W1FESNTNY5DL70,Koninklijke Boskalis B.V.
724500WKT8KJQAQJ6883,"CACEIS Bank, Netherlands Branch"
724500WSMFPCTJ489144,CGG Holding B.V.
724500WUAUAM33EGHX20,B.A. Van Doorn & Comp. B.V.
724500X1AMCX5YU3KG19,MMX Trading B.V.
724500X58KZ950KI4R83,Wealth Management Partners N.V.
724500XFMNHF1GFPYJ05,BDR Thermea Group B.V.
724500XHTFKRX9P8G332,Agrigento Bassa B.V.
724500XSLWLXV7YQTM89,Velcro Holdings B.V.
724500XUO2SSV1GFV766,Stichting Bewaar ANWB
724500YFWTL1XDX28839,Global Collect Services B.V.
724500YSOB5DV93M6T52,Delen Private Bank
724500YTX49R7U99S350,Theta Capital Management B.V.
724500ZDWE2TGAUMQJ15,Criterion Arbitrage and Trading B.V.
724500ZKAF9S0XGM8K93,Perfetti Van Melle Holding B.V.
724500ZKCJ34UP47MW77,Stichting Pensioenfonds Alliance
724500ZL4PEM4Q5XCL78,Achmea Investment Management B.V.
724500ZM62VN7JH6K383,Intesa Sanpaolo S.p.A.
724500ZNT2I60RYZQI38,Anadolubank Nederland N.V.
724500ZSA7ZOZHUXBS53,Mizuho Bank Europe N.V.
724500ZV3SM1HG7NAJ06,Van Ameyde International B.V.
7260JQNI6SCF9FIV2392,TWDC ENTERPRISES 18 CORP.
7437000I5X6LNQOW6U59,Säästöpankkien Keskuspankki Suomi Oyj
7437001I5RCFBLS7YS44,Seligson & Co Rahastoyhtiö Oyj
74370020ZOTVC5EOAA37,Euroclear Finland Oy
7437002849CUIJZR0H57,UB Omaisuudenhoito Oy
7437002N0BQXM1JQUP81,Työllisyysrahasto
7437002ONTEZT59NA993,Alexandria Group Oyj
7437002T0ITGC543II13,Sp-Rahastoyhtiö Oy
74370031Y7RK5H88CQ48,Kemira Oyj
74370036N6V3ZSUV2G35,Estlander & Partners Ab
7437003B5WFBOIEFY714,OP Osuuskunta
7437003G88EHT2TMK409,Danske Kiinnitysluottopankki Oyj
7437003OW5SVDUKJKQ34,LähiTapiola Varainhoito Oy
7437003RYLZUWKEMYC43,Aalto Pankkiiriliike Oy
7437005EB3AAIY300356,Helsinki Capital Partners Oy
7437006HU8M4YJP3WK67,Afalon Investment Management Oy
7437006WYM821IJ3MN73,Ålandsbanken Abp
7437007ALEZNCJGTGA67,Suomen Pankki
7437007JYG8UE75WH767,Normet Oy
7437007NLGC1LF8UAF34,Lamy Oy
74370083CQBNQ6Y15227,Crosskey Banking Solutions Ab Ltd
743700BL56SR11YN3J90,IndexHelsinki Osakeyhtiö
743700BQ9B9Y7QQ9M565,Fourton Oy
743700C98OUASIWZL610,Trumo Finance Oy
743700CIR72J2LJZO637,Ramirent Oy
743700CTALP9F3ZBBB71,Mandatum Asset Management Oy
743700DJEQ2703U2S206,Atine Group Oy
743700DKRD8A1ZXOZ843,Nomentia Oy
743700ESAMI6Y3HTH335,VISIO Varainhoito Oy
743700F57EZ90VBZ4725,Säästöpankki Kalanti-Pyhäranta
743700FT29J4P1V9OG53,Metsä Group Treasury Oy
743700FT7RR16QEJGB82,Lago Kapital Oy
743700FTBNXAUN57RH30,S-Pankki Oyj
743700G7A9J1PHM3X223,Wärtsilä Oyj Abp
743700GC62JLHFBUND16,Aktia Bank Abp
743700GL1SILVNP2WO05,Nasdaq Nordic Oy
743700GSPJMVLETJGU04,UB Rahastoyhtiö Oy
743700H6XVBKKRJLTE87,Belgrano Inversiones Oy
743700I7JWCTWVVCNZ30,Umo Capital Oy
743700ILU1PL86IW3429,Alma Media Oyj
743700J7OZLVAKNR3X30,Umo Invest Oy
743700J7PVLJYMHEIU11,B10 Varainhoito Oy
743700K6T9C5SQQZQE10,Titanium Rahastoyhtiö Oy
743700LE1ECAPXC5UT18,Oma Säästöpankki Oyj
743700LSJBDD7TMLAD92,Taaleri Oyj
743700M09LGKJ67YJD28,Varainhallinta Tresor Oy
743700MFSFC8J382JO24,S-Pankki Rahastoyhtiö Oy
743700N0C638JU69E472,Lammin Säästöpankki
743700NDOKFSKZEMDX22,Pareto Securities Ab
743700OKKV0A8JVAK593,WIP Asset Management Oy
743700OL7LL80NGRLJ53,Finlandia Group Oyj
743700P5K21EQSEHZK26,Suomen Asuntohypopankki Oy
743700P6ASTV3PQH0M13,Ivy Pay Oy
743700QR9PKVFT2G9F37,Forea Capital Oy
743700RFAN8QA5JFA150,Bonum Pankki Oyj
743700T1H62C3DYTJ138,Virala Oy Ab
743700UDHXI5ARTSLV41,FA Solutions Oy
743700UF3RL386WIDA22,Sampo Oyj
743700ULKFAAEA2N3D13,Basware Oy
743700V1V93Q6IDWF870,Titanium Varainhoito Oy
743700V4PNGB51ZQOR76,CapMan Wealth Oy
743700V68U1BNBFM7Z73,Pensionsförsäkringsaktiebolaget Veritas
743700V8NFLW66YKYD58,eQ Varainhoito Oy
743700VK1NB8HRGTQH74,Alisa Pankki Oyj
743700XJC24THUPK0S03,Sanoma Oyj
743700XTETEIES5OXT52,KJK Capital Oy
743700YJWZF34F2HWM07,PCM Holding Oy
743700YSEKH6JZJQ4912,Vessilä Oy Ab
743700Z1BNFYR9PRDF52,Suominen Oyj
743700ZS20QQOFZ82C93,Investdeck Oy
743700ZVUA69C6DUZR58,Front Capital Oy
745P3MMS7E8CUVXDRJ82,주식회사 한국씨티은행
7478000050A040C0D041,Zagrebačka burza d.d.
74780000G07H7WL0WI31,ЦЕНТРАЛЕН ДЕПОЗИТАР АД
74780000I0HH0UQH5U64,FIMA-VRIJEDNOSNICE društvo s ograničenom odgovornošću za pružanje investicijskih usluga i obavljanje investicijskih aktivnosti
74780000I7F89N4F3281,АКТИВА АСЕТ МЕНИДЖМЪНТ
74780000M03HFUUXFU21,"Ljubljanska borza vrednostnih papirjev, delniška družba, Ljubljana"
74780000O0HH4F9TXU31,UNIVERSAL CAPITAL BANK AD PODGORICA
74780000P03H5A4HDW27,HRVATSKA BANKA ZA OBNOVU I RAZVITAK
74780000RFDACJUWZI71,ZIRAAT BANK MONTENEGRO AD
74780000X0J87XKFIL77,Hrvatska narodna banka
747800E024LGFACHF951,AikBank akcionarsko društvo Beograd
747800G0901HMZE4RR55,ЕФ АСЕТ МЕНИДЖМЪНТ
747800G0W5Y7UOUULO40,API Bank akcionarsko društvo Beograd
747800J0QBFECJQFEM71,ALTA BANKA AD BEOGRAD
747800R0J5YBJED3N877,Financijska agencija
747800S0149RV19MR714,Централна кооперативна банка АД Скопје
747800T0X8ZIAATZDH42,"CREDOS d.o.o., investicijsko društvo"
747800U07EOV29XOZL22,Komercijalno-investiciona banka d.d. Velika Kladuša
747800V0CCQGC89GOW91,"SREDIŠNJE KLIRINŠKO DEPOZITARNO DRUŠTVO, dioničko društvo"
747800V0X3N9TEEB9Y44,BROKERSKO-DILERSKO DRUŠTVO MOMENTUM SECURITIES AD NOVI SAD
747800W0FBD1K8XN1E81,"""ADRIATIC BANK"" AD PODGORICA"
747800W0XA9OV4MSRW74,БЪЛГАРСКА ФОНДОВА БОРСА
747800Z0IC3P66HTQ142,БАКР - Агенция за кредитен рейтинг
747DLM6L5TO7LXZY5T60,SCOTIABANK (IRELAND) DESIGNATED ACTIVITY COMPANY
76DTN3VT73WXCOTLTL55,"ELQ INVESTORS, LTD"
784F5XWPLTWKTBV3E584,"THE GOLDMAN SACHS GROUP, INC."
7872002MBZ79ABKIAH44,Eurosavam SA
7872004WJCHXMMAD8Z48,CCP.RO BUCHAREST S.A.
7872006YFPG7UBMW3813,INVESTIMENTAL S.A.
787200GQXUIQN5EKOR22,W.B.S. ROMANIA SA
787200RLKOCZDAR9QC91,BANCA DE INVESTIȚII ȘI DEZVOLTARE S.A.
787RXPR0UX0O0XUXPZ81,"NIKE, INC."
78900002R7HQKQX0CS57,BURGAN BANK ANONİM ŞİRKETİ
78900008R6GNC1ZZ6Z58,TEB PORTFÖY YÖNETİMİ ANONİM ŞİRKETİ
7890000CQSASR7KQSJ59,ÜNLÜ MENKUL DEĞERLER ANONİM ŞİRKETİ
7890000DV5OCQMEB9M91,İNFO YATIRIM MENKUL DEĞERLER ANONİM ŞİRKETİ
78900012HXPJ1YQGTH03,TÜRKİYE HALK BANKASI ANONİM ŞİRKETİ
7890001L64KNSIBT1H47,ING BANK ANONİM ŞİRKETİ
7890002F6JMM4B4IT968,BULLS YATIRIM MENKUL DEĞERLER ANONİM ŞİRKETİ
7890002IF5KQDWRMDI33,SAFENETPAY SERVICES COMPANY LTD
7890003BO1XYIHQXIW71,GSD YATIRIM BANKASI ANONİM ŞİRKETİ
7890003MDPTE8UNYR457,A ÖDEME VE ELEKTRONİK PARA HİZMETLERİ ANONİM ŞİRKETİ
7890003QIXRTMBP63M41,Union Bank sh.a
7890004KOVES3T55GW95,DEUTSCHE SECURITIES MENKUL DEĞERLER A.Ş.
7890004QRHDYT10CLI14,ALNUS YATIRIM MENKUL DEĞERLER ANONİM ŞİRKETİ
7890005BROHWAPA36140,BORSA İSTANBUL ANONİM ŞİRKETİ
7890005KEW9JX31H8R81,T.O.M. KATILIM BANKASI ANONİM ŞİRKETİ
7890005UZG6WYWODU175,YILDIRIM HOLDİNG ANONİM ŞİRKETİ
7890005YQXBTRIYDY554,İŞ YATIRIM MENKUL DEĞERLER ANONİM ŞİRKETİ
7890006E6AYACJD3KM63,OYAK YATIRIM MENKUL DEĞERLER ANONİM ŞİRKETİ
7890006RPP7KOZYBJ340,TACİRLER YATIRIM MENKUL DEĞERLER ANONİM ŞİRKETİ
7890006STW44872PWZ62,ALLIANZ YAŞAM VE EMEKLİLİK ANONİM ŞİRKETİ
78900078OONV3YYBQF70,TFG İSTANBUL MENKUL DEĞERLER ANONİM ŞİRKETİ
7890007OR8CO4CJUE245,SOCIETE GENERALE(SA)(PARİS)MERKEZİ FRANSA İSTANBUL TÜRKİYE MERKEZ ŞUBESİ
7890007QWLWUJSNTBP22,BURGAN YATIRIM MENKUL DEĞERLER ANONİM ŞİRKETİ
78900088TBRSRLJFZO73,YAPI KREDİ PORTFÖY YÖNETİMİ ANONİM ŞİRKETİ
7890008OJ9KDICW88X05,TÜRKİYE EMLAK KATILIM BANKASI ANONİM ŞİRKETİ
7890008Q3CT71FZ2QP75,ENPARA BANK ANONİM ŞİRKETİ
7890009WQM4GB8NB8M31,TEB YATIRIM MENKUL DEĞERLER ANONİM ŞİRKETİ
789000A78TPDGREZSN84,OSMANLI YATIRIM MENKUL DEĞERLER ANONİM ŞİRKETİ
789000AH05LFDUEOZ713,GARANTİ PORTFÖY YÖNETİMİ ANONİM ŞİRKETİ
789000AHIN8LYWT72N33,DEVİR FAKTORİNG A.Ş.
789000AUE4P4X1ROG904,GARANTİ YATIRIM MENKUL KIYMETLER ANONİM ŞİRKETİ
789000B8K6KNUMHC1Y64,TÜRKİYE CUMHURİYET MERKEZ BANKASI
789000BUS1GG1SPR6W16,ZİRAAT KATILIM BANKASI ANONİM ŞİRKETİ
789000CG96X4JAW7NP35,AKBANK TURK ANONIM SIRKETI MALTA BRANCH
789000DHCW601ZR2IT42,KARADENİZ HOLDİNG ANONİM ŞİRKETİ
789000DLAX7MJ1WIJU47,YATIRIM FİNANSMAN MENKUL DEĞERLER ANONİM ŞİRKETİ
789000DWLOUQNDCW8W61,TÜRKİYE FİNANS KATILIM BANKASI ANONİM ŞİRKETİ
789000E0F702OZ6WTZ16,ICBC TURKEY BANK ANONİM ŞİRKETİ
789000E3IAHNJBSDW585,TURKISH BANK ANONİM ŞİRKETİ
789000EEA3BZ232JDD19,DENİZ PORTFÖY YÖNETİMİ ANONİM ŞİRKETİ
789000EJIA9VE9VCSM88,AK PORTFÖY YÖNETİMİ ANONİM ŞİRKETİ
789000EJPSW14F8KVG81,Albaraka Türk Katılım Bankası Anonim Şirketi
789000FA7NU8T4613202,DİLER YATIRIM BANKASI ANONİM ŞİRKETİ
789000FCGKBAHN2G1Q81,İŞ PORTFÖY YÖNETİMİ ANONİM ŞİRKETİ
789000FCI412SY8ENP13,NUROL YATIRIM BANKASI ANONİM ŞİRKETİ
789000FIRX9MDN0KTM91,TÜRKİYE İŞ BANKASI ANONİM ŞİRKETİ
789000FO6JJW530ANZ83,ALLİANZ HAYAT VE EMEKLİLİK ANONİM ŞİRKETİ
789000FXOEXZUXZ8CV28,Bank of China Turkey A.Ş.
789000G80D3JVJ2DW223,PAYPORTER ÖDEME HİZMETLERİ VE ELEKTRONİK PARA ANONİM ŞİRKETİ
789000H0R8QZTDJU1T75,TEB SH A
789000H3M2XMH4WOA920,Q YATIRIM BANKASI ANONİM ŞİRKETİ
789000H90HAJLG4FCW58,ANADOLU HAYAT EMEKLİLİK ANONİM ŞİRKETİ
789000HCYPPCYCSB9R43,ODEA BANK ANONİM ŞİRKETİ
789000HP5J3Q9Y80TF43,Rabobank Anonim Şirketi
789000HPOQKCVDVAIY57,PALADYUM ELEKTRONİK PARA VE ÖDEME HİZMETLERİ ANONİM ŞİRKETİ
789000HY231FVB3ZXK62,AKTİF YATIRIM BANKASI ANONİM ŞİRKETİ
789000I8N1I1FZ174898,TURKLAND BANK ANONİM ŞİRKETİ
789000IHT4OP7968OL71,ARCELORMİTTAL RZK ÇELİK SERVİS MERKEZİ SANAYİ VE TİCARET ANONİM ŞİRKETİ
789000IQ8DD8V8RY7282,EKSPO FAKTORİNG ANONİM ŞİRKETİ
789000IVZ34WLES17O63,ŞEKER YATIRIM MENKUL DEĞERLER ANONİM ŞİRKETİ
789000IZNNO3G9XRXV62,BRİTİSH AMERİCAN TOBACCO TÜTÜN MAMÜLLERİ SANAYİ VE TİCARET ANONİM ŞİRKETİ TOKAT SİGARA FABRİKASI
789000J24Q4JM3H6UX22,DOĞAN ŞİRKETLER GRUBU HOLDİNG ANONİM ŞİRKETİ
789000JRESRXCE83YQ90,GEDİK YATIRIM MENKUL DEĞERLER ANONİM ŞİRKETİ
789000JVRVYLAXGDWR11,TÜRKİYE İHRACAT KREDİ BANKASI ANONİM ŞİRKETİ
789000KAIHOLSQKQ9858,TÜRKİYE VAKIFLAR BANKASI TÜRK ANONİM ORTAKLIĞI
789000KWOK751Q6R8875,TÜRKİYE ŞİŞE VE CAM FABRİKALARI ANONİM ŞİRKETİ
789000LASBHYXXZ0UM63,PASHA YATIRIM BANKASI ANONİM ŞİRKETİ
789000LM3SGG8XH9GQ22,BİRLEŞİK ÖDEME HİZMETLERİ VE ELEKTRONİK PARA ANONİM ŞİRKETİ
789000LV7F75LALJ3F52,GOLDEN GLOBAL YATIRIM BANKASI ANONİM ŞİRKETİ
789000N5SE3LWDK7OI11,DEUTSCHE BANK ANONİM ŞİRKETİ
789000O8ECT10W21OO36,Pacific Private Bank Limited
789000OH2V1L42NLWM37,DELTA MENKUL DEĞERLER ANONİM ŞİRKETİ
789000OXCZWOR0OAJO24,QNB PORTFÖY YÖNETİMİ ANONİM ŞİRKETİ
789000P2WJJ9BEC88Q82,PHİLLİPCAPİTAL MENKUL DEĞERLER ANONİM ŞİRKETİ
789000P45106EHRHB621,GLOBAL MENKUL DEĞERLER ANONİM ŞİRKETİ
789000PIVCRO9WA3SD86,ECO Trade and Development Bank
789000PL91OK7JNOCJ35,BGC PARTNERS MENKUL DEĞERLER ANONİM ŞİRKETİ
789000PSQI0CXDZYQ530,DENİZ YATIRIM MENKUL KIYMETLER ANONİM ŞİRKETİ
789000PYS5D7W1GL7D06,INVEO YATIRIM HOLDİNG ANONİM ŞİRKETİ
789000Q21SW842S9IJ58,QNB BANK ANONİM ŞİRKETİ
789000QTP3K6FGV9VL81,THE TURKIC INVESTMENT FUND
789000RA674YR3FM4O53,BAŞKENT MENKUL DEĞERLER A.Ş.
789000RBJFEHLXLHAY60,ALTERNATİFBANK ANONİM ŞİRKETİ
789000S2WG64G3D6NG40,İŞ YATIRIM ORTAKLIĞI ANONİM ŞİRKETİ
789000T2LRFLVASOPJ63,ANADOLUBANK ANONİM ŞİRKETİ
789000T9Y7SPZC5FXB27,RÖNESANS HOLDİNG ANONİM ŞİRKETİ
789000TQIQDI7VLQF627,HEDEF YATIRIM BANKASI ANONİM ŞİRKETİ
789000TUMN63Z28TJ497,AKBANK TÜRK ANONİM ŞİRKETİ
789000TVSB96MCOKSB52,İstanbul Takas ve Saklama Bankası Anonim Şirketi
789000UNLEODCST6JF75,ING YATIRIM MENKUL DEĞERLER ANONİM ŞİRKETİ
789000V8DK9AKRGB4C12,BARCLAYS MENKUL DEĞERLER ANONİM ŞİRKETİ
789000VGVFLH43JQJL90,QNB YATIRIM MENKUL DEĞERLER ANONİM ŞİRKETİ
789000VTPKJYEVGSWM35,FİBABANKA ANONİM ŞİRKETİ
789000WX4UDD5T9RLC80,VAKIF KATILIM BANKASI ANONİM ŞİRKETİ
789000XDO1DH4T258176,TÜRKİYE KALKINMA VE YATIRIM BANKASI ANONİM ŞİRKETİ
789000XDPJFDGEU86P31,INTESA SANPAOLO SPA İTALYA İSTANBUL MERKEZ ŞUBESİ
789000XLUXTY4KRN2E81,MERKEZİ KAYIT KURULUŞU ANONİM ŞİRKETİ
789000XOCKTJCVLD8Z70,LC WAİKİKİ MAĞAZACILIK HİZMETLERİ TİCARET ANONİM ŞİRKETİ
789000Y7C77203JLL640,BİZİM MENKUL DEĞERLER A.Ş.
789000YBW1GZ8EHB5L13,VİENNALİFE EMEKLİLİK VE HAYAT ANONİM ŞİRKETİ
789000YCVUE3G1B00067,ZİRAAT PORTFÖY YÖNETİMİ ANONİM ŞİRKETİ
789000YNWL2EFLXXME49,KAZANCI HOLDİNG ANONİM ŞİRKETİ
789000Z3DAZ1A86M5141,GALATA MENKUL DEĞERLER ANONİM ŞİRKETİ
789000Z4GMB7TTMI9N45,ZORLU HOLDİNG ANONİM ŞİRKETİ
789000Z9WCGU7R6TSR10,TÜRK TİCARET BANKASI ANONİM ŞİRKETİ
789000ZI03A90H71UA56,HABİB BANK LİMİTED MERKEZİ PAKİSTAN İSTANBUL TÜRKİYE MERKEZ ŞUBESİ
789000ZSYXQD4Y7YRG72,AK YATIRIM MENKUL DEĞERLER ANONİM ŞİRKETİ
78ANVQ3N9CROCVUUSO55,HELABA ASSET SERVICES UNLIMITED COMPANY
7AYVD3NQFQ1OTZURH567,TEMPLETON ASSET MANAGEMENT LTD
7CPI4ZQUQVBDH8SA1F44,Morgan Stanley Bank Aktiengesellschaft
7CUNS533WID6K7DGFI87,CAIXABANK SA
7D9EHZL14BBPJWTN6S08,BHW Bausparkasse Aktiengesellschaft
7DMUJTL9FFTVIAG9H788,Commerce Bank
7DOA3A75EDWS6E3NMH88,OFI INVEST ASSET MANAGEMENT
7G95BGMCIZTO8KTOM640,"Spencer Savings Bank, SLA"
7H6GLXDRUGQFU57RNE97,"JPMorgan Chase Bank, National Association"
7HQZ2DNLO1WJOPIMY993,THE PUBLIC INSTITUTION FOR SOCIAL SECURITY
7HTL8AEQSEDX602FBU63,"T. Rowe Price Associates, Inc."
7IQ5XUPLHIUYZ3YUDO63,"SPECIAL SITUATIONS INVESTING GROUP, INC."
7KDSOB6Z0X4S67TMX170,LGT Bank AG
7LTWFZYICNSX8D621K86,DEUTSCHE BANK AKTIENGESELLSCHAFT
7LVZJ6XRIE7VNZ4UBX81,BANCA MEDIOLANUM SPA
7N7YKE66OZ27KON72O26,GULF INTERNATIONAL BANK (UK) LIMITED
7QYB5XBSRFPHJNR8FJ65,摩根士丹利国际银行（中国）有限公司
7RBR8P6F8MULHF2H8211,Nico Holdings LLC
7TG4VWERK338227TR435,Erste Abwicklungsanstalt
7TK5RJIZDFROZCA6XF66,MIZUHO SECURITIES USA LLC
7V6Z97IO7R1SEAO84Q32,SPAREBANK 1 SMN
815600001A6487168E37,TPPAY S.R.L.
81560000348B3B64B603,BANCA DI CREDITO COOPERATIVO DI SARSINA - SOCIETA' COOPERATIVA
8156000084827F09CF24,SPV PROJECT 1502 S.R.L.
815600009B4132258363,CIBUS 1 S.P.A.
815600009FC4E0A67889,CASEARIA PICCOLE DOLOMITI S.R.L.
81560000E905E5E58654,ORVA S.P.A.
8156000100E7D2F1E690,POWERSOFT S.P.A.
815600010E4FFB9CAA36,CULTI MILANO S.P.A.
8156000118991FEDEA72,STRADIVARI SPE S.R.L.
81560001198DAFAF1C17,CRISTALLO SPV S.R.L.
815600015ACC6E385163,ARROWELD ITALIA S.P.A.
81560001692D0424C949,SOMEC SPA
81560001F41A81948348,ASTARIS S.P.A.
81560002471B6EA9E885,YOUR VOICE S.P.A.
8156000256C2431C2E92,PIAGGIO & C. S.P.A.
8156000259CAC9D98659,BAWER S.P.A.
8156000268F284900524,ERNA S.R.L.
815600030F4923D94A85,ETT S.P.A.
81560003A8967CE91394,REGISTER SOCIETA' PER AZIONI
81560003DC9575362D52,MAPEI S.P.A.
81560003DD6FC08E4013,DANUBIO SOCIETA' A RESPONSABILITA' LIMITATA
8156000440357EA63E46,COMUNE DI CASALE MONFERRATO
815600047226E8F8D007,BCC NPLS 2018-2 S.R.L.
815600048047AAF06373,GS INDUSTRY SPA
815600049A1F9AFE6666,ARNOLDO MONDADORI EDITORE SPA
81560004A49D0B923252,COMUNE DI CARBONERA
815600051B67DEBA2465,TELESIA S.P.A.
8156000527591D37B383,ONIRO SPV S.R.L.
8156000564CC637C0693,LOCAM NPL SECURITIZATION S.R.L.
81560005669DDD3DF789,CENTRALE DEL LATTE D'ITALIA S.P.A.
8156000571844ED04411,TAURUS 2018-1 IT S.R.L.
8156000591F6D1881913,BANCA DI CREDITO COOPERATIVO ABRUZZESE - CAPPELLE SUL TAVO SOCIETA' COOPERATIVA
81560005C031D4E76707,SESA S.P.A.
81560005DB68B07C9741,COMUNE DI CONEGLIANO
81560005DC87EB76B488,BIODUE S.P.A.
81560005F82BCED6B772,RINA S.P.A.
81560005FEB41E82E233,MAWALA S.R.L.
815600060B0559175453,BANCA DI CREDITO COOPERATIVO DI CASTIGLIONE MESSER RAIMONDO E PIANELLA - SOCIETA' COOPERATIVA PER AZIONI A RESPONSABILITA' LIMITATA
81560006A47953DD9334,DE RIGO S.P.A.
81560006A51B4674D589,VIMI FASTENERS S.P.A.
81560006CC40E9A86833,POSTEPAY S.P.A.
81560007DFF9D958BA27,HYPPOCRATES SPV S.R.L.
815600080AB1FC472040,E-NOVIA S.P.A.
815600084EB864C63C24,ONB MODE S.P.A.
8156000888F1E1ACA342,CATTLEYA SPV S.R.L.
81560008A16C14F64741,MAGNETE SECURITISATION S.R.L.
81560008CA1CFB2E9F29,SVILUPPO 1 S.P.A.
81560008EC8FD47EBC71,DRAGON SPV S.R.L.
8156000929E9C8A61C98,CALIA TRADE S.P.A.
815600097949D6B08F83,"BANCA UBAE - SOCIETA' PER AZIONI IN FORMA ABBREVIATA ""BANCA UBAE S.P.A."""
8156000996237B56F192,STINGER SPV S.R.L.
81560009A152D4F46B25,VALSABBINA INVESTIMENTI S.R.L.
81560009D520343E0A68,SIT S.P.A.
81560009E016E010B855,GAU S.P.A.
81560009EA1577917768,PHILOGEN S.P.A.
8156000A866F2132FA23,GLOBAL DISPLAY SOLUTIONS S.P.A.
8156000A8E264341EE56,TI CAPITAL S.R.L.
8156000A934A83BF6B91,BRANDINI - S.P.A.
8156000A97D8FE526634,SOLUTION BANK S.P.A.
8156000AF47F9A8E2415,TESISQUARE S.P.A.
8156000B18E18BBDBB14,RAIFFEISENKASSE LAAS GENOSSENSCHAFT - CASSA RAIFFEISEN DI LASA SOCIETA' COOPERATIVA
8156000B22320A2F5365,BEGHELLI S.P.A.
8156000B231F88893F16,TWINSET S.P.A.
8156000BA156057E0C50,SPV PROJECT 1911 S.R.L.
8156000BA1E707067579,CAIRO COMMUNICATION S.P.A.
8156000BA3A8F8AEEF52,HOWDEN S.P.A.
8156000BD0F0F7A76010,CREDIPER CONSUMER S.R.L.
8156000BF189E95D3468,CATTLEYA MORTGAGE FINANCE S.R.L. - IN LIQUIDAZIONE
8156000C463883C4AA49,PROMOTICA S.P.A.
8156000C69566FCAA022,BEYOND INVESTMENT S.P.A.
8156000C6AB5422D8246,METALTHERM S.R.L.
8156000D01AFB9DD0279,INCOMING ITALIA S.P.A.
8156000D231E006B3783,BCC FELSINEA - BANCA DI CREDITO COOPERATIVO DAL 1902 - SOCIETA' COOPERATIVA
8156000D79CAE3BDC945,CORDUSIO RMBS SECURITISATION S.R.L. IN LIQUIDAZIONE
8156000D9BC2B9B9F522,HPS S.P.A. HOLDING DI PARTECIPAZIONE E SVILUPPO IN LIQUIDAZIONE
8156000DA2DA67D9FD63,MYBEST GROUP S.P.A. - IN LIQUIDAZONE
8156000DA7EF399D4433,OLSA S.P.A.
8156000DFBA84513F952,ALKEMY S.P.A.
8156000E09A52C4F8A38,DE' LONGHI S.P.A.
8156000E223BCDD9B355,BANCA DI ANDRIA DI CREDITO COOPERATIVO - SOCIETA' COOPERATIVA
8156000E530791891A04,SALARIA SPV S.R.L.
8156000ECEEBB93B4F66,ALTHEA S.P.A.
8156000ED9540333B048,INDIGO LEASE S.R.L.
8156000EE7EA8E3CBC05,CASTA DIVA GROUP S.P.A.
8156000EEA2972AE6518,PENELOPE SPV S.R.L.
8156000F490BB3BE2052,CREDEM EUROMOBILIARE ASSET MANAGEMENT SOCIETA' DI GESTIONE DEL RI SPARMIO S.P.A. IN FORMA ABBREVIATA CREDEM EUROMOBILIARE ASSET MANAGEMENT S.G.R. S.P.A.
8156000F82E2E4BE2375,AHLSTROM ITALIA S.P.A.
8156000F8D585E630607,HIPPOGROUP CESENATE S.P.A.
8156000FA4166F1C2337,BANCA MACERATA S.P.A. (IN FORMA ABBREVIATA: BPRM S.P.A.)
8156000FCC8EF5070035,SEA S.P.A.
8156000FD93A1B601674,FUCINO RMBS S.R.L.
8156000FE0A2DC5B7852,PRADA S.P.A.
815600108C02BE753915,L. MOLTENI & C. DEI FRATELLI ALITTI - SOCIETA' DI ESERCIZIO - S.P.A.
81560010E6F19360E186,"ASSOCIAZIONE CALCIO MILAN S.P.A. O IN FORMA ABBREVIATA ""A.C. MILAN S.P.A."""
81560010FF9F567F9674,EVA S.R.L.
815600110244AC18B089,CALTAGIRONE SOCIETA' PER AZIONI
8156001154F9459E7860,CRISCIO SPV S.R.L.
815600115DA6E507AE33,CAREL INDUSTRIES S.P.A.
815600116706DE452635,TRENTINO TRASPORTI S.P.A.
81560011CA0E9ABB1748,MUTTLEY S.R.L.
815600123DF5AF3A9513,COMUNE DI VIGNOLA
815600123ED82D1A8C37,TUA ASSICURAZIONI SOCIETA' PER AZIONI IN LIQUIDAZIONE
81560012539222881535,COMUNE DI SCORZE'
815600125B0097BE3C04,CONSULTING AUTOMOTIVE AEROSPACE RAILWAY S.P.A.
81560012F663E89E7085,EL.EN. - S.P.A.
815600130ECAAD30AC87,COMUNE DI CASTELNOVO NE' MONTI
815600135BE9C758CE08,MOSER SRL
81560013C60D757C6523,GREENTHESIS S.P.A.
81560013DE9471442469,ITAS VITA S.P.A.
815600140FF54A002F52,DEDALUS S.P.A
815600143A2634887059,COMUNE DI COLOGNO MONZESE
815600149448CEB9B230,AUTOSTRADE PER L'ITALIA S.P.A.
81560014DF9B0A2D9E38,DEDAGROUP S.P.A.
81560015135C10A00E42,INTERNATIONAL CREDIT RECOVERY (8) S.R.L.
81560015214DE6900281,COMUNE DI SAN POSSIDONIO
815600154F8F91CF6B05,"BANCA CREDITO ATTIVO S.P.A. O IN FORMA ABBREVIATA ""BCA BANCA"""
81560015A25A29EC1433,REGIONE PIEMONTE
81560015D3D3E34A6B66,DEA CAPITAL SPA
815600162CBE3C21D582,SIMGEST - SOCIETA' DI INTERMEDIAZIONE MOBILIARE S.P.A.
81560016432945B31773,PRIMACASSA - CREDITO COOPERATIVO FVG - SOCIETA' COOPERATIVA
815600166EDD7B011F22,ERIS FINANCE S.R.L.
81560016D74E0AB41C73,CLABO SOCIETA' PER AZIONI
81560016DF740E487C02,XOLDY S.P.A.
8156001724724BA21858,ECOMEMBRANE S.P.A.
8156001726E439223372,IACOBUCCI HF AEROSPACE S.P.A.
815600173E0CFF698381,MASSI S.R.L.
8156001749FD9F374D04,POLIGRAFICI PRINTING S.P.A.
815600178E3A8D23A119,C.P.G. SOCIETA' DI CARTOLARIZZAZIONE A R.L. - IN LIQUIDAZIONE
815600178E898EA39879,CRESCITA SPV S.R.L.
81560017C4A61A529235,CASSA DI RISPARMIO DI FERMO SPA
81560017CF8066680595,TAMBURI INVESTMENT PARTNERS S.P.A. IN VIA BREVE T.I.P. S.P.A. OV VERO TIP S.P.A.
8156001801D8FC90EB84,PROVINCIA DI ANCONA
815600185B3DB18DA514,CASTAGNETO BANCA 1910 - CREDITO COOPERATIVO - S.C.
81560018924845C9E152,CARRERA ITALIA SPV S.R.L.
8156001895E0F4E7A803,ORSERO S.P.A.
81560018CF7C009AFB81,EXPERGREEN S.R.L.
8156001906A2AEE5B613,COMUNE DI RICCIONE
81560019212145D28147,SERVIZI INTEGRATI BELLUNESI S.P.A.
815600192AC3194BFC44,SIMONE S.P.A.
815600195185E5E98791,VALENTINO S.P.A.
81560019F45DC4285479,QUINTO SISTEMA SEC. 2019 S.R.L.
81560019FCBE84949F72,CREDIARC SPV S.R.L.
8156001A28849747FC77,SPV PROJECT 1810 S.R.L.
8156001A30A7D5F46F92,SAFFI 130 S.R.L.
8156001A45B45EDE1251,COMUNE DI GENOVA
8156001A574B7D2C5E17,ITEMA S.P.A.
8156001A772766DCAA71,OVS SPA
8156001B357EAD870B17,COMUNE DI REGGIO EMILIA
8156001B892C2562E323,DATACOL S.R.L.
8156001BDE0E2F8D3C34,IPI S.P.A.
8156001C0016E412C937,ANTARES SPV S.R.L.
8156001C29F8180D7059,GO INTERNET S.P.A
8156001C80AE25265D64,PROMA S.P.A.
8156001C8916F4D50026,ACCUEIL S.R.L.
8156001C8A3460938968,EUREGIO PLUS SOCIETA' DI GESTIONE DEL RISPARMIO SOCIETA' PER AZIONI
8156001CB574B6939179,FINDOMESTIC BANCA S.P.A.
8156001D0E28EF769631,HDI ASSICURAZIONI S.P.A.
8156001DDCD4D3586F06,CABEL INDUSTRY S.P.A.
8156001DE0B570A01C13,COMPAGNIA PRIVATA - SOCIETA' DI INTERMEDIAZIONE MOBILIARE SPA
8156001DF271DAA93774,ITALY INNOVAZIONI S.P.A.
8156001E35CB227EC147,MB FINANCE S.R.L.
8156001E691ACBF5D727,RAIFFEISENKASSE FREIENFELD GENOSSENSCHAFT - CASSA RAIFFEISEN CAMPO DI TRENS SOCIETA' COOPERATIVA
8156001E6F9966360387,GEDY S.P.A.
8156001EBD33FD474E60,IREN S.P.A.
8156001ED1D4C0B59A73,SCY SPACE SPV S.R.L.
8156001F1A6470B25C39,A.M.A. S.P.A.
8156001F4745B0CB0760,ZEST SOCIETA' PER AZIONI
8156001FE6D605A2F928,COMUNE DI GRUGLIASCO
815600204AA065E8B416,INGLASS S.P.A.
81560020535300663631,ELY S.P.A.
81560020909EF8D27921,VIANINI LAVORI - S.P.A
815600211972055D2027,ABILITY REAL ESTATE S.P.A. IN LIQUIDAZIONE
8156002124C5223C7743,POPOLARE BARI NPLS 2016 S.R.L.
8156002129786C1C3A78,PORTO AVIATION GROUP S.P.A.
8156002150E88D904064,MICROSPORE SOCIETA' PER AZIONI
81560021527F172D7827,COMUNE DI BELLARIA IGEA MARINA
815600216D6E04C4F444,COMUNE DI IMOLA
81560021A17F22B84850,AFV ACCIAIERIE BELTRAME S.P.A.
81560021A777399C8A98,BANCA DI CREDITO COOPERATIVO G. TONIOLO E SAN MICHELE DI SAN CATA LDO (CALTANISSETTA) SOCIETA' COOPERATIVA
81560021B178BC23DD13,DBA GROUP S.P.A.
81560021E7800490A761,BCC CALABRIA NORD - CREDITO COOPERATIVO
8156002278562044AF79,SNAM S.P.A.
81560022ECBF2B011279,ITALIAN CREDIT RECYCLE S.R.L.
81560022EE962F731A95,CLASS EDITORI S.P.A.
81560022FFC776D2CF46,GIOTTO CELLINO SOCIETA' DI INTERMEDIAZIONE MOBILIARE S.P.A. IN ABBREVIATO GIOTTO CELLINO S.I.M. S.P.A.
8156002321E34CC80269,SEMPIONE SOCIETA' DI INTERMEDIAZIONE MOBILIARE S.P.A.
81560023A3EC94499D08,MEDIOCREDITO TRENTINO - ALTO ADIGE S.P.A. IN LINGUA TEDESCA INVESTITIONSBANK TRENTINO - SUEDTIROL - A.G.
81560023A4DBEC41C287,DIOCLEZIANO S.R.L.
81560023B41A23CD5174,CRIO SPV 4 S.R.L.
81560023C2C588EA8C47,VIVERACQUA HYDROBOND 1 S.R.L.
81560023CC212E3A5E06,RINO MASTROTTO GROUP S.P.A.
8156002419C26462ED49,SL SRL IN LIQUIDAZIONE
81560024600D67DF7437,DOLOMITI ENERGIA S.P.A.
81560024665B1D101E77,BANCA DI CREDITO COOPERATIVO DELLA PROVINCIA ROMANA - SOCIETA' CO OPERATIVA
8156002476E6FE357D82,COMUNE DI BASSANO DEL GRAPPA
815600248364E5258D48,VENCHI S.P.A.
81560024CCCD847DFD67,ASSIST DIGITAL S.P.A.
81560025033653DDF895,SPV PROJECT 1610 S.R.L.
815600251190FB2E7172,ITALIAN WINE BRANDS S.P.A. O IN FORMA ABBREVIATA IWB SPA
815600255BB6E0437F67,CDP RETI SOCIETA' PER AZIONI
81560025690EF8540635,AZIMUT HOLDING S.P.A.
81560025C98FB2AACE26,SOGEFIN S.P.A.
81560025CB177E269455,VIVATICKET S.P.A.
81560026678C7F584356,AMBROMOBILIARE S.P.A.
815600266991EF4A1A34,CANADA SPV S.R.L.
81560026D234790EB288,BANCO DI DESIO E DELLA BRIANZA SOCIETA' PER AZIONI
81560026D5118DE84334,COMUNE DI TARVISIO
81560026E49FDC860069,ELETTRA INVESTIMENTI S.R.L.
81560026E7517B367931,ADRIATICO FINANCE SME S.R.L.
81560026F8FA05B01604,TELEPASS S.P.A.
81560026FA3BAD850E02,ICONA TECHNOLOGY SPA
81560026FB4FD48C6110,FIERA MILANO S.P.A.
81560026FE365E5D4603,IFIS ABCP PROGRAMME S.R.L.
81560027114F44F0BA80,COMUNE DI SAN MARTINO IN RIO
815600271BC648681C52,IMSER SECURITISATION S.R.L.
815600276A4017CDB535,BORA SOCIETA' PER AZIONI
815600277A843B92B411,AZIENDA GARDESANA SERVIZI S.P.A. IN BREVE A.G.S. S.P.A.
81560027A3FCB64DB096,BANCA DI CREDITO COOPERATIVO DI FLUMERI SOCIETA' COOPERATIVA
81560027D07F9BDB8436,"CASSA DI RISPARMIO DI ASTI S.P.A., SIGLABILE ""BANCA C.R.ASTI S.P.A., OPPURE ""BANCA DI ASTI S.P.A."""
81560027EE6427D4B704,GARDENIA SPV S.R.L.
81560027F4E51C4FBF71,BANCA DI CREDITO COOPERATIVO APPULO LUCANA - SOCIETA' COOPERATIVA
81560028597713150A10,KAURI HOLDING S.R.L.
815600285A1F71453406,FAVINI S.R.L.
8156002878BDF0EE4348,DIASORIN S.P.A.
815600287AD27DED3841,ALBA LEASING S.P.A.
81560028BF890B47DB98,GENERALFINANCE S.P.A.
81560028E72C87957B23,OMNIA ADVANCED MATERIALS S.R.L.
815600292FD2D251A552,COSMOPOLITAN SPE S.R.L.
8156002966D8AC24A680,ZUCCHI S.P.A.
81560029ADA7D45DDA90,SIENA NPL 2018 S.R.L.
81560029B62D99DFAE32,LAFERT S.P.A.
81560029BA16DD501270,RAIFFEISENKASSE DEUTSCHNOFEN-ALDEIN GENOSSENSCHAFT - CASSA RAIFFEISEN DI NOVA PONENTE-ALDINO SOCIETA' COOPERATIVA
81560029C3AFE765EE37,MENZ & GASSER - SOCIETA' PER AZIONI
81560029E048192C4678,AGRUMARIA REGGINA - S.R.L.
81560029E2CE4D14F425,"""CASSA DEPOSITI E PRESTITI SOCIETA' PER AZIONI"" (DENOMINATA ANCHE : ""CDP S.P.A.)"
81560029E6AE389ABE26,OPEN CAPITAL PARTNERS SOCIETA' DI GESTIONE DEL RISPARMIO S.P.A.
8156002A2B564C500295,BRAIN COMPUTING S.P.A.
8156002A5D96F09E4007,TIERRE SECURITISATION S.R.L.
8156002A614CA81E4056,AGATOS S.P.A.
8156002A7B8512C85834,FINTEL ENERGIA GROUP S.P.A.
8156002B06C3A4C0F436,ENERVIT S.P.A.
8156002B405AA3E9ED55,ITALIAN CREATION GROUP S.R.L.
8156002B57D5CCE90039,GARBAGNATE SALUTE S.P.A.
8156002B59DB115DFF81,BANCA POPOLARE DI FONDI SOCIETA' COOPERATIVA
8156002B678A411DC172,AREA IMPIANTI S.P.A.
8156002B686285A23661,BANCA DI CREDITO COOPERATIVO VALLE DEL TORTO SOCIETA' COOPERATIVA
8156002B73BC81738128,BERENICE SPV S.R.L.
8156002B7800416B3997,COMUNE DI REDONDESCO
8156002BDA834C0ADF36,BANCA POPOLARE DELLE PROVINCE MOLISANE - SOCIETA' COOPERATIVA PER AZIONI
8156002C24B3F8058279,MAPS SPA
8156002C3F8B8BE1DD56,ENERGIE S.P.A.
8156002C9BD3973BDB16,EVIVA S.P.A. IN LIQUIDAZIONE
8156002CAC2142DED815,PROVINCIA DI BRESCIA
8156002CBF6AE8C1E972,DUOMO SPV S.R.L.
8156002CEF151B2FAE86,MONDO TV S.P.A. ICC
8156002D379B869B9F86,MCE FINANCE SOCIETA' PER AZIONI
8156002D37B47AC27882,AQUI SPV S.R.L.
8156002D92B96450A045,PREDICT S.P.A.
8156002DC6F688CE3B74,CONSULTINVEST ASSET MANAGEMENT S.P.A. SOCIETA' DI GESTIONE DEL RISPARMIO (ABBREVIABILE IN - CONSULTINVEST ASSET MANAGEMENT - S.P.A. - S.G.R.)
8156002E7371BBFCBD07,AGAVE SPE S.R.L.
8156002E739FB6B72761,WINEMARCHE S.P.A. IN LIQUIDAZIONE
8156002E8727D403BA78,MAMO INVEST - S.P.A.
8156002E9406C8A77B69,INVESTIMENTI IMMOBILIARI ITALIANI SOCIETA' DI GESTIONE DEL RISPARMIO SOCIETA' PER AZIONI
8156002ED0F23DC0D147,"""RATTI S.P.A. SOCIETA' BENEFIT"" O IN FORMA ABBREVIATA ""RATTI S.P.A. SB"""
8156002EF2C58215A222,EUROTRANCIATURA S.P.A.
8156002EFB6331371040,ANDROMEDA FINANCE S.R.L.
8156002F30A40D4B5408,CASSIOPEA S.P.A.
8156002F77C1DB76BA38,LIGABUE SPA
8156002F8C11F80A9740,NEWRON PHARMACEUTICALS S.P.A.
8156002FD0B1D7C1E191,BENACCHIO SRL
8156002FF3087F1D0E94,INDEL B S.P.A.
8156003016B8099F7345,CIVETTA SPV S.R.L.
815600303CCB3CFD2264,RAI WAY S.P.A.
815600304369529BF285,SUEDTIROL BANK S.P.A.
8156003073EAF2280026,BANCA DELL'ELBA CREDITO COOPERATIVO - SOCIETA' COOPERATIVA
8156003095855CBF7E98,BANCA SANTA GIULIA S.P.A.
81560030E9DBD0D5E541,BANCA DEL VALDARNO - CREDITO COOPERATIVO - SOCIETA' COOPERATIVA
8156003101E421D03320,ESSEPI INGEGNERIA S.P.A.
815600311BD750206968,ROTHSCHILD & CO WEALTH MANAGEMENT ITALY SOCIETA DI INTERMEDIAZIONE MOBILIARE S.P.A. IN FORMA ABBREVIATA ROTHSCHILD & CO WEALTH MANAGEMENT ITALY SIM S.P.A.
8156003123AA77E59D32,ARAGORN NPL 2018 S.R.L.
815600319098FE3E4C13,BANCA DI CREDITO COOPERATIVO DELLA VALLE DEL FITALIA - SOCIETA' COOPERATIVA -
81560031958E520C4422,ESTELLA SPE S.R.L.
81560031B20E7316BB98,HOMIZY S.P.A.
81560031CEE51D4F8695,TSW INDUSTRIES S.R.L.
815600320CCB55749A30,GPI S.P.A.
81560032176611455E63,CHEESETAKE S.R.L.
815600323BCB842FFC81,PULSAR SPE S.R.L.
8156003259810CF6CE36,COMUNE DI NOVELLARA
8156003263DCF7B61B24,VALERIE SPV S.R.L.
81560032734D7EA7A268,COMUNE DI OMEGNA
81560032A7FF3DCDAA54,PROVINCIA DI VARESE
81560032CBC344A29434,PELMO S.R.L.
81560032D9B8367D3239,NIEDERSTAETTER S.P.A.
81560032F74366549247,RIENZA SPV S.R.L.
81560033158A686B3F36,ARIANNA SPV S.R.L.
81560033A8978DE22470,COROLLA SPV S.R.L.
81560033FF167D891734,BANCA DI CREDITO COOPERATIVO DELLE MADONIE - SOCIETA' COOPERATIVA
8156003405A2893A4488,BANCA POPOLARE DELL'ETRURIA E DEL LAZIO
8156003433EE96372F88,DUMAS SPV S.R.L. IN LIQUIDAZIONE
8156003440CAE1E23348,BANCA IFIGEST - S.P.A.
81560034A79061E91A61,CSP INTERNATIONAL FASHION GROUP S.P.A.
81560034D93261FDD766,MONNALISA S.P.A.
81560034FE1B22986973,4MORI SARDEGNA S.R.L.
8156003539663D074321,BRIGHTSTAR LOTTERY S.P.A.
81560035485BD7DB3590,BANCO DI CREDITO P. AZZOAGLIO - S.P.A.
815600354DEDBD0BA991,POSTE ITALIANE - SOCIETA' PER AZIONI
815600356DA507414997,RIVER SPV S.R.L.
81560035783FD9E2E641,SAES GETTERS S.P.A.
815600359CB8809F3B57,BANCA DI CREDITO COOPERATIVO CAMPANIA CENTRO - CASSA RURALE ED ARTIGIANA - SOCIETA' COOPERATIVA
81560035C1CE01E95A84,ALICUDI SPV S.R.L.
81560035CBCCF3A98431,NEMO SPV S.R.L.
81560035D4DB5B8FBC46,KARIBA - S.P.A.
8156003612CB0B67E831,BANCA DI CREDITO COOPERATIVO DI PACHINO - SOCIETA' COOPERATIVA
8156003616C435E62262,ENERGY TIME S.P.A.
815600365CE167268D78,ROCKET SHARING COMPANY S.P.A.
815600369FDCB5AF4811,"""GI.VI. S.P.A."" - IN LIQUIDAZIONE"
81560036A9D8DF50A702,BANCA VERSILIA LUNIGIANA E GARFAGNANA - CREDITO COOPERATIVO - SOC IETA' COOPERATIVA
81560036C483343A6122,ZWILLING BALLARINI ITALIA S.R.L.
81560036EEDA871A5674,RAPETTI FOODSERVICE S.R.L.
81560036F9C346EA6D15,MET.EXTRA GROUP S.P.A.
8156003711FFB158BD83,TRADE COFFEE S.R.L.
8156003733AA6A76D546,COMUNE DI ASTI
81560037547F12784048,ALL4LABELS ITALY S.R.L.
81560037FCFB3EB01876,BORROMINI SPV S.R.L.
815600380AD32430FF70,COMUNE DI ALBINEA
815600382413CE575C68,A.S. ROMA S.R.L.
81560038B1D1333DCB36,ETRA S.P.A. SOCIETA' BENEFIT
81560038BC1A33CD4490,PORTO INTERMODALE RAVENNA S.P.A. S.A.P.I.R.
81560038D11A94B64121,"CASTELLO SOCIETA' DI GESTIONE DEL RISPARMIO S.P.A. E, IN FORMA AB BREVIATA CASTELLO SGR S.P.A."
81560038E0141D74B014,LOGOS S.P.A.
8156003913CC9BFEC615,INDUSTRIE POLIECO-M.P.B. S.P.A.
815600391CF4BA12BA24,STUDIO GAFFINO - SOCIETA' A RESPONSABILITA' LIMITATA
815600394B60C2D3BE77,BANCA DI CREDITO COOPERATIVO DI ARBOREA - SOCIETA' COOPERATIVA
8156003961E1CE7ABA86,PROVINCIA DI SALERNO
81560039C5B1140F2A54,CAR CLINIC S.R.L.
8156003A100E8AB89697,PANARIAGROUP INDUSTRIE CERAMICHE S.P.A.
8156003A4FB445454553,CASSA DI RISPARMIO DI BOLZANO S.P.A.
8156003A775565FD3792,RED SEA SPV S.R.L.
8156003AC5BB39BDE390,ALFA CHEESE S.P.A. IN LIQUIDAZIONE
8156003ACE6FA18D2D66,BELVEDERE S.P.A.
8156003B3C26069D9C41,MONTENAPOLEONE RETAIL S.P.A.
8156003B4300193DC148,GUBER BANCA S.P.A.
8156003B463259ADAD28,UNIONBAU SPA
8156003B79BEBC0A8231,SAFCO ENGINEERING S.P.A. IN LIQUIDAZIONE
8156003BCD15F6224507,DOLOMITI ENERGIA MERCATO S.P.A.
8156003BD63ECF388F19,SALUMIFICI GRANTERRE S.P.A.
8156003C2411B0E01264,BRISCA SECURITISATION S.R.L.
8156003C36A493144B54,LEONE ARANCIO RMBS SRL
8156003C552FC2526658,COMUNE DI FUCECCHIO
8156003C972C38B3F964,2018 POPOLARE BARI RMBS S.R.L.
8156003CAD30E7600A88,PURPLE SPV S.R.L.
8156003CC839BAD58A45,SPINDOX S.P.A.
8156003D79D064FB5360,CASSA LOMBARDA SOCIETA' PER AZIONI O - IN FORMA ABBREVIATA - CASSA LOMBARDA S.P.A.
8156003DC8C04217A094,FRIULCHEM S.P.A.
8156003E08E530216045,ARTE BIANCA S.R.L.
8156003E3D616B391730,COMUNE DI FORMIGINE
8156003E4A94A3C84066,VITTORIA ASSICURAZIONI SPA
8156003E6E19559C8247,CASSA RAIFFEISEN DI DOBBIACO SOCIETA' COOPERATIVA
8156003E7C83E0E5A794,BANCA COLLI ALBANI E NETTUNO CREDITO COOPERATIVO - SOCIETA' COOPE RATIVA
8156003E8BC840262D35,AUTORLANDO SPORT S.R.L.
8156003EC30B13AEEA13,VETRYA S.P.A IN LIQUIDAZIONE
8156003EE5CFCCBBEB31,BENDING SPOONS S.P.A.
8156003F032ADB520C20,AGRONOMIA S.P.A.
8156003F2286CFA55E20,ASTM S.P.A.
81560040BE662217D239,COMUNE DI CIVITAVECCHIA
8156004110BB8D445B46,BRIOSCHI SVILUPPO IMMOBILIARE S.P.A.
815600417B107CC5A067,OMAHA SPV S.R.L.
81560041B6FDF38D5B61,SMERALDA SPV S.R.L.
81560041BD716E6BDE65,SOLETO S.P.A.
81560041C853AE5B9057,ENI PLENITUDE S.P.A. SOCIETA' BENEFIT
81560042ADA3A9DF6C73,RAINBOW S.P.A.
81560042D23F5A999E87,DAVID CAPITAL S.P.A.
81560042F5E23EE61346,ENGINEERING - INGEGNERIA INFORMATICA - S.P.A.
81560043459F997C9D93,CREMONINI SOCIETA' PER AZIONI ABBREVIABILE IN CREMONINI S.P.A.
8156004361A86AA32345,ROSETTI MARINO S.P.A.
815600439C288154A067,LEVITICUS SPV S.R.L.
81560043B52A668EDE92,SPV PROJECT 1809 S.R.L.
8156004429DC523F7747,"""BANCA DI CREDITO COOPERATIVO DEI CASTELLI E DEGLI IBLEI - SOCIETA' COOPERATIVA""."
8156004438C799669A56,SAPHIRA SPV S.R.L.
815600443F480F35B286,SAGITTARIA FINANCE S.R.L.
8156004458C3AF6B1444,COMUNE DI CASTELVETRO DI MODENA
815600450CA1222E5437,SCM GROUP S.P.A.
815600450DC204DD7898,CAM.PEL. S.R.L.
815600459850D609A515,COMUNE DI BIBBIANO
81560045CD9293FB8792,FINITALIA S.P.A.
8156004604684CA44A90,ERG S.P.A.
815600463D0CE2A96184,IMPACT S.P.A. - SOCIETA' DI GESTIONE DEL RISPARMIO O IN FORMA ABBREVIATA IMPACT SGR S.P.A.
815600465EDBB53C7A23,STEFANEL - S.P.A.
81560046656D8D380518,"COOPERATIVA SOCIALE P.A.R.S. - PREVENZIONE ASSISTENZA REINSERIMENTO SOCIALE - ""PIO CAROSI"" - IMPRESA SOCIALE ETS"
81560046808F3E7EA591,MANIFATTURE SIGARO TOSCANO SOCIETA' A RESPONSABILITA' LIMITATA O IN FORMA ABBREVIATA MANIFATTURE SIGARO TOSCANO S.R.L. O M.S.T. S.R.L.
8156004690B267245502,PROVINCIA DI TREVISO
81560046D2F4157A3552,CREDITO COOPERATIVO CASSA RURALE ED ARTIGIANA DI ERCHIE SOCIETA' COOPERATIVA
81560047244D203C3E55,BLACK GOLD SPV S.R.L.
8156004771C4C28EB022,BANCA DI CREDITO COOPERATIVO DI GAUDIANO DI LAVELLO SOC. COOP.
81560047920EA7641E74,GRUBER INVEST SRL
81560047B5C7FBDC4B34,VITTORIA IMMOBILIARE S.R.L.
81560047BB6E9599A453,MARTE SPV S.R.L.
81560047F646471FF443,LUCAPRINT S.P.A.
8156004806C557C34216,ISAGRO S.P.A.
81560048475ED24E8690,MICOPERI S.P.A.
81560048ECF8D2059980,ENAV S.P.A.
8156004903A5B9893702,THERMOKEY S.P.A.
81560049433D81507F05,FACILE.IT BROKER DI ASSICURAZIONI S.P.A.
815600495BAC6A9D9946,AZZURRO HOLDINGS S.R.L.
81560049F3D1D533CB86,LEONE FILM GROUP S.P.A.
8156004A04CE89E2F736,GEODATA ENGINEERING S.P.A.
8156004A5671DC487586,ENERGA GROUP S.R.L.
8156004A7AFE52C07313,SUINCOM S.P.A.
8156004AA55E355F1483,JUNO 2 S.R.L.
8156004B244AA70DE787,CREDITO EMILIANO S.P.A. ABBREVIABILE IN CREDEMBANCA E IN CREDEM
8156004B5E03B292F398,EQUITA INVESTIMENTI S.R.L.
8156004B8EE5E13C3F71,COMUNE DI CARPI
8156004BB326E5C12823,ERREDUE S.P.A.
8156004BBB6E6B9B6F10,"BANCA POPOLARE DI PUGLIA E BASILICATA,SOCIETA' COOPERATIVA PER AZIONI"
8156004C3711C92F7648,INTERCOS S.P.A.
8156004C8F56A04FC997,SUNRISE SPV Z60 S.R.L.
8156004C96C13077DB83,SOCIETA' EDITORIALE IL FATTO S.P.A. O IN BREVE SEIF S.P.A.
8156004CC118B7885065,AEROPORTO GUGLIELMO MARCONI DI BOLOGNA S.P.A.
8156004CC7CF24D9C550,SPV PROJECT 1612 S.R.L.
8156004CD2A9D9599161,CONTE TASCA D'ALMERITA - SOCIETA' AGRICOLA A RESPONSABILITA' LIMITATA
8156004CD883D2380390,COMUNE DI MEDESANO
8156004CD9343BA1D949,C.M.V.-COSTRUZIONI MECCANICHE VALENTINI S.P.A.
8156004CE82074779D19,FEDRIGONI S.P.A.
8156004D03EAA217DB61,PRIMA INDUSTRIE - S.P.A.
8156004D7056C63EC525,F.I.S. FABBRICA ITALIANA SINTETICI S.P.A.
8156004D792FE43A6691,EMILCAR S.R.L.
8156004D7FDDF887AA66,BANCA DI CREDITO POPOLARE SOCIETA' COOPERATIVA PER AZIONI
8156004DB70D7741DE79,VIAREGGIO PATRIMONIO S.R.L.
8156004DCB878A344F61,BANCA DI CREDITO COOPERATIVO DI OSTUNI - SOCIETA' COOPERATIVA
8156004DD890661C1667,FRANZESE S.P.A.
8156004E40D6A02C5046,"""MOLTIPLY GROUP S.P.A."", OVVERO, IN BREVE, ""MOL GROUP S.P.A."" O ANCHE ""GRUPPO MOL S.P.A."""
8156004E70AB6119D319,SOFIDEL - SOCIETA' PER AZIONI
8156004E788FA5CEF159,S.I.G.I.T. - SOCIETA' ITALIANA GOMMA INDUSTRIALE TORINO - S.P.A.
8156004EE46307A55691,CIVITAS SPV S.R.L.
8156004F027FC154F041,BH S.R.L.
8156004F298245FBB836,INTESA SANPAOLO PRIVATE BANKING SPA
8156004F6CC654BE5219,ALMO NATURE SOCIETA' BENEFIT PER AZIONI
8156004F6FBF1AA10A93,DEDALUS ITALIA S.P.A.
815600504D9CF2DCD849,FLASH - SOCIETA' DI MUTUO SOCCORSO
815600507FA0758E6840,BANCA DELL'ALTA MURGIA CREDITO COOPERATIVO - SOCIETA' COOPERATIVA
815600508C25AD786792,2M S.R.L.
815600508DD477037C23,""" BANCA CENTRO EMILIA - CREDITO COOPERATIVO "" SOCIETA' COOPERATIVA"
81560050DB4623C67954,OREFICI S.P.A.
815600514F7A58885259,COMUNE DI FIESOLE
81560051671A55DAF750,PATTERN S.P.A.
815600516A6A594C1479,CITIEFFE S.R.L.
815600516E0DFDFB1A29,"CREDITO COOPERATIVO DI CARAVAGGIO ADDA E CREMASCO - CASSA RURALE - SOCIETA' COOPERATIVA, DENOMINATA ANCHE BCC CARAVAGGIO E CREMASCO"
81560051709D92F41B75,FRENER & REIFER S.R.L.
81560051AAE0E0F10021,CHERRY BANK S.P.A.
81560051D6FA7434FE63,WIVA GROUP S.R.L.
8156005205FF26459813,AUGUSTO S.P.A. - IN LIQUIDAZIONE
815600521AF1F82A9621,NEPAL S.R.L.
815600522538355AE429,BFF BANK S.P.A.
81560052769C08CC1445,SORGENTE - SOCIETA' DI GESTIONE DEL RISPARMIO - SPA
81560052ACB913425086,VINCENZO ZUCCHI - SOCIETA' PER AZIONI
81560052CF8AC7194D45,LEPONTINE S.R.L.
81560052E2A399774581,SERENISSIMA - SOCIETA' DI GESTIONE DEL RISPARMIO S.P.A. IN FORMA ABBREVIATA SERENISSIMA - S.G.R. S.P.A.
8156005300C1AFD13828,IMPREBANCA S.P.A
815600530555DC529635,AGAVE SPV S.R.L.
815600532D0A89037B21,INGRID SPV S.R.L.
81560053712DF4565C96,ENERGY GREEN CITY SOCIETA' PER AZIONI
8156005388FA2541F472,2017 POPOLARE BARI RMBS S.R.L.
8156005391EE905D3124,BORSA ITALIANA S.P.A.
8156005395191E109260,SPV PROJECT 1608 S.R.L.
81560053B67B68EEB661,ALBA 6 SPV S.R.L.
81560053C80248E84857,COMUNE DI MODENA
81560053D040259D5693,TECMA SOLUTIONS S.P.A.
81560053ED5F444D4C68,VEI LOG S.P.A. IN LIQUIDAZIONE
81560053FCFD51C66D41,JUNO SPV S.R.L.
815600540A6D82CFE407,ACQUE POTABILI S.P.A. IN LIQUIDAZIONE
815600540F4BDC488040,LAVANDERIE DELL'ALTO ADIGE S.R.L.
8156005420362AE59184,BANCA IFIS S.P.A.
815600543AD993550C75,SPV PROJECT 155 S.R.L.
815600543BED77DB5626,FLORIAN SPA
815600546BBA814FEC15,COMUNE DI VENEZIA
815600548E33FA620411,IGEA SPV S.R.L.
8156005493D0A9BE9562,MICROCAST S.P.A.
81560054994BFD8EE761,GIGLIO.COM S.P.A.
81560054B48979390098,DOMUS ITALIA S.P.A.
81560054BC53AD493394,IREN MERCATO S.P.A.
815600551FA5B5C3BB10,COLEMAN S.P.A.
81560055A02D4CD11922,FLORENCE SPV S.R.L.
81560055A88E1D16D537,SVAS BIOSANA S.P.A.
81560055C400B616C265,COMUNE DI VEZZANO SUL CROSTOLO
81560055E6F621E92898,COMUNE DI GARDONE VAL TROMPIA
8156005600DA189D6658,LATTERIA SOCIALE COOPERATIVA LA CONCORDIA
81560056375B30D1FC87,ITALO SPV S.R.L.
815600567C90B1DA5F14,NOVUS ITALIA 2 S.R.L.
81560056D148857EE880,POS S.R.L.
81560056D2253CE70472,COMUNE DI CARPINETI
8156005700A80E5D9995,RENOVO S.P.A.
81560057629F6A5BB738,2RPLUS SPV S.R.L.
815600576D5536AC7B34,MARR S.P.A.
81560057A4C83F09C286,FREE ENERGIA S.P.A.
81560057C81C4D66C839,VERBANIA SECURITISATION S.R.L.
81560057D602F0DB5677,COMUNE DI CHIERI
81560057EAE6D864DE02,MANNO SPV S.R.L.
81560058051362D67C83,DEMETRA SPE S.R.L.
815600581B7A0121FF54,FRIULI SPV S.R.L.
815600583BE5BC67EB82,UNIEURO S.P.A.
8156005841D7B2130916,COMUNE DI RIVOLI
8156005848FA99DCD867,MAIOR SPV S.R.L.
815600584E537E1A0378,VALPROSCIUTTI S.R.L.
815600589495BE8A4587,RAIFFEISENKASSE UNTERLAND GENOSSENSCHAFT-CASSA RAIFFEISEN BASSA ATESINA SOCIETA' COOPERATIVA
81560058E659F533DB13,YOUNITED
8156005902A7BC6EFF44,AMUNDI REAL ESTATE ITALIA SOCIETA' DI GESTIONE DEL RISPARMIO S.P.A. O PER BREVITA' AMUNDI RE ITALIA SGR S.P.A. O AMUNDI REAL ESTATE ITALIA SGR S.P.A.
8156005908BCD3317889,COMUNE DI PIEVE DI SOLIGO
815600592B98FE77CC68,CESTARO FONDERIE S.P.A.
815600592C43D4AB9174,BANCA CENTRO LAZIO CREDITO COOPERATIVO - SOCIETA' COOPERATIVA
81560059500B178C0F86,BANCA DI CREDITO COOPERATIVO DI BASCIANO SOCIETA' COOPERATIVA
815600597440D1DC8A91,MAGGESE S.R.L.
8156005976ED012C5117,D'AMANTE SPA
815600599C669FEF0532,ALMAVIVA BLUEBIT S.P.A. SOCIETA' BENEFIT
81560059B88ADD67CB02,COMUNE DI RIMINI
81560059C136C76B6F71,BANCA SVILUPPO ECONOMICO S.P.A.
81560059D889685FCC66,SPA.PI S.P.A.
8156005A384EA40C3A15,I.L.L.A. S.P.A.
8156005A39AB2BC9FC74,HSD S.P.A.
8156005A608682FBF712,FINANZIARIA DI VALLE CAMONICA - S.P.A.
8156005AF5CB138D5E62,BANCA DI CREDITO COOPERATIVO DEGLI ULIVI - TERRA DI BARI - SOCIETA' COOPERATIVA
8156005B324CD9753A75,EMILIA SPV S.R.L.
8156005B3CA158CA6811,COMUNE DI SIENA
8156005B55CF2C496C85,CREDITO COOPERATIVO VALDARNO FIORENTINO BANCA DI CASCIA - SOCIETA' COOPERATIVA
8156005B5A6A9BC66D06,ICM S.P.A.
8156005BDF49128B6239,FINCANTIERI S.P.A.
8156005BE9E6EEE11D07,WERTHER INTERNATIONAL S.P.A.
8156005C0D4E577D7453,REGIONE EMILIA-ROMAGNA
8156005C22D0BF134C40,BANCA POPOLARE PUGLIESE SOCIETA' COOPERATIVA PER AZIONI
8156005C287C05FD6878,COMUNE DI TREVIGLIO
8156005C51F30B1FEC30,ARENA S.P.A.
8156005C520702EEC940,SOLUTIONS CAPITAL MANAGEMENT SIM S.P.A.
8156005CDCBBB65CC149,COMUNE DI MONTEBELLUNA
8156005CE5E7340CCA86,UNIPOL ASSICURAZIONI S.P.A.
8156005CF920F2A40C13,IL SOLE 24 ORE S.P.A.
8156005CF9AFE8DC0A74,EMU GROUP S.P.A.
8156005CFB342F60C162,COMUNE DI LUZZARA
8156005D11BF7E974E41,COMUNE DI SAN POLO D'ENZA
8156005D1DD89FC6F146,MARMOLADA SPV S.R.L.
8156005D33AEADD74A22,BANCA DI CREDITO COOPERATIVO DI CANOSA - LOCONIA SOCIETA' COOPERATIVA
8156005D60C2B3BFDA51,OLINDA SAS
8156005D6ADE56371580,MITTEL S.P.A.
8156005D9AA9D0D0AD26,GREEN NETWORK SPE S.R.L.
8156005DBE6CA468DD09,TOSCANA AEROPORTI S.P.A.
8156005E182FC6221747,TENUTE PICCINI S.P.A.
8156005E235E751B6662,NEODECORTECH S.P.A.
8156005E40F7D830FF85,LADY MOON SPV S.R.L.
8156005E75CFE9E80102,ZENIT SOCIETA' DI GESTIONE DEL RISPARMIO S.P.A. O ZENIT SGR S.P.A.
8156005EA53345FFC502,COMUNE DI QUATTRO CASTELLA
8156005EE3B043A8D238,FECS PARTECIPAZIONI S.P.A.
8156005F7634D8477025,F.LLI DE CECCO DI FILIPPO - FARA SAN MARTINO - S.P.A.
8156005F89D8A2777026,BANCA DI CREDITO COOPERATIVO DI CASSANO DELLE MURGE E TOLVE - SOCIETA' COOPERATIVA
8156005FED254FE6D424,BANCA DI CREDITO COOPERATIVO DI PIANFEI E ROCCA DE' BALDI SOCIETA' COOPERATIVA
8156006023D5C81BC148,GIPLAST GROUP S.P.A.
8156006057A4EDD57F92,SOLUTION GROUP S.P.A.
815600609F6B88892B88,"BANCA DI CREDITO COOPERATIVO DELL'OGLIO E DEL SERIO, SOCIETA' COOPERATIVA"
81560060AAE86EF3FE39,2WORLDS S.R.L.
81560061681D29EA6661,SITI - B&T GROUP S.P.A.
81560061D06BCC17EC23,DUDAIM LOAN TRADING S.R.L.
81560061E134262D9993,SUPERSTRADA PEDEMONTANA VENETA SPA
815600624B4FAD575C14,ITACAPITAL SRL
8156006285CBBCC9B372,FUTURA GRAFICA S.P.A.
815600629906A40FBD12,BUSCAINI ANGELO - SOCIETA A RESPONSABILITA LIMITATA
815600629DC274269C15,IMMOBILIARE I GEMELLI S.R.L.
815600631DF647DCEA74,SPV PROJECT 1702 S.R.L.
81560063532762A8AD65,SWORD SPV S.R.L. - IN LIQUIDAZIONE
81560063561A562DAF14,EXTRABANCA S.P.A.
815600638465570EAC84,EBB S.R.L.
815600639FDC2E57D372,SAHARA SPE S.R.L.
81560063B6C5DF190179,REGIONE TOSCANA
81560063BF9718867E90,GIORGIO ARMANI S.P.A.
81560063E2FA291C9D37,EGEA - ENTE GESTIONE ENERGIA E AMBIENTE S.P.A.
81560063F6595F75DF93,SARTORILEGNO S.R.L.
81560063F7903088F370,TREFIN S.P.A.
81560063FEBA2A935223,BOSSI SCALA PROPERTY S.P.A.
8156006407E264D2C725,CASSA DI COMPENSAZIONE E GARANZIA S.P.A.
81560064085A02B2B297,MEDIOCREDITO CENTRALE - BANCA DEL MEZZOGIORNO S.P.A.
815600646228DF197450,COMAL S.P.A.
8156006470C161962080,GAMAR HOLDING S.P.A.
81560064A6EF4D9A3880,MARMAROLE SPV S.R.L.
81560064C025D37F4645,GROWENS S.P.A.
815600650340349FAC02,ENERGY SPV S.R.L.
81560065B99BF3EEED47,"BANCA DI CREDITO COOPERATIVO TERRA DI LAVORO ""S. VINCENZO DE' PAOLI"" - SOCIETA' COOPERATIVA PER AZIONI"
81560066458834DF8687,UNICASIM SOCIETA' DI INTERMEDIAZIONE MOBILIARE S.P.A. IN LIQUIDAZIONE
815600665E42ABF2CA33,COMUNE DI FIUMICINO
81560066A366561CED94,COMUNE DI MANTOVA
81560066AB50EC35AB11,LIS PAY S.P.A.
81560066AD7F020AC335,APORTI S.R.L.
81560066BC252CBCAD13,"RETI TELEMATICHE ITALIANE S.P.A., IN FORMA ABBREVIATA ""RETELIT S. P.A."""
81560067C17E4E557425,SUDCOMMERCI S.R.L.
81560067CD515E7E9523,LEGGIERO REAL ESTATE S.P.A. SOCIETA' BENEFIT IN FORMA ABBREVIATA LEGGIERO RE SB S.P.A.
81560067D11FC46CA153,COMUNE DI PISTOIA
815600683CE5BC2B0D31,PUBBLICA FUNDING NO. 1 S.R.L.
815600687737E2A50692,FONDERIE MARIO MAZZUCCONI S.P.A.
815600689DACA1900791,COMUNE DI VALDAGNO
81560068A5DBD7919427,BRIGNOLE FUNDING 1 S.R.L.
81560068D19E49870564,PARTECIPAZIONI ITALIANE SOCIETA' PER AZIONI IN LIQUIDAZIONE
81560068ED75F0D57E19,COMUNE DI CESENA
8156006949654E51FC97,SG COMPANY SOCIETA' BENEFIT SPA E CON SIGLA SG COMPANY S.B. SPA
815600696BA3D8099F58,MAIA SPE S.R.L.
81560069832B859B8A86,MULTISELLER NPL S.R.L.
81560069957E4ACDD336,TESMEC SPA
81560069B00AAB574571,COMUNE DI MONTECRETO
81560069B1648AE9EE98,NATURE S.R.L.
8156006A2C52DC81F455,HORIZON SPV S.R.L.
8156006A8B6699CC2F20,"FUERSTENBERG SOCIETA' DI INTERMEDIAZIONE MOBILIARE S.P.A. O IN FORMA ABBREVIATA ""FUERSTENBERG SIM S.P.A."""
8156006A9BDAA2AD9640,RAMPONI S.R.L.
8156006AAC6AF4A27F93,BAMBOO SPE S.R.L.
8156006AC410E1CD6977,130 FINANCE S.R.L.
8156006ACD5E92B0C985,DEUTSCHE BANK MUTUI S.P.A.
8156006ACE25BECB5A97,AMB SPA
8156006AD00A7251CC92,BCC RISPARMIO&PREVIDENZA S.G.R.P.A.
8156006AFC897468BF35,IRRITEC S.P.A.
8156006B076490FF6509,TYCHE BANK S.P.A.
8156006B0BF72B5B7908,MEG S.R.L.
8156006B4589C3CDE572,RENEXIA PECH SOCIETA' PER AZIONI
8156006B5372B27D1F97,BANCA DON RIZZO - CREDITO COOPERATIVO DELLA SICILIA OCCIDENTALE - SOCIETA' COOPERATIVA
8156006B5EC5B0290E11,SANT'ANDREA 8 S.R.L.
8156006B6101B1C27035,"""LONGINO & CARDENAL - S.P.A."""
8156006B6117E7F68B63,SVIM SAN BABILA S.P.A.
8156006BBAE426B2DA06,ILIOPESCA S.R.L.
8156006BE70771197135,BANCA DI CREDITO COOPERATIVO DELLA VALLE DEL TRIGNO - SOCIETA' CO OPERATIVA
8156006BEAA911EC0A47,CANDY S.P.A.
8156006C66E55C898594,ASTI GROUP RMBS II S.R.L.
8156006CA80A76A7B556,"VALSOIA S.P.A. (IN FORMA ESTESA ""VALSOIA - BONTA' E SALUTE - S.P.A."" O IN SIGLA ANCHE ""V.B.S. S.P.A."")"
8156006CBDDC48B17B88,SUNRISE SPV 20 S.R.L.
8156006D3B8AE15CB963,DUE EMME - SOCIETA' PER AZIONI
8156006DE24EEEA49540,CHEOPE SPE S.R.L.
8156006DEC4E421BEE73,ARGILETUM MERCHANT S.P.A.
8156006E5A083C759043,CREDITO COOPERATIVO - CASSA RURALE ED ARTIGIANA DEL FRIULI VENEZIA GIULIA (ABBREVIATO CASSA RURALE FVG) - SOCIETA' COOPERATIVA
8156006E5A548D01E653,GIBUS S.P.A.
8156006E67B9AB95E292,"ARTERRA BIOSCIENCE S.P.A. O IN BREVE ""ARTERRABIO S.P.A."""
8156006E7C6812FA3750,ARGON SPV S.R.L.
8156006E9634A6191F22,COMUNE DI VILLIMPENTA
8156006EB46264287B39,REGIONE DEL VENETO
8156006F540C515DF491,PROVINCIA DI ALESSANDRIA
8156006F707BC8222969,ASTREA DUE SPV S.R.L.
8156006F79EBD81F4945,SCATOLIFICIO SALERNITANO SOCIETA' PER AZIONI
8156006F8314D1F3A454,BUCCI AUTOMATIONS S.P.A.
8156006FF475AB270436,TECHNICAL PUBLICATIONS SERVICE S.P.A. O IN BREVE T.P.S. S.P.A.
8156007022402E114A31,FIBERCOP S.P.A.
815600702F68B2ED0B22,QUARZO S.R.L.
8156007049754FC39963,VELENOSI SOCIETA' A RESPONSABILITA' LIMITATA PER BREVITA' VELENOSI S.R.L. IN SIGLA VES S.R.L.
815600707D7155CC4109,EUROPE ENERGY S.P.A.
8156007082399C1CEE74,NEOSPERIENCE S.P.A.
81560070BFE803A30458,RISANAMENTO SPA
81560070C00AF87D5790,SOLAREDGE AUTOMATION MACHINES S.P.A.
815600713B74D1CCD334,BRERA SEC S.R.L.
815600713DA67B18B144,BANCA NETWORK INVESTIMENTI - SOCIETA' PER AZIONI IN FORMA ABBREVIATA BNI S.P.A.
815600714183F04FBF82,SOLE SPV S.R.L.
81560071421F0C4FF002,CASSA DI SOVVENZIONI E RISPARMIO FRA IL PERSONALE DELLA BANCA D' ITALIA - SOCIETA' COOPERATIVA PER AZIONI A RESPONSABILITA' LIMITATA
815600715D60D46ED444,BANCA PIU' S.P.A.
81560071672B53121D22,NEW LEVANTE SPV S.R.L.
81560071861F5827FD52,ANTONIO ZAMPERLA S.P.A.
815600719ED7576EA551,ERIDANO II SPV S.R.L.
815600721EA6D60A9A83,GESTIONE IMPIANTI DEPURAZIONE ACQUE S.P.A. ENUNCIABILE ANCHE G.I.D.A. S.P.A.
815600722FAEE18D6013,BANCA DEL FUCINO S.P.A.
815600724FADADA85571,DECO 2019 - VIVALDI S.R.L. - IN LIQUIDAZIONE
8156007259ABDEA3F444,"""AEROPORTI DI ROMA S.P.A"" IN FORMA ABBREVIATA ""ADR S.P.A"""
81560072DB4C69D19464,BANCA DI CREDITO COOPERATIVO DI SCAFATI E CETARA SOCIETA' COOPERA TIVA
81560072F9DB46C79509,COMUNE DI GRUMOLO DELLE ABBADESSE
8156007367A2044B7685,PIOVAN S.P.A.
8156007395B20763EB44,BANCA CAMBIANO 1884 S.P.A.
81560073B19D33D7DD18,B&C SPEAKERS S.P.A.
815600743C347B1A7A92,ALMAWAVE S.P.A.
815600749BAB08263183,M.S. S.R.L. IN LIQUIDAZIONE
81560074F05ED0CA9C06,GINEPRO SPE S.R.L.
81560075226AE7ED0459,ATLANTIS SPV S.R.L.
81560075229D789B0D40,UFI FILTERS S.P.A.
81560075ADF914021818,VELA RMBS S.R.L.
81560075EBA271B82561,ATON PER IL PROGETTO S.R.L.
815600761B1C796A8670,FRI-EL GREEN POWER S.P.A.% FRI-EL GREEN POWER A.G.
815600767C6E914C7139,BANCA POPOLARE DI LAJATICO SOCIETA' COOPERATIVA PER AZIONI
81560076A1D65FEDA545,FANES S.R.L.
81560076BBCFC45A0964,ABITARE IN S.P.A.
81560076F9CF35569687,B.C.C. DEL GARDA - BANCA DI CREDITO COOPERATIVO COLLI MORENICI DEL GARDA - SOCIETA' COOPERATIVA
81560077027889E2EA22,WEIGHTPACK S.R.L.
815600770C636D287340,COMUNE DI PAVULLO NEL FRIGNANO
815600772576F4F44595,BERTI GROUP SPA
815600773DA2ACB10015,NAMIB SPV S.R.L.
81560077633B6B7AF165,SIERRA SPE S.R.L.
815600777A396CC19649,HOLLANDIA SPV S.R.L.
815600779A7F8D5BA141,PROVINCIA DI MANTOVA
8156007800FA5EC79006,"""FINARIA - S.P.A."""
8156007809B0C5D5EC30,"""CREDITO PADANO BANCA DI CREDITO COOPERATIVO - SOCIETA' COOPERATIVA"" IN ABBREVIATO ""CREDITO PADANO - SOCIETA' COOPERATIVA"""
815600783AAE34BCF678,COMUNE DI SESTOLA
8156007845E5A9DEFA66,FLARE BP S.R.L.
81560078C6F151A03A40,FIRST CAPITAL SPA
815600793E2290A96885,FINLOGIC S.P.A.
81560079686ED18FC039,BRIDGEPLANET HOLDING S.P.A.
81560079B52F18577A36,GOVI S.R.L.
81560079E14408E21394,AMBROS SARO S.R.L.
8156007A4ECB0F819487,CROWDFUNDME S.P.A.
8156007A78DB4F749665,PES S.R.L. IN LIQUIDAZIONE
8156007A808A360DF320,DOMINION HOSTING HOLDING S.P.A. IN FORMA ABBREVIATA DHH S.P.A.
8156007AA8452C254656,COMUNE DI SASSUOLO
8156007ABDE968CCAF14,2PAY LIMITED
8156007AE6FD55745D45,COMUNE DI MARANO SUL PANARO
8156007AF7DB5FE05555,DOVALUE S.P.A.
8156007B26839EBFA326,BOLZONI S.P.A.
8156007B27B2A3E01B47,TIBERIUS SPV S.R.L.
8156007B79F45EC4F227,"BANCA DI CREDITO COOPERATIVO DI VENEZIA, PADOVA E ROVIGO - BANCA ANNIA SOCIETA' COOPERATIVA"
8156007B86A3EABEF937,BANCA DI CREDITO COOPERATIVO DI MARINA DI GINOSA (TA) SOCIETA' CO PERATIVA
8156007BB646D467E643,SORGENIA POWER S.P.A.
8156007BC70C26A90D39,TAURUS 2017-1 IT S.R.L.
8156007BDB23B42EB906,A & A MARKETING SERVICE S.R.L.
8156007BE1C16B81E797,MARIO SCHIANO S.R.L.
8156007BE1FB0CD12670,CELESTE SPV S.R.L.
8156007BF621CA1B1630,CALEFFI - S.P.A.
8156007C040EA6A80283,B2 KAPITAL INVESTMENT S.R.L.
8156007C053DC07AC307,CREDITO LOMBARDO VENETO S.P.A. IN FORMA ABBREVIATA CRE.LO-VE S.P.A.
8156007C509BF953E065,PONENTE SPV S.R.L.
8156007CCBD9F4611284,ISIDE SPE S.R.L.
8156007CDD4F40965278,BANCA DI CREDITO COOPERATIVO DI PRATOLA PELIGNA
8156007D348794DB1690,CREDIT AGRICOLE ITALIA S.P.A.
8156007D44638BC62A52,CRISTIANO DI THIENE S.P.A.
8156007D5EEE53EBC329,WIDECH S.P.A.
8156007D611AC5498797,ELROND NPL 2017 S.R.L.
8156007D75097F414A87,ASTREA QUATTRO SPV S.R.L.
8156007DB9CE3D1DE860,COMUNE DI SERRE
8156007DCCE26D994049,ELLEGI S.R.L.
8156007DE60EC2EC9F08,SOLO SOLE S.R.L.
8156007DEB1848073707,ERMES SPE S.R.L.
8156007E3375956ADD08,ESPRINET S.P.A.
8156007E606D24BE8F80,"""COSTA CROCIERE S.P.A."""
8156007E6A5879E10D80,TECHNOALPIN HOLDING - S.P.A.
8156007E97D6128D7F57,ECOSUNTEK S.P.A.
8156007EC289BB6E3932,NOSTOS SPV S.R.L.
8156007EF0C916CF0C32,UNITED BRANDS COMPANY S.P.A.
8156007F4685AE5A6208,BORGHESE UNO S.R.L.
8156007F4EF8CA400F85,FUTURA 2019 S.R.L. IN LIQUIDAZIONE
8156007F5A2D0F066209,DYRET SPV S.R.L.
8156007F67C3DD693969,METRO 5 SOCIETA' PER AZIONI IN BREVE M. 5 S.P.A.
8156007FEE793CC4C661,AVVALE S.P.A.
8156007FF60E3F0F8B82,GHETALDI PROPERTY S.P.A.
8156007FFA7213B91B36,SINTEXCAL - SOCIETA' PER AZIONI
8156008035DCD2611145,4 MADONNE CASEIFICIO DELL'EMILIA SOCIETA' COOPERATIVA AGRICOLA
81560080729CB62B9A70,DOTSTAY S.P.A.
815600807B866042D307,ANTARES VISION S.P.A.
81560080DE68CD0F6B78,BANCA DI CREDITO COOPERATIVO LA RISCOSSA DI REGALBUTO SOCIETA' COOPERATIVA
815600810761E5145524,CREDITO COOPERATIVO ROMAGNOLO - BCC DI CESENA E GATTEO - SOCIETA' COOPERATIVA
815600810B937CD30406,ZKB ZADRUZNA KRASKA BANKA TRST GORICA ZADRUGA - ZKB CREDITO COOPERATIVO DI TRIESTE E GORIZIA SOCIETA' COOPERATIVA
8156008133EF31291D25,ENERGETICA S.P.A.
8156008183686996C911,ACQUE VERONESI S.C.A R.L.
815600818AB9D737FC87,SOCIETA' AGRICOLA FERRARINI S.P.A.
81560081BE53EF9BB133,DORIA SPV SRL
81560081E1C9704FE816,SARA ASSICURAZIONI S.P.A. ASSICURATRICE UFFICIALE DELL'AUTOMOBILE CLUB D'ITALIA IN FORMA ABBREVIATA SARA ASSICURAZIONI S.P.A.
81560081E34941D72D61,COMUNE DI TRAVERSETOLO
81560082A98CE9C66509,MASSIMO ZANETTI BEVERAGE GROUP S.P.A.
81560082C72A4920D924,PROVINCIA DI RAVENNA
81560082DAF0B7732367,PINZOLO SPV S.R.L. IN LIQUIDAZIONE
81560082E75513E14437,PLANETEL S.P.A.
8156008323735C1B1371,BANCA POPOLARE DEL FRUSINATE SOCIETA' COOPERATIVA PER AZIONI
8156008331936B588477,ASTREA SPV S.R.L.
815600835712F7BA2869,"""BANCA FINNAT EURAMERICA S.P.A."" E, IN FORMA ABBREVIATA ""BANCA FINNAT S.P.A."" O ANCHE ""BANCA EURAMERICA S.P.A."""
8156008397D84F3DF507,P&A ENERGIA S.P.A
81560083B9FB2C32F732,QUASAR SPE S.R.L. IN LIQUIDAZIONE
81560084064B0C896E12,4AIM SOCIETA' DI INVESTIMENTO PER AZIONI A CAPITALE FISSO OVVERO IN FORMA ABBREVIATA 4AIM SICAF S.P.A.
815600841314CD305585,"""KRYALOS SOCIETA' DI GESTIONE DEL RISPARMIO PER AZIONI"" O, IN FORMA ABBREVIATA, ""KRYALOS SGR S.P.A."""
815600842333D557CA35,NOSIO S.P.A.
8156008430DE925A1F54,SCIUKER FRAMES S.P.A.
8156008449B96AF1FE15,BENETTON GROUP S.R.L.
81560084778FF88FAC52,COMUNE DI CAMPEGINE
8156008488F8D4F3F735,ITAS PAY S.P.A.
815600848C4F6583C288,H-FARM S.P.A.
815600848DEFE160E913,IBL ISTITUTO BANCARIO DEL LAVORO S.P.A. O IN FORMA ABBREVIATA IBL BANCA.
81560084B4E3F9F14C60,RENEXIA WIND OFFSHORE S.P.A.
81560085016270838F86,ZEUS FINANCE S.R.L.
815600851567D328D237,"""VALORE ITALIA HOLDING DI PARTECIPAZIONI S.P.A."" IN LIQUIDAZIONE COATTA AMMINISTRATIVA IN FORMA ABBREVIATA ""VIHP S.P.A."" IN LIQUIDAZIONE COATTA A MMINISTRATIVA"
815600851E9427206817,BPL MORTGAGES S.R.L.
81560085243C7A22D013,BANCA DI CREDITO COOPERATIVO DI CAPACCIO PAESTUM E SERINO - SOCIE TA' COOPERATIVA
8156008560C52CAA9185,COMUNE DI PONTEVICO
81560085614CE4044842,BANCA DI CREDITO COOPERATIVO DI CAGLIARI - SOCIETA' COOPERATIVA
815600856405BE1B3579,MONTANINO S.R.L.
815600857F45E3102897,LA DORIA S.P.A.
8156008617BD3F029418,LATINA SPV S.R.L. IN LIQUIDAZIONE
8156008635F71CF38540,COMUNE DI CISON DI VALMARINO
81560086757D5A33B226,RAIFFEISENKASSE TISENS GENOSSENSCHAFT - CASSA RAIFFEISEN DI TESIMO SOCIETA' COOPERATIVA
815600868882FCA1BF03,AIGIS BANCA S.P.A. IN LIQUIDAZIONE COATTA AMMINISTRATIVA
81560086A37452325C16,CORDUSIO RMBS UCFIN S.R.L. IN LIQUIDAZIONE
81560086F9A46D08FD94,COMUNE DI SANREMO
81560086FC6C00CB8127,BANCA DI CREDITO COOPERATIVO DI BELLEGRA - SOCIETA' COOPERATIVA
8156008702C929BDA747,DUE SECURITISATION S.R.L.
8156008716A34B276875,COIMA SGR S.P.A.
81560087333F0B3F0F19,SALINI COSTRUTTORI S.P.A.
8156008737CA044FCB79,REKEEP S.P.A.
815600878FA385609495,LUCISANO MEDIA GROUP S.P.A.
81560087D48C6B3CA956,AZIENDA VENEZIANA DELLA MOBILITA' S.P.A.
81560087FEBD3664E733,HELIOPOLIS S.P.A.
815600881BABDABABE45,RENO SPV S.R.L.
815600885378108DC240,LIBERIO SPV S.R.L.
815600889DEEA162CF57,SUNRISE SPV 50 S.R.L.
81560088B57A84B33C64,I.CO.P. S.P.A. SOCIETA' BENEFIT
81560088D3671D12C194,GEMELLI SERVICE S.P.A.
81560089188F38108353,ROBERTO CAVALLI S.P.A.
815600891E138A658644,INNOVATEC S.P.A.
81560089544DE5686E63,COSMO SPV S.R.L.
815600896C81EEDD0214,TEMA - TECNOLOGIES AND MATERIALS - SRL
8156008984695730EE20,PANAREA SPV S.R.L.
81560089C2218D803654,MONTE CIVETTA SPV S.R.L.
8156008A0C22789B5438,REGIONE AUTONOMA FRIULI VENEZIA GIULIA
8156008A10714BD8A356,RAIFFEISENKASSE TIROL GENOSSENSCHAFT - CASSA RAIFFEISEN TIROLO SOCIETA' COOPERATIVA
8156008A6E218D304553,BRAMITO SPV S.R.L.
8156008AB2C451D09D65,DIGITOUCH S.P.A.
8156008AB768C360F861,"BANCA DEL TERRITORIO LOMBARDO CREDITO COOPERATIVO - SOCIETA' COOPERATIVA, O, IN FORMA ABBREVIATA, BTL"
8156008AFFA60CA99A63,PROVINCIA DI ROVIGO
8156008B101B97A43B02,Cementir Holding N.V.
8156008B254EF3388378,SAGRANTINO ITALY S.R.L.
8156008B43CE788F4932,BANCA AGRICOLA POPOLARE DI SICILIA SOCIETA' COOPERATIVA PER AZIONI
8156008B44EE7E841919,RAIFFEISENKASSE SCHENNA GENOSSENSCHAFT - CASSA RAIFFEISEN DI SCENA SOCIETA' COOPERATIVA
8156008B4C29706B0D94,SPV PROJECT 1907 S.R.L.
8156008B5A6D3D9AF935,MONRIF S.P.A.
8156008B6E3FA72BE976,"""TORRE SGR S.P.A."""
8156008B9546DAAC3A31,CANTIERE DEL PARDO S.P.A.
8156008BD5A392067E32,P&A PUBLIC LIGHTING S.P.A.
8156008BFBC06F53DD56,CEMBRE S.P.A.
8156008C289279AAF948,COMUNE DI SAREGO
8156008C44408AB6D716,SECO S.P.A.
8156008C567E39247751,FRANCHI UMBERTO MARMI S.P.A.
8156008C6A2DF6575D86,TRATTER ENGINEERING S.R.L.
8156008C6AD59E236F76,BANCA FINANZIARIA INTERNAZIONALE S.P.A. BREVITER BANCA FININT S.P.A.
8156008C6B33CC243C08,GFM S.P.A.
8156008C81E431B3E772,UNIPOLPAY S.P.A.
8156008CA0FBB2B15419,COVER 50 S.P.A.
8156008CAFC63C56F891,INDUSTRIA CHIMICA ADRIATICA - S.P.A. - IN SIGLA ICA S.P.A.
8156008CBDCE73B5D804,COMUNE DI PRATO
8156008D42C14D31C693,EXELITE S.P.A
8156008D4A17A1624795,DENZEL SPE S.R.L.
8156008D554C8264F132,K5 SPV S.R.L.
8156008D84861E936510,PRELIOS S.P.A.
8156008DA09068458068,FAE TECHNOLOGY S.P.A - SOCIETA' BENEFIT
8156008DEC771409C487,MUNDYS SPA
8156008E35A49E92F998,ASTI GROUP PMI S.R.L.
8156008E47177FCCBC67,CHIRON SPV S.R.L.
8156008E7F5AA458A963,ALOIS LAGEDER - S.P.A.
8156008E82BF2BFE0A35,BASIC NET S.P.A.
8156008EA55932A06053,STEEL LION S.R.L.
8156008EB882CB683A52,LEO CONSUMO 1 S.R.L. IN LIQUIDAZIONE
8156008F598B4A57DF90,EI TOWERS S.P.A.
8156008F78FD9373E444,GI GROUP S.P.A.
81560090173FFC67B069,ALERION CLEAN POWER S.P.A. IN FORMA ABBREVIATA ALERION S.P.A.
8156009027DEC776E736,SACE S.P.A.
815600902B345CC25475,M.E.P. - MACCHINE ELETTRONICHE PIEGATRICI - S.P.A.
815600903231FA2E7698,BANCA GENERALI - SOCIETA' PER AZIONI O IN FORMA ABBREVIATA: GENERBANCA
81560090E67089E67969,ROMA CAPITALE
81560090FE531AC98D97,PRINK S.P.A.
8156009100955F7DD473,BIANCAMANO S.P.A.
815600910EEA5C46D813,ASSOCIAZIONE INTERMEDIARI MERCATI FINANZIARI - ASSOSIM
8156009111DEE8553765,"""FINE FOODS & PHARMACEUTICALS N.T.M. S.P.A."""
815600914B5015427B51,ZURICH ITALY BANK S.P.A.
815600915738D6C80673,TRAM FINANCE S.R.L.
81560091574B0CCEFB73,BANCA DI CREDITO COOPERATIVO DI BRESCIA - SOCIETA' COOPERATIVA IN FORMA ABBREVIATA BCC BRESCIA - SOCIETA' COOPERATIVA
815600915BA9AD9AF517,CIPRIANI PROFILATI SB C S.R.L.
8156009177507BD81273,ITALIA INVESTIMENTI SRL
81560091D118366F8A04,CANASTA SPV S.R.L.
81560091FE0AABE37693,BANCA PROGETTO S.P.A.
81560092056958E5A476,VELA HOME S.R.L.
8156009224274C4E3897,OLIMPIA SPV S.R.L.
815600925CD848EDBA96,TINEXTA S.P.A.
815600928BF890C5C787,BUSINESS INTEGRATION PARTNERS S.P.A.
81560092DE12DF231D78,FUTURA INVEST S.P.A. O IN FORMA ABBREVIATA FUTURA S.P.A.
81560092E410FF6BA468,CARDIOLINE S.P.A.
81560092F96A03067D18,VDA GROUP S.P.A.
8156009305CC58366B12,COMUNE DI BOLOGNA
815600931AB3D468D034,CANTINA OFFIDA S.R.L.
815600935AB23AE0D791,TANARO SPV S.R.L.
8156009414FD99443B48,HERA S.P.A.
815600942257106CF422,COMUNE DI SAN STINO DI LIVENZA
81560094408353655D47,VETTE SPV S.R.L.
815600944FCC95982179,MONETIC S.P.A.
815600946B4C9B9D5705,GENERAL SMONTAGGI S.P.A.
8156009471CB5E063D39,SPV PROJECT 1905 S.R.L.
8156009499D0A080FA62,"""BANCA DI CREDITO COOPERATIVO DI BARLASSINA"" SOCIETA' COOPERATIVA"
815600949D9905878C77,CASSA RURALE ED ARTIGIANA DI RIVAROLO MANTOVANO (MANTOVA) CREDITO COOPERATIVO - SOCIETA' COOPERATIVA
81560094A389646CAF21,F.I.L.A - FABBRICA ITALIANA LAPIS ED AFFINI - SOCIETA' PER AZIONI SIGLABILE IN FORMA F.I.L.A. S.P.A. O IN FORMA ABBREVIATA CON LA DICITUARA ANTICIPATA DAL SIMBOLO DEL GIGLIO STILIZZATO
81560094ADFB64C48735,TUNDO VINCENZO S.P.A.
81560094D50B119C1486,OPENJOBMETIS SPA AGENZIA PER IL LAVORO
81560094DB998A263A75,CAMELOT SPE S.R.L.
81560094FBE0B4BEF152,MATRUNITA MEDITERRANEA S.R.L. - IN LIQUIDAZIONE
8156009539C883586092,BANCA DI CREDITO COOPERATIVO BERGAMASCA E OROBICA - SOCIETA' COOPERATIVA
815600954222ADC4D388,LUCULLO S.R.L.
81560095CD41F235F688,BAHIA SPE S.R.L.
81560095D5FC1446EC84,"YOOX NET-A-PORTER GROUP S.P.A. O, IN FORMA ABBREVIATA, ""YNAP S.P.A."""
81560095E5C286EA9562,ISYBANK S.P.A.
81560095ECFF97F31B56,PLISSE' S.P.A.
81560096955A1B2F4C50,DANIELI MIDCO S.P.A.
81560096A9AEBBBD4B25,SOL S.P.A.
81560096C87A5161B705,PRELIOS SOCIETA' DI GESTIONE DEL RISPARMIO S.P.A.
81560096CCC69EA6F768,CONAFI S.R.L.
81560096E0DA76818C96,AEFFE S.P.A.
81560096F26ACF910809,DIGITAL VALUE S.P.A.
8156009726ECF4341323,COMUNE DI MAROSTICA
8156009729A39576B317,MEDIA-MAKER S.P.A.
815600974B1F05CE5871,SUNRISE SPV 40 S.R.L.
815600978F6F6E872B94,GRUPPO WASTE ITALIA S.R.L.
81560097DD19407C3F80,NADARA ITALY S.P.A.
81560097F3A488A0F474,RAPHAEL SPV S.R.L.
81560097FCDDEC265E91,CAPITAL FOR PROGRESS SINGLE INVESTMENT S.P.A.
815600985E310959B734,OBJECTWAY S.P.A.
81560098BAD40A113B40,SOLIS S.P.A.
81560099383646EBBB04,"""ARTI GRAFICHE BOCCIA"" - S.P.A. -"
81560099561B08882483,CECCATO AUTOMOBILI S.P.A.
815600995DB56A8DA969,GESENU S.P.A. GESTIONE SERVIZI NETTEZZA URBANA - SOCIETA' PER AZIONI
8156009966F0F594D875,DIGITAL360 S.P.A.
815600997A3FA7F18434,ROSSS S.P.A.
815600997B5C6986D858,T.I. SPV S.R.L.
81560099BA91BAAD9A88,AGATHOS FINANCE S.R.L.
81560099F1500F5FEE39,CASA DI CURA PRIVATA S.M. MADDALENA S.P.A.
8156009A05D870E43030,BANCA DI CREDITO COOPERATIVO DI ANAGNI - SOCIETA' COOPERATIVA
8156009A4F5FDF081C93,SOFT STRATEGY S.P.A.
8156009A8F20F178A470,BAYON S.R.L.
8156009AE49ACCA3B147,CONCESSIONI AUTOSTRADALI SOCIETA' PER AZIONI
8156009B4BCE42A5BF82,HAYWAVE SPV S.R.L.
8156009B4E1A08296A35,"BLUE SOCIETA' DI GESTIONE DEL RISPARMIO SOCIETA' PER AZIONI O, IN FORMA ABBREVIATA, BLUE SGR S.P.A."
8156009B502365553941,"COLLIERS GLOBAL INVESTORS ITALY SOCIETA' DI GESTIONE DEL RISPARMIO PER AZIONI, O IN FORMA ABBREVIATA, COLLIERS GLOBAL INVESTORS ITALY SGR S.P.A."
8156009B5CF14E0E5A05,RUBIDIO SPV S.R.L.
8156009B769F824AF084,SETTENTRIONALE TRASPORTI - S.P.A.
8156009BD49B23D94D63,PJT 2411 S.R.L.
8156009BE4AAABA76849,ALISEI - SOCIETA' DI GESTIONE DEL RISPARMIO - S.P.A.
8156009C252A56CA6782,BANCA DI CREDITO COOPERATIVO DI SAN MARZANO DI SAN GIUSEPPE - TA RANTO - SOCIETA' COOPERATIVA
8156009C2617D40C6616,BANCA SIMETICA S.P.A.
8156009CA6D88895D463,CIRENE FINANCE S.R.L.
8156009CEEE1B8C7C646,MONTE TITOLI S.P.A.
8156009D28E8A6B1C106,SAVE S.P.A.
8156009D425562DF7036,SMART CAPITAL S.P.A.
8156009D703BF86C6880,BANCA DEL PIEMONTE S.P.A.
8156009DE35DEE429F54,HIGHTEL TOWERS S.P.A.
8156009DEBA2E3B7C465,GRIFAL S.P.A.
8156009E94ED54DE7C31,"""TERNA - RETE ELETTRICA NAZIONALE SOCIETA' PER AZIONI"" (IN FORMA ABBREVIATA ""TERNA S.P.A."")"
8156009EB524C3EAEF33,PROVINCIA DI MASSA CARRARA
8156009F40F6523F7022,BLU BANCA S.P.A.
8156009F4602B5E67F66,CASSA RURALE ED ARTIGIANA DI CASTELLANA GROTTE - CREDITO COOPERATIVO - SOCIETA' COOPERATIVA
8156009F95C37526C483,BASTOGI S.P.A.
8156009FD9FCC26C8670,NEXTAM PARTNERS SIM S.P.A.
815600A029117B20DD63,"ILLIMITY BANK S.P.A. IN FORMA ABBREVIATA ""ILLIMITY S.P.A."""
815600A033443037ED66,DATALOGIC S.P.A.
815600A0876397547543,"FABRICA IMMOBILIARE - SOCIETA' DI GESTIONE DEL RISPARMIO SOCIETA' PER AZIONI - IN FORMA ABBREVIATA ""FABRICA IMMOBILIARE SGR"""
815600A08DEE8E5FEF34,BANCA DELLA VALSASSINA CREDITO COOPERATIVO - SOCIETA' COOPERATIVA
815600A0E065F85C8565,COMUNE DI BAISO
815600A17A45C8A95C27,"""INTEGRAE SOCIETA' DI INTERMEDIAZIONE MOBILIARE S.P.A."" ABBREVIABILE IN ""INTEGRAE SIM S.P.A."""
815600A19D2D906DAB10,ITALIAN DREAM TEAM S.R.L.
815600A1A016B273BF61,POLLUCE SPE S.R.L.
815600A1F5788F8EB973,PATRIMONIO DEL TRENTINO S.P.A.
815600A23287488E7C07,CAPITAL MORTGAGE S.R.L.
815600A23DEC01438242,COMUNE DI LA SPEZIA
815600A253A0AF58C166,JUVENTUS F.C. - S.P.A. O JUVENTUS FOOTBALL CLUB S.P.A.
815600A2B3D017BB2A26,PROVINCIA DI PADOVA
815600A2B9FA23321C73,AMANDATOUR S.P.A.
815600A2FDC82B60C355,ENERGY PRODUCTION INDUSTRY COMPANY SRL
815600A2FED2DB628004,DAMIANO S.P.A.
815600A3130536E4FB49,CARAVAGGIO SPE S.R.L.
815600A32DA05F693F24,LA CASSA DI RAVENNA S.P.A.
815600A339665E59B196,BANCA DI CREDITO COOPERATIVO DEL BASSO SEBINO-SOCIETA' COOPERATIVA
815600A3408D82786181,LUSSO S.R.L.
815600A388447E513425,DIAMANTE SPV S.R.L.
815600A3B7F4B84AB037,CONSULTINVEST INVESTIMENTI S.P.A. SOCIETA' DI INTERMEDIAZIONE MOBILIARE ABBREVIABILE IN: CONSULTINVEST INVESTIMENTI - S.I.M. S.P.A.
815600A3B97D6806F530,PROVINCIA DI PRATO
815600A3C498BB795937,COMUNE DI RIESE PIO X
815600A3F969AA3C6B36,PINKERTON SPV S.R.L.
815600A41BAE508B4978,BANCA DI BARI E TARANTO - CREDITO COOPERATIVO - SOCIETA' COOPERAT IVA
815600A440B9C73CB427,ASTORE SPV S.R.L.
815600A451B54F577118,CORPORATE FAMILY OFFICE SIM S.P.A. - SOCIETA' DI INTERMEDIAZIONE MOBILIARE - ABBREVIATA CFO SIM S.P.A.
815600A45FDA847DB191,PHARMA FINANCE 3 S.R.L.
815600A48D7EC0F3DD49,SPINOSA S.P.A.
815600A4908BF25EB205,GENERALI OPERATIONS SERVICE PLATFORM S.R.L.
815600A4A6A0135EE614,GUERNICA SPE S.R.L. IN LIQUIDAZIONE
815600A4DA95C74BB576,DIRECTA SIM S.P.A.
815600A514DFC9DD6A91,COMUNE DI UDINE
815600A5494BCE22C430,SAN MAURO S.P.A.
815600A5781A3ED20E28,DANIELI PROPERTY S.P.A.
815600A589BBA1978534,Q & T S.R.L.
815600A5A4ACBBD6FE77,BRUNETTA D'USSEAUX & C. SOCIETA' DI INTERMEDIAZIONE MOBILIARE PER AZIONI
815600A5BA8EA3FD9914,SACE BT S.P.A.
815600A5C1DD6C3A8455,CPL CONCORDIA SOCIETA' COOPERATIVA IN FORMA ABBREVIATA CPL CONCORDIA SOC. COOP.
815600A5F2199EFB6F60,PRELIOS CREDIT SERVICING S.P.A.
815600A6212F1C1E9664,NPL SECURITISATION EUROPE SPV S.R.L.
815600A681C955B1CA53,REGIONE AUTONOMA VALLE D'AOSTA
815600A7132D8F7B4192,*DE MATTEIS AGROALIMENTARE S.P.A.
815600A74B134D689034,RUBICON SPV S.R.L.
815600A7592B893A3907,"EUROPA RISORSE SOCIETA' DI GESTIONE DEL RISPARMIO PER AZIONI O, IN FORMA ABBREVIATA, EUROPA RISORSE SGR S.P.A."
815600A7750749C5B936,RAIFFEISENKASSE UNTEREISACKTAL GENOSSENSCHAFT - CASSA RAIFFEISEN BASSA VALL'ISARCO SOCIETA' COOPERATIVA
815600A77CB3F6C36459,FINAFARM SPV S.R.L.
815600A7944DF3A89F48,FONDERIE CERVATI S.R.L.
815600A7A16267D7A564,RADIO DIMENSIONE SUONO - SOCIETA' PER AZIONI
815600A7B712FBC1BD34,DIAMOND TR S.R.L. IN LIQUIDAZIONE
815600A7BA55A9F61F22,IMI FABI S.P.A.
815600A8452834CFFB63,MARZOTTO SOCIETA' DI INTERMEDIAZIONE MOBILIARE S.P.A.
815600A881094F5E9C23,PM OIL & STEEL S.P.A.
815600A8E4B84091C564,PAGANELLA 2001 S.P.A.
815600A9065FDC44D049,PIETRA NERA UNO S.R.L.
815600A90C55FF7DF781,BREM SRL
815600A91A3328A78725,COMUNE DI PARMA
815600A960F3539DD239,"HELVETIA VITA COMPAGNIA ITALO-SVIZZERA DI ASSICURAZIONI SULLA VITA S.P.A. E IN FORMA ABBREVIATA ""HELVETIA VITA S.P.A."""
815600A9653D7A390445,BFC AI MEDIA SPA O IN BREVE BFC MEDIA SPA
815600A9A7E51D604988,MAC DUE S.P.A.
815600A9C09D82FF2B66,"""EMAK S.P.A."""
815600A9C5B0C9308996,ELETTRA 1938 S.P.A.
815600A9D2FBB26CD958,PANDORA SPE S.R.L.
815600AA335E51233F89,MEDIA FINANCE S.R.L.
815600AA33D7B8CD3997,RIVIERA NPL S.R.L.
815600AA4525479C8138,GEOX S.P.A.
815600AA602FCDB2F445,MY CHOICE S.R.L.
815600AA644865177466,ACERBIS ITALIA S.P.A.
815600AAAED8D21F0981,"""IFIR - ISTITUTI FINANZIARI RIUNITI S.P.A."" IN SIGLA ANCHE ""IFIR S.P.A."""
815600AACEC00DFEFE02,CITTA' METROPOLITANA DI PALERMO
815600AAE06DA278E432,BIOGENERA S.P.A.
815600AAF25D91C47496,EBB EXPORT S.R.L.
815600AAF9CE0BDD0F17,ARISTONCAVI S.P.A.
815600AB2BDB42BC0E81,WIIT S.P.A.
815600AB5A5CEDD96A90,COPERNICO - SOCIETA' DI INTERMEDIAZIONE MOBILIARE S.P.A. IN BREVE COPERNICO SIM S.P.A.
815600AB6FA8AADC8739,FNM S.P.A.
815600AB7AE13EBFF282,IPPOCRATE SPV S.R.L.
815600ABA2C7DE069070,COMUNE DI GUASTALLA
815600ABFF26D15A4920,ASCOPIAVE S.P.A.
815600AC2A2BA9A52F22,OSAI AUTOMATION SYSTEM S.P.A. SOCIETA' BENEFIT
815600AC8CBE8E872853,DUETTI PACKAGING SRL
815600ACC18A758ADE66,ISTITUTO PER IL CREDITO SPORTIVO E CULTURALE S.P.A.
815600ACCC7B5A771459,GINO RAG. FELICE & FIGLIO - S.P.A.
815600AD0517EABD4E86,PROVINCIA DI SAVONA
815600AD15445FE0AD75,OTTANTE SPV S.R.L.
815600AD2A7F68612621,BCC BASILICATA - CREDITO COOPERATIVO DI LAURENZANA E COMUNI LUCANI - SOCIETA' COOPERATIVA
815600AD4C16EB1A7F73,COMUNE DI PERUGIA
815600AD84D01FA1B361,COSTRUZIONI BARLETTA S.P.A.
815600AD89DF97D4E863,"BANCA DI SCONTO S.P.A. O IN FORMA ABBREVIATA ""BANCA DI SCONTO"" O ""BSC BANCA"""
815600ADE74B26BBC232,BANCA DI CREDITO COOPERATIVO DELL'ADRIATICO TERAMANO - SOCIETA' COOPERATIVA
815600AE07AC2A27EE13,RESTART SPV S.R.L.
815600AE1C30BCE6DF75,COMUNE DI SARCEDO
815600AE3A7C4294E250,UNIONE FIDUCIARIA S.P.A. SOCIETA' FIDUCIARIA E DI SERVIZI DELLE BANCHE POPOLARI ITALIANE - IN BREVE UNIONE FIDUCIARIA S.P.A.
815600AE5B79987C6A74,PRODEA GROUP S.P.A.
815600AE6C7BED4A0192,FLAMINIA SPV S.R.L. IN LIQUIDAZIONE
815600AE8E3A5A875A26,FENICIA S.P.A.
815600AED8B8D7E5D845,PROVINCIA DI MODENA
815600AEEF58E081DF22,AMALTEA SPV S.R.L. IN LIQUIDAZIONE
815600AEFCB1943AD012,P2P LENDIT S.R.L.
815600AF15EA7A3CEC74,GISMONDI 1754 S.P.A.
815600AF2C2FBC9B0588,VULCAN SPV S.R.L.
815600AF395F1D5D1F42,COMOI CONSULTING SRL
815600AF7A48AC9C3C17,MAGELLANO SPE S.R.L.
815600AF828DDDECFF75,FACCHIN CALCESTRUZZI S.R.L.
815600AFC58BE2FFD683,SIRIO S.P.A.
815600AFE4040CCF5525,COMUNE DI MONDAVIO
815600AFFB219571E004,JUNE SPV S.R.L.
815600B00054CA745098,ITALEAF S.P.A.
815600B00E639D529578,LEONE SPV S.R.L.
815600B037959338EC52,PITTI SPV S.R.L.
815600B0729BE8E2DD83,ASPERA SOCIETA' PER AZIONI IN LIQUIDAZIONE
815600B0902E9C5FF703,AUGUSTO S.R.L.
815600B09C0CC8A45283,BVG CREDIT FINANCE S.R.L.
815600B0C72FCA97D419,METCO SRL
815600B0CF4E59A8F458,ESAUTOMOTION S.P.A.
815600B11BCB2AFDE431,SISAL S.P.A.
815600B12A035CEEFD62,BANCA LAZIO NORD CREDITO COOPERATIVO - SOCIETA' COOPERATIVA PER AZIONI
815600B12D8B57532713,"ITALO - NUOVO TRASPORTO VIAGGIATORI S.P.A. O IN FORMA ABBREVIATA ""ITALO S.P.A."""
815600B13AD31D39D678,BANCA DI CREDITO COOPERATIVO DI AQUARA-SOCIETA' COOPERATIVA
815600B1404758062D36,CASSA DI RISPARMIO DI FOSSANO S.P.A.
815600B141121DCE3738,ITAS ISTITUTO TRENTINO ALTO ADIGE PER ASSICURAZIONI SOCIETA' MUTUA DI ASSICURAZIONI IN SIGLA ITAS MUTUA
815600B166AFC3644107,COMUNE DI FIRENZE
815600B23FA07970C102,"ALIMENTARI NORDITALIA S.P.A.ALINOR C/SIGLA ""ALINOR SPA"""
815600B24F58D46F3857,COMUNE DI PIACENZA
815600B274C1A04C1056,SPV PROJECT 1806 S.R.L.
815600B283DC6683D832,EUROTECH S.P.A.
815600B2C537E2125D63,SIGNAL MORELLO SPV S.R.L.
815600B2D418492C9810,RAIFFEISENKASSE SARNTAL GENOSSENSCHAFT - CASSA RAIFFEISEN VAL SARENTINO SOCIETA' COOPERATIVA
815600B2F3226849D975,USCO S.P.A.
815600B334A533B85D35,CLARIS SME 2011 S.R.L. IN LIQUIDAZIONE
815600B3426809A3B037,COMUNE DI ANCONA
815600B36C353D0DEC24,COMES S.R.L. IN LIQUIDAZIONE
815600B3A4CE6C183C72,POSILLIPO FINANCE S.R.L.
815600B42D80C2493B22,SPV PROJECT 1714 S.R.L.
815600B43BECA3919584,BANCA PROMOS S.P.A.
815600B44D1DAA718D43,NPL SECURITISATION ITALY SPV S.R.L.
815600B4AC8CCF6D5D57,ASKOLL EVA S.P.A.
815600B4B3FABBA46E04,ALFASIGMA S.P.A.
815600B5A644C9D49A43,LUCART SPA
815600B5C61A10BBB451,BANCA SISTEMA S.P.A.
815600B5D89DAB660021,IMMSI S.P.A.
815600B5DD67A71B4512,COMUNE DI CASTELFRANCO VENETO
815600B5F9474E58A549,CAD IT S.P.A.
815600B5FB11DCF01629,COMUNE DI CASARILE
815600B616BE20FA6826,SIERRA ONE SPV S.R.L.
815600B634BB07E05C27,PONTORMO RMBS S.R.L.
815600B673D187134962,"""ISAIA E ISAIA S.P.A."""
815600B6B10EF9A93F47,BEAUTY HOLDING S.P.A.
815600B6B356EC776E54,CASSA DI RISPARMIO DI VOLTERRA - S.P.A.
815600B6FCC29FEC5087,BESTBE HOLDING S.P.A.
815600B72D7D3C566495,PENELOPE - S.P.A.
815600B78DDCD369D765,"""AUTO GUIDOVIE ITALIANE SOCIETA' PER AZIONI"" ENUNCIABILE ANCHE, IN FORMA ABBREVIATA ""AUTOGUIDOVIE S.P.A."" O ""AGI S.P.A."""
815600B78DFD4ECC3465,AUGUSTUS SPV S.R.L.
815600B7B290C661CA43,MAGIS S.P.A.
815600B7F155D531E022,EAGLE SPV S.R.L.
815600B7FCBD45809630,COMUNE DI CORREGGIO
815600B7FE263A40BA31,COMUNE DI POMIGLIANO D'ARCO
815600B8027DA724EC81,EDILIZIACROBATICA S.P.A.
815600B80820192C8579,"COMPAGNIA ITALIANA DI PREVIDENZA, ASSICURAZIONI E RIASSICURAZIONI S.P.A. O BREVEMENTE ITALIANA ASSICURAZIONI S.P.A."
815600B85CE74AF69432,TORINO HOTEL IMMOBILIARE S.R.L.
815600B8B4276D0F9E28,COMUNE DI FERRARA
815600B8BBFD71C6A145,CREDEM EUROMOBILIARE ADVISORY SOCIETA' DI INTERMEDIAZIONE MOBILIA RE S.P.A. IN FORMA ABBBREVIATA CREDEM EUROMOBILIARE ADVISORY SIM S.P.A.
815600B8F53831225502,SVIM TOWER S.P.A.
815600B9149F66E77F76,TECHNOGYM S.P.A.
815600B92240109CE211,CASILLO SOCIETA' PER AZIONI
815600B954F8C41F6576,F-E MORTGAGES S.R.L. IN LIQUIDAZIONE
815600B96B5ACCE1B345,PRIMULA SPV S.R.L.
815600B98A2B5B93A014,COMUNE DI SCANDICCI
815600B9F101ADEF1D53,KASTOR S.R.L.
815600BA143192887156,COMUNE DI BAGNOLO IN PIANO
815600BA43F349D80534,LANCELOT SPE S.R.L.
815600BA5114662F4B80,RENOVALO S.P.A. SOCIETA' BENEFIT
815600BA96A753D68862,COTONIFICIO ALBINI S.P.A.
815600BAB205C488D075,SEC NEWGATE S.P.A.
815600BAC831D32F8639,CARTIERE VILLA LAGARINA SPA
815600BB8B23AFC4D148,BI & S S.R.L.
815600BB99A23ECC2407,COMUNE DI FORLI'
815600BC1CDBB03B7D52,UNIGROUP S.P.A.
815600BC28C745DE2032,ANDRIANI S.P.A.
815600BC6ADE70678491,AMBRA SPV S.R.L. IN LIQUIDAZIONE
815600BCA706E397CE36,CREDITO COOPERATIVO MEDIOCRATI - SOCIETA' COOPERATIVA
815600BCA9C640152526,SPV PROJECT 1713 S.R.L.
815600BCEA4EE8F02106,MIT SOCIETA' DI INTERMEDIAZIONE MOBILIARE S.P.A. ABBREVIABILE IN MIT SIM S.P.A.
815600BCFE089DAD4446,ILIZIA SPE S.R.L.
815600BD19905AEA7584,CONDOR S.P.A.
815600BD87B3EACDB916,"""K4A S.P.A."" IN LIQUIDAZIONE"
815600BDB91CFF904A37,BANCA DI CREDITO COOPERATIVO DI PUTIGNANO SOCIETA' COOPERATIVA
815600BDBBCC1431D872,"""ROMAGNABANCA CREDITO COOPERATIVO ROMAGNA EST E SALA DI CESENATICO S.C."" IN FORMA ABBREVIATA ""ROMAGNABANCA CREDITO COOPERATIVO S.C."""
815600BDFC3437C56B21,ENERGY LAB S.P.A.
815600BE2EBEDD95A778,TOWERS CONSUMER S.R.L.
815600BE39854E0C9485,RAIFFEISENKASSE PASSEIER GENOSSENSCHAFT - CASSA RAIFFEISEN DELLA VAL PASSIRIA SOCIETA' COOPERATIVA
815600BEB2A5426B0084,COMER INDUSTRIES S.P.A.
815600BEB84262193263,"BANCA MONTE PRUNO - CREDITO COOPERATIVO DI FISCIANO, ROSCIGNO E LAURINO - SOCIETA' COOPERATIVA"
815600BEDDC94D402834,COMUNE DI CARRARA
815600BEE9123CD92E12,"BANCA VALSABBINA SOCIETA' COOPERATIVA PER AZIONI IN BREVE ""LA VALSABBINA"""
815600BEF906E6D13440,ESPE S.P.A.
815600BF1D4193F83108,I.L.P.R.A. S.P.A.
815600BF31ACA866D217,D-ORBIT SOCIETA' PER AZIONI
815600BF8971B4913A66,TIBULLO SPV S.R.L.
815600BFC0439E500F95,FARO SOCIETA' COOPERATIVA AGRICOLA PER AZIONI
815600BFE4BE57267642,FAW1 SPV S.R.L.
815600BFE6EF9CBAA910,ONTARIO SPE S.R.L.
815600C01BE771971727,EMMA SPV S.R.L.
815600C05FEE606C6309,"CAIXABANK, S.A."
815600C091EB1F30A929,BORGONUOVO S.P.A.
815600C0EE5A003E2F64,COMUNE DI VILLA MINOZZO
815600C1088A252C7003,IRON SPV S.R.L.
815600C14DBDA087A338,MILO SPV S.R.L.
815600C17131B2A02F31,PASTA ZARA S.P.A.
815600C198FBD999D761,TEDA CAPITAL S.R.L.
815600C1B84991D80207,BOERO BARTOLOMEO - SOCIETA' PER AZIONI
815600C1F047AC46C150,GIOCAMONDO STUDY S.P.A.
815600C1F189CFBDBD47,PRODUZIONE DI PROSCIUTTI MARCHE S.P.A.
815600C201329FE83A59,AMERINA SPV S.R.L.
815600C21A3D20C5FA40,CLEVERTECH S.P.A.
815600C24240F5072990,BANCA SAN FRANCESCO CREDITO COOPERATIVO SOCIETA' COOPERATIVA
815600C28E461AE6F642,PROMAC S.R.L.
815600C2B25659C00212,KWAY SPV S.R.L.
815600C2CA7266060B16,DAFNE SPV S.R.L.
815600C2F269FFDA7361,BNT PORTFOLIO SPV S.R.L.
815600C347D620992C41,AZIMUT CAPITAL MANAGEMENT SOCIETA' DI GESTIONE DEL RISPARMIO S.P.A. O IN BREVE AZIMUT CAPITAL MANAGEMENT SGR SPA
815600C364F75414DE09,CITTA' METROPOLITANA DI BOLOGNA
815600C36B3D0988AB30,AQUAFIL S.P.A.
815600C37D143125C829,RUBICON II SPV S.R.L.
815600C3BB196D235455,I GRANDI VIAGGI S.P.A.
815600C3F1D1BC6BAD31,REGIONE BASILICATA
815600C3FCF92D6F0066,SMART BANK S.P.A.
815600C41423BF4CC386,BIESSE S.P.A.
815600C42930CADDF414,IDROGENO SPE S.R.L.
815600C42BE948930A26,ARPER S.P.A.
815600C45A63B2E54D58,ALFIO BARDOLLA TRAINING GROUP S.P.A.
815600C4876C289A1176,AIMAG S.P.A.
815600C4A6A2C4C19A23,F A B S.R.L.
815600C4FA0095850B96,TRICOLORE 2019 S.R.L.
815600C51BDED1EAA329,COOPERATIVA SOCIALE E DI LAVORO OPERATORI SANITARI ASSOCIATI
815600C51E545058C757,GABETTI PROPERTY SOLUTIONS S.P.A.
815600C52BE115409C72,A.P.A.C. S.R.L.
815600C52EB6EBC14590,KME GROUP S.P.A.
815600C53A3EC69C7179,ITALIAN FOOD - S.P.A. - INDUSTRIA CONSERVE ALIMENTARI (ITALIAN FOOD S.P.A.)
815600C5436A89F18787,TOLOMEO FINANCE S.R.L.
815600C57C83B45B9D94,SLH SRL
815600C58604C1816820,PROVINCIA DI RIMINI
815600C5897062C3D403,POPOLARE BARI NPLS 2017 S.R.L.
815600C58CB170C66887,CREDITO COOPERATIVO - CASSA RURALE ED ARTIGIANA DI PALIANO - SOCIETA' COOPERATIVA
815600C5D934D5162E91,GUALA PACK S.P.A.
815600C63A9A48630648,BUTTERFLY SPV S.R.L.
815600C647D30A524686,"COGNE ACCIAI SPECIALI S.P.A. IN FORMA ABBREVIATA: ""C.A.S. S.P.A."" O ""COGNE S.P.A."""
815600C68C928D8F9593,GRUPPO ILLY S.P.A.
815600C6D66F19D6AA80,ORIONE SPE S.R.L.
815600C6F7496F9B4023,VIVIBANCA SOCIETA' PER AZIONI
815600C70CC9F9523A19,MONDRIAN SPE S.R.L.
815600C758E0E979E874,COMUNE DI DUEVILLE
815600C79D0F31F4D395,"""INTERPUMP GROUP S.P.A."""
815600C8161A8FD5C295,CENTRO HL DISTRIBUZIONE S.P.A. AVENTE QUALE SIGLA HL - S.P.A. DENOMINAZIONE ABBREVIATA: CHL S.P.A.
815600C8468B710DF468,PILLARSTONE ITALY SPV S.R.L.
815600C851C90CAE6438,GAROFALO HEALTH CARE S.P.A.
815600C85ECFB5C8B065,MEDEA SPV S.R.L.
815600C8A87E9162B043,LANDI RENZO S.P.A.
815600C8AAB9EC9CBB69,ADVICE GROUP SOCIETA' PER AZIONI
815600C8BD2D983D4636,COSWELL S.P.A.
815600C8F387BB90B239,COMUNE DI CASALPUSTERLENGO
815600C91563C0B51D17,COMUNE DI TROIA
815600C926828A0DED62,ROSSETTO CEREALI S.P.A.
815600C926F389B4B615,CENTOTRENTA SERVICING S.P.A.
815600C98198B4F9AC06,SUNRISE SPV Z70 S.R.L.
815600C9E06DC0E8F888,FOPE S.P.A.
815600CA3E1754A32C78,ITALIAONLINE S.P.A.
815600CA6500808A9245,2019 POPOLARE BARI RMBS S.R.L.
815600CA7FF637CE3457,RE START 1 SPV S.R.L.
815600CAAB0B9F509140,N.T.M. S.P.A.
815600CACBFBD43F4A54,BIAUTO S.R.L.
815600CAE53E83083A60,"CONSORZIO STABILE SIS SOCIETA' CONSORTILE PER AZIONI SIGLABILE SIS SCPA , CONSORZIO STABILE SIS SCPA, SIS S.C.P.A., SCPA CONSORZIO STABILE SIS, S.C.P.A. CONSORZIO STABILE SIS"
815600CB08A26F32EA20,SOURCESENSE S.P.A.
815600CB34304575CB70,TECNOCAP SPA
815600CB3F7181E63A07,COMUNE DI CASINA
815600CB747786732527,HILLARY S.P.A.
815600CB8718688AB450,ALMA MEDIA S.P.A.
815600CB93311F9F2A51,MASI AGRICOLA S.P.A. E PER BREVITA' M.AGRI S.P.A.
815600CC056C16AED440,AGORA INVESTMENTS- SOCIETA' DI GESTIONE DEL RISPARMIO SPA
815600CC4036A8C49B08,ENERGON ESCO S.P.A.
815600CC46C763541F50,QUINTO SISTEMA SEC. 2017 S.R.L.
815600CCA0900A16F311,BANCA DI PIACENZA SOCIETA' COOPERATIVA PER AZIONI ENUNCIABILE ANCHE BANCA DI PIACENZA SOC.COOP. PER AZIONI
815600CCCA2B40C4B779,OFFICINE METALLURGICHE G. CORNAGLIA S.P.A. SIGLABILE*CORNAGLIA S.P.A.
815600CCD64C2D8CDF94,ASTREA TRE SPV S.R.L.
815600CD21E818779138,BANCA POPOLARE COMMERCIALE S.P.A.
815600CD4CC8AE191A95,SYSTRA S.P.A.
815600CD933CB2F89862,INDUSTRIE DE NORA S.P.A.
815600CDAC29300F3D66,SAVINO DEL BENE TRASPORTI INTERNAZIONALI AGENZIA MARITTIMA S.P.A.
815600CE365E21043452,JSH GROUP S.P.A.
815600CE39F63ED16E87,WASTE ITALIA S.R.L.
815600CE74DAFAE58090,INTRED S.P.A.
815600CE8997AB730738,"BANCA DI CREDITO COOPERATIVO DI ALBEROBELLO, SAMMICHELE E MONOPOL I - SOCIETA' COOPERATIVA"
815600CEA40E8ACB4608,PAMA S.P.A.
815600CEC2F5CA193226,BANCA DI CREDITO COOPERATIVO DI SAN GIOVANNI ROTONDO - SOCIETA' C OOPERATIVA
815600CEC57AD8A5FC60,ROMA TREVI S.P.A.
815600CED01F0CF47A95,COMUNE DI REGGIOLO
815600CF3E7EA8D91319,COMUNE DI VIAREGGIO
815600CF5C54AA9C0721,EQUITA GROUP S.P.A.
815600CF7B5169BBF109,GAS PLUS S.P.A.
815600CF98CD73D6B534,GMC FARMA RETAIL S.P.A.
815600CFA03BAA5D7644,COMUNE DI COLLEGNO
815600CFB879662B1F94,SIPCAM OXON S.P.A.
815600CFC76F04237253,TOWER FINANCE S.R.L.
815600CFDA74E47DCA73,GIADA SPE S.R.L.
815600D07B00DEF3B768,"EVA RENEWABLE ASSETS S.P.A. O IN BREVE ""ERA S.P.A."""
815600D087FA1642B780,MANU SPV S.R.L.
815600D0B88FBB452555,SPV PROJECT 1505 S.R.L.
815600D0E5EC5960C267,OFFICINA STELLARE S.P.A.
815600D1357E1A9DCC17,DAVIS & MORGAN S.P.A.
815600D173AD40D61251,ACQUEVENETE S.P.A.
815600D187869D9B6293,INNOVAWAY S.P.A.
815600D1BF865AA20B89,POLARIS SPV S.R.L.
815600D21F451BBBA037,"""GMFINANCE S.P.A."""
815600D22A1943320E18,LUMEN SPV S.R.L.
815600D294B2DE8E0024,ARTEMIDE SPE S.R.L. - IN LIQUIDAZIONE
815600D2A535AB310937,"BCC VENETA - CREDITO COOPERATIVO - SOCIETA' COOPERATIVA IN FORMA ABBREVIATA ""BCC VENETA"""
815600D2F3EFE8C1F084,OPS RETAIL S.P.A.
815600D340F159164078,CRIO SPV II S.R.L.
815600D34F065A037F83,UNICA MULTI-MATERIAL PLASTIC MOLDING S.R.L.
815600D369E3BA71B267,"INIZIATIVE BRESCIANE - INBRE - S.P.A., O, PER BREVITA', ANCHE SOLO INBRE - S.P.A."
815600D36A8D599AFB90,FRATELLI POLLI S.R.L.
815600D376EA22493654,BNP PARIBAS REAL ESTATE INVESTMENT MANAGEMENT ITALY SOCIETA' DI GESTIONE DEL RISPARMIO P.A.
815600D3D12A6EAC9004,CALTAGIRONE EDITORE SOCIETA' PER AZIONI
815600D47D3290BEC716,PROVINCIA DI PESARO E URBINO
815600D50766A2B0F776,NICE S.P.A.
815600D54BF9FE7D9692,COMUNE DI SAVONA
815600D5620DEE5C6459,ALDEBARAN FINANCE S.R.L.
815600D581F8552C4F54,DIGITAL BROS S.P.A.
815600D5FBBD9850C426,RENCO GROUP S.P.A.
815600D61179D1F3D073,NEGRI BOSSI S.P.A.
815600D6259947FFB231,COMUNE DI LUMEZZANE
815600D67F02210A2945,PLASTICA ALFA S.P.A.
815600D6907FE7116F38,RENO DE MEDICI SPA
815600D6F26FEBDF0C66,AZIENDA BRESCIANA PETROLI NOCIVELLI S.P.A. (A.B.P. NOCIVELLI S.P.A.)
815600D7216B96C1DC35,IBLA S.R.L.
815600D765947B37E585,SG S.P.A.
815600D77F6DB00A2221,MAGIS S.P.A.
815600D7947972ACAD74,COMUNE DI BIELLA
815600D81D95DFD61387,CREDITI FISCALI+ S.R.L.
815600D852A98169B612,BANCA REALE S.P.A.
815600D862D0E1335662,POSILLIPO FINANCE II S.R.L.
815600D8683F6317E027,COMES S.P.A.
815600D86992FDA7B908,I.M.A. INDUSTRIA MACCHINE AUTOMATICHE S.P.A. IN SIGLA IMA S.P.A.
815600D87CFDAE412862,RIZZOLI CORRIERE DELLA SERA MEDIAGROUP SPA O IN FORMA ABBREVIATA RCS MEDIAGROUP SPA O RCS S.P.A.
815600D8F435426BA275,COMUNE DI BRESCELLO
815600D9008401832B40,PIRELLI INTERNATIONAL TREASURY S.P.A.
815600D946B58C2B1D55,FIDIA - S.P.A.
815600D9B55B28C45F66,ARMONIA SPV S.R.L.
815600D9C59771539346,GAIA SPV S.R.L.
815600D9E72F76EEDA33,DESTINATION ITALIA S.P.A.
815600DA05DEC48E7221,GRUPPO NORD PETROLI S.R.L.
815600DA1519B32F4A24,"ASJA AMBIENTE ITALIA S.R.L. SOCIETA' BENEFIT SIGLABILE ASJA S.R.L. SOCIETA' BENEFIT O ANCHE ASJA.BIZ S.R.L. SOCIETA' BENEFIT O ANCHE ASJA. ENERGY S.R.L. SOCIETA' BENEFIT, O ANCHE ASJA SOCIETA' BENEFIT A R.L., CON LA POSSIBILITA' DI UTILIZZARE LA SIGLA S.B. IN LUOGO DI SOCIETA' BENEFIT"
815600DA4FA5A5D4CD58,TOD'S S.P.A.
815600DA5499A6855544,TOWERS CQ S.R.L.
815600DA9672C415C153,POP NPLS 2018 S.R.L.
815600DA9F0ECED74912,BANCA POPOLARE DI CORTONA SOCIETA' COOPERATIVA PER AZIONI
815600DAEFB0388F3521,REPLY S.P.A.
815600DAF12F47DD1E35,TERRE ETRUSCHE DI VALDICHIANA E DI MAREMMA - CREDITO COOPERATIVO - S.C.
815600DAF1A7A0444B33,COMUNE DI BERGAMO
815600DB24CC18927D54,LEGATORIA EDITORIALE GIOVANNI OLIVOTTO - L.E.G.O. - S.P.A.
815600DB521210870D03,AIR ITALY S.R.L. - IN LIQUIDAZIONE
815600DB7D8458E1DF15,APPIA SPV S.R.L.
815600DBB2D8C83A6490,PRADER BANK S.P.A. IN BREVE PB S.P.A.
815600DBBDFA2AB9AF92,COMUNE DI SOLIERA
815600DBF3F572036308,VOILAP S.P.A.
815600DC2DB365CB9767,ALPHA SPV S.R.L.
815600DC31B8B8697F15,SYNPLE SPV S.R.L.
815600DC49DA047E7A05,SPV PROJECT 1904 S.R.L.
815600DC6CF1ED42EF87,CITTA' METROPOLITANA DI MILANO
815600DC7EF1CC5F7674,IREOS S.P.A.
815600DC9FA897709242,SABAF S.P.A.
815600DCE67153130070,COMUNE DI FIORANO MODENESE
815600DCF10E5BC27D22,LIMACORPORATE S.P.A.
815600DCF6BC04F21767,NEXI PAYMENTS S.P.A.
815600DCFAAFA1726C37,RAIFFEISENKASSE ULTEN-ST. PANKRAZ-LAUREIN GENOSSENSCHAFT - CASSA RAIFFEISEN ULTIMO-S.PANCRAZIO-LAUREGNO SOCIETA' COOPERATIVA
815600DD05E477331510,LEX S.R.L.
815600DD0D1B2A542B45,CRISTOFORETTI SERVIZI ENERGIA S.P.A.
815600DD32223A751F91,SOCIETA' AGRICOLA BERSI SERLINI SRL
815600DD4CDEC5679B83,COMUNE DI CAGLIARI
815600DD54A09EDA4F73,ROTTAMI METALLI ITALIA S.P.A. IN BREVE RMI S.P.A.
815600DD960D348C2867,FALCK - S.P.A.
815600DDC4C2B0462048,TERRE CORTESI - MONCARO SOCIETA' COOPERATIVA AGRICOLA
815600DDCE9083CAC598,MEDIOBANCA PREMIER S.P.A.
815600DDD271CA046266,TESSELLIS S.P.A.
815600DDDC584743B252,SELLE ROYAL GROUP S.P.A.
815600DE42EA887D5179,COMUNE DI LUGO
815600DE4CC00E7E7C14,FINATAN S.P.A.
815600DE76EC1C588825,CAMFIN S.P.A.
815600DEEE5337E9A213,GENERTEL S.P.A.
815600DF112E50BF3D63,MYAV S.P.A.
815600DF2A01122A9547,ARCA VITA S.P.A.
815600DF4A51BF6EF729,ALITALIA - SOCIETA' AEREA ITALIANA S.P.A.
815600DF6F71B29E2F44,NOTORIOUS PICTURES SOCIETA' PER AZIONI
815600DF8D3AB1B2B488,Q AUDIT S.R.L.
815600DFA5DD8CBFD155,RAIFFEISENKASSE VILLNOESS GENOSSENSCHAFT - CASSA RAIFFEISEN DI FUNES SOCIETA' COOPERATIVA
815600DFC29A91FF0C71,"ZIGNAGO VETRO S.P.A. CON LA SIGLA ""Z.V. S.P.A."""
815600DFD8358B755083,PROVINCIA AUTONOMA DI TRENTO
815600DFEA4AEEC5D627,CHIRON DUE SPV S.R.L.
815600DFEE2DDA979636,BEST CAPITAL ITALY S.R.L.
815600E016D4055EDF17,UTAH SPV S.R.L.
815600E026D3DB212907,SUNRISE SPV 30 S.R.L.
815600E02BA7124AEA35,ALETHEIA SPE S.R.L. IN LIQUIDAZIONE
815600E02D0E37E20B31,BORROMEO FINANCE S.R.L. IN LIQUIDAZIONE
815600E04537C1DA7C74,UNIONE DELLE TERRE D'ARGINE
815600E0D5CF102FCB85,BANCA CENTROPADANA CREDITO COOPERATIVO - SOCIETA' COOPERATIVA
815600E124FA09C12E37,BANCA CENTRO CALABRIA - CREDITO COOPERATIVO - SOCIETA' COOPERATIVA
815600E12941D9DA7A54,MERIDIE S.P.A.
815600E1405534523F87,SHAPE S.R.L.
815600E16250B27E2F74,ONIF FINANCE S.R.L.
815600E17B04EAD41974,SALLUSTIO S.R.L.
815600E1AE90B7F74588,TEETHAN S.P.A.
815600E1EFC5260F4726,FABRICK S.P.A.
815600E2C86A393FF449,MERLIN SPV S.R.L.
815600E30006347A5B47,CASEIFICIO PUGLIESE F.LLI RADICCI S.P.A.
815600E302576E31E823,COMUNE DI MONTALBANO ELICONA
815600E31ACC30063D79,GAMMA CAPITAL MARKETS LIMITED
815600E326AFE2B8A523,MARINA DI PUNTA NERA S.R.L.
815600E34826EA53B637,I.F.I. - S.P.A.
815600E364EE5746D268,DIESIS SPV S.R.L.
815600E367A1C404AD58,PRIMA SOLE COMPONENTS S.P.A.
815600E39A8604CEBA11,SATA - S.P.A.
815600E3A78973E36F85,BANCA MONTEPAONE - CREDITO COOPERATIVO - SOCIETA' COOPERATIVA
815600E3ADB5FFB01F79,BANCA DI CREDITO COOPERATIVO DI ABRUZZI E MOLISE - SOCIETA' COOPERATIVA
815600E3E0F4940F5574,SARDEGNA RE-FINANCE S.R.L.
815600E3E348606DB235,PHARMA FINANCE 4 S.R.L.
815600E3E9BFBC8FAA85,EQUITA SOCIETA' DI INTERMEDIAZIONE MOBILIARE S.P.A.
815600E498A8217DDE18,AQUA SPE S.R.L.
815600E4E6DCD2D25E30,BANCO BPM SOCIETA' PER AZIONI
815600E4EC1D83DA2B83,CONSUMER THREE S.R.L. IN LIQUIDAZIONE
815600E4FE816F540F98,GEFRAN S.P.A.
815600E528FF377F9412,SPV PROJECT 149 S.R.L.
815600E546497667D288,ITALMOBILIARE SOCIETA' PER AZIONI O IN FORMA ABBREVIATA ITALMOBILIARE SPA
815600E568401B26FB47,"RIVIERABANCA CREDITO COOPERATIVO DI RIMINI E GRADARA S.C. IN BREVE ""RIVIERABANCA CREDITO COOPERATIVO S.C."""
815600E57062582C7643,EPH Invest S.p.A.
815600E576FBB9393A29,COMUNE DI TORINO
815600E57C8E667D0342,BEACH COMPANY S.R.L.
815600E59A38B5666D15,FERVI S.P.A.
815600E5A9D5B90CBB76,VELIER S.P.A.
815600E5ACA8DECB5C45,BANCA STABIESE S.P.A.
815600E5D92770C58275,BANCA DI CREDITO COOPERATIVO DI LOCOROTONDO - CASSA RURALE ED ARTIGIANA - SOCIETA' COOPERATIVA
815600E62CF6187DA507,SPV PROJECT 1804 S.R.L.
815600E650799110F835,SPV PROJECT 1705 S.R.L.
815600E664E271980617,"""ONLINE SIM SOCIETA' PER AZIONI DI INTERMEDIAZIONE MOBILIARE"" IN SIGLA ""ONLINE SIM S.P.A."""
815600E68BC5FCC9B977,MAFCO INVESTMENT SOCIETA' PER AZIONI
815600E6A5F948BED362,BANCA MALATESTIANA - CREDITO COOPERATIVO - SOCIETA' COOPERATIVA
815600E6D49B962E8128,REDELFI S.P.A.
815600E6FB9CEF04CE87,DOLOMITI SPE S.R.L.
815600E7D4A37152CB85,EPIPOLI SPA
815600E831570536E830,GAMBERO ROSSO S.P.A.
815600E834970DF7E894,BANCA POPOLARE DEL CASSINATE - SOCIETA' COOPERATIVA PER AZIONI
815600E860D130824E49,GENENTA SCIENCE S.P.A.
815600E8944F3C351429,VATEC S.R.L.
815600E8C1A87D6F0605,MOLINARI SPA
815600E90F75EE920594,"""LU-VE - S.P.A."""
815600E96158FB8FF364,SICILBANCA CREDITO COOPERATIVO ITALIANO - SOCIETA' COOPERATIVA
815600E994C9CBD35858,SPV PROJECT 1711 S.R.L.
815600E9E5FC140FBE91,BANCA DI CREDITO COOPERATIVO DI LEVERANO SOCIETA' COOPERATIVA
815600EA7F74AD0BFC07,BANCA DI CREDITO COOPERATIVO AGRIGENTINO - SOCIETA' COOPERATIVA
815600EA7FC205A31A36,ITALASSET FINANCE S.R.L.
815600EA8B8AD8470771,INTERCONSULT CLAIMS S.P.A.
815600EAB20457A5E153,C.R. S.P.A.
815600EAB6D4A5C8B862,VIACQUA S.P.A.
815600EAD78C57FCE690,INFOCAMERE - SOCIETA' CONSORTILE DI INFORMATICA DELLE CAMERE DI COMMERCIO ITALIANE PER AZIONI
815600EAE45F55EE5B73,CRIF S.P.A.
815600EB2286CF8C3015,"""ARCOBALENO FINANCE S.R.L."""
815600EB41DE416E8D80,FONDO PENSIONE COMPLEMENTARE INPS - FONDINPS
815600EB5D56D95BA637,PININFARINA S.P.A.
815600EB9E6DCD050385,"""BANCA PASSADORE & C. - SOCIETA' PER AZIONI"""
815600EBA06A01EE1D72,FS MILAN CAPEX S.R.L.
815600EBA8EBC5D83502,ACME S.P.A. IN LIQUIDAZIONE
815600EBD7FB00525B20,MONCLER S.P.A.
815600ECA835CC2C6950,VALICA SPA
815600ECB4F640532453,CASSA DEL TRENTINO S.P.A.
815600ECC0C831EBA576,S.O. CAPITAL S.R.L.
815600ECEF9271AD8759,PROVINCIA DI PISA
815600ED16F82FB16523,TECNO SPA
815600ED93CC24800564,BANCA DI CREDITO COOPERATIVO DI NAPOLI - SOCIETA' COOPERATIVA
815600EDA90597F37893,VITTORIA SPE S.R.L.
815600EDD04F9C60D660,PRO-GEST S.P.A.
815600EE1DD23B040A30,LA TECNICA NEL VETRO S.P.A.
815600EE2DB73099DD87,"RICCI SOCIETA' PER AZIONI IN FORMA ABBREVIATA ""RICCI S.P.A."""
815600EE6F87DF1A1266,BELVEDERE SPV S.R.L.
815600EE82868C20A274,"""SOFTLAB - SOCIETA' PER AZIONI"" IN BREVE ""SOFTLAB S.P.A."""
815600EE98F7C0B52F93,"""ANTHILIA CAPITAL PARTNERS SOCIETA' DI GESTIONE DEL RISPARMIO S.P .A."" IN FORMA ABBREVIATA ""ANTHILIA SGR S.P.A."""
815600EED4C522727110,NET INSURANCE S.P.A.
815600EEF4C6F6956D35,AMETISTA SPV S.R.L.
815600EF69EC3ED3B025,AUTOTORINO S.P.A.
815600EFC7FECA1B7B18,BADINOTTI GROUP S.P.A.
815600F00DEBA4F79628,SINTESI SPA
815600F012114F143F02,MARIELLA BURANI FASHION GROUP S.P.A.
815600F02C9B44DC1B21,ACQUE DEL CHIAMPO S.P.A. SOCIETA' BENEFIT
815600F03D356B804F58,OPERA SPV S.R.L.
815600F058EA765FB608,AUTOSTRADE MERIDIONALI S.P.A. IN LIQUIDAZIONE
815600F082335E1C7624,FEDAIA SPV S.R.L.
815600F08DA59320C329,COMUNE DI MARANELLO
815600F0B12122346E77,COMUNE DI TRIESTE
815600F0E45AF08F5033,GRADED S.P.A.
815600F112E44FED3459,PROVINCIA DI REGGIO EMILIA
815600F124674A2F4A23,FINANZIARIA INTERNAZIONALE HOLDING S.P.A.
815600F1400023F92763,FAIRWAY S.R.L.
815600F1D1185ED58B53,FIP FUNDING S.R.L. IN LIQUIDAZIONE
815600F20AB1ACA60919,BANCO FIORENTINO - MUGELLO IMPRUNETA SIGNA - CREDITO COOPERATIVO- SOCIETA' COOPERATIVA
815600F231566A38BC43,ELICA S.P.A.
815600F267E93FA27D61,ATLAS SECURITISATION S.R.L. IN LIQUIDAZIONE
815600F3074F5B4E1310,ARTEMIDE GROUP S.P.A.
815600F30FAA58795277,YANEZ SPV S.R.L.
815600F320EACAEBC594,SOCIETA' PER LO SVILUPPO DEL MERCATO DEI FONDI PENSIONE PER AZIO NI IN BREVE MEFOP S.P.A.
815600F340760D34C636,BANCA DI CREDITO COOPERATIVO DI BUSTO GAROLFO E BUGUGGIATE - SOCIETA' COOPERATIVA
815600F37471C4E69D64,AGOS-DUCATO S.P.A.
815600F3EC59FFEC6594,CARRARO S.P.A.
815600F40371109AC161,COMUNE DI VENTIMIGLIA
815600F40754716D2D91,FERRETTI S.P.A.
815600F426FC5A48F641,BANCA DI CREDITO COOPERATIVO DI ALTOFONTE E CACCAMO- SOCIETA' COOPERATIVA
815600F434D67EF16B54,ALEXANDER SPE S.R.L.
815600F443DE75A69A95,CASSA DI RISPARMIO DI ORVIETO S.P.A.
815600F4CE2D9AF67743,COMUNE DI VERONA
815600F4DEAB2DB98487,"BANCA DI CREDITO COOPERATIVO DI CONVERSANO, SOCIETA' COOPERATIVA"
815600F4EB04E8BB5E46,CARS ALLIANCE AUTO LOANS ITALY 2015 S.R.L.
815600F4F16208D05B28,GALIZIA SPE S.R.L.
815600F548FF0FE21A18,RELATECH S.P.A.
815600F54D96919B1761,COOPERATIVA ALLEVATORI OVINI (C.A.O.) SOCIETA' COOPERATIVA AGRI COLA IN BREVE C.A.O. FORMAGGI
815600F588D900701610,BANCA DI CREDITO COOPERATIVO DI LEZZENO (COMO)- SOCIETA' COOPERAT VA
815600F58EC991557450,"""BANCA DI BOLOGNA CREDITO COOPERATIVO SOCIETA' COOPERATIVA"""
815600F5B5D01BDA2E80,ALBIONE SPV S.R.L. IN LIQUIDAZIONE
815600F5FB46D4589F51,ELES SEMICONDUCTOR EQUIPMENT S.P.A.
815600F640E115711453,COLOMBO S.R.L.
815600F64EEB5857A007,"SANFELICE 1893 BANCA POPOLARE, SOCIETA' COOPERATIVA PER AZIONI"
815600F6897F3F87E176,COO-FARMA SALENTO - SOCIETA' COOPERATIVA - IN LIQUIDAZIONE
815600F744D68D41EA47,JUNO 1 S.R.L.
815600F7BDE444321389,KENTIA SPV S.R.L.
815600F7E20E33D4B595,BANCA DI CREDITO COOPERATIVO DI GAMBATESA - SOCIETA' COOPERATIVA
815600F813D1DBD67485,VELA MORTGAGES S.R.L.
815600F8192FDFA38A68,VILLA SANT'UBALDO S.P.A.
815600F8217BC7733697,PHARMANUTRA S.P.A.
815600F83D77760CAD13,FENICE SPV S.R.L. IN LIQUIDAZIONE
815600F84F96D5CEB844,SIENA PMI 2016 S.R.L.
815600F87D46F7020E61,B. GROUP SRL IN LIQUIDAZIONE
815600F89783A915B158,PROVINCIA DI LECCE
815600F8ACC1794BE853,LEVANTE SPV S.R.L.
815600F8B85438C85395,EPTA S.P.A.
815600F8D9C4BCC86943,BANCA DI IMOLA SPA
815600F8F9407B65DA81,STELVIO SPV S.R.L. IN LIQUIDAZIONE
815600F9061CDED3FD93,COMUNE DI RAVENNA
815600F910BDB1C1EC14,OPS ECOM S.P.A.
815600F9682D17E7B788,RIGONI DI ASIAGO S.R.L.
815600F9BC3EECC13802,CARTIERA DI FERRARA S.P.A.
815600F9C180B297BE35,HELYX INDUSTRIES S.P.A.
815600F9C5F8C8DE5375,DIVERSIFIED WORLD CORPORATION 3.0 S.P.A. O IN FORMA ABBREVIATA DWC 3.0 S.P.A.
815600F9E347EB5CA281,DELTA S.P.A.
815600FA7D9BAD18E930,ACINQUE S.P.A.
815600FAE1EBDC21E528,SEIKEY SRL
815600FB0693900F0789,LEONARDO INVESTMENT OPPORTUNITIES S.R.L.
815600FB264486C89790,NUOVA FRONTIERA SPV S.R.L.
815600FB27384C120D91,CARTESIO S.R.L.
815600FB3AA0E8762690,COMUNE DI TERRACINA
815600FB5B6262482D60,INVESTIRE - SOCIETA' DI GESTIONE DEL RISPARMIO S.P.A.
815600FB84536614CD77,GLICINE SPV S.R.L.
815600FBD5816ABEE018,SOLIS S.R.L.
815600FBEE7DA0AE4511,MARS 2600 S.R.L.
815600FBF92FD3531704,RECORDATI INDUSTRIA CHIMICA E FARMACEUTICA S.P.A. IN BREVE RECORDATI S.P.A.
815600FC11E434A7C343,QS GROUP S.P.A.
815600FC12FF25440341,GALA S.P.A.
815600FC8F1A3BED2743,KOLINPHARMA S.P.A.
815600FCD077ED709763,SOFIA MORTGAGES S.R.L.
815600FCE811AED89F43,MM S.P.A.
815600FD1E3D444B2019,EXPERT.AI S.P.A.
815600FD458593DC6962,TRIBOO S.P.A.
815600FD7EEC443AE346,COMUNE DI SCANDIANO
815600FDD3EB3EA03194,BANCA POPOLARE DEL LAZIO - SOCIETA' COOPERATIVA PER AZIONI
815600FDE04504053372,BEEWIZE S.P.A.
815600FE2A072E320964,HAMILTON COURT FOREIGN EXCHANGE PAYMENTS S.R.L. O IN FORMA ABBREVIATA HAMILTON COURT FX PAYMENTS S.R.L.
815600FE37DDA7F93A94,IRIDE SPV S.R.L.
815600FE46E03300B942,GEL S.P.A.
815600FE5E62F0916434,BCC NPLS 2018 S.R.L.
815600FE947DA0D03B37,"ERSEL BANCA PRIVATA S.P.A., IN FORMA ABBREVIATA ERSEL S.P.A."
815600FE9E92D9D6C309,TREVI - FINANZIARIA INDUSTRIALE S.P.A.
815600FEC98C1C0A7A17,IRFIS - FINANZIARIA PER LO SVILUPPO DELLA SICILIA S.P.A
815600FF17A92F1DA894,"L&B CAPITAL - SOCIETA' DI GESTIONE DEL RISPARMIO PER AZIONI, IN F ORMA ABBREVIATA ""L&B CAPITAL SGR SPA"""
815600FF1C9143F5D148,POLIS SGR S.P.A.
815600FF448BDFECA593,SPV PROJECT 1906 S.R.L.
815600FF506562CD6332,BANCO DI LUCCA E DEL TIRRENO S.P.A.
815600FF642429E6F463,VINTAGE FINANCE S.R.L.
815600FF7EA6ECAC3095,M.C.I. S.P.A. IN LIQUIDAZIONE
815600FFA30924E7B921,SOCIETA' IMPIANTI TURISTICI - S.I.T. - S.P.A.
815600FFB830B469BD95,TORO 1 S.R.L.
815600FFCA10140CCB54,"""BYRON CAPITAL SPV SRL"" IN LIQUIDAZIONE"
815600FFE7D01C8A4102,TTI ITALIA S.R.L. IN LIQUIDAZIONE
824LMFJDH41EY779Q875,INTERNATIONAL PAPER COMPANY
82DYEISM090VG8LTLS26,ECOLAB INC.
82E6XECQ6EF1KVVIKP88,"MIO PARTNERS, INC."
82VOJDD5PTRDMVVMGV31,CITIGROUP GLOBAL MARKETS HOLDINGS INC.
832R0263EHR5038Q2Z24,"RUSSELL INVESTMENTS IMPLEMENTATION SERVICES, LLC"
8368004LH09CA9PPTL19,快收（香港）信息技术有限公司
8368006CL13056CK6659,易派有限公司
836800A679U9U56B2G21,澳门华人银行股份有限公司
836800A9MENCENV0OW23,Supay Technology Limited
836800C1443521000015,辽沈银行股份有限公司
836800C6XRP58EBSUZ14,智滙通香港有限公司
836800J3326004962527,宁波赛派科技有限公司
836800M5VYQS1TY26287,SMOOTH ACCESS CORPORATION LIMITED
84S0VF8TSMH0T6D4K848,INVESTEC BANK PLC
851WYGNLUQLFZBSYGB56,COMMERZBANK Aktiengesellschaft
85LNZLR1WR9SYRVFCH09,American Equity Investment Life Insurance Company
85M6SLXL8PVZZO6V3174,Societe Generale Capital Canada Inc.
871JPXVZ0Z8I863B6V34,J.P. MORGAN SECURITIES (ASIA PACIFIC) LIMITED
8755000WYEKQWGHN7S02,KEYSTONE BANK LIMITED
87550017MPE3U1R48113,Mercury Asia Limited
8755001OVYTUKY2YKP26,Berkerlin Technology Company Limited
8755001U3R83WPNI5Z08,FINANCIERE DES PAIEMENTS ELECTRONIQUES
8755002ST2Q191ME4W74,"BANCO SOL, S.A."
875500344WRMHRXUPA24,PANPAY HONG KONG LIMITED
8755003IMU0JTXP11N70,Nucleus365 Limited
8755003SPT7S4LRY8929,GlobalView Investments SA
87550059BHTBXCSFEX43,THE ACCESS BANK UK LIMITED
8755005B1ID7ZUFGI779,Financière des Paiements Électroniques SAS Niederlassung Deutschland
8755005J98TCSUU6D056,Currenc Pty Ltd
8755005SSWV7LSNJQV90,Ever-Long Securities Company Limited
8755005YSU28LAFJ6T44,STARLINK PAY LIMITED
87550060DLFWUXYYTM07,大慶證券股份有限公司
8755006I9IAWH8Z9LE92,NIKE Virtual Studios Inc
8755007KRHS1GB053Y71,President Securities (Hong Kong) Limited
8755008PT15XK86W2A31,WATON SECURITIES INTERNATIONAL LIMITED
87550097TW2SOB8H1160,Caixa Geral de Depositos
8755009FEPO5DN79S026,Nova Finance Group LTD
8755009VHNC731K2SS80,شرف للصرافة (ش.ذ.م.م
875500A618LDA2CUU715,Offsetpay PTE LTD
875500AF58XR9ZJMUF06,AFT HK Limited
875500AR1AVSM4UWPB53,euro-Wallet GmbH
875500AXP8FF028H6014,Windpayer Technology Limited
875500CZDH21NXNTNL71,Reitigh Software Limited
875500EAJG600ZFMWP37,NOVUM FINANCIAL TECHNOLOGIES PTE. LTD.
875500EBKXTCXJMEEF31,TransferClear HK Limited
875500EJ3V0YFKDFK109,CREDEC LIMITED
875500F2CIWK8NAK9227,Nova2pay Limited
875500F9OSFXN4M3MU84,Easy Pay International Investment Co. Limited
875500FHI1IJQQYUFL23,AILE TECHNOLOGY LIMITED
875500FXNCJPAPF3PD10,AS207960 Cyfyngedig
875500GJIOHMUU6CIC57,"Wallter, UAB"
875500H1JJN5QZ6FAY32,GLOFORTUNE COMPANY LIMITED
875500I1DKL1BN72EU77,PPS EU S.A. - Suomen sivuliike
875500J0L1BGTCJ73H97,TRANSFERCLEAR PTE LTD
875500J0LOSJBO59AE62,Volkswagen Bank Gesellschaft Mit Beschraenkter Haftung
875500JMAPXSB8V0VX39,Regent Foreign Exchange Limited
875500KT219LB0C32Z47,Futurepay Global Limited
875500KZB4M0Q74CKK47,LANTERNE FUND SERVICES PTY LTD
875500LY35QI0UMK4S27,AS INDEXO Banka
875500MDLINCZUYM7L63,Stropro Operations Pty Ltd
875500ML23T8A23EJR45,RTFKT Inc.
875500NHP6WLD5DQC326,3 Sing Trustee Limited
875500O7WGQZPX7ED709,OrbitRemit Limited
875500O89XEGXL2C9G71,MIFINITY MALTA LIMITED
875500ONK4E5XGIP7O24,"Newrails, UAB"
875500OTY5G9IYZJT339,NIKE Retail Services Inc.
875500PUWP8AMJ1ZFL96,"DelfinGroup LT, UAB"
875500PX9FY1XJG17697,AL ZAMAN EXCHANGE W.L.L
875500Q2YYI6M1TLFZ65,NALA PAYMENTS CANADA INC.
875500Q58HP5YQQH4682,Havenport Investments Pte. Ltd.
875500QB9CSH7AR08540,Wallex Technologies International Limited
875500QH6XDK1ZGL3L76,ALLINPAY FINANCIAL SERVICES LIMITED
875500RD41J2FYBZI697,Skyee Hongkong Company Limited
875500RK37QYHJO1I485,NGAU KEE MONEY CHANGER COMPANY LIMITED
875500SAVA6II6WVRN34,Monese LTD
875500T1NUIQKQ0I0153,China Huadian Overseas Asset Management Company Limited
875500UD8EBMDH2VFY72,THE STRAITS TRADING COMPANY LIMITED
875500X06TCIHBLC2F61,Силк Роуд Банка АД Скопје
875500XB3D72YNPOI114,Prime Value Asset Management Limited
875500XSFC4DWYJXE848,Zand Bank P.J.S.C.
875500XXJ06BHVDQL398,Van Genechten Packaging International
875500YJ725XTYAL3S33,"Amerivet Securities, INC."
875500ZFN323WQTMR357,SKYLINE TECH LIMITED
87DR6WT2MK1KMGUC7161,"FARALLON CAPITAL MANAGEMENT, L.L.C."
87Q3KOXT29OW9W9YPT70,SEABOARD CORPORATION
88KRVSOEKUGQZJ3DKW55,"WELLS FARGO CLEARING SERVICES, LLC"
89450001JBTWF2TW1F94,UNITY TRADE CAPITAL LTD
89450002GSG26FQYZ239,"LifeBank, A Rural Bank"
89450007DYP2ODDAWK49,Blackpool Credit Union Limited
8945000CB8E77LB79R53,KHALEEJI BANK B.S.C
8945000CRNPY72D18346,CORIS BANK INTERNATIONAL COTE D'IVOIRE
8945000GGOWDIMA4XE72,Facit Bank A/S
8945000LUP48UYTWTW64,Travelex Europe Limited
8945000MBBRJRWTJSJ43,Sherpa Asset Management Limited
8945000SH1Q9B60PYP64,"GRUPO ILUNION, S.L."
8945000T3J4BOQWA5X05,PAYSEND EU DESIGNATED ACTIVITY COMPANY
8945000WMPJZJNXGMS54,XGD EUROPE S.A
89450015VAI1UJQ7W342,COMUNE DI FALERONE
8945001GTD03XCNHXQ88,BANCO MASTER S/A
8945001MT881ZYYQVI37,NEXUMSTP S.P.A. SOCIETA' TRA PROFESSIONISTI SOCIETA' BENEFIT
8945001Q7A6DXQUBUC31,COMUNE DI MELFI
8945001QCPUPOJJYX760,UAB Guru Pay
8945001X4M0HRQ2NPP42,"MAYA BANK, INC."
89450022IQ3T098O6Q36,M-DAQ PAYMENT SOLUTIONS PTE. LTD.
8945002BAOEKE71SHF17,Ceylon Exchange Pty Ltd
8945002DLTN2YWZZAQ11,M A FASTMOVE LIMITED
8945002FWV05NGBXJJ26,PHILIPPINE NATIONAL BANK (EUROPE) PLC
8945002IOY2YYRTSWD73,Wealth Magik Securities Company Limited
8945002KDPSV23IO3834,PingPong Europe S.A.
8945002M2OUB2W5CAA54,Banco Original S.A.
8945002MOJUDT5WTBM47,FLASH PARTNERS PTY LTD
8945002NX7FIQO3W5138,FRR SHARES AND SECURITIES LIMITED
8945002RM4QI61ER9Q68,CAPTRACE GMBH
8945002TLZJXJBRDRM08,PT Sinarmas Sekuritas
8945002U8D2K0Q0PE553,INDO-ZAMBIA BANK LIMITED
894500315SS3QVV9U490,KEYWORDS STUDIOS UNLIMITED COMPANY
89450031GVVN0UJ15A76,Trust Bank Limited
8945003M3NGIKCQUTO69,LEVEX FINTECH CANADA LTD.
8945003MF1R1NYYNPR10,BUREAU BUTTERCRANE LTD
8945003MK2S9JTSOS245,S14 CAPITAL
89450043I0I9P917RI93,Montify LTD
8945004771OP0SYBGU80,Cooperative Bank of Cagayan
8945004AQJBCPDJJIM66,RBANK. OF ROSARIO (LA UNION) INC.
8945004CQE4S2NW60K22,Target for Trading Securities
8945004HCVXD5KQCNI06,"RURAL BANK OF SAN MATEO (ISABELA), INC."
8945004K4ROMJFAF0241,Convex Group Limited
8945004OAFICRX75O180,Parsumo Capital AG
8945004TJ3I0ERCUX850,"UAB ""Finansų bitė verslui"""
8945004TO4J8AM6VZN18,TRUELAYER (IRELAND) LIMITED
89450052RD92VZLKLN84,The 3Rooks Money S.p.A.
894500598A6RLE2QNN11,"Rural Bank of Sagay, Inc."
89450059E1235UCFBH02,GUARDIAN INTERNATIONAL BANK AND TRUST CORPORATION
89450059OSYMM5G51R83,Credit Suisse Saudi Arabia
8945005AM298G1FEZ290,PROXYMITY LIMITED
8945005D8ALAAQ1D3I06,WALL BOX CHARGERS SL
8945005E00C4HMORD838,ISWISS PAY LIMITED
8945005GB9G2YJ96R762,ASA ASSET MANAGEMENT LTDA
8945005H8IQOSF8GOJ66,"Rural Bank of Bacolod City, Inc."
8945005KRWHWKT7G5Q36,NORTH STAR BANK (A RURAL BANK) INC.
8945005M0CRHKUGPYQ53,"ПУБЛІЧНЕ АКЦІОНЕРНЕ ТОВАРИСТВО ""МТБ БАНК"""
8945005Q0D60A6FCEM55,BANCO CONTINENTAL SA EMISORA DE CAPITAL ABIERTO
8945005S0FAZKXPRWT17,ABN AMRO ASSET BASED FINANCE N.V.
8945005SMLI24V1AJ259,KIXY LTD
8945005TEF4C7YAXDE41,TRANSWAP PRIVATE LIMITED
8945005TJUSNYR0KGE81,CÔNG TY TNHH DỊCH VỤ VÙNG ĐÔNG Á
8945005WHA3OZKWIGJ69,"АКЦІОНЕРНЕ ТОВАРИСТВО КОМЕРЦІЙНИЙ БАНК ""ПРИВАТБАНК"""
8945005WMPS0QDM5JJ90,Lage Jonason AB
8945005YBSOWNCV2B547,Computershare Deutschland GmbH & Co. KG
89450065PR6BEA315A44,1st Class Credit Union Ltd
8945006991HF5DQG6S63,KURINGO UK LIMITED
8945006AC5ISFWLNCH59,Mayfair Capital Limited
8945006AHP2K2VXJ0144,Brown Capital Management
8945006ENCWABDU9O641,"Trust Pay, a. s."
8945006G6OIIT0ITN105,INTERSTAR S.R.L.
8945006G6SDYP7527L35,ЮГ МАРКЕТ ФОНД МЕНИДЖМЪНТ - ЕАД
8945006GC82AFZUPAI25,BA EXCHANGE COMPANY (UK) LIMITED
8945006IY92SD7IUET34,BCV PAY LIMITED
8945006IYK9S6V2VZL14,ИП ФАВОРИТ
8945006IYRLC4C0OZY04,"INTERVAL PUESTO DE BOLSA, S.A."
8945006KT2UZUN1FU941,СТРАТЕГИЯ АСЕТ МЕНИДЖМЪНТ
8945006MHQPG1S42GN56,KDMS PAYMENTS LTD
8945006MYOJQSDNR0127,КОНКОРД АСЕТ МЕНИДЖМЪНТ
8945006N483IFCZMNL10,АВС ФИНАНС
8945006XFI0IAXHAXB74,COMUNE DI ALESSANDRIA
89450070IGVAYQP4L117,Taula Capital Management (Jersey) Limited
89450072CZGIMINOFM14,NCB Capital Markets Limited
89450074D1LHX9Y3XT67,BULEX INVEST
89450077FWKUOWJP0X50,Necker Finance (Suisse) SA
89450079FYPTZNU4JA50,SIX Interbank Clearing AG
8945007CTWSQ193GXD03,ЦКБ АСЕТС МЕНИДЖМЪНТ
8945007D4ZW9B7R88H71,ASTRA ASSET MANAGEMENT
8945007ETYXPC0DWFL87,РЕАЛ ФИНАНС АСЕТ МЕНИДЖМЪНТ
8945007JR8MTV8BSSU77,FlorioFinance UAB
8945007N5HWPQH56RV83,Brite AB
8945007PRF1RRI73BI14,"GM BANK OF LUZON, INC. ( A RURAL BANK)"
8945007TB0JVC9EJXT20,АБВ ИНВЕСТИЦИИ
8945007TM3NEM82B8X34,СЕЛЕКТ АСЕТ МЕНИДЖМЪНТ
8945007Z03V9YKM35D18,ФОУКАЛ ПОЙНТ ИНВЕСТМЪНТС
89450080DZT6PEL01F23,ICBC PARIS BRANCH
894500815LOL04M5QL67,ABN AMRO BANK N.V.
89450081XFAV37VSL284,TRIODOS BANK
89450082UDEH3GB0XG85,POLICE BANK LTD
89450084P3B8OP7DSD72,CHECKRISK LLP
89450085M5AAL48UPE74,PFG Forex Pty Ltd
894500862Z95FJ6AOE09,KEREIS HOLDING
89450087S9HL9ZD0GF91,"АКЦІОНЕРНЕ ТОВАРИСТВО ""ПРОКРЕДИТ БАНК"""
8945008EPP75057KWC85,IutePay SHPK
8945008H66NVADJUD141,TigSiPay SIA
8945008LSD9GJMTZF349,"UNIVERSAL COMMODITY EXCHANGE ""HOUSE OF CONTRACTS UICE"""
8945008Q3VTY8RMNBH53,Luxon Payments Limited
8945008T6JHR2XAFE958,Catapult Venture Managers Limited
8945008UKBK7XKN3PQ89,FUTURE GROUP INVESTMENT MANAGEMENT PTY LTD
8945008WK6DNAUZQ7L32,Allica Bank Limited
8945008YPZDY62JUDQ49,Bank of Africa Ghana Limited
89450094F2PCSDRDLA77,NCBA BANK UGANDA LIMITED
8945009645M8PD0AD211,LA ORANGE LIMITED
8945009713PUPLFIPH58,"""ისბანკი"" საქართველო"
8945009A9TFYXUX10X89,КЕПИТЪЛ ИНВЕСТ
8945009E4E65WE60DX04,AIRE ANCIENT BATHS GROUP SOCIEDAD LIMITADA
8945009EFDE9A67J4B54,BANCOM EUROPE LTD
8945009EVSQ09N9D2R84,ОВАРИСТВО З ОБМЕЖЕНОЮ ВІДПОВІДАЛЬНІСТЮ «ТІ-ІНВЕСТ»
8945009GFJEOH4477947,BANCIBO SE
8945009HNRXDOS4ZV265,Moneycorp Banco de Câmbio S.A.
8945009JTHHKIPDJLD41,Blue Rock Capital GmbH
8945009OA4JE4ZBSZY50,"Tonik Digital Bank, Inc."
8945009RTM61TJX11L94,Genus Capital Management Inc.
8945009WFPBJ1IVLO304,SideCaps GmbH
8945009X7Q9D2331IQ81,"Акціонерне товариство ""Український банк реконструкції та розвитку"""
894500A37SSV26C3GV90,STANDART
894500A52ML2JLUOWB36,JUMBO GROUP B.V.
894500A5TTTCZE08L223,UAB ZEN.COM
894500AD87D7G5EHKK27,Fast Bank CJSC
894500AIXAOM2GM0S646,"Paylar, UAB"
894500AJ89WPG8NJII86,CIBC Mellon Trust Company
894500AKLYJ29LONED57,MANGOSTEEN LIMITED
894500AM0CZIRK5EVE64,MDF AG
894500B3PHXTCRJHJE78,DASH TECHNOLOGY GROUP PTY LIMITED
894500B8C3LUBUZWR264,CONNECT PLUS BUSINESS LIMITED
894500B9VBRYS7CWAD94,"Opal Transfer EU, UAB"
894500BB3O63W1ZXIS24,TREEZOR S.A.S.
894500BF9BZU4JWO6P79,Ви Си Инвестмънт Груп
894500BK6WVYHFEM4S42,VAULTZ CAPITAL LTD.
894500BOHWXWFFPFG259,Hull and East Yorkshire Credit Union Limited
894500BUC8M2V2OSQD19,La Orange CY Limited
894500C144RUY97HIR11,Fastpay Financial Inc.
894500C4CQMJAC2R9P56,MIDDLE EAST BANK KENYA LIMITED
894500C8YTS0IB1BW395,Waterfall Bank
894500CA7HD5FT8EPD17,Timberland Invest Ltd.
894500CEIW278REU1682,Purpose Investments Inc.
894500CO7L50PGPDO246,ARJ SECURITIES PRIVATE LIMITED
894500CQZD0U74N7G248,FONDO INTERBANCARIO DI TUTELA DEI DEPOSITI
894500CS2D6RLGW61A19,Bolsa Mexicana de Valores S.A.B. de C.V.
894500CSD8YQXYM4C643,"ValorPay, UAB"
894500CWDOFPD4R0XD18,CAIRNSEA INVESTMENTS LIMITED
894500CWOGC8TFUQNN07,Tarcap Enterprises Limited
894500D5RHQJHCBM9F50,"CORBYN INVESTMENT MANAGEMENT, INC.CO"
894500D5XCHAXZ7JHW71,PriBank Sh.A.
894500DH04TL2ZET0X87,State Grid Overseas Investment Limited
894500DIJKB9GSPLKK15,"АКЦІОНЕРНЕ ТОВАРИСТВО АКЦІОНЕРНО-КОМЕРЦІЙНИЙ БАНК ""ЛЬВІВ"""
894500DLRYUDVEN2B731,"АКЦІОНЕРНЕ ТОВАРИСТВО ""ТАСКОМБАНК"""
894500DLXTL5C1IZJR57,FBC Bank Limited
894500DQE9BF0UJFXX30,e-Pocket Pty Ltd
894500DYVFPMYH8UID38,Lotus Financial Investment Co
894500E2KD0MDUJPN129,SECONDSTAX LIMITED
894500E36BW50AXF8Y61,"ויק וורלדקום פיננסיים בע""מ"
894500E3HXI81E315894,East African Development Bank
894500E5N7ZZ5H5AQ652,NEC B.S.C. (c)
894500EAVOO2UUD6YY81,TONIO LIMITED
894500EBC3ZTUBF0XE83,Reserve Bank of Vanuatu
894500EE472N5MWWAE18,CALASTONE LIMITED
894500EKFNWO9CDR4B68,"Southeast Country Bank, Inc. (A Rural Bank)"
894500EPIDPGE9BYPF63,MARCOPAY Inc.
894500ET1VC42TX6RA32,Paymont UAB
894500ET7EVVPT92EP37,ЗЛАТЕН ЛЕВ КАПИТАЛ
894500EUAF1T45I0ZX32,POZZI MILANO S.P.A.
894500EUFG3100C22A76,GEPL CAPITAL PRIVATE LIMITED
894500F1U0YFE8O42602,"BANCO MULTIPLE PROMERICA DE LA REPUBLICA DOMINICANA, S.A."
894500F4FY3HF9Q0LN94,Wewire Technologies Inc.
894500F4FY3HF9Q0LQ85,Finansa Securities Limited
894500F5OAHMJ4D1U580,PPS-PEPP FINANCIAL SERVICES CORPORATION
894500F7TW6DGUZCZZ87,aifinyo payments GmbH
894500FHZQF1LMRE6J46,Nota Inc.
894500FL2P9U9FZ7U928,Hinde Capital Ltd
894500FV37AAOPD6DQ75,Mangal Keshav Financial Services LLP
894500FYGY1MSTOPRN27,CURRENCY MATTERS LIMITED
894500FZJFP0G1FTRO23,DO IT NOW S.P.A.
894500G78WCE6RHU2C44,FINANCIAL HOUSE LIMITED
894500G861RK4GUVF094,EASYPAY GLOBAL EMI CORP.
894500GAXMBTONUW6R51,SOGEXIA S.A.
894500GEMYP8TVC1H032,CONTENT SQUARE
894500GESI90GUNX4I61,Finance Bank SAL
894500GFV77Y1JCU4T33,GROVE BANK & TRUST
894500GGY3XRELA8AB84,OPTIM SYSTEM LTD
894500GJQ354TQ5V2N16,Optimum Asset Management Limited
894500GNF4BK5A2YRW05,SMEB LIMITED
894500GSCHW4KON3PM80,AscendantFX Capital Inc.
894500H1QMDYIJRQMN75,International Union Bank LLC
894500H5A40M74CYOE20,KANTOX EUROPEAN UNION S.L.
894500H6Z3227WZMVI66,CASHPOT LIMITED
894500HAZ7C0TFKHVY08,Primma Valores S.A. Puesto de Bolsa
894500HE1JSTTXO8DY91,ORIGO SECURE INTERNET SERVICES LIMITED
894500HJL3KGT9JVXV84,CREDIT BANK PLC
894500HR4PH33CPZ0626,Corporate Services UAB
894500HRQVO5NA1HMB39,"ПРИВАТНЕ АКЦІОНЕРНЕ ТОВАРИСТВО ""ІВЕКС КАПІТАЛ"""
894500HUOIAQLKV8MR88,PAXUM BANK LIMITED
894500I8ZP6556ZYWJ31,EFTEX PTY. LIMITED
894500I9WYGQZ2Z8TV47,FBD International SAS
894500IDLZN6AMWCJ624,GastroSocial Pensionskasse
894500IFRWIX212P9V66,TAGCASH LTD. INC.
894500IZ0S5VUPBM2F04,YPI
894500J6EUIQHT5TGZ79,"AGENTE DE CAMBIO EXTRANJERO, S. A."
894500J9C5YBMGFIWI73,"Wittix, UAB"
894500J9CD9VJXDBWS55,Azerbaijan Industry Bank OJSC
894500JC966WXG56R684,Delma Exchange
894500JPIDXHKZ0NM727,Merchant Partners Securities Public Company Limited
894500JUKSJ9W8ETMB94,KEB HANA BANK
894500JVI95FNLBWJY26,BSA
894500JWA2RPQOLJEB59,AIDEXA S.P.A.
894500KB23LZ4PNPN205,ROYAL MONZE INSTITUTE OF MEDICAL EVANGELISM LIMITED
894500KCLJ3NIIYI6N88,สถาบันคุ้มครองเงินฝาก
894500KFDM6GTUGDJJ54,EG GROUP LIMITED
894500KO00XGKSXM6M76,FC DELTA LIMITED LIABILITY COMPANY
894500L1ZXDRWZGS4Z20,PT BANK IBK INDONESIA TBK
894500LMY396K3WEPH78,Oman Investment Bank SAOC
894500LOBVBNER930U52,Eestihoius HLÜ
894500LOH7JV49N5O219,"Finci, UAB"
894500LQ0Y8JBQHZSI59,بنك صفوة الاسلامي
894500LRVO5AWZECNJ15,مجموعة جي أف اتش المالية ش.م.ب.
894500LT40JG0U1DVY26,FINALBION SL
894500LTESFZH553M544,EURO EXIM BANK LIMITED
894500LY6QC85QZLH082,SANTANDER CONSUMER FINANCE S.A.
894500M0NMG2AX7GY683,INVESTMENT ADMINISTRATION SERVICES PTY LIMITED
894500M6STW831WSJ881,TAT FX PTY LTD
894500M6YKRJNI6H7178,UAB OPAY solutions
894500M8C9DWGV7L2Q81,NatWest Bank Europe GmbH
894500MA7AHNVRNZIN11,"UAB ""Maneuver LT"""
894500MD4AQ96RDND980,"Shanghai Pudong Development Bank Co. Ltd., London Branch"
894500MDF6I8J93LO347,BANK SADERAT IRAN
894500MLQPH8XPUW0D39,Athea & District Credit Union
894500MMZD2DV81YTQ41,AUSTRALIAN SETTLEMENTS LIMITED
894500MOTKGLPCGH3G40,"UAB ""Bendras finansavimas"""
894500MQTMLL03QWLQ20,"Banco Credicorp, S.A."
894500MRFLH3MK4M7M83,MG Commercial Bank Limited
894500N4DISL2NEIR756,The Kingdom Bank Corporation
894500N5REQHTHDFN695,Europeisk Kommersiell Trust Kommandibolag
894500N5WN39MT59PW08,Imara Edwards Securities (Private) Limited
894500N62P5L0WYZYL90,BOLSA CENTROAMERICANA DE VALORES SOCIEDAD ANONIMA
894500NDAWRO7DXA4U47,شركه الزنج للصرافه (ذ.م.م )
894500NGE2Y0SO2WSS49,ZEVIN ASSET MANAGEMENT LLC
894500NGUI9RS54QRA50,Simpaisa CA Ltd.
894500NQJEO56BD3E993,APEX FUND SERVICES PTY LTD
894500NTXK2L5DK8ST13,Banco Santander S.A
894500NUK1GNIYFSZU66,LuxChan S.A R.L.-S
894500NZY1OIVAZKWE91,Mercantil C.A. Banco Universal
894500O30WNVMXL5ZJ37,Oasis Capital Markets Limited
894500O4K4U039Y5IR85,ACE UNION LIMITED
894500OCVNT0HQPFV195,VOLOPA FINANCIAL SERVICES (SCOTLAND) LIMITED
894500ODSPS2E5QWS317,BOLIGBANKEN ASA
894500OHSIV160RQ7L72,RIGHTCARD PAYMENT SERVICES LIMITED
894500OK9EYVB6ZLOV56,"Monetizator, SIA"
894500ON6QEGFU9B4D30,Fundvest UAB
894500OR13T3GWKHGZ67,APAC International Corporate Services FZCO
894500OSKJARUPVA0L03,COMUNE DI BOLLATE
894500OV1QLLTJN72M46,"RURAL BANK OF LANUZA (Surigao del Sur), INC."
894500OZT9FESBBERW48,"Kredito unija ""Neris"""
894500P1NVW2C9W77B23,Polar Asset Management Partners Inc.
894500P3YX950T85FX41,ZELLER AUSTRALIA PTY LTD
894500PH7XO5QV5TAJ14,CIRCIT LIMITED
894500PIFRJR3LAZXY43,Union Financiar Tiranë
894500PLZKDELTG9KK48,Financial Services Company SAOG
894500PM501QCM5WNG28,Reap (Remit) Limited
894500PP7NPJ6RTOQB86,Mountmellick Credit Union Limited
894500PQG7F883EIZ033,SHOUT 2020 LTD
894500PSG9K7IUOYH922,"UAB ""Finbro"""
894500PVDOV8JOKWHE19,Vitesse PSP Limited
894500PYG8NLHNMFZN37,LOLC Bank Philippines Inc.
894500Q25H5KQOHCPA11,"ТОВАРИСТВО З ОБМЕЖЕНОЮ ВІДПОВІДАЛЬНІСТЮ ""ІНВІНТУМ"""
894500QCRQPZUXB7U963,Національний депозитарій України
894500QEMGMRG67KPB44,ACE Money Transfer Limited
894500QQ0R50KZ8VOY20,Zimpler AB
894500QWH909KJJRLF32,"АКЦІОНЕРНЕ ТОВАРИСТВО ""ЮНЕКС БАНК"""
894500RBKZC1VUDSB189,PREMIER FOREX LIMITED
894500RHQE3RLG0WW938,MPO INTERNATIONAL
894500RKNTESM9WUWI29,"BAHRAIN EXCHANGE COMPANY , W.L.L"
894500RM6XPH6FNLV767,QATAR NATIONAL BANK
894500RN9XVEKRWKGD56,PFS CARD SERVICES IRELAND LIMITED
894500RO1YT8LC40B281,MAKILING DEVELOPMENT BANK CORPORATION
894500RQ7D6FLLSIGK48,UAB Crowdpear
894500RWTPSG1SZBLF76,"АКЦІОНЕРНЕ ТОВАРИСТВО ""КРЕДОБАНК"""
894500S0ZKXQ7RTV9Q62,"MONEY MALL RURAL BANK, INC."
894500S14X5XXA7XWX11,ProLiquidity Limited
894500S6O5QL2YJJW154,Amicorp Fund Services Malta Limited
894500SDGKEWX9K39Q20,CLIKING INVESTMENT LTD
894500SDRG6W9RA1KK34,AFC Commercial Bank Limited
894500SDWZQNWQLX8218,GREENGAGE & Co. Limited
894500SHGDHVP4KWP767,AFFINITURE CARDS LIMITED
894500SJ5CJBPX7KWD05,Payron Limited
894500SJRMLU615C3561,Oasis Capital Group Plc
894500SXXL4GWBI8AC08,ALMA
894500T104WTUAJRSI60,MEHTA EQUITIES PRIVATE LIMITED
894500TCKDLYH0SKGE49,Metro South Cooperative Bank
894500TH6CVZST4WI534,IBANFIRST
894500TUQGEJSTQBNY10,"RURAL BANK OF MONTALBAN, INC."
894500U247KEMA0HHP26,BANCO BILBAO VIZCAYA ARGENTARIA S.A (Paris Branch)
894500U7YN40Y3M3CN16,Interpolitan Money Canada
894500UFZE6HW99NYL92,KASHET LTD
894500UPOAKVAFI0LP62,AUSTRALIA AND NEW ZEALAND BANKING GROUP LIMITED
894500UPZDOEKE5RWQ49,CFX LABS INC.
894500UT2JUR5OBEKU28,MVSM BANK (A RURAL BANK SINCE 1953) INC.
894500UUX2FYTG9YFH69,HIFX AUSTRALIA PTY LTD
894500VGXPYR3SGOZX06,"LONE PEAK GLOBAL INVESTORS, L.L.C."
894500VHPFPLAP439Q03,"Rural Bank of Bay, Inc."
894500VKGP2V18K2GJ67,Bank of communications (Luxembourg) S.A.
894500VSY2SMWC7A1953,Middle East Airlines Airliban S.A.L.
894500W66S0NSQKWB132,BOB CAPITAL MARKETS LIMITED
894500W9EVCSDOYBGS51,HQLAx S.à r.l.
894500WGNE5VDTGN7X45,"ТОВАРИСТВО З ОБМЕЖЕНОЮ ВІДПОВІДАЛЬНІСТЮ ""АРТ-КАПІТАЛ КАСТОДІ"""
894500WJQ1TO7Z4FAS49,LIMITED LIABILITY COMPANY “STOCK TRADING “FIRST GLOBAL INITIATIVE”
894500WONXWSEI6ETQ23,"Rural Bank of Porac (Pamp), Inc."
894500WVFMR0K7RALV33,Yoursafe B.V.
894500WW71AUXGUNAR71,BANK OF INDIA
894500X1LK1A0XW9SE37,Okeo Payments UAB
894500X4IVGV5L5Z7X59,"Akciju sabiedrība ""Money Express"""
894500X4YZLMBENRLF77,LINDBERGH S.P.A.
894500X5LOB8MGH4SU94,MA ASSET MANAGEMENT LTD
894500X6D6QIVW6Q2C69,"Own Bank, The Rural Bank of Cavite City, Inc"
894500X6NYN2C7AFSI22,IFIC MONEY TRANSFER (UK) LIMITED
894500XCOCDK5Y3JBI11,FAMILY BANK LIMITED
894500XRGKYPCCE6PF12,TRAXION PAY INC.
894500XY85XHLVCTX352,Corex Holding BV
894500Y8EBD5KAOWOI69,"""ZİRAAT BANK AZƏRBAYCAN"" AÇIQ SƏHMDAR CƏMİYYƏTİ"
894500YDBW99X66UMN80,Joseph Palmer & Sons
894500YRHNGCPZLXTF49,Finext Eastern Bank Corporation
894500YSPZUHTU8Z1U52,United Overseas Bank (Vietnam) Limited
894500YSQ761RB6S2689,"Cantilan Bank, Inc. (A Rural Bank)"
894500YZT6FD4GD85R04,Indorama Eleme Petrochemicals Limited
894500Z778S7RK7FKA49,FOXFIRE PTY LTD
894500ZFNWNVY2EZJM13,Sprung Investment Management Inc.
894500ZQLNYY77S80E91,"BCN - BANCO CABOVERDIANO DE NEGÓCIOS, SA"
894500ZXDCT6CXD3SK63,Wallester AS
89RLTMP2WM4KXYJMWI06,PGM Global Inc.
89Z2WRK82BORVH42CP71,West Bank
8AFAYMK90I2QVGLMLS34,SCHRODER INVESTMENT MANAGEMENT (EUROPE) S.A.
8B4EZFY8IHJC44TT2K84,BANCO DE CHILE
8B4SQYKBT0O13V7EP290,Cornèr Banca SA
8BRUP6V1DX3PIG2R0745,WBS SOLUTIONS LIMITED
8ER8GIG7CSMVD8VUFE78,Deutsche Post AG
8EU8ZMZ2E88YR971GW85,ASSET FUNDING COMPANY IV LIMITED
8EWQ2UQKS07AKK8ANH81,DEUTSCHE BANK TRUST COMPANY AMERICAS
8HJ584LSUOXRY4R82794,"THORNBURG INVESTMENT MANAGEMENT, INC."
8HWWA59ZS6Z54QLX6S15,Safra National Bank of New York
8I4XPTAMMD03R8UZ8J94,RUSSELL CLARK INVESTMENT MANAGEMENT LIMITED
8I5DZWZKVSZI1NUHU748,JPMORGAN CHASE & CO.
8IBZUGJ7JPLH368JE346,Goldman Sachs Bank Europe SE
8KA1PQPA9THGG1BNCT31,CITIBANK (HONG KONG) LIMITED
8KEPZEVXKHU6G2R0SD14,STATE STREET GLOBAL ADVISORS LIMITED
8KUMV9EIJ75IBFMLFD23,"U.S. BANCORP ASSET MANAGEMENT, INC."
8NAV47T0Y26Q87Y0QP81,"MERRILL LYNCH, PIERCE, FENNER & SMITH INCORPORATED"
8NXCZ37WLRN3RTF6CY94,GOLDMAN SACHS GROUP HOLDINGS (U.K.) LIMITED
8Q77SW3KZ88P3GNX0T60,Lake City Bank
8R95QZMKZLJX5Q2XR704,NATIONAL GRID PLC
8RQVVYJLCZQ72HWNXT16,GS Strategic Investments Limited
8SP4DPNKBJXD8RON4R15,"BANNOCKBURN GLOBAL FOREX, LLC"
8SVCSVKSGDWMW2QHOH83,BAE SYSTEMS PLC
8W4J5U4ANMQNWLL6ZR02,"AMOVA ASSET MANAGEMENT AMERICAS, INC."
8WC3XYHE06SQFW7CQK10,PACIFIC LIFE INSURANCE COMPANY
8WH0EE09O9V05QJZ3V89,"Zions Bancorporation, N.A."
8WPYYMBQVCE82VPJZ873,TATE & LYLE INTERNATIONAL FINANCE PLC
8YS0IK21TYOY3WE1Y649,BNP PARIBAS ASSET MANAGEMENT UK LIMITED
8ZQH7RR6DBQZIX8PEQ84,"ABENGOA, S.A."
918BV8K2HQ7BO3PKY750,Horizon Fund
91IYXM9QE3KSOSUI8282,"ONEX CREDIT PARTNERS, LLC"
959800022CP5VD9S7E04,"BELEGAR INVERSIONES, S.L."
95980008YL8WG2MZQQ40,MONEI DIGITAL PAYMENTS SL
9598000DG8LM14FCS116,SENER GRUPO DE INGENIERIA SA
9598000FG12YY9NU5410,"JL CONTRERAS Y ASOCIADOS, S.A."
9598000NNC1N0T4EJJ11,"BANCO G & T CONTINENTAL, SOCIEDAD ANONIMA"
9598000XV29EQE8XZE52,ASISA ASISTENCIA SANITARIA INTERPROVINCIAL DE SEGUROS SOCIEDAD ANONIMA
95980018MKFF23QASL07,"BME POST TRADE SERVICES, S.A."
9598001D687E0EM25586,BNEXT ELECTRONIC ISSUER E.D.E. SOCIEDAD LIMITADA
9598001N1Z4ZR7D6DB67,BANCO NACIONAL DE GUINEA ECUATORIAL
95980020140005007414,COLONIAL SFL SOCIMI SA
95980020140005007996,ALMIRALL S.A.
95980020140005008578,ROCA SANITARIO S.A.
95980020140005008772,ABASIC S.A.
95980020140005009160,THE GB FOODS S.A.
95980020140005011585,SOCIEDAD ANONIMA DAMM
95980020140005012943,CAJA RURAL DE ARAGON SOCIEDAD COOPERATIVA DE CREDITO
95980020140005013719,INTERBROKERS PATRIMONIAL S.A.
95980020140005017502,MANGO MNG S.A.
95980020140005025553,SEGURCAIXA ADESLAS SA DE SEGUROS Y REASEGUROS
95980020140005026620,FLUIDRA S.A.
95980020140005042140,GESTION DE PATRIMONIOS MOBILIARIOS SOCIEDAD DE VALORES SA
95980020140005042819,TENDAM RETAIL SA
95980020140005148452,"SANTANDER ASSET MANAGEMENT, S.A., SGIIC"
95980020140005149810,MEDIGESTION O2 SICAV S.A.
95980020140005167173,SIMON HOLDING S.L.
95980020140005174448,ESTEVE PHARMACEUTICALS S.A.
95980020140005178328,FOMENTO DE CONSTRUCCIONES Y CONTRATAS S.A.
95980020140005184148,"BANCO INVERSIS, S.A."
95980020140005184245,EUROFRAGANCE S.L. (SOCIEDAD UNIPERSONAL)
95980020140005207428,COMSA CORPORACION DE INFRAESTRUCTURAS S.L.
95980020140005212375,"CAJA RURAL DE EXTREMADURA, SOCIEDAD COOPERATIVA DE CREDITO"
95980020140005213927,"ANDBANK WEALTH MANAGEMENT, S.G.I.I.C., S.A."
95980020140005218292,"ANDBANK ESPAÑA BANCA PRIVADA, S.A."
95980020140005219553,CAJA RURAL DE ASTURIAS SOCIEDAD COOPERATIVA DE CREDITO
95980020140005219844,CAJA RURAL DE ZAMORA COOPERATIVA DE CREDITO
95980020140005219941,CAJA RURAL DE UTRERA SOCIEDAD COOPERATIVA ANDALUZA DE CREDITO
95980020140005220038,CAJA RURAL REGIONAL SAN AGUSTIN FUENTE ALAMO MURCIA SOCIEDAD COOPERATIVA DE CREDITO
95980020140005220135,CAJA RURAL DE GRANADA
95980020140005230417,FINECO SOCIEDAD DE VALORES SA
95980020140005248944,"MEDVIDA PARTNERS DE SEGUROS Y REASEGUROS, S.A."
95980020140005264173,"FONDITEL PENSIONES, ENTIDAD GESTORA DE FONDOS DE PENSIONES SA"
95980020140005275134,"CONSTRUCCIONES Y AUXILIAR DE FERROCARRILES, S.A."
95980020140005308793,"INDRA SISTEMAS, S.A."
95980020140005310054,RURALNOSTRA SOCIEDAD COOPERATIVA DE CREDITO VALENCIANA
95980020140005310733,MAPFRE INVERSION SOCIEDAD DE VALORES SA
95980020140005310927,"MYINVESTOR BANCO, S.A."
95980020140005317135,"BANCO ALCALA, S.A."
95980020140005325477,MUTUACTIVOS SA SOCIEDAD GESTORA DE INSTITUCIONES DE INVERSION COLECTIVA
95980020140005326156,MAXAMCORP HOLDING SL
95980020140005329260,"ABANCA GESTION DE ACTIVOS, SGIIC, SA"
95980020140005337796,VIDA-CAIXA SA DE SEGUROS Y REASEGUROS
95980020140005337990,MECALUX S.A.
95980020140005341967,"INBARSAVE, SICAV, S.A."
95980020140005342452,MEDIOLANUM RENTA F.I.
95980020140005350406,CAJA RURAL DE ALBAL COOP DE CREDITO V
95980020140005375141,AHORRO CORPORACION FINANCIERA SA
95980020140005375335,CAJA RURAL DEL SUR SOCIEDAD COOPERATIVA DE CREDITO
95980020140005375820,EVO BANCO SA
95980020140005382222,"CAIXA RURAL VINAROS, S. COOP DE CREDIT. V."
95980020140005385035,MIRALTA FINANCE BANK SA
95980020140005388333,"EBN BANCO DE NEGOCIOS, S.A."
95980020140005396869,CAJA RURAL DE BAENA NTRA SRA DE GUADALUPE SOCIEDAD COOPERATIVA DE CREDITO ANDALUZA
95980020140005396966,CAJA RURAL DE SORIA SOCIEDAD COOPERATIVA DE CREDITO
95980020140005417336,"CAJA RURAL DE TERUEL, SOCIEDAD COOPERATIVA DE CREDITO"
95980020140005418403,"CAJA RURAL DE JAÉN, BARCELONA Y MADRID, S.C.C."
95980020140005418791,"CAIXA RURAL BENICARLO, S. COOP. DE CREDIT V"
95980020140005419373,"SINGULAR BANK, S.A."
95980020140005429655,CAJA RURAL DE SALAMANCA SOCIEDAD COOPERATIVA DE CREDITO
95980020140005436542,CAJA DE AHORROS Y MONTE DE PIEDAD DE ONTINYENT
95980020140005436930,MINERALES Y PRODUCTOS DERIVADOS SA
95980020140005439549,CAJA RURAL DE NAVARRA S. COOP. DE CREDITO
95980020140005441295,SOCIEDAD ANONIMA INDUSTRIAS CELULOSA ARAGONESA
95980020140005448764,FICOSA INTERNATIONAL S.A.
95980020140005462150,URBASER SOCIEDAD ANONIMA
95980020140005475245,"FIESTA HOTELS & RESORTS, S.L."
95980020140005477573,HOLDING GONVARRI SL
95980020140005480580,CAJA RURAL DE GIJON SOCIEDAD COOPERATIVA ASTURIANA DE CREDITO
95980020140005480677,CAIXA POPULAR CAIXA RURAL COOP DE CREDITO V
95980020140005480774,IBEROSTAR HOTELES Y APARTAMENTOS SL
95980020140005484654,"CAJA RURAL DE ALBACETE, CIUDAD REAL Y CUENCA SOCIEDAD COOPERATIVA DE CREDITO"
95980020140005485333,"CAJASIETE, CAJA RURAL, SOCIEDAD COOPERATIVA DE CREDITO"
95980020140005485430,CAJA RURAL SAN JOSE DE ALCORA S. COOP DE CREDITO V
95980020140005485624,"CAJA RURAL DE BURGOS, FUENTEPELAYO, SEGOVIA Y CASTELLDANS, SOCIEDAD COOPERATIVA DE CREDITO"
95980020140005486594,CAJA RURAL SAN JOSE DE ALMASSORA S. COOP. DE CREDITO V.
95980020140005487079,CAJA RURAL CENTRAL SOCIEDAD COOPERATIVA DE CREDITO
95980020140005487855,BANCA PUEYO S.A.
95980020140005488437,"CAIXA RURAL GALEGA, S.C.C.L.G."
95980020140005523939,CAJA RURAL NUESTRA SENORA DE LA ESPERANZA DE ONDA S. COOP. DE CREDITO V.
95980020140005542272,BBVA ASSET MANAGEMENT SA SGIIC
95980020140005551293,CAIXA RURAL DE L ALCUDIA S COOP V DE CREDITO
95980020140005552166,"EUROCAJA RURAL, SOCIEDAD COOPERATIVA DE CREDITO"
95980020140005552651,LABORATORIOS HIPRA SA
95980020140005553524,TRESSIS SOCIEDAD DE VALORES SA
95980020140005559247,COMUNITAT AUTONOMA DE LES ILLES BALEARS
95980020140005620357,CAIXA RURAL D ALGEMESI S COOP V DE CREDIT
95980020140005621036,CAIXA RURAL LES COVES DE VINROMA S. COOP DE CREDIT V
95980020140005635198,NUEVO MICRO BANK S.A.
95980020140005651785,"CAIXA RURAL LA VALL ""SAN ISIDRO"" SOCIEDAD COOPERATIVA DE CREDITO VALENCIANA"
95980020140005658381,ARESBANK SOCIEDAD ANONIMA
95980020140005684765,VISCOFAN SA
95980020140005693107,MAPFRE S.A.
95980020140005754896,JUNTA DE COMUNIDADES DE CASTILLA-LA MANCHA
95980020140005760134,GOBIERNO DE CANTABRIA
95980020140005772356,DURO FELGUERA SA
95980020140005772841,"CBNK BANCO DE COLECTIVOS, S.A"
95980020140005776333,"UBS WEALTH MANAGEMENT, SGIIC, S.A"
95980020140005777885,"DEUTSCHE WEALTH MANAGEMENT SGIIC, S.A."
95980020140005804657,SUAN FARMA S.A.
95980020140005816006,"BANCO OCCIDENTAL, S.A."
95980020140005835794,"GENERAL ELECTRIC CAPITAL BANK, S.A."
95980020140005844330,"ALLFUNDS BANK, S.A."
95980020140005847337,"UCI, SA"
95980020140005848695,ARTECHE LANTEGI ELKARTEA SA
95980020140005879153,BANCOFAR SA
95980020140005879929,"BANCO CETELEM, S.A."
95980020140005880608,GRUPO TOMPLA ARTES GRAFICAS SL
95980020140005881190,BANCO DE CREDITO SOCIAL COOPERATIVO SA
95980020140005906313,BIOSYSTEMS S.A.
95980020140005918244,MONTY GLOBAL PAYMENTS SA
95980020140005925519,"CAJA RURAL DE GUISSONA, S.C.C."
95980020140005934443,"ESFERA CAPITAL, AGENCIA DE VALORES, S.A."
95980020140005936480,LABORATORIOS FARMACEUTICOS ROVI S.A
95980020140005937353,CAJA RURAL DE ALMENDRALEJO SCC
95980020140005943367,NEINVER SA
95980020140005950351,BANKINTER GESTION DE ACTIVOS SA SOCIEDAD GESTORA DE INSTITUCIONES DE INVERSION COLECTIVA
95980020140005952097,"BANCO PICHINCHA ESPAÑA, S.A"
95980020140005954522,"BIMBA Y LOLA STUDIO, S.L."
95980020140005967035,UNICORP PATRIMONIO SOCIEDAD DE VALORES SA
95980020140005970915,CACEIS BANK SPAIN S.A.
95980020140005976444,AXESOR CONOCER PARA DECIDIR SA
95980020140005977802,CAJA RURAL DE VILLAMALEA SOCIEDAD COOPERATIVA DE CREDITO AGRARIO DE CASTILLA LA MANCHA
95980020140005982749,BANCA POPOLARE ETICA SOCIETA COOPERATIVA PER AZIONI SUCURSAL EN ESPAÑA
95980020140005992740,CAJA RURAL DE NUEVA CARTEYA SOCIEDAD COOPERATIVA ANDALUZA DE CREDITO
95980020140005993904,CAJA RURAL DE CASAS IBANEZ SOCIEDAD COOPERATIVA DE CREDITO
95980020140005997493,"BBVA, INSTITUIÇÃO FINANCEIRA DE CRÉDITO S.A."
95980020140006002537,BESTINVER SOCIEDAD DE VALORES SA
95980020140006012431,"ALDESA CONSTRUCCIONES, S.A."
95980020140006019415,LONTANA SA
95980020140006022422,BANCO DE ESPAÑA
95980020140006025332,COLONYA CAIXA D'ESTALVIS DE POLLENÇA
959800297HG5GAMCHX39,"FINANCIERE DES PAIEMENTS ELECTRONIQUES, SAS, SUCURSAL EN ESPAÑA"
9598002BMCMBU7G30F66,ATTIJARIWAFA BANK EUROPE SUCURSAL EN ESPAÑA
9598002N44FY4MZFPQ62,BCP SECURITIES SOCIEDAD DE VALORES SA
9598002P2NSC8T54P044,GRUPO LOGISTICO SESE SOCIEDAD LIMITADA
9598002U9BK2VP1RTG14,ATRADIUS CREDITO Y CAUCION SA DE SEGUROS Y REASEGUROS
95980034S6RW0S65CZ90,PRODIGIOS INTERACTIVOS SA
959800399TK91MHSHS86,GRUPO GENERALI ESPAÑA AIE
9598003BHZ02SG7LKD16,WERFEN S.A.
9598003BYPZCBMEYQ040,"TREEZOR SAS, SUCURSAL EN ESPAÑA"
95980047KSRJ50N36P30,ASTARA MOBILITY S.A.
9598004A3FTY3TEHHN09,AMADEUS IT GROUP SOCIEDAD ANONIMA
9598004BR8D81D3M1D64,SIEMENS GAMESA RENEWABLE ENERGY SA
9598004TKD4ANJUU0L89,"CEREALTO GLOBAL, S.L."
95980050FR4XC5F5QU23,CAJA RURAL DE CAÑETE DE LAS TORRES NTRA SRA DEL CAMPO SOCIEDAD COOPERATIVA ANDALUZA DE CREDITO
9598005R0TUCNTAC6564,"VALORIZA SERVICIOS MEDIOAMBIENTALES, S.A."
9598005RQYUKA5W3GH05,"OUTPAYCE, SA"
9598005VGQZ540VDLW82,ALHAMBRA PARTNERS SV SA
95980066N7HDRRNUT755,BERGE Y COMPAÑIA SA
9598006NADCDHBCA0B85,XUNTA DE GALICIA
9598007A56S18711AH60,SECRETARÍA GENERAL DEL TESORO Y FINANCIACIÓN INTERNACIONAL
9598007PWYZP4GP23S45,BANCO INBURSA S A INSTITUCIÓN DE BANCA MÚLTIPLE GRUPO FINANCIERO INBURSA
9598007R6T2T38SXU277,HULLERAS DEL NORTE SA SME
95980086UBDXQQ7RSF85,EXOLUM CORPORATION SA
95980089WEV4R42T3W78,FCE BANK PLC SUCURSAL EN ESPAÑA
9598008EHBV6E9XVD747,ATL 12 CAPITAL INVERSIONES AV SA
9598008JTB0XRPA09978,"POPULAR BOLSA SOCIEDAD DE VALORES, S.A."
95980094X7RTNJX78325,GENERAL DE VALORES Y CAMBIOS S.A.
9598009ABANQK0EKEG52,OLINDA S.A.S. - SUCURSAL EN ESPAÑA
9598009FQU4V02AEBN25,BORGES INTERNATIONAL GROUP SL
9598009S4B0T31TXXM98,"CTI TECNOLOGIA Y GESTION, S.A. S.M.E."
9598009TN7F4HTGJD246,DEPOSITO CENTRAL DE VALORES S.A. DEPOSITO DE VALORES
9598009VU37LTWN5QM32,S. TOUS S.L.
959800AQXRU3780MW094,ARQUIA BANK S.A.
959800AXXRBEBSW7Z026,"COMERCIA GLOBAL PAYMENTS, ENTIDAD DE PAGO, SL"
959800B2TGYXCZ15T872,GOBIERNO DE NAVARRA
959800BCG62RCSR5H360,"CEVALDOM, S. A."
959800BD9GNSUT77K277,BRUC ENERGY SL
959800CV21V16FBH1P75,TOWA PHARMA INTERNATIONAL HOLDINGS S.L. (SOCIEDAD UNIPERSONAL)
959800D4AL4FC9DS3G64,"RHEINMETALL EXPAL MUNITIONS, S.A."
959800DN0D5DXFUBNB37,SOCIEDAD DE GESTIÓN DE LOS SISTEMAS DE REGISTRO COMPENSACIÓN Y LIQUIDACIÓN DE VALORES S.A.U.
959800DZC2UKMCTEN383,MODULR FINANCE B.V. SUCURSAL EN ESPAÑA
959800E7JJEKNDB5VN60,GENERALI ESPAÑA HOLDING DE ENTIDADES DE SEGUROS S.A.
959800EBASC7HZFL5051,EYEE ESTUDIOS EMPRESARIALES AGRUPACION DE INTERES ECONOMICO
959800ELNWQDZ1M50C82,"BANCO INVERSIS S.A., LUXEMBOURG BRANCH"
959800FCX0KY0H7CGQ84,COMUNIDAD AUTONOMA DE LA REGION DE MURCIA
959800FK974ZJQCF6321,GRUPO INDUKERN S.L.
959800G1LCS4S3BD0M89,COMPROMISO MEDIOLANUM F.I.
959800G1STVUPYU6NU22,MERCADONA SA
959800G42HFTN7MWAY79,JUNTA DE ANDALUCIA
959800G4QHU52BQKQE63,EURONA WIRELESS TELECOM S.A.
959800GVBTF96PA8QX52,DIPUTACION GENERAL DE ARAGON
959800H1RHMMQY9C0N54,"SOCIEDAD ESPAÑOLA DE SISTEMAS DE PAGO, S.A."
959800HBGZWHX69PE419,"ECOENER, S.A."
959800HNER9KKQWS8453,PORCELANOSA SA
959800HRCF66XSHN8R37,PAYMATICO PAYMENT INSTITUTION S.L.
959800HUFA92RBVJQJ56,UP AGANEA E.D.E. S.A.
959800J3RVTJAGV8HK03,"SOLVENTIS S.V., S.A."
959800J83DKNLV2C3R02,BARCELO CORPORACION EMPRESARIAL SA
959800JRJW1CZ63R8P20,CEMENTOS MOLINS S.A.
959800JRKSZ6YZD4EL80,MELIA HOTELS INTERNATIONAL SA
959800JTH4A3B38MJ379,GENERALITAT VALENCIANA
959800JWEHLALE4BRH36,"PKF ATTEST CAPITAL MARKETS SV, S.A"
959800K9WHQ0MGL8XU52,CAVALI S.A. I.C.L.V.
959800KASH3LCM57Q344,COMUNIDAD AUTONOMA DE MADRID
959800KBEVSTC8NYHU73,"INDUSTRIAS CARNICAS TELLO, S.A."
959800KDT5YHCYD7N805,HAMILTON COURT FX SIM SPA SUCURSAL EN ESPANA
959800KT1FVNZ7HC1R25,OPDENERGY HOLDING SA
959800KVHU10NW2KG248,"CASER VALORES E INVERSIONES, A.V. S.A."
959800KZRR6AAHB3XA44,YOID TECH SL
959800L6L2B2GGN73292,SOLTEC POWER HOLDINGS SA
959800L8KD863DP30X04,"MERLIN PROPERTIES SOCIMI, S.A."
959800LHEKKMW5L1CL09,SOCIEDAD RECTORA DE LA BOLSA DE VALORES DE BILBAO SA
959800LM1RW3PKJ4A296,MINOR HOTELS EUROPE & AMERICAS SA
959800LQ598A5RQASA61,BANCA MARCH SA
959800M0CWNLUYGGTD17,"CAIXA DE CRÉDITO AGRÍCOLA MUTUO DA CHAMUSCA, C.R.L."
959800M1FVPL5BMW3R13,GRENERGY RENOVABLES SA
959800M31RV2ATXQT751,FONDO DE GARANTÍA DE DEPÓSITOS DE ENTIDADES DE CRÉDITO
959800MCHE7FT91LLW84,"GRUPO GRANSOLAR, S.L."
959800MZYB6CKWA9K382,BANCO DE ALBACETE SA
959800N1RYK4AG2AH327,TESORERÍA GENERAL DE LA SEGURIDAD SOCIAL
959800N5JHERKXV3TU05,COFIDIS S.A. SUCURSAL EN ESPAÑA
959800NAFTNQ5VSH4K06,ZELESTRA CORPORACION SA
959800NSFWL2T7E40Y20,ISSUER SOLUTIONS SOCIEDAD LIMITADA
959800NZ0JPD1HVKVW84,"UNNAX REGULATORY SERVICES, E.D.E. S.L."
959800P47TRHU02BCG38,Banco Bisa S.A.
959800PF0SJV8TSAB140,SANTANDER INVESTMENT S.A.
959800QKRKCC19MR2G52,A&G BANCO SA
959800QLWRN53GRZD457,"CURRENCIES DIRECT SPAIN, E.D.E., S.L."
959800QWK3F7EUP6FB13,CODERE NEWCO S.A.
959800QYWYHLDG5AW106,GRUPO J. URIACH S.L.
959800RK5SS4VMEV8Q95,SOCIEDAD PROMOTORA BILBAO PLAZA FINANCIERA SA
959800RM3KJJ3BVMYF24,SABA INFRAESTRUCTURAS S.A.
959800RQJLU7MG8QHW51,COMUNIDAD AUTONOMA DE CANARIAS
959800RTNMXKKKFHPR11,ATLANTICA CORPORATE RESOURCES SOCIEDAD LIMITADA
959800S2QKQ1J0T50V80,NINETY NINE FINANCIAL MARKETS S.V. SA
959800S72XPFSYK41R50,RIUSA II SA
959800SE0UMB653CSX80,SINERGIA ADVISORS 2006 AGENCIA DE VALORES SA
959800STU2BCZ8XZG570,CAJA RURAL NUESTRA MADRE DEL SOL S.C.A.C.
959800T1K23GYSF5QD36,PRISMA PAYMENTS EP SA
959800T6ETE638V5TV33,E.KUANTIA EDE SL
959800TK7BDDNB10UP50,"PIOLIN BIDCO, S.A."
959800TKS8CCELZLLH86,ALTAMAR CAM PARTNERS S.L.
959800TZGWJB4QZTJM05,"CENTRAL DE VALORES NACIONAL, S.A."
959800TZHQRUSH1ESL13,"INTERNATIONAL CONSOLIDATED AIRLINES GROUP, S.A."
959800U254WM470TRW79,PONTEGADEA INVERSIONES SL
959800U85XC75Y98E053,EVER CAPITAL INVESTMENTS SOCIEDAD DE VALORES SA
959800UE042T24AY7S51,"ALANTRA EQUITIES SOCIEDAD DE VALORES, SA"
959800UJLNKYJL3Y3X80,REIG PATRIMONIA S.A.
959800UP9ANDBHTKJ408,"EUROPEAN DIGITAL SECURITIES EXCHANGE S.V., S.A."
959800VHSP2QBPNRF210,BANK OF AFRICA EUROPE SA
959800VTF4MHTR6XFB72,MACCORP EXACT CHANGE ENTIDAD DE PAGO S.A.
959800VZF9TPU31DYQ25,COMPAÑIA OPERADORA DE CORTO Y MEDIO RADIO IBERIA EXPRESS SA
959800VZJT69ALGPYF88,CAIXABANK PAYMENTS & CONSUMER EFC EP SA
959800W1REPMWW96CJ06,OK MOBILITY GROUP SA
959800W2VTBFTXHX5M92,DELFORCA 2008 S.A.(SOCIEDAD UNIPERSONAL)
959800W8AADP3Z0S0G31,ABANTE ASESORES GESTION SGIIC SA
959800WVZYMP366PZF91,"ALLFUNDS BANK S.A.U., LUXEMBOURG BRANCH"
959800WYSEXCVLSAWN29,CONSORCIO DE COMPENSACION DE SEGUROS
959800X39QVMMVHV3177,ELSA CARE TECHNOLOGIES SL
959800XEQX65QVEGM339,BBVA BRASIL BANCO DE INVESTIMENTO S.A.
959800XKAB9VNAVN9425,SACYR SA
959800XKJK9QVFRXQE16,GRUPO INVERSOR HESPERIA S.A.
959800XVCVWWJQ9JFP52,SOCIEDAD RECTORA DE LA BOLSA DE VALORES DE VALENCIA SOCIEDAD ANONIMA
959800XVKM2DG4F88491,MEDIACION BURSATIL SOCIEDAD DE VALORES SA
959800YP1HS9N0181884,GLOBAL PAYMENT SYSTEMS SOCIEDAD LIMITADA
959800Z25H6MSXFBBG16,SOCIEDAD RECTORA DE LA BOLSA DE VALORES DE BARCELONA S.A.
959800Z86M26260RYB16,URSUS- 3 CAPITAL AV SA
959800ZEDBMQ7CET6F20,ISDIN S.A.
959800ZRWRKK6VSS8637,NTT DATA EUROPE & LATAM SL
95RWVLFZX6VGDZNNTN43,MAGNA INTERNATIONAL INC.
95XXGORQK31JZP82OG22,"Акционерное общество ""Ситибанк Казахстан"""
967600223O3I54O3X437,KBC Fund Management Ltd.
9676003BG9DF0TC6I838,ALTER FINANCE CAPITAL
9676003QL0SA69DLD253,Sparisjóður Strandamanna ses.
9676004K743T5T0N7P27,Leica Microsystems GmbH
9676005V2190RPP8VC29,J. QUATANNENS & Co
9676005WYGKLVIDPYW04,BIOPARTICIPATIONS
96760064ZSQE5N0MHY87,Leihkasse Stammheim AG
9676007O0UF5YB3QPR03,SMBC Bank EU AG
96760088JJBU5XKSK546,Hordorff GmbH
9676009KSNS3NIDP0C78,MRB Fund Partners AG
967600C5ZGDLHD5Z3458,Legris Industries SE
967600C6IMYXFOD6LS90,Bank in Zuzwil AG
967600F5SHVSJ9H5F594,Arctica Finance hf.
967600FPASDYXJM52J22,Bank Leerau Genossenschaft
967600G4HHKLZE7XI087,LELEUX PARTNERS
967600G9O6VMTCS8KI93,CHEVRON PHILLIPS CHEMICALS INTERNATIONAL
967600KK5XTB1998SN33,NLMK Belgium Holdings
967600OER0PGHRKQTB65,Sparisjóður Suður-Þingeyi. ses.
967600QF1KZEW3U4WY37,Zürcher Landbank AG
967600QIGO353E50TF04,C WorldWide Asset Management Fondsmæglerselskab A/S
967600SHMBTAAS1WTW67,SIYANDA CAPITAL
967600V011J0F1GJ4789,Ministerium der Finanzen und für Europa des Landes Brandenburg
967600VV519TK5MBYL72,BANK ZIMMERBERG AG
967600ZISRIPDC9ERJ93,Sparisjóður Austurlands hf.
967600ZPOVVYU8ZHBO06,Schroders Capital Management (Switzerland) AG
96950000VTPII1X03R06,SOCIETE ANONYME DE CREDIT A L'INDUSTRIE FRANCAISE - CALIF
96950001JKROZEF62G96,CAISSE REG CREDIT AGRI MUTUEL CTRE LOIRE
96950001WI712W7PQG45,RCI BANQUE
969500024PBWWYZDO228,MONTBLEU FINANCE
96950003NUWIFWUNHV80,GROUPAMA ASSET MANAGEMENT
96950004PA37NM0IC748,ROBECO FRANCE
96950006AZGTGQQDR914,KBC BAIL IMMOBILIER FRANCE SAS
96950007E0G0C3N98D53,ERES GESTION
96950008DNO3H80I0682,CAISSE REGIONALE DE CREDIT AGRICOLE MUTUEL DU FINISTERE
969500090LN710HT1B25,ARAB BANKING CORPORATION SA
9695000CUPKHA77F4266,DNCA FINANCE
9695000DMWWPLK11O896,ENI PLENITUDE FRANCE
9695000LDTHLV0MP6Q81,UZES GESTION
9695000M4QHI54ZNC885,NATIONAL BANK OF KUWAIT FRANCE SA
9695000N0L9781TCSL09,L'AUXILIAIRE
9695000NBEZACR84CN22,STAR LEASE
9695000P6V7QBJL4NW96,CAISSE REG CREDIT AGRIC MUT VAL FRANCE
9695000Q8HEMSMEPFF29,MUTUELLE NATIONALE TERRITORIALE MNT
9695000QMU1H848E3Q66,PALATINE ASSET MANAGEMENT
9695000S6UHSY8EP5F48,UBS LA MAISON DE GESTION
9695000S8Y5JTOOBPL15,FONDS DE GARANTIE DES DEPOTS ET DE RESOLUTION
9695000UDD7BUSC36639,WORMSER FRERES GESTION
9695000UMPNY21KKDO98,BOIRON
9695000UVVH809ZNWM50,ALE INTERNATIONAL
9695000VFZJ5AV1UDJ67,MOBILIS GESTION
9695000VI0UV4FIO5425,CLERVILLE
9695000VURUYCOOG9Y71,CAISSE DE CREDIT MUNICIPAL DE ROUEN
9695000YG7TR7PAP0L59,LA POSTE
96950010FL2T1TJKR531,AMUNDI
9695001347FT1CMYYU26,IVO CAPITAL PARTNERS
96950014VIDAWX1KHR21,ARKEA FINANCEMENTS & SERVICES
969500151TTK0D1U6N42,MEMO BANK
969500161UMNDC85C891,ORANO
96950018S1XWUGVC0E95,PREDICA-PREVOYANCE DIALOGUE DU CREDIT AGRICOLE
9695001BN7B574TIZH43,CAISSE EPARGNE PREVOYANCE LANGUEDOC ROUSSILLON
9695001C4TOMUL1FU186,BRETAGNE ANGLETERRE IRLANDE
9695001CS4LX55JGNZ89,MONCEAU RETRAITE & EPARGNE
9695001D2AC21568VH44,SICOSNAY
9695001EZKHJOZIDKS24,MCA FINANCE
9695001F23ZXAEPPGR23,COFICA BAIL
9695001J8OSOVX4TP939,OVH GROUPE
9695001JU8NI5EHMH791,BANQUE SBA
9695001LQMTTVPIIQI05,SHARES FINANCIAL ASSETS
9695001M3P99KSZDNJ63,SKYLAR FRANCE
9695001OCCON57B45V11,GROUPEMENT DES CARTES BANCAIRES
9695001PEBCAGNEUAI60,FIDEAS CAPITAL
9695001QZJS8KONXH845,MUTUELLE GENERALE DE LA POLICE
9695001RT8FR8VO3RN87,HYUNDAI CAPITAL FRANCE
9695001UJ7FMZ37G6N39,SUCRES ET DENREES
9695001VLC2KYXX0DW73,OPMOBILITY SE
9695001WIZU5SWHBP423,CAISSE D'EPARGNE ET DE PREVOYANCE D'AUVERGNE ET DU LIMOUSIN
9695001WTKXDOV5BUA52,APICIL TRANSVERSE
9695001Y5OUD9FZ30W93,GT OPPORTUNITES
96950020QIOHAAK9V551,SOPRA STERIA GROUP
969500215GH3JAORAV11,CAISSE CENTRALE DE REASSURANCE
96950023SCR9X9F3L662,CACEIS BANK
969500246LGEV6GAHA28,CRONITE HOLDING
96950025N07LTJYFSN57,COFACE SA
96950025ZUW6TAPEVX82,VERESCENCE FRANCE
969500290KBY9NKRAT54,SOFIDOM
96950029C8LW9CRQOG98,A2VIP
96950029IN3GW457GG90,COMPAGNIE DES ALPES
9695002ASDT3XIMLZY47,DIAC
9695002DDJKZ8ZGXLD49,GROUPE PETIT FORESTIER
9695002FBC5269H40Y62,SLIMPAY
9695002I9DJHZ3449O66,ODDO BHF SCA
9695002IU3E7CNGZMA32,COFIPLAN
9695002IXLZEZAAS3N45,ATHYMIS GESTION
9695002JOWSRCLLLNY11,EDMOND DE ROTHSCHILD (FRANCE)
9695002K6CYK0CXULZ47,FEDERATION FRANCAISE DU BATIMENT
9695002LS2XZA1T4CW47,LA FINANCIERE RESPONSABLE
9695002OY2X35E9X8W87,IPSOS
9695002PXZMQNBPY2P44,GL EVENTS
9695002S0E6MOJMK5104,KEENSIGHT CAPITAL
9695002SIUTOGQX67L32,OFFICIUM ASSET MANAGEMENT
9695002SV2VP9CU42826,APRR
9695002W9K2QM7VRFU81,MUTUELLE SAINT MARTIN ACTION SOCIALE
9695002XHPVIER0MTL50,POCLAIN HYDRAULICS
9695002Y2FFNILG9EH65,HENNER
9695002YO3NZTJS7EX90,EASYBOURSE
96950032T09NSBOYBX32,GENECOMI FRANCE
96950033RJ3K57CV8K37,HSBC REAL ESTATE LEASING (FRANCE)
96950034TTGHHKKEN547,SMCP
96950035YGNIE3C1D663,SOCIETE GENERALE GESTION
96950036L1P0BIL35D42,LIXXBAIL
969500378YE4MLGK0898,OCTO FINANCES SA
969500389E3GEX8JDE26,IMA SA
96950038TRM0J14DBB66,SOCIETE AUXILIAIRE D'ETUDES ET D'INVESTISSEMENTS MOBILIERS
9695003BBN1S4HV82514,CAISSE REGIONALE DE CREDIT AGRICOLE MUTUEL DE NORMANDIE-SEINE
9695003BC4V99C26KV63,FRANCE MEDIAS MONDE
9695003E4MMA10IBTR26,GECINA
9695003F03M8VNQQN430,CONSEIL DE L EUROPE
9695003FA5F2V56MPK32,SULLY PATRIMOINE GESTION
9695003HQ7ICMLLE4C60,NORTIA
9695003JO5WBTYFJQW28,DAMARTEX
9695003KLVYC6WLE4F19,CAISSE REG CREDIT AGRI MUTUEL ANJOU MAIN
9695003KW541RB4PSS16,SOCIETE GENERALE POUR LE DEVELOPPEMENT DES OPERATIONS DE CREDIT-BAIL IMMOBILIER SOGEBAIL
9695003L8X241KRTAG54,UNION DE BANQUES ARABES ET FRANCAISES
9695003MMO8WTJT6SI44,EPSICAP REIM
9695003NOVMCP338KE32,BANQUE CANTONALE DE GENEVE FRANCE SA
9695003NUJMDFE39VT29,MACIF PARTICIPATIONS
9695003P0U9HSM45T635,GSD GESTION
9695003RMPRSL234WU33,CAISSE DE CREDIT MUNICIPAL DE TOULON
9695003SC48YQ0POQD44,BPCE LEASE
9695003SJ7Z9C9HIGV14,BOURSORAMA
9695003TIV4MV1624T61,CREDIT MUTUEL EPARGNE SALARIALE
9695003ZGAIUXLI2B651,SOCIETE DE BANQUE ET D'EXPANSION
96950040FYJM24B4IL68,SOGAMA CREDIT ASSOCIATIF
96950040YEA4C18LIJ26,AFRICA GLOBAL LOGISTICS
96950041VJ1QP0B69503,CREDIT MUTUEL ARKEA
96950042HIM5U1BE3T25,UNION BANCAIRE GESTION INSTIT (FRANCE)
9695004432J9O4KUVO75,VARENNE CAPITAL PARTNERS
96950044T6QN9KY1EO48,CORSABAIL
969500463RNL8V0VB646,GESTION FINANC PRIVE GEFIP
969500465D1DBLTL4C57,LFIS CAPITAL
969500473WCCQG6IUS39,BDL CAPITAL MANAGEMENT
969500477I53K9LV1M34,INNOVACOM GESTION
9695004A07O308YSRV47,GROUPE INDUSTRIEL MARCEL DASSAULT
9695004BZ6CLEW9AMT88,LECUREUR
9695004CU63WD5XTOI13,CMI FRANCE
9695004EKP7U9L1P2C34,COMPAGNIE D'INVESTISSEMENTS INDUSTRIELS ET COMMERCIAUX - CIIC
9695004FERWWRG5EJW74,CAISSE DE CREDIT MUNICIPAL DE LILLE
9695004FF6FA43KC4764,CLASQUIN
9695004GI61FHFFNRG61,TELEPERFORMANCE SE
9695004HCR412M89MX84,KOMATSU ADMINISTRATION FRANCE
9695004HUVSZH0SB6Y80,EXCLUSIVE PARTNERS
9695004JBXBCUOSM8238,NEW ALPHA ASSET MANAGEMENT
9695004JE6VLTPDPDQ64,CREDIT MUTUEL GESTION
9695004LKPJFCKJYV696,INFIN
9695004MVWBDL01XKC60,BRINK'S PAYMENT SERVICES
9695004NR7T2BKZFQL03,CAISSE REGIONALE DE CREDIT AGRICOLE MUTUEL DE LA CORSE
9695004OKYCJGH762G97,CARCO
9695004ON2K947Z21B87,STELLANTIS FINANCIAL SERVICES EUROPE
9695004PDWKZPALEQ327,AFI. ESCA IARD
9695004PU86BJZGFHK11,PHILLIMORE CONSEIL
9695004R2B7WRRBF1O73,MUTUELLE ARCHITECTES FRANCAIS
9695004SRRKKG3CMUR77,MUTUELLE INTERIALE
9695004UZUXJ87SG4V19,MUTUELLE ASSURANCE INSTITUTEUR FRANCE
9695004W30Q4EEGQ1Y09,AMUNDI FINANCE
9695004XCC1EOV2RG619,BANKS AND ACQUIRERS INTERNATIONAL HOLDING
96950051B8PCYINJT692,FIL GESTION
96950051KWVIVKC9VY20,PHILIPPE HOTTINGUER GESTION - GROUPE PHILIPPE HOTTINGUER
96950056ULJ4JI7V3752,SCOR SE
969500571AL1NDIREO57,BSG FRANCE S.A.
96950057A0XEFOY19126,GRESHAM BANQUE
969500590VBI4V4E9770,SGD S.A.
9695005A72PSMYM89X91,VATEL CAPITAL
9695005A9W1Y9XNHN541,FINANCIERE HOCHE BAINS LES BAINS
9695005AJMVLHX5EJZ51,CHOLET DUPONT ASSET MANAGEMENT
9695005B0IXNAZ11QL51,CAISSE EPARGNE PREVOYANCE COTE D'AZUR
9695005BWJ7IHN9C2T78,CLUB MED
9695005CBH2CL6R38E03,SOCIETE FLORIMOND DESPREZ VEUVE ET FILS
9695005EOZG9X8IRJD84,KEPLER CHEUVREUX
9695005FOW40GK9KDU13,AGRIAL FINANCES
9695005FT3RGI6WWJ534,CREDIT AGRICOLE MUTUEL CHAMPAGNE-BOURGOG
9695005G1Q14RE4REC98,SUD OUEST BAIL
9695005GXM695D8LUY58,CAISSE REGIONALE DE CREDIT AGRICOLE MUTUEL DES COTES D'ARMOR
9695005GXO5QRFFFEY17,LEGRIS INDUSTRIES DEVELOPPEMENT
9695005HLMTFJJDOB797,BFORBANK
9695005IAUAJMRN0YW40,GOCARDLESS SAS
9695005JL2UKYZ1F2O66,FINERGIE CAPITAL
9695005K83GATE3XJT49,FINANCIERE DE LA CITE
9695005LL4W12TZXR336,SENSO
9695005M4U0DCVLOH686,ALTIVE HOLDINGS
9695005MKFNXU6D77N33,ISAI GESTION
9695005MSX1OYEMGDF46,BPCE
9695005QW5Z3HOOXAY51,SERVICES LOGICIELS D'INTEGRATION BOURSIERE - SLIB
9695005RYLP1I890I743,DELTA ALTERNATIVE MANAGEMENT
9695005SKGZ20U1SK269,BANQUE FRANCAISE MUTUALISTE
9695005SPCW50TQVZ905,QUESTEL
9695005TXH99QDA0IL96,PARILEASE
9695005U38X1SF184325,SOLOCAL GROUP SE
9695005VEH8LVZW3DZ31,SC CENTRALE MONCEAU
9695005VR5O4WBJDM975,ANAXIS ASSET MANAGEMENT
9695005W1BK03ILWRC78,ARVALIS INSTITUT DU VEGETAL
9695005YEKXREPY54B44,LBP AM
9695005ZDYP16F43N171,GAN ASSURANCES
969500635NJW4KJBAT87,HLF
96950063IWFGHYR8SI09,SAS UNOFI
96950064GYG09LPHGN49,KIPLINK FINANCE
96950065LBWY0APQIM86,DASSAULT SYSTEMES
96950066U5XAAIRCPA78,LA BANQUE POSTALE
96950068U6UFY8HACU75,EVIDEN HOLDING FRANCE SA
9695006BRVMTPTUB1R68,SYCOMORE ASSET MANAGEMENT
9695006DSHYCR1OKGP34,SULO FRANCE
9695006FAOOSKGPCLN03,OSSIAM
9695006JGSYYPLD75K76,BOURGOGNE-FRANCHE-COMTE GARANTIE
9695006LJZDNLEIXPR37,NA
9695006OH2J2YVVCPY96,BANQUE EUROPEENNE DU CREDIT MUTUEL
9695006Q38EOU0AU3U18,VALLOUREC TUBES
9695006QDRMMGXIJMG23,IDENTITES MUTUELLE
9695006R59Z41KSPT258,ALPHAJET FAIR INVESTORS
9695006R5WWBX118FA17,CAISSE REGIONALE DE CREDIT AGRICOLE MUTUEL CHARENTE-PERIGORD
9695006UH4BR9VH36947,CAISSE EPARGNE PREVO LOIRE DROME ARDECHE
9695006ZV4R7LOIM2M17,SPHERE
96950070V8OK5HMTM949,BANQUE EDEL SA
96950071P46KYOLK8B94,KLESIA PREVOYANCE
96950077E9LYZ37XPT18,FINVAL
969500797CYN8EAVWA69,AMIRAL GESTION
9695007AII6XLVWZL140,CAISSE DE CREDIT MUNICIPAL DE ROUBAIX
9695007B9JFMLO5B3A94,BDF GESTION
9695007BB5MWMKDIJ143,"LOOMIS FX, GOLD AND SERVICES"
9695007BWEOWQHY2ZU91,SWAN
9695007DH2IZ2OG6B470,ALBEA SERVICES
9695007EQZDL89LUW373,BANQUE BANORIENT FRANCE
9695007F3XAONPDW1F38,CONSERVATEUR FINANCE
9695007H30WZ1HN88F98,BORDIER & CIE (FRANCE)
9695007HC3CJV85VSR53,PAYPLUG ENTERPRISE SAS
9695007HZEMQXKZKY735,COMPAGNIE DAHER
9695007IGQ675ZA2BA87,EUROMAF ASSURANCE DES INGENIEURS ET ARCHITECTES EUROPEENS
9695007JOO3V2B0GMP47,DECATHLON
9695007N7RATI6VK7E92,CAISSE D'EPARGNE ET DE PREVOYANCE DE NORMANDIE
9695007Q51GSYUQQ0D72,BANQUE FIDUCIAL - FIDUBANQUE
9695007Q5MTZ4Q454M45,GENEBANQUE
9695007VYGLVG802BT40,GALIA GESTION
9695007W26HFE4NW2372,BPCB
9695007W2XWV0TXTXL85,ARC HOLDINGS
9695007WQXJ5EMY3E151,UNIGRAINS
9695007XVWT4LMB6O470,CARLTON SELECTION
9695007YFLSFQ43HNC76,BPCE BAIL
9695007YLSCR70D7IE97,MONCEAU GENERALE ASSURANCES
9695007YUWKDUEVPGW13,CAISSE ASSURANCE VIEILLESSE PHARMACIE
96950082Z6KUVA6TW686,BPIFRANCE INVESTISSEMENT
96950085DHGG9K8CYV50,LOUVRE BANQUE PRIVEE
96950087EUNSN1BQRZ02,BUTLER CAPITAL PARTNERS
969500892AQHFDSWRF71,NATIXIS WEALTH MANAGEMENT
96950089H0H5QFIK0D89,LA BANQUE POSTALE LEASING & FACTORING
96950089OR2LOR1SM021,AGACHE
96950089RBKIYIDUPA18,AGRI NEGOCE
9695008A8CC8WHAQNX21,DIFFUCO
9695008BC87I08DBWG85,LLM & ASSOCIES
9695008BIKG0E486UL47,STEF
9695008BMJRRRHAYOW42,COMPAGNIE EUROPEENNE DE GARANTIES ET CAUTIONS
9695008F57RGP8WJVD09,CREDIT AGRICOLE DU MORBIHAN
9695008FHWHQ6RHT5K48,LAZARD FRERES BANQUE
9695008GS04QJBETA603,ARCHIMED SAS
9695008GTTDJGF00CT88,ASSYSTEM
9695008H4RKQ5E1SRK50,ARIAL CNP ASSURANCES
9695008JAL1Z199D9307,ALIZE TRADING
9695008K5N8MKIT4XJ91,AGENCE FRANCAISE DE DEVELOPPEMENT
9695008MUGFFYMWUYR38,RUSSELL INVESTMENTS FRANCE
9695008N1OA81TZOP188,DUBLY TRANSATLANTIQUE GESTION
9695008O40XCSE5VUF22,FINANCIERE TIEPOLO
9695008O5IIXK0UGWJ07,FRAMATOME
9695008QGWEK2ON1G434,FINANCIERE GEDEL
9695008S54YAZNSN0H60,BOURBON MARITIME
9695008SHP3XTT9QCM25,MANITOU BF
9695008TGGMCE0GC1Q03,BANQUE BIA
9695008U98F81XDP9A09,AKIEM HOLDING
9695008VOHGGNWBV6W58,LYRECO
9695008VS1LTUWLVS420,CAISSE REGIONALE D'ASSURANCES MUTUELLES AGRICOLES CENTRE-ATLANTIQUE
9695008WUDJYQ0SBKD68,SOCIETE MUTUELLE D'ASSURANCE DU BATIMENT ET DES TRAVAUX PUBLICS
9695008XJV2T8GA3P098,AL KHALIJI FRANCE
9695008Y0ZJLGDYDX190,CLARESCO FINANCE
9695008Y1XGY8E11P851,CAISSE DE CREDIT MUNICIPAL DE NIMES
9695008ZSNJ7URJK4A27,TIKEHAU INVESTMENT MANAGEMENT
96950093IJQEZ755P789,ACTE IARD
9695009605QS9GSGXR26,MUTUELLE IVRY LA FRATERNELLE
9695009FD7COWRM2FU86,S.A COMGEST
9695009FIABOZ346XE79,LA FINANCIERE DE L'ECHIQUIER
9695009FW6SJ095QVI79,CARPILIG PREVOYANCE
9695009FYERBTOCVVO12,SA FONCARIS
9695009GVHASHCJ1D122,CAISSE D'EPARGNE ET DE PREVOYANCE DE BOURGOGNE FRANCHE-COMTE
9695009GYR4NLCWEO356,SOC CIVILE FONCIERE CENTRE MONCEAU
9695009ITQ0V4Z6KEB87,CREDIT MODERNE ANTILLES GUYANE
9695009JESCFIG5K3L16,MUTUELLE DES CLERCS ET EMPLOYES NOTAIRE
9695009KQA7MMTQL8E07,CREDIT MUTUEL HOME LOAN SFH
9695009KV7AFPDEI5S30,JCDECAUX SE
9695009Q5VVALVEWDH43,SFM
9695009QZZVNQO70TH61,SORIA PRESTATIONS
9695009RW04BODV1KN38,TURENNE CAPITAL PARTENAIRES
9695009VUMOUXTC7WD85,UPTEVIA
9695009XYDG50AG5NB05,PREVOIR VIE GROUPE PREVOIR
969500A055BC4KPF8X30,CHANTELLE
969500A0DYUNF5NX9R84,FIPTO PI
969500A0LYF3W514P337,ELAIA PARTNERS
969500A3Y5KTGJEMDZ32,CAISSE REGIONALE DE CREDIT AGRICOLE MUTUEL DU LANGUEDOC
969500A4IPKVUBH3CA90,BANQUE DELUBAC ET CIE
969500A4MXJ3ESPHK698,SOCIETE NATIONALE SNCF
969500A8BAPFDDJO8010,FEDERATION AGIRC-ARRCO
969500A9MHDL0RC2L479,LA FINANCIERE DE L'EUROPE
969500A9Q3430ON1JH71,DAIMLER TRUCK FINANCIAL SERVICES FRANCE
969500A9SZ8YP1810S21,CAISSE D EPARGNE ET DE PREVOYANCE AQUITAINE POITOU CHARENTES
969500AE1V6LB1EX3C47,ERAAM
969500AFDIY1XZE27L60,MONETA ASSET MANAGEMENT
969500AFMNSMC5R97K50,CLARTAN ASSOCIES
969500AGACQ54Q3UF243,CAISSE REG CREDIT AGRIC MUT CTRE FRANCE
969500AHDMNE6SPYPZ55,MATIGNON FINANCES
969500AIOJG7FHMDYZ30,AXA HOME LOAN SFH
969500AISJ9PCQJEPS70,MONTAIGNE CAPITAL
969500AJCBTD2C024I81,FINANCIERE DU MARCHE ST HONORE
969500AMLHB21RACL168,Marex SA
969500AN78MDK6Y27640,DARIUS CAPITAL CONSEIL
969500APVF0CDPMX5249,BANQUE MICHEL INCHAUSPE
969500ARP5K4E1MVRE95,ABC ARBITRAGE ASSET MANAGEMENT
969500ASEC557H5A4F22,ELO
969500ASQKX4V6YWP102,COLLECTE LOCALISATION SATELLITES
969500AU5ZTGTFF9OS81,EQUITIM
969500AW5FA86IVLHY37,MONDO TV FRANCE
969500AYXINDZEL74227,COLVILLE CAPITAL PARTNERS FRANCE
969500AZTT854UOTTE84,FONDATION BETTENCOURT SCHUELLER
969500AZY2G5SSJC5G90,TOTALENERGIES ELECTRICITE ET GAZ FRANCE
969500B1EE98I4QA2X57,ALLIANZ BANQUE
969500B1EOIV6AZA4O49,SPENDESK FINANCIAL SERVICES
969500B2GARMM69RNJ24,SOFIPROTEOL
969500B2PQXYGMSYBV58,ARIANESPACE
969500B5DNR7Q1ACGD23,CAISSE REGIONALE DE CREDIT AGRICOLE MUTUEL ATLANTIQUE VENDEE
969500B63RC16IUXF680,MATIGNON INVESTISSEMENT ET GESTION
969500B68YMI4ZG02819,C F E B SISLEY
969500B8TW4VUQ7WKT96,FACTOFRANCE
969500BDXF8KKSK5RQ10,OPPORTUNITE
969500BEQO22JNF0RW41,FONDATION HANS HARTUNG ANNA-EVA BERGMAN
969500BH82XSGZBLHX77,CCMO MUTUELLE
969500BJLZOGFUSE3D73,SCOR INVESTMENT PARTNERS SE
969500BK2HLD0ZBEXN41,UNOPARFI (UNION NOTARIALE DE PARTICIPATIONS FINANCIERES)
969500BNA2YRNE1R5K91,LOXAM
969500BQ4JYX8980ZJ22,CAISSE REG CRED AGRIC MUT TOURAIN POITOU
969500BQR81SU9OX9362,ALAIN AFFLELOU FRANCHISEUR SAS
969500BR9CXNAM6JXI16,SA GEDEX DISTRIBUTION
969500BTKDTA264OM212,D.I.M.O SOFTWARE
969500BVLQKWW5N0H133,CONCES FRANC CONST EXPL TUNNEL MONT BLANC
969500BVZE9NLMMSL790,CLAYENS
969500BXTBE4U1HLLF51,CREDIT MUTUEL ASSET MANAGEMENT
969500C0AIAGQWZGJO13,NEOEN FRANCE
969500C0UVQ2V017XH96,IC FINANCIAL SERVICES
969500C1PUIT58PCZS08,CCI FINANCE
969500C56XB4G92XHL45,CREDIT MUNICIPAL DE PARIS
969500C656AA39O94N60,EURAZEO
969500C6V7XE6KJJW795,COMPAGNIE GENERALE DE CREDIT AUX PARTICULIERS CREDIPAR
969500C6ZSJZPRJLXS05,DOM FINANCE
969500C7QC6Z1EIRQQ02,PROMOD
969500C9913Z7PKUGB44,CREDIT AGRICOLE HOME LOAN SFH
969500CCRD8GYWLG6R54,ALCATEL LUCENT
969500CEDTGD6AZGL436,SAUR-RELAIS
969500CEKYYL1S3TO232,MUTUELLE UNEO
969500CF6KZ8GL8U6948,COMMERZBANK HOLDINGS FRANCE
969500CFEGMV3TFAOX68,CONSERVATEUR GESTION VALOR
969500CFQ6Y55ZPREL74,FINANCIERE D UZES
969500CHDIA34DPV9611,MONABANQ
969500CHYAQP91ABO073,SBM DEVELOPPEMENT
969500CI1OTBNC9WDS34,CAISSE PREVOYANCE AGENT SEC SOCIAL ASSIM
969500CJBRZQYD3WRL42,UMS
969500CJCTMI93QJKK89,AXA BANQUE
969500CJJUUZWHZNF742,HIGH CONNEXION
969500CKI5NQBP8T3N04,LE CREUSET
969500CM5V5G4RCFNJ67,GPM ASSURANCES SA
969500CN2FOU71HFHW51,CREDIT AGRICOLE PUBLIC SECTOR SCF
969500COVJDY7TVT3I66,ATTIJARIWAFA BANK EUROPE
969500CP3YM1KMOZCI22,MONCEAU INVESTISSEMENTS MOBILIERS
969500CP6UARAMYIGY51,CAISSE REGIONALE DE CREDIT AGRICOLE MUTUEL PROVENCE COTE D'AZUR (ALPES DE HAUTE PROVENCE - ALPES MARITIMES - VAR)
969500CTHZ6DRPUEN889,GERFLOR
969500CVFTUT88V8QN95,DASSAULT AVIATION
969500CX2Z6I1NFSGV88,GROUPAMA RHONE ALPES AUVERGNE
969500CXBDY2KMHP0J53,CAISSE CENTRALE DU CREDIT MUTUEL
969500CY0JPMH1IOYW24,ENTREPRENEUR INVEST
969500CY9YKWDZW47Y85,IQ EQ MANAGEMENT
969500CZLY145QF26J92,CAISS RETR PREV CLERCS EMPLOYES NOTAIRES
969500D5PFMTWUYSUF61,LA BANQUE POSTALE HOME LOAN SFH
969500D7C79K8IK6ZM06,AXA EPARGNE ENTREPRISE
969500D830K8WFLKFS83,SOMFY SA
969500DA7VGCHWRXXC62,SAGEMCOM BROADBAND SAS
969500DCPBTMRZFSMP45,DEMATHIEU BARD HOLDING 4
969500DEKQHM09GPQM16,ELLIPSIS ASSET MANAGEMENT
969500DEM67LRGQOTV19,PORTZAMPARC
969500DI0OBTFLH1E803,GALFA
969500DIHCFDVX3TFN51,FRANCE ACTIVE GARANTIE
969500DJGG2I7E58AR31,EQUIGEST
969500DM8BSDOG81TI32,HORUS FINANCE
969500DMA54G9G33MK42,MANUTAN INTERNATIONAL
969500DN0HU5BWHFIS87,SOC COOPE RENOVATION EQUIPEMENT COMMERCE
969500DNYK9DX5BM8B05,JEAN CASSEGRAIN
969500DPTKT721S05694,IXO PRIVATE EQUITY
969500DR23AGFT3MK016,LESAFFRE ET COMPAGNIE
969500DRY71IGWG0L656,CAISSE REGIONALE DE CREDIT AGRICOLE MUTUEL SUD RHONE ALPES
969500DTZ4VL3NRORO47,SWISSLIFE GESTION PRIVEE
969500DU3GMEJ71FSV72,FEDERATION NATIONALE MUTUALITE FRANCAISE
969500DUDK0SYVAOE057,COHEN & COMPANY FINANCIAL (EUROPE) S.A.
969500DV55FC0KFPXG87,SENAT
969500DVROWSFZJQFW75,MATMUT VIE
969500DY151V8321LT27,CAISSE DE CREDIT MUNICIPAL DE TOULOUSE
969500DYMLRK8URCGP47,AMPLEGEST
969500DZBBMYHB8NAM93,COLAS SA
969500DZUCWXPQY9OM70,CONSTANCE ASSOCIES
969500E07BR6468F5910,ONEY BANK
969500E0FOS38XJ2E978,CPR ASSET MANAGEMENT
969500E1UIZQSD6S9N75,PREVOYANCE DU PERSONNEL NAVIGANT
969500E25JC7ZVT2B919,BABOLAT VS
969500E3IE5WW0SF4R79,ACER FINANCE
969500E5TN2D2T5HX548,CAISSE DE CREDIT MUNICIPAL DE NANTES
969500E6BA8CZ36VJ628,SOCIETE GENERALE REAL ESTATE
969500E6PTIKAVW46P28,CREDIT AGRICOLE MUTUEL DE FRANCHE COMTE
969500E6XNX95CJX4R75,MUTUELLE FAMILIALE
969500E9E37PGZEHBP23,EXANE FINANCE
969500EBJFSH78T10X71,BPCE VIE
969500EELFB4RDMFHA76,CRITEO
969500EIKV8PFM8OAP16,FLOA
969500EJMFFRSWFDJG41,COFIDIS
969500ELFY9SCSPNC788,CYBELE AM (ASSET MANAGEMENT)
969500EOKQWPAKKU6R45,IRCEM PREVOYANCE
969500ESMQZ8E0P9DH28,CARCEPT PREVOYANCE
969500ET3YGGJKKE7526,LA FRANCAISE REAL ESTATE MANAGERS
969500ET4KI2QIBIPS31,SMILE & PAY
969500ETC4J40ORQFW66,INSTITUT FINANC CINEMA INDUSTR CULTUREL
969500EUEC3HIYQOCS92,ROBERTET SA
969500EUHFO0X84O1657,GUTENBERG FINANCE
969500EVOBAGHKZEXA33,BANQUE POPULAIRE ALSACE LORRAINE CHAMPAGNE
969500EWBJ0A1W6UTO35,MANDARINE GESTION
969500EX3MK1RWJXGH05,INDEP'AM
969500EXM7WEM1RBVC71,SOCIETE ANONYME DE CONSOLIDATION DES RETRAITES DE L'ASSURANCE (S.A.C.R.A.)
969500EYG6U339D3TI84,CREDIT FONCIER DE FRANCE
969500EYQK3YUUV65L20,CHRISTIAN LOUBOUTIN
969500EZF11YXRFAXX24,FONDATION DES GUEULES CASSEES
969500F0VMZLK2IULV85,FORVIA
969500F1NW7DQ309AK72,GROUPE SMISO MUTUELLES DES CADRES
969500F3KYDJBFS4XM73,BANK AUDI FRANCE
969500F3QGHEWP229H51,LEMONWAY
969500F5DXWTXNB76X54,CAISSE DE PREVOYANCE ET DE RETRAITE DES NOTAIRES
969500F7JLTX36OUI695,RENAULT
969500F9HMMIJD7DJC28,SOCIETE GENERALE SCF
969500FALCUXVQQIDQ74,CHAMPEIL
969500FCL62N0Y9Z0Y08,123 INVESTMENT MANAGERS
969500FCNO2282SG6Z86,ARKEA CAPITAL
969500FDEV8TM3K8V994,ORG COMMUN INSTITUTIONS RENTE PREVOYANCE
969500FDN8G43HMHZM83,SG OPTION EUROPE
969500FF9M4SBM5VHR15,CAISSE REG CREDIT AGRIC MUT NORD FRANCE
969500FG7JZH8504JJ07,THOM GROUP
969500FHXW3AEY6Z0B25,BENETEAU
969500FJ1QXYRSAYYA70,FRANCOIS-CHARLES OBERTHUR SAS
969500FJ3N80PY3SJU72,IRIS FINANCE
969500FNVA31Z6AD3R42,MAAF ASSURANCES SA
969500FO141C5967KC72,ROQUETTE FRERES
969500FOY8TU4THH6S92,FRANFINANCE
969500FTJBHK8UKHG537,GENERALI WEALTH SOLUTIONS
969500FU4DRAEVJW7U54,VIVENDI SE
969500FVXC72N72X9J71,BANQUE POPULAIRE AQUITAINE CENTRE ATLANTIQUE
969500FW7GBR982Z5Q06,CENTRE D'ETUDES ET DE GESTION INFORMATIQUE
969500FWB6L4IMCWRO70,MARKET SECURITIES (FRANCE) SA
969500FX8K40ZDW4F377,SOCIETE GENERALE - FORGE
969500FYEXW795NPJO79,CAISSE REGIONALE DE CREDIT AGRICOLE MUTUEL BRIE PICARDIE
969500FYPDQY3Y12Z881,CREDIT LOGEMENT
969500FZ69MUJG4X7Z43,BANQUE TRANSATLANTIQUE
969500G0ERKLWKMEOX07,ELVEST
969500G0LIJ1AB5CGT66,MACSF LIBEA
969500G3CXLW0ETM1Z69,CAISSE CREDIT MUNICIPAL BOULOGNE SUR MER
969500G4YCOEEPDA8L08,VIVIENNE INNOVATION
969500G6Y50XGC6M0N58,KIRAO
969500G715C96BAGSY03,ARTS ET TECHNIQUE DU PROGRES
969500G8MFYSCOS9I838,TSG PARTNERSHIPS
969500GB1GL7VLF5Y732,TREEZOR
969500GCBQ50LL4N4X78,CAISSE REG CREDIT AGRICOLE MUT SUD MEDIT
969500GDYGB7Y20PP765,CA CONSUMER FINANCE
969500GEI6NT3SYD8O24,NSC GROUPE
969500GEZCN2KZZDZR85,CHECKOUT
969500GFIL2Z81YKUM35,BOURSE DIRECT
969500GHAOY2Q18XNV48,IDES INVESTISSEMENTS SA
969500GHFBP1V4BFB380,MAJ
969500GIFV7S9YLQO505,AXERIA IARD
969500GIRR9L94LVRP32,LYONNAISE DE BANQUE
969500GIUTUIEDJHFL17,CAISSE D'EPARGNE ET DE PREVOYANCE HAUTS DE FRANCE
969500GJ722VT5KK1F96,FONDS DE DOTATION DU MUSEE DU LOUVRE
969500GLQ9M176M77J62,MINELLI SAS
969500GMOFJPLBESK810,CICOBAIL
969500GNQBLHC0Q2EV78,DRIVALIA LEASE FRANCE
969500GOFZSSG2GL4121,CONGES INTEMPERIES DU BTP - CAISSE DU NORD OUEST
969500GQJ3TEG1TEYF61,BPIFRANCE ASSURANCE EXPORT
969500GRHFQL0TGXN535,MARCHE DE TITRES-FRANCE (MTS FRANCE)
969500GROWRCIDJQAZ27,KYOSEIL AM
969500GRYRLGR28CAX66,BANQUE BCP
969500GSN25I3B3X6F94,WAVESTONE
969500GT8MK8GMCJ1Q14,UP COOP
969500GUZL4VCUN5KT41,ATRYA
969500GVS02SJYG9S632,CARREFOUR BANQUE
969500GWWULVCZ6NUI38,ARVELLA
969500GX15EPEPPYSN76,FONDATION MEDERIC ALZHEIMER
969500GZM2NA85EX9529,SOC ALSACIENNE DE CREDIT BAIL IMMOBILIER
969500H046HK8C398562,MACIFILIA
969500H07BJ45M3AAD47,ARKEON FINANCE
969500H084J7CEKP9F07,FERRI INTERMEDIATION
969500H20K33UBJTUP39,QUATREM
969500H5D98BTPDKC120,BATI LEASE
969500H6IMXT4OIQGT65,CREDIT ET SERVICES FINANCIERS
969500H6O1GHVU8Q9433,ELKANO ASSET MANAGEMENT
969500H6SRUN2J11QM66,ATALANTE
969500H6VMRN7AY1ZU14,NAVAL GROUP
969500H71WJIAE4HUA55,LOISIRS FINANCE
969500H811UY92J2QG46,SEGRO PARC DES PETITS CARREAUX
969500H8VFKY74LBMD78,CAPITOLE FINANCE-TOFINSO
969500HB6BVM2UJDOC52,ETHIFINANCE
969500HCG34K4D73SU76,MMA IARD
969500HFED6T7QHHTP37,BATIMUR
969500HFLFZGNQ91F211,AGPM KLESIA ASSET MANAGEMENT
969500HFPMS4ZWWCVN25,UNOFI-ASSURANCES
969500HGDY321R5PAJ83,AMUNDI PRIVATE EQUITY FUNDS
969500HID5D3SBW3ZJ66,BANQUE D'ESCOMPTE
969500HKAYZDEBVKEZ68,LES ASSURANCES MUTUELLES LE CONSERVATEUR
969500HMVSZ0TCV65D58,EURONEXT PARIS SA
969500HPW361DO7HWF75,AMUNDI ESR
969500HQXNML1DTRBT51,CREDIT AGRICOLE LEASING & FACTORING
969500HRT9HZF47M6584,CREDIT MUTUEL FACTORING
969500HW2V6LU01SCC18,COMPAGNIE D'AFFRETEMENT ET DE TRANSPORT
969500HZA9HJ7A1YV872,COMPAGNIE DU PONANT
969500HZUX92ECWGKR83,ASSOCIATION DIOCESAINE D'ORLEANS
969500I0CKIHY7E7QI29,CHAUSSIER GESTION
969500I145NF5Z0BM914,ALTHEIS
969500I2RLE7AHW1P104,IPECA PREVOYANCE
969500I50TM59O2WW159,XPOLLENS
969500I60Z80FT66CR93,CAISSE REGIONALE DE CREDIT AGRICOLE MUTUEL D'ILLE ET VILAINE
969500I6W9PZW89O2268,FONGECFA TRANSPORT
969500I7C8V1LBIMSM05,UBISOFT ENTERTAINMENT
969500I7XUD776A1HP65,ALLIANZ I.A.R.D.
969500I965IVZI71E111,ATLASFORMEN
969500IA5Z8MWOAHER86,W-HA
969500IBF27K2R7A8J60,GIE AVIONS TRANSPORT REGIONAL
969500ICOLJMB33J0L87,LA FINANCIERE ATALIAN
969500IDDK83I3YIJ293,FIDUCIAL
969500IE65TIK9CP9J52,TEREOS PARTICIPATIONS
969500IHDSNRRY5LDB67,CA INDOSUEZ
969500IISJCRFE1NLT27,CAISSE REGIONALE DE CREDIT MUTUEL DE NORMANDIE
969500IJ5N8NKBT7T409,FINANCIERE DE L'ARC
969500IKCYISD083Y866,GBH
969500IKNV38EK1P8O50,ROTHSCHILD & CO MARTIN MAUREL
969500IL7U7UEI5ZYJ34,BOUYGUES CONSTRUCTION
969500ILV3DAL4KLTW62,CVE
969500IN7TTCERK5G331,CAISSE NAT ENTREPRENEURS TRAVAUX PUBLICS
969500INLLILRFLPSO56,MACIF SANTE PREVOYANCE
969500IOOE5LWOF6PC19,AFI.ESCA
969500IQI1K85ZJTF711,BAIL ACTEA
969500IR78YXQK1RPY94,KLESIA SA
969500ITSEQFH24SE562,SGB FINANCE
969500ITVSHMNEXIHS55,SOCIETE EUROPEENNE DE DEVELOPPEMENT DU FINANCEMENT
969500IX5SLMIX4H5O35,C-QUADRAT ASSET MANAGEMENT FRANCE
969500IXARMKRMXEO315,SPIRICA
969500J1TT860XS6YX57,A PLUS FINANCE
969500J33BG0PF8XGI07,AMADEIS
969500J4AQ9A8IXEBJ85,TUNISIAN FOREIGN BANK
969500J9KG4HF67VC976,RATP DEVELOPPEMENT
969500J9QJY8E7PWL613,HARMONIE FONCTION PUBLIQUE
969500JAO8NC3167JL27,INVEST SECURITIES
969500JBTZKAMML9M183,JUNG S.A.S
969500JCSY8W5SKSKB18,KLEPIERRE MANAGEMENT
969500JDD1C1LPVFXM23,HOTELIM
969500JEKMZT5J60K945,ABEILLE VIE SOCIETE ANONYME D ASSURANCES VIE ET DE CAPITALISATION EN ABREGE ABEILLE VIE
969500JG4YBG3NPKWY43,DE LAGE LANDEN LEASING
969500JJ8OBBAQSC7D05,GALILEE ASSET MANAGEMENT
969500JJWO4PQG0R1C58,CAISSE D'EPARGNE ET DE PREVOYANCE GRAND EST EUROPE
969500JK1O192KI3E882,BANQUE STELLANTIS FRANCE
969500JK7ZZIC475BX43,BABILOU GROUP
969500JL6HGAW5RUOF45,REGARDBTP
969500JM7VIGQIPZOL49,BANQUE POPULAIRE AUVERGNE RHONE ALPES
969500JMEZ4VXSTUMV07,CAISSE CENTRALE CREDIT IMMOBILIER FRANCE
969500JMYF9SD1LYPN64,GENERALE POUR L ENFANT
969500JOXO590M3YLO55,AURIGA PARTNERS
969500JP6ZUA1083OX58,SWISS LIFE ASSET MANAGERS FRANCE
969500JP74OITG1OMN02,MUTUELLE ALSACE LORRAINE JURA
969500JPC00Y4Z8RE248,INTERFIMO
969500JPZ3VUC222H631,CCV BEAUMANOIR
969500JQB6X0JD5G8B49,UNION SOLIDARITE UNIVERSITAIRE
969500JQEJWNLUQCKX50,ROCE CAPITAL S.A.S.
969500JRECKDBZVE9U49,STREEM HOLDING
969500JRJW0K2ET1UP76,RTE RESEAU DE TRANSPORT D ELECTRICITE
969500JTOO1CD097BI59,PIERRE FABRE SA
969500JWKAB8XUP2G416,ATLANTIC SOC FRANCAISE DEVELOP THERMIQUE
969500JYAUD9X8Q1RN87,CAISSE CREDIT MUNICIPAL DE NANCY
969500JYOZHAIBIU3513,AXA FRANCE VIE
969500K0T571BB4UAF05,SWISSLIFE BANQUE PRIVEE
969500K1EV6JANOH0X82,SICAME GROUP
969500K33Y2EQ4XFK668,CAPMA-CAPMI
969500K3S8TYLLGGG154,CAISSE ASS.MUT.CREDIT AGRICOLE (CAMCA)
969500K4YGAGV8C5BK11,CAISSE DE GARANTIE DU LOGEMENT LOCATIF SOCIAL
969500K59E47ULNCAQ69,REGIE AUTONOME DES TRANSPORTS PARISIENS
969500K5E8ZEUGFEJ896,NATIXIS INTEREPARGNE
969500K8IQ975QPQKN89,BANQUE FRANCAISE COMMERCIALE OCEAN INDIEN
969500K96J0KTV2JIY45,NTN EUROPE
969500KAKQULCG4DZB54,ATLANTIC VANTAGE POINT CAPITAL
969500KAZ8FRB22A9N91,ERASMUS GESTION
969500KBBNBZ7MIZAX74,CR CREDIT AGRICOLE MUTUEL LOIRE HTE LOIR
969500KBQK2TN2T7RY17,CYRUS HEREZ
969500KDAUM9TYWQTR36,CDC HABITAT
969500KE938Z79ZH1N44,VOLTALIA
969500KF6X0QAYX4DA96,ESFIN PARTICIPATIONS
969500KG79HJ8B9O5I29,ACCESS CAPITAL PARTNERS
969500KH6VMNAVRL6749,CASEB
969500KL8C9FP24GO727,ASSURATOME
969500KLKKL76UT5XS62,SAPIENTA GESTION
969500KLODYGIWUZ9F42,ROTHSCHILD & CO ASSET MANAGEMENT
969500KMUQ2B6CBAF162,DANONE
969500KN90DZLHUN3566,SOCIETE GENERALE SFH
969500KNTEW4LSZIG050,CASHBEE
969500KO4KJQJT6T6E29,CENTRE NATIONAL D'ETUDES SPATIALES
969500KSMWIN9MOKB302,ILIAD 78
969500KSWR9QQ3B70T12,ORCHIDEE
969500KUKL6QJRIL3738,BOA-FRANCE
969500KVF28A0DD98378,LA MONDIALE PARTENAIRE
969500KWT26BST7DUO80,CRCAM NORD MIDI-PYRENEES
969500KXOGO2HXSU1I08,SEVEN CAPITAL MANAGEMENT
969500KYI3MWXVNV9Y76,EXOE
969500KYK4UQGB57Q665,SIPAREX XANGE VENTURE
969500KZS2O88BCAQN79,CAISSE DE CREDIT MUNICIPAL DE BORDEAUX
969500L0T16HX3R78P61,LA MONDIALE
969500L1NDLNF4FXXG18,EDOUARD 7 GESTION PRIVEE
969500L1X5V3V5W5QY20,LE FINISTERE ASSURANCE
969500L38QMPKJ554U34,CAISSE D'EPARGNE ET DE PREVOYANCE DE MIDI PYRENEES
969500L43KS2DC9E5M93,KERING FINANCE
969500L44CJLDJKS5939,PLATINIUM GESTION
969500L4ZRLQ3ST77267,ALDES
969500L5IH63MC8W3V03,ZENCAP ASSET MANAGEMENT
969500L6GR6D8AYYL451,BIG MAMMA FOOD
969500L7A01IIOFWB824,AKUO ENERGY SAS
969500LBTI8XMIKQ5X26,DELPHARM INDUSTRIE
969500LBVFT5C6WQP916,SAGIS ASSET MANAGEMENT
969500LC14WDCRNTV833,EZYNESS
969500LC68CC1A416992,AXEREAL FINANCES
969500LDYH72F9RSJL91,OTEA CAPITAL
969500LEKCHH6VV86P94,BOLLORE SE
969500LENY69X51OOT31,VEOLIA ENVIRONNEMENT
969500LHIH3NT7PK1V89,EMEIS
969500LLFVCIVUFVMK94,CAISSE REGIONALE DE CREDIT AGRICOLE MUTUEL DU NORD EST
969500LMCDZA0RTATI42,BANQUE CHAABI DU MAROC
969500LMMR83QL6TLK43,ITM ENTREPRISES SA
969500LS5WLD7FAFVM67,EPSENS
969500LTP4P532MZ2P04,EXTENDAM
969500LTUZN4SRSX7W18,SULLY CONSEILS ASSURANCES
969500LTWFP98DC8XE44,CREDIT MUTUEL LEASING
969500LUUVLWJMSFAM81,NUAPAY
969500LVBZUPXSWUFD32,BANQUE SAINT OLIVE
969500LW8TECNTP84D31,PROMEPAR ASSET MANAGEMENT
969500LXXLAUT3HNQG69,P3G GROUP
969500LYPP5FZ8HYYY33,WEXIA FINANCES INTERNATIONAL
969500LZ4AGNWDECVP72,BANQUE CHABRIERES
969500LZ8VV8HS83UI11,ARKEA BANQUE ENTREPRISES ET INSTITUTIONNELS
969500M0I766TJINXO92,CAISSE REGIONALE DE CREDIT AGRICOLE MUTUEL PYRENEES GASCOGNE
969500M0NIA72X322X15,CAP INGELEC
969500M1SCHXU8UOXD03,DORVAL ASSET MANAGEMENT
969500M1XNLOXJ9HOI75,FRANFINANCE LA REUNION
969500M2W26ZM8K23860,LAMAZERE GESTION PRIVEE
969500M4IU85TUAQT152,PAS DE CALAIS HABITAT
969500M5CY96USKZB409,FIFA CLEARING HOUSE
969500M98ZMIZYJD5O34,WENDEL
969500MAA24GUPB2YJ58,CENTRALPAY
969500MB0NH9EGWJ4P60,BATIMAP
969500MCOONR8990S771,ORANGE
969500MCSA1PVSLEUF05,COMPAGNIE FINANCIERE ET DE PARTICIPATIONS ROULLIER
969500MDDK15XYDVJ261,BANQUE HOTTINGUER
969500MEAH4AK68JBY25,YOUNITED
969500MEUNB06FYX4D90,CIE FINANCEMENT DES LOISIRS
969500MF1MRXJW5WS402,SOCAMETT
969500MF45S7OORI1940,MUTUELLE CENTRALE DE REASSURANCE
969500MG16B7D61CEI33,LASALLE INVESTMENT MANAGEMENT
969500MJ8QKMNB4HES09,AESOPE GESTION DE PORTEFEUILLES
969500MLJC3ZSZP4L019,LUMIBIRD
969500MMPQVHK671GT54,L'AIR LIQUIDE SOCIETE ANONYME POUR L'ETUDE ET L'EXPLOITATION DES PROCEDES GEORGES CLAUDE
969500MN2JE8TG2U3851,SOC INTERP ARTISAN GARANTIE INVESTISSE
969500MNYXMY35SBKS92,WINOA
969500MO80IIJ5R0YR54,BPCE IARD
969500MOCLNQFNZN0D63,BOUYGUES
969500MPCSRZ8EHA7N14,EPARGNE CREDIT DES MILITAIRES
969500MQKPVEWTQIRT36,VERIMATRIX
969500MR9XPWFKPIWF41,EFIGEST CONSEIL
969500MRC3KUWRJZP418,SOCIETE DE PROMOTION ET DE PARTICIPATION POUR LA COOPERATION ECONOMIQUE
969500MSX67EOHE8BP81,MBLD
969500MVU6WJTWWDPH09,ACE MANAGEMENT
969500MWFN87R44M7H95,INSTITUTION DE PREVOYANCE AUSTERLITZ
969500MXLEJRHR4KVL98,LAGARDERE TRAVEL RETAIL
969500MZSCJ0N42K6V89,HELLOASSO
969500N3N8PSY1CXQT37,CM-FA CHIARLA
969500N52VEUBS4SIL34,SOLFINEA
969500N5TI4UQS03GI91,GALFIN PRODUCTION 2
969500N6AVPA51648T62,REXEL
969500N754P0GQMFXD19,QUANTAM SOLUTIONS
969500N85DRY6A00FD42,ARTE FRANCE
969500N9MTGH5YON6N96,CAISSE DE CREDIT MUNICIPAL DE REIMS
969500NCK4H8WZPXOD59,AG2R LA MONDIALE CASH
969500ND9B6OZX2LCI93,MONTSEGUR FINANCE
969500NF18SN3ONCXL41,COMPAGNIE DE L'ARC ATLANTIQUE
969500NG7OLTLEPZPJ31,BAIL ACTEA IMMOBILIER
969500NGZHY8D994Z193,SOC AMENAG GESTION MARCHE INTERET NATION
969500NJ02LC5HAFDY89,BANQUE POPULAIRE MEDITERRANEE
969500NJSR0LK38C4T21,LAFFITTE CAPITAL MANAGEMENT
969500NKZEYLV4FEFW13,INFRAVIA CAPITAL PARTNERS
969500NLXFIV68BES730,M CAPITAL PARTNERS
969500NMI4UP00IO8G47,AGENCE FRANCE LOCALE
969500NOO3SJ7RVV7C06,MUTUELLE D'ACTION SOCIALE DES FINANCES PUBLIQUES
969500NRB4X5HEIWA049,SOGAL - SOCAMUEL
969500NRB5EZJ7LIQ136,FINIFAC
969500NUI273XLGK9751,CAISSE REGIONALE CREDIT AGRICOLE MUTUEL
969500NV1KESDG5G9V85,PRO BTP FINANCE
969500NV8GWWK5IVQ857,CAISSE DE CREDIT MUNICIPAL D AVIGNON
969500NW8QTZA7UG8M82,SPIKO FINANCE
969500NYHNM449AJWB12,ALVEST INTERNATIONAL EQUITY
969500NYI7UYV1Y67N13,LYRA COLLECT
969500NYXBC45RS1O452,GESTYS SA
969500NZ5PHKFZ250H81,ARABELLE INVESTISSEMENTS
969500O0FR2QWV4D6N39,VEGA INVESTMENT SOLUTIONS
969500O2EONIMPKGS872,NOELSE PAY
969500O3SXQCV4JQOJ54,TISSERIN
969500O4VW7J9NW29U37,KEREN FINANCE
969500O5P2XQHACZB347,BATIROC BRETAGNE - PAYS DE LOIRE
969500O6OQEJ8808D970,HMG FINANCE
969500O6YKL9S5XGAP98,SOCIETE GENERALE FACTORING
969500O7C77E2WVAXK44,ABN AMRO INVESTMENT SOLUTIONS
969500O7DJZNM0F0Z036,BNP PARIBAS HOME LOAN SFH
969500O9DNGVY5KDT708,IM GLOBAL PARTNER
969500OCJGH64CBUIY13,BRED GESTION
969500OCY8KZTP2CB380,NATIXIS TRADEX SOLUTIONS
969500ODDIVTDKK1AB20,FONDS REGIONAL DE GARANTIE HAUTS DE FRANCE
969500OGZDTIIRLRQU17,BOUYGUES IMMOBILIER
969500OH36HO0ZTP9588,PAYSURF
969500OH66Z5CB51ZD32,U ETABLISSEMENT DE PAIEMENT
969500OHL6QPAP9VW221,BANQUE POUYANNE
969500OIJSG3C0JNG117,CREDIT AGRICOLE PAYMENTS SERVICES
969500OLH46WAP5GVO87,SOCIETE FINANCIERE POUR L'ACCESSION A LA PROPRIETE
969500OLX8L2EJXGTS96,QUBE RESEARCH & TECHNOLOGIES PARIS
969500OMKS4AIGVOBR28,ESTER FINANCE TECHNOLOGIES
969500OP0UOFODSZZD21,UPSA SAS
969500OPVXAIUV3YEH97,GROUPAMA GAN VIE
969500OQ205K7N22KB84,DEFENSE CONSEIL INTERNATIONAL
969500OQNI4UI7WF8N48,AMERICAN EXPRESS CARTE FRANCE
969500OQSJX6T47PZQ59,SOCIETE CENTRALE POUR LE FINANCEMENT DE L'IMMOBILIER SOCFIM
969500OQW41JH71ZPA06,QONTO
969500ORAEROU6BLFB12,FINANCIERE AEMINIUM
969500ORP9FTJYI28L37,CRCAM DES SAVOIE
969500OUO9HX5F6UZ488,MUTUELLE 403
969500OWM8Z5P4K0ZA42,APICIL ASSET MANAGEMENT
969500OYKXDYEW2IX824,FASTEA CAPITAL
969500P04DQJS4BPM574,CAISSE D'AMORTISSEMENT DE LA DETTE SOCIALE
969500P30NWFNVJFOY97,FONDS GARANTIE VICTIME TERRORISME INFRAC
969500P3MIIH99ESNR50,CADEC - CAISSE DE DEVELOPPEMENT DE LA CORSE
969500P3O59G9ZKQ4O29,CAISSE DE CREDIT MUNICIPAL DE LYON
969500P3R0OS7Z72ZW30,OMNES CAPITAL
969500P3TC6WLME6TN41,SPARRING CAPITAL SAS
969500P65RIUGCL3D981,CEGID GROUP
969500P8M3W2XX376054,COVIVIO
969500P97QT67DSKMQ68,SIENNA AM FRANCE
969500PCD8FJLTSANH35,SAMSIC
969500PCNRB2BYTJDO14,TRUFFLE CAPITAL
969500PHTD0GO63C3G31,FDJ SERVICES
969500PI25OKPKTD9364,CAISS REGIO CREDI AGRIC MUTUEL PARIS IDF
969500PJMBSFHYC37989,AEROPORTS DE PARIS
969500PLBHFXRDQ2T644,BANQUE CIC NORD OUEST
969500PLXWV5LC30OQ67,PREMUT
969500PM0E65UZXZGK64,ODDO BHF ASSET MANAGEMENT SAS
969500PMIJVTEMH3U274,AVENAPAY
969500POF7WHVZNNZH10,SCI MUTUALITE FRANCAISE COMTOISE
969500PSKWXW5NEWMP90,ASSOCIATION DIOCESAINE DE BOURGES
969500PSOWV2US4S6V37,FINANCIERE DES PAIEMENTS ELECTRONIQUES
969500PVBQFWQKVDMD80,DBV TECHNOLOGIES
969500PXB8ZQ64Z4JG06,NGPES PAYMENTS
969500PXFGUOGWTBF686,PHITRUST IMPACT INVESTORS
969500PYQ84A5XMR5133,FINALTIS
969500Q0AKBOIX5OK547,BANQUE INTERNATIONALE COMMERCE BRED
969500Q0SLE4BZ54MM81,CAISSE DE CREDIT MUNICIPAL DE DIJON
969500Q0V8D4VHPD2Q13,OPTIMUM VIE
969500Q26CSQ9U6VIE35,HOLDHAM
969500Q2BIZQU5VXYZ23,DEFACTO
969500Q2PFTTP0Y5QL44,CAISSE DES DEPOTS ET CONSIGNATIONS
969500Q39EWQJXXGQB80,BANQUE CIC OUEST
969500Q6Z7W28PINQW67,EGIS
969500Q9EB68FZ4Q5F08,CVG
969500Q9WTBUFNINDC18,Banque Nomura France
969500QAQ6790D8DB607,ODYSSEE VENTURE
969500QC7H8VASRB4S17,LA MUTUELLE GENERALE
969500QCD96QW6JGCN41,EXANE ASSET MANAGEMENT
969500QEDGWL65TYW393,GLOBAL EQUITIES CAPITAL MARKETS
969500QFNG00CCPQNA47,BLAUWART CAPITAL
969500QFU43JUMEBY949,BANQUE POPULAIRE BOURGOGNE FRANCHE-COMTE
969500QG39OC6IF2IU85,DOMOFINANCE
969500QH3DQ56ELDMG12,BANQUE CIC EST
969500QINFNET2489H28,SOC INDUST REGION CREDIT AUTOMO MATERIEL
969500QISBFB1NW4SX83,MACIF
969500QJCEUJHDWUY164,SMALT CAPITAL
969500QKVPV2H8UXM738,CNP ASSURANCES
969500QL4O0R6UCP9V20,FINAMUR
969500QLO3GN6GUB4P61,BPIFRANCE REGIONS
969500QLWTIA54JEJJ80,FONDS GARANTIE ASSUR OBL DE DOMMAGES
969500QMWSNGRM56WF24,ISATIS CAPITAL
969500QNLDCH0BHPLX23,MUTAME MARSEILLE METROPOLE
969500QOO4C4IPGID263,DERICHEBOURG
969500QQ51NJ9ZEVW304,INSTITUT PASTEUR
969500QQVZTWFHPN2O17,UNIFERGIE UNION POUR LE FINANCEMENT DES ECONOMIES D'ENERGIE
969500QSNRGXSLE3GM34,LYDIA SOLUTIONS
969500QSP9C6OF9ULX71,BONDUELLE
969500QT3UWMZ2IZO173,CLARINS
969500QTLZBAUNE0NC59,EUROLAND CORPORATE
969500QU8W6R425NED65,SEVENTURE PARTNERS
969500QUPGUHSZ2FTU81,GENEFIM
969500QVL977C8L8Q834,AXIOM ALTERNATIVE INVESTMENTS
969500QVPA2XF7G37Y36,ADISSEO FRANCE S.A.S.
969500QVXRYIY0T8WE64,TRATON FINANCIAL SERVICES FRANCE
969500QW8HSKLBA6L382,BMW FINANCE
969500QZC2Q0TK11NV07,ACCOR
969500QZUXCOS44T1U48,MACSF FINANCEMENT
969500R1521NUCTKXK79,FONCIERE DE PARIS SIIC
969500R3A2DYDF50H812,UNION MUT AGENTS TERRIT MEMBRES EXTER...
969500R3EA0ADWQ2II38,MONTE PASCHI BANQUE SA
969500R3NDLS4OGSUJ16,ESFIN GESTION
969500R4CLSQFTYYI535,LA FRANCAISE DES JEUX
969500R4PTCLMM8IF341,CACEIS FUND ADMINISTRATION (CACEIS FA)
969500R4VLGCYXNTAQ76,LABORATOIRES THEA
969500R6N0OT19CQ3R44,IMMO EVOLUTIF
969500R871R8L7N3Y186,SOMUDIMEC
969500R9ENNIN33POO20,SECHE ENVIRONNEMENT
969500RA1A8TJ6T3YS73,AKWEL
969500RC3F6AGLE5IT57,BASTIDE LE CONFORT MEDICAL
969500RKNIS64O687M75,ITAVERA ASSET MANAGEMENT
969500RL9JL5GKD1DY57,SOC FINANCIERE DE LA NEF
969500RLVNC8JJ5DRO22,SOCIETE COOPERATIVE AGRICOLE LE GOUESSANT
969500RMY0H8WAKL4T19,DEVELOPPEMENT D'APPLICATION SUR RESEAUX A VALEUR AJOUTEE
969500RP3B87FKKAGH43,RIVAGE INVESTMENT
969500RUR17XGF3WD466,AUPAL
969500RUV6XRD41QXE73,SURAVENIR
969500RV98XF2FH4QA19,CONSEIL DE GESTION FINANCIERE
969500RVNBYQ5F722013,AVENIR AGRO
969500RVNUVNP6SCY284,BANQUE POPULAIRE DU NORD
969500RXPARG4JZAD475,ALTAVIA
969500S0QD75N1YQ3773,LES ROCHES HOLDING
969500S11F3E224M9C49,UNOFI-GESTION D'ACTIFS
969500S4TBCJMLG8XR23,INTERSELECTION ACTUARIAT ADVISER
969500S54DTN2A12QG51,UNIGESTION ASSET MANAGEMENT (FRANCE) SA
969500S6M8SX65PSL178,IGEA FINANCE
969500S77ZD761SFQG67,CAISSE DE CREDIT MUNICIPAL
969500S7F4LVSHHUZB87,FORSEE POWER SAS
969500S8PCX9IDOPNZ79,BNP PARIBAS NOUVELLE CALEDONIE
969500S8RRAA5IS7SK59,SHINE FRANCE
969500SAACISAUHWXK14,NORD CAPITAL PARTENAIRES
969500SAHI7IJX8TRZ82,CAISSE REGIONALE DE CREDIT AGRICOLE MUTUEL DE LA MARTINIQUE ET DE LA GUYANE
969500SARWF33OPQED48,INTERPARFUMS
969500SB26KAG0BR2L41,GINJER AM
969500SBHCPUE2FXLN02,EQUUS
969500SCDQFP64QT3D67,RELYENS MUTUAL INSURANCE
969500SEOU6Q8MF6B718,EVEN FO
969500SFFDM173N33S21,BPCE FINANCEMENT
969500SFJHPQ4ZEDTE15,EUKRATOS
969500SFMNPPQ97EO325,INSTITUT D'EMISSION D'OUTRE-MER
969500SGZEL04ORYBK95,BRED COFILEASE
969500SHDTSMKBXKKO85,IDEMIA FRANCE
969500SHQITWXSIS7N89,UNIBAIL-RODAMCO-WESTFIELD SE
969500SIC8B5BWUIUB82,CEREALIS
969500SJXM8MW32ZVG75,CAISSE D'EPARGNE ET DE PREVOYANCE BRETAGNE - PAYS DE LOIRE
969500SKXA3PHVM2FQ66,CREDIT AGRICOLE TITRES
969500SLDR1DSNU3O436,QUAERO CAPITAL (FRANCE) S.A.S
969500SNBN10IYBRHQ28,DEFACTO
969500SNGB0DNGE3T312,SOCIETE MUTUELLE D'ASSURANCE SUR LA VIE DU BATIMENT ET DES TRAVAUX PUBLICS
969500SOKVBBRB88UM68,LD ARMATEURS
969500SOV6U08S8A1F91,MUTLOG GARANTIES
969500SRQKP7167VWF70,CAISSE REGIONALE DE CREDIT AGRICOLE MUTUEL DE LA REUNION ET DE MAYOTTE
969500STN7T9MRUMJ267,BPIFRANCE
969500SX48YEYEHYII63,SOGEFIMUR
969500T1UBNNTYVWOS04,BPCE SFH
969500T209JU5QGRRF16,PRIORIS
969500T2ER13UUWFNJ46,COVEA FINANCE
969500T3OFJ7YSSJLF08,MOONGY
969500T4TDGHRQWB7P58,BPCE INTERNATIONAL ET OUTRE-MER (BPCEIOM)
969500T5AIO8EB1U6F17,ATRIO GESTION PRIVEE
969500T6CCMW0KJ76U69,CAISSE NATIONALE DES AUTOROUTES
969500T74BGTAKN9AL59,PORTZAMPARC GESTION
969500T8I9R0PK9B7606,VIGIFINANCE
969500T8QYO52ACKT375,CREDIT MODERNE OCEAN INDIEN
969500TCM4MW8WNIBF20,LA COOPERATIVE WELCOOP
969500TCWKQWEHBE2C62,SWILE PAYMENT
969500TF0H1L60IJWO67,CARDIF SERVICES SAS
969500TH16CO24D12A67,EURODIF
969500TIKC7USR8ZJZ49,EDMOND DE ROTHSCHILD ASSET MANAGEMENT (FRANCE)
969500TJ5KRTCJQWXH05,CREDIT AGRICOLE SA
969500TJLHIZLFRWEQ48,LEGRAND FRANCE
969500TMIM5S9ETLBX52,SOCIETE CENTRALE PREVOIR - GROUPE PREVOIR
969500TO9HDAM84LA096,CAISSE REGIONALE DU CREDIT MUTUEL MEDITERRANEEN
969500TQ4OAZZXSUPZ18,VILMORIN & CIE
969500TRYIRC2902PT72,AGCO FINANCE SAS
969500TU5ZMYBIWP0R51,CAISSE D'EPARGNE CEPAC
969500TVUEZIMRSM7511,AREAS DOMMAGES
969500TVVZM86W7W5I94,CAISSE DE REFINANCEMENT DE L'HABITAT
969500TZ17KWEL7OMC37,CROUZET
969500U0YM34EPKHBO02,CONCENTRIX PAYMENT SERVICES FRANCE SAS
969500U22CIZ9MDSS249,ASSOCIATION DIOCESAINE DU PUY
969500U4FNDFRFOLSW75,CHANEL
969500U5JY4DD9KJ9180,ASS DIOCESAINE DE SOISSONS
969500U5O0CRIWYMZX38,MARKET PAY
969500U5SLUZMHHE7396,GASPAL FINANCE
969500U61BV3EB4B7I48,BANQUE DE SAVOIE
969500U7ESUWL7OBF125,COMPAGNIE GENERALE DE LOCATION D'EQUIPEMENTS
969500U7TMMWBPVXFP75,SJP INVEST
969500U8EM32W1HGOZ14,PRIMONIAL
969500U8QCKI2L7WSQ51,ALBINGIA
969500U8WB1W7LNQHI27,OBERTHUR DEVELOPPEMENT SAS
969500U96GSWTBBXJU97,MUTUELLE INTERP LES MENAGES PREVOYANTS
969500UBDXW1YK3H4H20,SOCIETE DU CANAL DE PROVENCE ET D'AMENAGEMENT DE LA REGION PROVENCALE
969500UEQ3U3P21QNJ13,SOCIETE DE BOURSE GILBERT DUPONT
969500UFZBX6I21PXK96,AVENIR MUTUELLE
969500UHHZHB67GG1S97,FRANSABANK(FRANCE) SA
969500UHP35QWCZ0F449,BPCE ASSURANCES
969500UIC89GT3UL7L24,SAFRAN
969500UIQWFILDF2XX33,CAISSE DE CREDIT MUNICIPAL DE NICE
969500ULC0Y1IG0A4O72,TRADITION SECURITIES AND FUTURES
969500UMN0I81FGDFL82,JOHN DEERE FINANCIAL
969500UO0U5KT48W4S33,FONDATION ENTREPRENDRE
969500UPK71837I6BQ28,SOCIETE DE CAUTION MUTUELLE DES PROFESSIONS IMMOBILIERES ET FINANCIERES
969500UPKU9VF8XAEU18,FINANCIERE AGACHE
969500UR00DF63I0VH67,SOCIETE BIC
969500URVFX2P87A8306,CAISSE REGION CRED AGR MUTUEL CENT OUEST
969500USGM3FJ8SVBJ69,DELUBAC ASSET MANAGEMENT
969500UU4O58BR802Y55,LISI
969500UVVUXZXD7L6M12,MOBILIS BANQUE
969500V058ZSY03FNX80,TSAF OTC
969500V0ZX0YUPNOI654,LYF
969500V1FJ1YYI2IV150,QUADRILLE CAPITAL
969500V7FUR5ILA0JU80,UNION DES INDUSTRIES ET DES METIERS DE LA METALLURGIE
969500V9BSEN0HWUIC23,EBI SA
969500V9HNB64ENOYL52,GROUPAMA EPARGNE SALARIALE
969500V9LMH9UDRRIT12,CLAY ASSET MANAGEMENT
969500VA4A8CRCS2N988,PAYTOP
969500VCC5OCQHSHU906,CREDIT AGRICOLE ALSACE VOSGES
969500VCG9F08CC10D93,APICAP
969500VCQT7YBTRJ7S64,PHITRUST
969500VEVOWR22R2YR86,SONEPAR
969500VFRBX1W3Y3XS80,CCF
969500VFRPFZHH9DFC56,PRAEMIA REIM FRANCE
969500VGXW88G46TZA78,LOCAM - LOCATION AUTOMOBILES ET MATERIEL
969500VGZMSXYOZAEV33,OPTIGESTION
969500VHT1ZNPVWOYF63,BNP PARIBAS PERSONAL FINANCE
969500VME9AAR39CTQ60,CAISSE REGIONALE DE CREDIT AGRICOLE MUTUEL TOULOUSE 31
969500VN5M9KMG1UPX15,IZNES
969500VNQ8OWXVVUME87,GROUPE CARRE
969500VQ4UL8QZ64XI04,BNP PARIBAS FACTOR
969500VQJ5X9NV4BW363,SOCIETE DE GESTION DES FONDS DE GARANTIE D'OUTRE-MER SOGEFOM
969500VR2NA6ANMTXH21,CAISSE D'EPARGNE ET DE PREVOYANCE DE RHONE ALPES
969500VRA7FNH5YBQJ98,BANQUE POPULAIRE DU SUD
969500VRKF7AMVI96N23,MONCEAU INVESTISSEMENTS IMMOBILIERS
969500VRSFWX7S1P2M29,BNP PARIBAS CARDIF
969500VSI0Q11PB93327,CREDIT AGRICOLE ALPES PROVENCE
969500VW2GY87F3FM178,MATMUT MUTUALITE
969500VXNGXN8ZFOM103,CONFEDERATION FR DEMOCRATIQUE DU TRAVAIL
969500VYULCIQU16C869,BPCE ENERGECO
969500VZN4KDEZ14C105,SNCF RESEAU
969500VZZ3UBXYUKNA36,SOGEFINERG FRANCE
969500W07CGD9KXO8K29,BATIFRANC
969500W24KHYCANJ2677,MUTUELLES DES DOUANES ATLAS
969500W27MXOYZQRB449,BANQUE CIC SUD OUEST
969500W2IJAWJB1C1621,TESCA COVERING MATERIALS GROUP
969500W2MGVVW9OKB478,BANQUE POPULAIRE OCCITANE
969500W34S6NCZWYBV47,CAISSE D'EPARGNE ET DE PREVOYANCE ILE-DE-FRANCE
969500W4KLJTLZH27J07,MAITICE GESTION
969500W4LKSAVOW1WZ77,BOISSIERE FINANCE
969500W55UQUHWOSRB80,EUROSIC
969500W6HNGPMGBHHX24,STANHOPE CAPITAL SAS
969500W75ZTO1IAZE717,SUNNY ASSET MANAGEMENT
969500W7L7GF939F0F69,PATHE
969500W7Y2VW04VB8943,BANQUE POPULAIRE VAL DE FRANCE
969500W8LGZQUL2KL242,CASDEN BANQUE POPULAIRE
969500W8SBCXNX1DG443,BANQUE POPULAIRE RIVES DE PARIS
969500WASBF8AZP8TC02,FAIVELEY TRANSPORT
969500WAVZQCJJI35T98,SIACI SAINT HONORE
969500WDOCIF97N6D206,PREPAR VIE
969500WEPS61H6TJM037,CLARIANE
969500WESYQMQ1F2C272,CHRISTIAN DIOR
969500WFNV8R6THTEZ85,SOCRAM BANQUE
969500WFY6K5KTMAXE88,BEMO EUROPE - BANQUE PRIVEE
969500WFZ7C2IBN9TB80,BANQUE POPULAIRE GRAND OUEST
969500WG8TSJ7KWJB252,BOCCARD FRANCE
969500WIVQ16ATPQ7P19,SMA GESTION
969500WJNB0G6KLBGF69,AUDIENS SANTE PREVOYANCE
969500WLXFHRGJ4UPX23,CAISSE NAT GENDARME-MUTUELLE GENDARMERIE
969500WM8LJ7ZN7I9K64,RAYMOND JAMES FRANCE SAS
969500WME8Y1C3PFJO94,CAISSE REG CREDIT AGRICOLE MUTUEL 17-79
969500WNBBA8QC9M3591,OKALI
969500WP61NBK098AC47,SEB SA
969500WQFC6OAQYG7E65,TELEVISION FRANCAISE 1
969500WSBA6KS8V1OR80,TWENTY FIRST CAPITAL
969500WUAOPWXEM3O429,MUTUELLE DU PERSONNEL GPE SOC GEN
969500WV1U1WQ059L135,GUERBET
969500WVTMVUZMD8NH88,MUTUELLE NAT HOSPIT PROF SANTE SOCIAL
969500WW934VZKE6FI91,FRANCE TELEVISIONS
969500WWCV8QFYN5D228,CIF EUROMORTGAGE
969500WWWUSHC8DQX902,MMA VIE
969500WXGYY981FZLT09,SCHNEIDER ELECTRIC INDUSTRIES SAS
969500X4B1N5NA7VL398,BPCE LEASE IMMO
969500X6PPLAEU0GBV79,BANQUE CHALUS
969500X727PNIAL33P77,LAZARD FRERES GESTION
969500X8MO6M37C47827,CAISSE REG CREDIT AGRI MUTUEL AQUITAINE
969500XEG9ID45XK4R92,ALVEN CAPITAL PARTNERS
969500XHBBGBE9ANUP06,COPARTIS
969500XHR56HFFD7OE32,AGRICA EPARGNE
969500XIJY3MBZBA0I30,BGFIBANK EUROPE
969500XM9XYLLPWS3X80,CAISSE REG CREDIT AGRICOL MUTUEL LORRAIN
969500XNFFXX16Q1ES22,TRACTIAL
969500XOAAVI9Y0USC54,PAI PARTNERS
969500XQM2JOWHKWI437,MARIE BRIZARD WINE AND SPIRITS
969500XQTL79VHO3DZ93,BPCE FACTOR
969500XQVCZPGX5CV304,TOUTON
969500XT1FLMLHAZMM49,NATIXIS INVESTMENT MANAGERS
969500XTJTI2BLWILD19,MUTUELLE DE POITIERS ASSURANCES
969500XVHN9Z1Z1Y1358,CAISSE D'EPARGNE ET DE PREVOYANCE LOIRE-CENTRE
969500XWNPWQ2ACNXI29,PROCIVIS VALLEE DU RHONE
969500XWVSU1NOE4DH70,MUTUELLE GENERALE DES CHEMINOTS
969500XXHGDBEVO7JD10,FLOWBIRD
969500Y1FC8WMV806K57,CHOLET DUPONT OUDART
969500Y29L8MX2F7V119,COGEFI GESTION
969500Y2NFIMDP5MO798,ORGANIS COOPERATION DEVELOPP ECONOMIQUE
969500Y4IJGHJE2MTJ13,HERMES INTERNATIONAL
969500Y5C0C13HQSAB09,NATIXIS COFICINE
969500Y5L6ZTZ0B39W29,ANDERA PARTNERS
969500Y5YGKGKT3Q1627,CIE POUR LA LOCATION DE VEHICULES
969500Y63XYA4U930P25,CREDIT IMMOBILIER DE FRANCE DEVELOPPEMENT
969500Y7G9TY7Y24GN07,ALTEN
969500Y8IDSAEWXLZY37,FINANCIERE MEESCHAERT
969500Y90C2QTWZ70971,PROCIVIS FOREZ-VELAY
969500Y9F6GQ6ZDZIA11,VISEO
969500YAJ9Y1LWC2DP85,Z&V
969500YBNI372PVZ6B06,ALIENOR CAPITAL
969500YEPXWE78XJIB31,CREDIT FONCIER ET COMMUNAL D'ALSACE ET DE LORRAINE BANQUE
969500YF23L9QNGACU28,CFAO
969500YG058LY4Z60081,SANSO LONGCHAMP ASSET MANAGEMENT
969500YGJPW5200OWK75,CISPM
969500YGVB0OJSOAM964,AEW
969500YI0IA2U8NMSI28,UNION MUTUELLES ASSURANCES MONCEAU UMAM
969500YIFAG15PCSHL97,TREVES SAS
969500YLPZN3BPFQS275,DAUPHINE AM
969500YOM7PBQMJLNE66,CAISSE DE BRETAGNE DE CREDIT MUTUEL AGRICOLE
969500YOP7RHY6ORCN76,M W GESTION SA
969500YP0AETQIK48R39,VETOQUINOL S.A
969500YP9SUJ26N0DA55,MACSF EPARGNE RETRAITE
969500YQLVR1EEI8YG66,MAUBOUSSIN
969500YS26MY5PSP8K89,ENTREPRISE GENERALE LEON GROSSE
969500YSO8ERY4Y76I64,AETHER FINANCIAL SERVICES
969500YSZDXP9YY91J31,AXA BANQUE FINANCEMENT
969500YT2CGGAD8YNM04,ST DUPONT
969500YVSB0RNS7OCS11,OSTRUM ASSET MANAGEMENT
969500YW3F4AWI51IH84,MIROVA
969500Z260RS2Q4QY529,CM-CIC LEASING SOLUTIONS
969500Z7X8B459OWUU30,BIBBY FACTOR FRANCE
969500Z952R1F82S1973,SA DE GESTION ET DE FINANCEMENT
969500Z95B9883LXBL60,MUTUELLE ASSURANCES CORPS SANTE FRANCAIS
969500ZBNOXIPLU9PL82,INSTITUT ETUDE SECURITE UNION EUROPEENNE
969500ZBU4NJ42XS6A44,HSBC FACTORING (FRANCE)
969500ZE3EXJ08R1WO96,DEUTSCHE LEASING FRANCE
969500ZGOCQFN1DCU810,EQUISTONE PARTNERS FRANCE S.A.S
969500ZKXE1NM0UBUP47,RICHELIEU INVEST
969500ZM4E7JOEAM5E31,SOFIMAC
969500ZO0UK0ACQQHO98,FEDERAL FINANCE
969500ZO1N6L8K3WIE40,AURIS GESTION
969500ZOYXHNUW76S762,LA MONDIALE GROUPE
969500ZQAGA24GJGS445,CEA INVESTISSEMENT
969500ZQDM3R7A4STD74,MAIF VIE
969500ZQMXCM4S1YPY15,GPM ASSET MANAGEMENT
969500ZR2476EQECWI96,AGPM ASSURANCES
969500ZR92SQCU9TST26,SOITEC
969500ZRKC2KP0NWTO38,CAISSE DE CREDIT MUNICIPAL DE MARSEILLE
969500ZSAIIJEYQ64666,EXCLUSIVE NETWORKS
969500ZTDIB6Y5JZXK80,AGRI FINANCES
969500ZTK3U41SFS5G48,IMPRIMERIE NATIONALE
969500ZTYI9C1C594X25,ETABLISSEMENTS MAUREL ET PROM
969500ZULWSYU0KNNI20,MONTPENSIER ARBEVEL
969500ZV81V4CFGK2P81,GROUPAMA SUPPORTS ET SERVICES
969500ZVXDEW43J4LH50,ALTRAD INVESTMENT AUTHORITY
969500ZXG8BSV45ZCA25,EUROPEENNE DE CAUTIONNEMENT SA
969500ZY4YHADNB5Z404,AG2R LA MONDIALE GESTION D'ACTIFS
969500ZYVSOVSAM6ZF98,BPCE SOLUTIONS INFORMATIQUES
969500ZZ1MUJPZ4QCU41,INVESTISSEURS DANS L'ENTREPRISE
98450000361LA95C3A31,ACCESS BANK (KENYA) PUBLIC LIMITED COMPANY
98450000481E47EU5787,AXLETREE SOLUTIONS INC.
98450000742AC53AA633,Finologee S.A.
98450000B02D137A7292,AGPAYTECH LTD.
98450000C3OBC3QA5764,"UAB ""Pace App"""
98450000CD61BXFD9F86,Money Blink Limited
98450000F6D07FY88D72,SINGX SINGAPORE PTE. LTD.
984500010C6A73UEJ623,UAB NomuPay Europe
984500010D74EAC7FC88,شركة ابناء عبدالله ابراهيم الخريف مساهمة مقفله
98450001BGS0408F0668,"АКЦІОНЕРНЕ ТОВАРИСТВО ""АКЦІОНЕРНИЙ БАНК ""РАДАБАНК"""
984500035E9D505B4040,PAY PERFORM LIMITED
98450003783FKCAA5F04,"UAB ""Šeili"""
9845000393CB6Z7B9B88,GUARANTY TRUST BANK (UGANDA) LIMITED
98450003I7AOF3D0BF11,FX MASTER LIMITED
9845000411E37L562144,Argentex B.V.
98450004743E2K1E8B14,"ALTERNATIVE PAYMENT SOLUTIONS, s.r.o."
98450004C9J042C45164,"UAB ""deVere E-Money"""
98450004D80A5SCDEC79,ASPIRE FT PTE. LTD.
98450005DF97F2DDCE55,CURRENXIE LIMITED
9845000602A2DP4EC935,MPHK Management Company Limited
9845000651E065A4B197,Vellis Inc
9845000671CA38DA6280,HEDER BANK ASA
98450006A5Q8BC268E66,WADIAH VENTURES INC.
98450006AD1V391CCF45,SingX (HK) Co Limited
98450006B1DCE79C9430,Fairview Credit Union Limited
9845000714C5N374E921,TAYLOR WEALTH MANAGEMENT PARTNERS LLC
9845000799CE54E74420,NAUDAPAY LIMITED
98450007DDB07C94D517,"UAB ""SONECT Europe"""
98450007DJ8F0A05D472,IBAN TRANSFER LIMITED
984500084A97E4B3BE23,USF TECH LIMITED
98450008696K8QD0F592,THE MANIFEST VOTING AGENCY LIMITED
9845000921051ED18946,MONEYBEE SECURITIES PRIVATE LIMITED
984500095BTD58BCG789,AZANIA BANK PUBLIC LIMITED COMPANY
98450009ZFEA94BEF502,Girasol Payment Solutions B.V.
9845000A1D37Q811X574,MATA SECURITIES INDIA PRIVATE LIMITED
9845000A44AB9CA60605,DIGITEAL
9845000AA41CA36FD337,KRAJOWA IZBA ROZLICZENIOWA SPÓŁKA AKCYJNA
9845000BF76DE9471C96,TRANSFERRA UN LIMITED
9845000C5D5E144DMB87,"ITAÚ BBA EUROPE, S.A."
9845000C95690B5EE354,MONEZIUM SPÓŁKA Z OGRANICZONĄ ODPOWIEDZIALNOŚCIĄ
9845000CE7A911JD7821,PT PARAMITRA ALFA SEKURITAS
9845000D4T99137E9F08,"Enity Bank Group AB (publ), filial i Finland"
9845000DE9U8E2A4EA15,ASA ASSET MANAGEMENT LLC
9845000EI61DD48S5U16,AB CAPITAL SECURITIES INC.
9845001000870E66AA17,NEXDI LTD
984500104A9FDADDBE12,"AIM invest, UAB"
9845001051B7P7957C43,SHREE STOCKVISION SECURITIES LIMITED
98450010CBE8E8B1A726,TIANZI PTY LTD
98450011AEDA89496E29,SENDFX LIMITED
98450011CCH3F0EA7A14,XACE MALTA LTD.
98450012BE64B2D15408,COMMONWEALTH BANK LIMITED
98450013866A607BBD76,BABB REMIT LTD
984500146E5668FDD430,FIDO FINANCE LIMITED
984500149KFIB0EB9E32,JFC - JUERGEN FITSCHEN & CO. INTERNATIONALE FINANZDIENSTLEISTUNGEN AG
98450017E0010D4B7E04,NATIONAL BANK OF KENYA LIMITED
98450019BB9CED264C19,"RURAL BANK OF SAN NARCISO, INC."
9845001A72BR94B8CD72,GENERATION LIFE LIMITED
9845001B09B535C2C463,TIDE PLATFORM LTD
9845001B0F74E809F808,CDAX LIMITED
9845001B5E604808D618,INTERNATIONAL PAYMENTS IDENTITY (IPID) PTE. LTD.
9845001B7C507X754824,GTN EUROPE FINANCIAL SERVICES LIMITED
9845001BE68E6A2C4214,SMEDVIG CAPITAL LIMITED
9845001BO1561A2FBA85,TT Express UAB
9845001C3E1D8E401B22,FINTECH VALLEY LTD
9845001C6A0CDCFEDD26,UNIVERSAL PARTNERS FX LTD
9845001C8C2A155EJF69,Trench Group GmbH
9845001DA1WDD96DDB44,PAYPUGS CARDS SERVICES LTD.
9845001DE7E84FF54124,Revolut Securities Europe UAB
9845001E48WI813CF323,"IFTHENPAY, LDA"
9845001E89CB78F8E337,NJ INDIAINVEST PRIVATE LIMITED
9845001E9A2ABE06DA83,"CCI PUESTO DE BOLSA, S.A"
9845001F6585CE0B6D02,MONEYMOVR LIMITED
9845001F6BD37AM37238,"BANK SPÓŁDZIELCZY ""MAZOWSZE"" W PŁOCKU"
9845001FC65E35057C33,KBC BANK
9845001FC96FFSD88866,EVERPRO HOLDINGS LIMITED
9845001FEAF89D811303,Hoist Finance AB (publ) Niederlassung Deutschland
9845001M49FA7BRFDB37,لونيت كابيتال ليمتد
9845001RFA8CMB01A341,LHV BANK LIMITED
9845001T3F6J4E0AP617,FASTERPAY LTD
9845001Y5046DZ9Q8315,BUFFETTI FINANCE S.P.A.
98450020769CCI71BD29,SWAPMONEY LTD
9845002A09F3DCA8I967,LARPENT NEWTON & COMPANY LIMITED
9845002ADD2WF743C826,Трейшън Инвест
9845002BC1399F648B54,VIVA WALLET.COM LTD
9845002C51REO59CDF79,LIBERO CONSORZIO COMUNALE DI SIRACUSA
9845002D636C8E2BBC06,TAG EUROPE LIMITED
9845002DB7E1AEE36718,EXCALIBUR FINANCIAL U.K. LIMITED
9845002DU30F4NOB3874,Upvest Securities GmbH
9845002E1E9AEDE6C377,KITAKAMI LIMITED
9845002EF1ZE4F55ED20,"BANCO DE DESARROLLO RURAL, SOCIEDAD ANONIMA"
9845002F63DHA97B0B24,DELTHA FINANCE INC.
9845002KDA99DASBCB24,GSSG HOLDINGS LLC
9845002KE744CBABA566,"גלובל רמיט - שירותי מטבע בע""מ"
984500306CE7EDDB0D06,OBCONNECT LIMITED
984500312DA6961FB225,Finans Danmark
9845003604FBB0982B74,PAYSEND US LLC
98450036BC54O907A846,MUTUAL TRUST PTY LTD
98450036F2BB0C0FJ389,SIA.WEI CASINO MARTIAL
98450038579IBCB7F628,LATTERIA SOCIALE COOPERATIVA DI BONORVA - SOCIETA' COOPERATIVA
9845003924D75A7CCD27,PAYONEER PAYMENT SERVICES (UK) LIMITED
9845003978B4FA0Z8839,BANCO DESARROLLO DE LOS PUEBLOS S.A. CODESARROLLO
98450039BC3U14ERBC79,Eqwire UK Limited
9845003AAE4E096D7751,TOTAL SOLUTIONS s.r.o.
9845003AB4CB5A685845,بي اتش ام كابيتال للخدمات المالية مساهمة خاصة
9845003BCDUEECB7D507,PANPAY USA INC.
9845003BY87BBSBCB046,"Sabiedrība ar ierobežotu atbildību ""JOOL PAY"""
9845003C5536G045FD83,ZURICH INSURANCE COMPANY LTD
9845003CE8143C4AO327,THE SAUDI NATIONAL BANK SINGAPORE BRANCH
9845003D5PD7B7A9EE83,GIACOMELLI SPORT GROUP S.P.A.
9845003DD0EC84CT1507,PayEx Sverige AB Filial i Finland
9845003EFFA8795FC609,FRONTIER GLOBAL CONSULTANTS LTD
9845003F7IGA04F08C97,LINET Group SE
9845003FAE94BUFY6096,CB INTERNATIONAL BANK LLC
9845003H4D5OB444DE68,EXCEL CURRENCIES LIMITED
9845003O37R79479FD63,TENPO BANK CHILE
9845003V39F3EPEL0797,NETWORK FRONTIERS LIMITED
98450040B0AEBF4KFC39,KINGDOM HARVEST INC LIMITED
984500411DB76J14CE58,"Seven Apex Capital, Lda"
98450041DB9A1ACC1405,GABTRANS UK LIMITED
98450041K9Z4FHD66021,BANK OF INDIA (NEW ZEALAND) LIMITED
98450041T76YF9D41E12,KEYRAILS INC.
984500439798F767EA23,Barbados Public Workers' Co-operative Credit Union Limited
98450043A4FE67CAC778,KB CAPITAL MARKETS PVT LTD
98450043AFEBE904C840,BANCO DA AMAZONIA SA
98450043BC5D5E8E6F64,METAGATE PTY LTD
98450043FB90T6REA408,STONEX DIGITAL INTERNATIONAL LIMITED
9845004489BCWD009415,HFC LIMITED
98450044BOB0E645AD66,HAPIC LTD
98450044FFE9D1T49998,ARAB JORDAN INVESTMENT BANK S.A.
98450045AC08D50A3466,BRDGEPAY (H.K) PRIVATE LIMITED
98450046096A11A07710,QUANT FINANCIAL LTD.
984500468549E03BC816,HedgeServ Corporation
98450048CD8AEF13B480,الدار العقارية - ش م ع
98450048CED1FEB7FP14,Akcinė bendrovė Lietuvos paštas
98450049144GFA607A73,BTR Exchange Limited
984500496EA53CA1A324,KORD PAY LIMITED
984500497A78CEQ61A46,EUROPEAN DEPOSITARY BANK SA - MALTA BRANCH
9845004A055C1F939302,"UAB ""Neosportas"""
9845004AE13J7VA39E27,FIRST TITLE SERVICES LIMITED
9845004C6742NB7B7D61,TRANSWAP TECHNOLOGIES (UK) LIMITED
9845004C7CA1M4E5NF42,"UNICÂMBIO - INSTITUIÇÃO DE PAGAMENTO, S.A."
9845004CA5B4BZ6AA480,UQPAY PTE. LTD.
9845004CBF9065639811,PAYWISER LIMITED
9845004D1BC905A05108,SEI INVESTMENTS DISTRIBUTION CO.
9845004DSE5B857A7245,MONAVATE LTD
9845004E0E10867HE985,"AB ""Fjord Bank"""
9845004E4C4B44575084,Atlantic Partners Asia PS Limited
9845004EC995867D6781,OPTIMUS BANK LIMITED
9845004F67C864Q86C30,KINMONT LIMITED
9845004F84807Z50D082,"Kredito unija ""Taupa"""
9845004FA655EFB98302,"UAB ""Paystrax"""
9845004M61EFEBEB5D59,REMITWARE PAYMENTS CANADA INC.
98450050D7A08D379894,BANCO LAFISE SOCIEDAD ANONIMA
98450051077A1B43R580,"UAB ""Nuvei"""
98450051B2E65CAA7E94,GLOBAL ATLANTIC (FIN) COMPANY
98450051BB6F4DEK0337,CA AUTO BANK SPA
98450052C6188DBRE612,PT Amanah Antar Arta
98450052DF3M64CAD455,"CREAND SECURITIES PANAMA, S.A."
98450052E7CA9CAF7820,PMmax Technology Limited
98450052JHC8DE54E576,KORONAPAY EUROPE LIMITED
98450053770890F64D59,DESTA FINANCE LTD.
98450053A5102EE7C044,BeePay Limited
98450053B76F40B2C991,KP PAY LIMITED
98450053F42B6CPFC007,GREEN CRANE CONSULTING LTD
9845005485080AC77953,FNZ CUSTODIANS (AUSTRALIA) PTY LTD
98450054B3A4E77E8918,Finora Bank UAB
98450054B6156D806A77,"UAB ""DV Payment"""
9845005568B646BE0B51,FIDUCIAN PORTFOLIO SERVICES LIMITED
9845005572F5857D4144,OMIPAY GLOBAL PTY LTD
984500558767C1X37811,合作金庫票券金融股份有限公司
98450055CF40C392E890,TRAVEL TAO LIMITED
98450055D8D3FBD0D019,Curve Europe UAB
98450055D8EC0D4P7462,FUNDTECH FINANCIAL MESSAGING LTD
984500564M886CFD4643,THE BANK OF LONDON GROUP LIMITED
98450056A95808B9C129,PAYPOINT PAYMENT SERVICES LIMITED
98450057112B8F61DD40,MORRISON SECURITIES PTY LIMITED
9845005757A65BA03A74,UAB SME Bank
984500577E6EE78C7B51,UAB Craftsoft
98450058A9EDD6AH5053,RAPYD HOLDINGS PTE. LTD.
984500590CFAA03AT776,ALBACO LIMITED
98450059469DEPK43934,VICTORY SECURITIES COMPANY LIMITED
9845005962D52C9EF546,Safenetpay ApS
98450059754BAAFB6F98,BANCO DE SABADELL
984500598EDD1DFLEE37,WOTRANSFER PTE. LTD.
9845005994DAD656CA92,AMARENCO SOLAR LIMITED
98450059E70DBE786747,AJCON GLOBAL SERVICES LTD
9845005ACEF4U07D1Z84,JONES LANG LASALLE CORPORATE FINANCE LIMITED
9845005AYAEHC6M97507,APPLA TRADING LTD
9845005B436E043B1A69,CAPITAL DYNAMICS LIMITED
9845005B6CD5TXA3V347,FV BANK INTERNATIONAL INC.
9845005BDVBFIA9EC546,ZPAY S.R.L.
9845005BQBF16C161505,CARDAQ LIMITED
9845005C3CA9AA76F434,AIRPAY FINANCIAL TECHNOLOGIES PTY LTD
9845005C48B6BFCA0063,CAPITAL COM IP LTD
9845005C8575ECGE3935,OTRO PAY ΙΔΡΥΜΑ ΗΛΕΚΤΡΟΝΙΚΟΥ ΧΡΗΜΑΤΟΣ ΜΟΝΟΠΡΟΣΩΠΗ ΑΝΩΝΥΜΗ ΕΤΑΙΡΕΙΑ
9845005D0E2TF0451E22,"העברות מהירות בע""מ"
9845005D3EBE63EC6D36,Transend Limited
9845005ED4DB63F5KD45,COPIA INVESTMENT PARTNERS LTD
9845005F56DD4442B896,Ping Pong Global Holdings Limited
9845005F7F4E581D9154,National Capital Trust Kommanditbolag
9845005F9656AMC60D53,SALVE FINANCIAL HUB S.P.A.
9845005F9C894F355455,OLIMPIA S.P.A.
9845005FA3C2ACF2E744,ibsettle UAB
9845005FC1Q3DND8BB12,Oy Samlink Ab
9845005FE96675DA7U80,AL ETIHAD PAYMENTS COMPANY - SOLE PROPRIETORSHIP L.L.C.
9845005FEB54CF08NX98,Curfex (HK) Limited
9845005U5B1CAD6C4D68,SINO ALLIED (HK) LIMITED
9845005UE43DN986EL71,FIRE SERVICE CREDIT UNION LIMITED
9845005WAZ3A2CF58545,UAB EDS INVEST 4
9845006008C1440FA451,TOMPAY LTD
9845006009ABE50Q0377,PAX2PAY LTD
98450060855S8BDDB946,Lesslie Technologies AB
98450060E4848AFFF685,SYNC.MONEY UK LTD
984500614FA2A0464E35,BRITISH AMERICAN TOBACCO CHILE OPERACIONES S.A.
984500636Y36V05FD388,REMIUM LIMITED
98450064079F7B03EF65,Ridgewood Capital Asset Management Inc.
984500640Z8ADE893D04,SYSTEM PAY SERVICES (MALTA) LIMITED
984500641KXD0BF41033,WIO BANK P.J.S.C.
98450064AC9753611E09,Mollie B.V.
9845006509CDC1559C61,إم أيه آر آي إن تي ش.م.ح
984500650D127F436942,IPF Digital AS
984500669BPA7B5QCD47,GAT Investment Bank Limited
98450066FC48638A6858,THE CADMUS ORGANISATION LIMITED
98450066IACC7BFACD67,ARRAS GROUP S.P.A.
984500675BICE781CF80,HAI Cloud Exchange (HK) Limited
984500676E585DA01A54,DaoKou Securities Limited
984500679F3BEARE5E34,Valletta Credit Finance Corporation Ltd.
98450067B6F9715A1B86,SOLDO FINANCIAL SERVICES IRELAND DESIGNATED ACTIVITY COMPANY
9845006811IA4CP46C09,BANCO PICHINCHA
98450068EE8F7D85B666,Pliant Oy
98450069054CF501EB45,PUREMTEK TRADING LTD.
9845006AC7F8090DDB79,قطر للطاقة للتجارة ذ.م.م
9845006B7B03D1D57591,FINSEI LTD
9845006BAE8REN06F280,Linkqit Payments Inc.
9845006C713F9G97CF08,PAY SET LIMITED
9845006CDDT0047F3E87,XE Europe B.V.
9845006CN8E2E13FJD87,Saldo Bank UAB
9845006D09CO8E7F1224,FIAT REPUBLIC FINANCIAL SERVICES LTD
9845006D597B09FAI807,Gravity Group Limited
9845006D89060B3L1198,"Sabiedrība ar ierobežotu atbildību ""E LATS"""
9845006DYF2E4D80EN72,"EAGLE GLOBAL ADVISORS, L.L.C."
9845006E1A6FB7708314,UAB Monavate
9845006G601EC4Z65147,CAMBRIA LIMITED
98450071A46373DYB917,PREMIER BANK KENYA LIMITED
98450072D95EEF6LAA27,INCARD LTD
984500736TCC14D69B19,MONELIQ LIMITED
9845007375EBB04C6F49,NIGERIAN NATIONAL PETROLEUM COMPANY LIMITED
98450073H4667I485303,DEEL PAYMENTS UK LTD
98450074IUEC3BF15E85,"THE CHUGOKU BANK, LTD. SINGAPORE BRANCH"
9845007593F99OG08177,SOKIN AUSTRALIA PTY LTD
9845007696A39DCDI128,UniTrust Global Limited
98450077494LE3EF1406,PELLA FUNDS PTY LIMITED
9845007777E03DN45A12,MIO MÓVIL
98450077AYEB5662E136,CURRENCIES DIRECT INC.
98450077F43687DF1G79,"BANCO DEL PAIS, SOCIEDAD ANONIMA"
98450078668DN2AD9345,"UAB ""Walletto"""
98450078D88582A09B88,HAMILTON GLOBAL OPPORTUNITIES PLC
98450078G11145AFS037,LACUNA SOLUTIONS LIMITED
98450079BFCE4FAC1E03,SR2 COMMUNICATIONS LIMITED
98450079CE5BEUATA717,NUVEI FINANCIAL SERVICES LIMITED
98450079O94CEVB55594,GALLESIO PARTNERS AS
9845007A03BB457E9129,BEPI LTD
9845007B0D6MCE0F8184,SYSTEM PAY SERVICES LTD
9845007B73AD75B53807,ABN AMRO CLEARING SINGAPORE PTE. LTD.
9845007BD1A206XDA694,IXARIS FINANCIAL SERVICES MALTA LIMITED
9845007C69050B7DAZ07,UAB EDS INVEST 3
9845007C9BCHPS759A22,J.P. Morgan Middle East Limited
9845007D89876EF69569,MONEY TRANSFER INTERNATIONAL LTD
9845007E53M3FA602A67,ECS FIN INC.
9845007E557E0150C967,SENTENIAL LIMITED
9845007E66TG7RF6E276,BANK OF INDIA (UGANDA) LIMITED
9845007E6BD2E3F3D183,XE CORPORATION
9845007EB365A0607F42,CRX Markets AG
9845007EH7D6A9C76E35,North Atlantic Treaty Organization - International Staff
9845007F1DA00944M408,NONPUBLIC PTY LTD
9845007HYL5B8ED63A37,ROTHSCHILD & CO ASSET MANAGEMENT US INC.
9845007U1C2ADE63C480,JPC SOLUTIONS SOCIEDAD DE RESPONSABILIDAD LIMITADA
9845008059ADD64DFS46,SumUp EU Payments UAB
984500809TB66RFC4C06,Gogotranx Hong Kong Limited
9845008145APB3369408,SOS Cash & Value SA
98450081BEBV0E50E933,EAST ASIA SECURITIES COMPANY LIMITED
98450082650D46CC3887,PUNTO CASA DE BOLSA SA DE CV
98450084D5AL4091AA36,Lunar Bank A/S
98450085E74DCE9UDD56,Drumshanbo Credit Union Limited
98450085T17B967D4B94,NEXTTELLER PTY LTD
98450086067FFB6A0903,COUNSELOR SERVICE HOLDING LTD
98450086A72L0A97TG67,IDT Financial Services Limited
98450087D8F4CF0D6A87,DEIMA FINANCIAL SERVICES LTD.
98450087EEB1B6A5YI25,"CURRENCIES DIRECT SPAIN, EDE, S.L., SUCURSAL EM PORTUGAL"
98450087QN1F5DDEFY72,SBI SECURITIES (SINGAPORE) PTE. LTD.
9845008895937K556B86,NAVRO PAYMENTS LIMITED
9845008960D1D3608527,QUANTESSENCE FINANCIAL
98450089696D278E0507,FINMO TECH PTE. LTD.
9845008A0C9E6B704461,BANK OF THE BAHAMAS LIMITED
9845008A1D001PFE9284,PAYNOW TECHNOLOGY PTY LTD
9845008A984B8ADF9691,Maiwand Bank
9845008AE9CAFD8C4930,COMMITTED CAPITAL FINANCIAL SERVICES LIMITED
9845008B7D0BCD2C0361,AffinityPlus Credit Union Limited
9845008BD6B96DC1A217,Breinrock Limited
9845008C1B02CF604E06,ريل فاينانس (ام إي أي) المحدودة
9845008C2B91CE587F33,PLAUDE CANADA INC.
9845008C61ENSC5D9028,KEYNOTE CAPITALS LIMITED
9845008C8F0FE80Q2B21,Afghan United Bank
9845008CCD69CAA8E483,LIGHTHOUSE FX LTD
9845008CE538BE109B10,OPAL CAPITAL MANAGEMENT PTY LTD
9845008D86DB58UF4B20,LALIGA GROUP INTERNATIONAL SL
9845008DDAEF13B82663,MANGOPAY U.K. LIMITED
9845008E455SC0EABE46,WOODSTOCK BROKING PRIVATE LIMITED
9845008EBR7KDAF4AD21,DAMISA TECHNOLOGIES PTY LTD
9845008FACQ404CA2D28,PATERSON SECURITIES PRIVATE LIMITED
9845008JBWB446736772,EMPEROR SECURITIES LIMITED
9845008OF60881C4D820,DERIVIUM TRADITION SECURITIES (INDIA) PRIVATE LIMITED
9845008TZ70EA3B74A82,NEXPAY LIMITED
9845009011DFMI471293,DEBIT FINANCE COLLECTIONS PLC
9845009014D73A693D86,BANK SPÓŁDZIELCZY W MSZCZONOWIE
984500906759B5B91E46,BLABLA CONNECT LIMITED
984500907T5553C61040,MIST FINANCIAL PTY LTD
98450091FF5587A01122,บริษัท พานาโซนิค เทรชเชอรี่ เซ็นเตอร์ (ประเทศไทย) จำกัด
98450092FC6781F74S30,NUVEI LIMITED
98450092J6A7EFCZ0E06,"Banco Múltiple Lafise, S. A."
984500936J7580F05952,FINVOKA PAYMENTS INC.
98450093CAE68B5C3C70,"myTU credit, UAB"
984500950870413C9554,AAVE LLC
98450095DBF5DE1DB005,RIBBON PLC
984500969EF7CAFA3E12,ALOFT TECHNOLOGY COMPANY PTE. LTD.
984500975F48FA4Y5F10,ANTONIO GIOVANUCCI ET CIE LTD
984500976E15EF04F015,GEOSWIFT UK LIMITED
9845009793B6ECF46838,TRANSWAP LIMITED
98450097AFD59F7F5662,COBANQ LTD
98450097E4473BBC7985,"UAB ""Iban Online"""
98450098A080P9003602,Ypsilon Capital (DIFC) Ltd
98450098UBDB4BM8A761,PREMFINA LIMITED
984500994914A4663D14,TRENDEVICE S.P.A.
98450099707B9CD3F786,BOK FINANCE LIMITED
984500998CECE49A7C70,UAB Inrento
9845009A03BC77F2F852,SPEND LTD.
9845009A1SC94A8FEA29,KARANI ASSET MANAGEMENT LLC
9845009A5A41A662B402,NEO PAYMENT FACTORY S.L.
9845009AE3FAE1E86986,"UAB ""Seven Seas Europe"""
9845009AM5BCE72DB278,UNIONGOLDENPAY LTD.
9845009BCDE740B5E726,FINTECOM SPÓŁKA AKCYJNA
9845009C5A1DC3A0B871,TANNER BANCO DIGITAL
9845009C6C3CE54B4E64,PURE TRANSFER LTD.
9845009C956D68605P26,ARIVAL BANK INTERNATIONAL CORP.
9845009CD3B814E04066,PT Bank Syariah Indonesia
9845009CE4B7866ECD08,"Verified Payments, UAB"
9845009D0E159E847620,NORTHLINE GLOBAL SERVICES LIMITED
9845009D7L3943712E70,UAB Baltijos koncernas
9845009DEE0AKB1DB991,الخليجي (فرنسا) اس.ايه
9845009E0OE750F7D694,PPRO Payment Services S.A.
9845009EBBF9A38B1B51,FILBO PAY S.A.
9845009EE07E5F2EBF12,TRANSFERTO MOBILE FINANCIAL SERVICES LTD
9845009JF5A3B89B9E54,"JAPAN REMIT FINANCE CO., LTD."
984500A07FSA56D39130,BARONS CAPITAL PARTNERS LIMITED
984500A0991EB50AC763,AVENIR REGISTRARS (IE) LIMITED
984500A0FC4Q4FN04749,"""ETICA SOCIETA' DI GESTIONE DEL RISPARMIO PER AZIONI"" O IN FORMA ABBREVIATA ANCHE SOLO ""ETICA SGR S.P.A."""
984500A11BDF72FA9789,Faysal Bank Limited
984500A1699B0YIC0E86,UAB EXCHANGELT
984500A1A77A3964C423,BUSINESSBANK PAY INC.
984500A1A795OEM3ED37,GTN ASIA FINANCIAL SERVICES (PTE.) LTD.
984500A36B4U900D8023,ASA BANKA DIONIČKO DRUŠTVO SARAJEVO
984500A372C8152B8C87,POPULAR ASSET MANAGEMENT LLC
984500A3AC76BBCEZE16,DEVON EQUITY MANAGEMENT LIMITED
984500A3BEAV07478E36,FORAGER FUNDS MANAGEMENT PTY LTD
984500A3DFB9A2B5FU36,LUCREZIA SECURITISATION S.R.L.
984500A41B6C02BEE685,MAAYAN PAYMENTS LTD
984500A43E7FFC73CR76,Januar ApS
984500A449F1BB5WB444,KEYSTONE INVESTORS PTE. LTD.
984500A474E2E3B0DG90,LATIN MANHARLAL SECURITIES PRIVATE LIMITED
984500A52EF63E91EB35,"BANCO FICOHSA GUATEMALA, SOCIEDAD ANONIMA"
984500A540C777CF6Y33,PADMA BANK LIMITED
984500A663B1FTB0F017,"SIA ""xpate"""
984500A694CA7AE01C86,บริษัท หลักทรัพย์ หยวนต้า (ประเทศไทย) จำกัด
984500A698H674BEF312,UAB Etapay
984500A73A96DFBB2B18,UAB Kredus
984500A74EE9153B5Y48,LUTHERAN LAYPEOPLE'S LEAGUE OF AUSTRALIA LIMITED
984500A7ADE2D0E9FC19,LINCOLN INDICATORS PTY LTD
984500A7FF8B4B73BC60,CCB INTERNATIONAL (SINGAPORE) PTE. LTD
984500A7M2F48ECA0823,ANVIL SHARE AND STOCK BROKING PRIVATE LIMITED
984500A80B648A7B9717,Safaricom PLC
984500A88EB9E2D08384,PINGPONG PAYMENT (UK) LIMITED
984500A9054AJDD84A10,MONETUM GROUP AG
984500A9C74C79EBFB59,TITANBAY IRELAND LIMITED
984500A9F8EE39F2B904,TAZAPAY PTE. LTD.
984500AA1F67E4AC2B28,RD Wallet Technologies Limited
984500AA4C6B7WE43A55,PAYLER LTD
984500AA4EE04CAD9E38,BANCO DE SABADELL - S.A - SUCURSAL EM PORTUGAL
984500AA8455D76B1X94,NELSON BUILDING SOCIETY
984500AAC1A50664EA86,CONSOLIDATED BANK OF KENYA LIMITED
984500AAF41A59DX3758,WISE PILIPINAS INC.
984500ABAB8A0B02LB09,TANGOPAY LIMITED
984500ABFE69050EAA65,LAPSA PAYMENTS LTD.
984500AC77A9RAFUD076,Juni Technology AB
984500AD4EE70BCF8706,UAB Nandi Finance
984500ADEE3DE4F14F51,kompasbank a/s
984500AEBB94DYE54827,"SatchelPay, UAB"
984500AFAF771546E856,"PayGate Hong Kong Co., Limited"
984500AKA2F049X6J057,"BANESCO BANCO UNIVERSAL, C.A."
984500AR9EC87KB3E539,TENORA FINANCIAL SOLUTIONS LIMITED
984500AS9496REE3CA58,Nikulipe UAB
984500AVFD6D009F6D82,Sedermera Corporate Finance AB
984500B13CM28D060572,BEDFORD PAY LTD
984500B1411F2EA83J70,CAB CAPITAL TRUST Kommanditbolag
984500B3FEEL59FE4638,UAB EDS INVEST 5
984500B41APA7F70D559,NoLimit Payments Ltd.
984500B44AC69APCG379,EXIM EXCHANGE COMPANY (U.K.) LIMITED
984500B4BESECBD8A111,VICTORIA TEACHERS LIMITED
984500B4G3CCBFDBF965,شركة دبي للإيداع ذات شخص واحد ش.ذ.م.م
984500B4N6ED2A59C219,IDBI CAPITAL MARKETS & SECURITIES LIMITED
984500B4OA4B8CEBA692,CAP TRUST LIMITED
984500B584B3B2CB9473,INVEMA LTD
984500B5B4F7C8F1EF30,BARRENJOEY MARKETS PTY LIMITED
984500B62DBC46E87483,Africhange Technologies Limited
984500B63U4E59ZCE580,GO CAPITAL GROUP LTD
984500B6C79R6C705C41,"SUMMIT BANK (RURAL BANK OF TUBLAY, INC.)"
984500B6D0F93CZ09E41,VERTOFX LTD
984500B6DF61A7G3C427,PAY WINK LIMITED
984500B7968FFBAFC142,CORPORATE ALLIANCE PAYMENTS PTY LTD
984500B799VDD9959D06,AVENUE SECURITIES DTVM LTDA.
984500B89A5B591BDF59,FREEMARKETFX IRELAND LIMITED
984500B8AK968B54FB72,"""Alende Marketplace (Lithuania)"" UAB"
984500B8O4C85A451006,SYNCICAP Asset Management Limited
984500B903C2CN2EFF22,АКЦІОНЕРНЕ ТОВАРИСТВО 'ПОЛІКОМБАНК'
984500B9A7CC9WF70438,ASA US LLC
984500B9E7ED5B70IB85,Wirease Limited
984500B9ECO37B3BD658,LUOPAY CANADA LTD.
984500BA3E866F83D741,UAB Hokodo
984500BA7940037D6242,ДАТЕКС ПЕЙМЪНТ ТЕХНОЛОДЖИ
984500BA945594A0BC27,COSMOREMIT PTY LTD
984500BBA5D054DCCD79,BANCORAGE PAY CORP.
984500BCADA899799B79,NEAT LIMITED
984500BCD7L37E557E54,SENTENIAL LIMITED
984500BD9ACB39C97131,TRUMIA LIMITED
984500BE1ACTF3C9E738,SOLID PROCESSING LIMITED
984500BE63A1F487D660,MACQUARIE INTERNATIONAL LIMITED
984500BE715V79F76C18,CORVUS PAY društvo s ograničenom odgovornošću za usluge
984500BE909B4AEEEX34,TRENTINO SVILUPPO S.P.A.
984500BFFA6CBFA57C93,MODULR FS LIMITED
984500BM7A92AI8E4735,I2 CAPITAL MARKETS LTD
984500BQD9C4DCI3C414,CHILI S.P.A.
984500BT1DAA6AE09907,NIPPON LIFE GLOBAL INVESTORS SINGAPORE LIMITED
984500C09DBM597ETD28,CÔNG TY CỔ PHẦN CHỨNG KHOÁN TÂN VIỆT
984500C0E64FB0G36552,TIP Trailer Services Management B.V.
984500C0F83F805BE898,SEGREGATED PAYMENTS LIMITED
984500C0OB1B77FD6309,GLOBAL PAYMENTS AUSTRALIA 1 PTY LTD
984500C1CBBC88BECF45,OFX PAYMENTS IRELAND LIMITED
984500C1EF5B396Q0D48,SumUp Systems UAB
984500C3901DEA58OD25,ΔΙΑΤΡΑΠΕΖΙΚΑ ΣΥΣΤΗΜΑΤΑ ΑΝΩΝΥΜΗ ΕΤΑΙΡΕΙΑ
984500C475B9DO0F0257,CEPHEUS PAYMENT CORP
984500C4C5B54S5BEC32,"FENIMORE ASSET MANAGEMENT, INC."
984500C4F39MFEE54196,"Bank of Communications Co., Ltd."
984500C4FCB54WC47F53,BUNQ B.V.
984500C5005644B14P13,STONEX FINANCIAL PTE. LTD.
984500C5104B392BED12,"UAB ""Lux International Payment System"""
984500C51BC564WB9A70,CBI Money UAB
984500C5611BTBH9B954,FCB NA LTD.
984500C5D86EB2D9F823,Valyuz UAB
984500C5D93759E71387,UAB Uniqum capital
984500C5DCDDD6CE9743,ADMIO ASSET MANAGEMENT
984500C63SC2A505Q091,Payoneer Hong Kong Limited
984500C67B4B61443379,TWO KUVA LTD
984500C74N420F3A4F03,"UAB ""PAYTEND EUROPE"""
984500C7991EB1B3E947,HARLANDS SERVICES LTD
984500C7DA9DE92D9B69,"PayRay Bank, UAB"
984500C7UCA79D8D1483,MEL DUCATTI LIMITED
984500C82A80D553DF20,PSTNET FINANCE CORP.
984500C86AA08140DE68,Hiram Ark Company Ltd.
984500C89EA7749EAE84,"Demivolt, UAB"
984500C8D7KE6EA35784,BOLSA INSTITUCIONAL DE VALORES SA DE CV
984500C90CA2E8EA0473,"UAB ""NS Pay"""
984500C93F14BDA86385,CANDY GROUP INTERNATIONAL LTD. MERKEZİ DUBAİ TÜRKİYE İSTANBUL ŞUBESİ
984500C946D050A4A671,PREMIUM MULTI COMMODITIES CENTER LTD
984500C98ZD3A9O6CE76,MONEYGATE SOLUTIONS LIMITED
984500C998D3T09A6795,EDIPHY MARKETS LTD
984500C9G4Z8908C5060,ALLIED BANKING CORPORATION (HONG KONG) LIMITED
984500CA4DE87F3AB960,WireBarley Hong Kong Limited
984500CAA0841DG75473,ULJK FINANCIAL SERVICES PRIVATE LIMITED
984500CAP6409DEFR633,"MIRAE ASSET (BRASIL) CORRETORA DE CAMBIO, TITULOS E VALORES MOBILIARIOS LTDA."
984500CB1F0BAB1F9379,AGILITY FOREX (UK) LTD
984500CC363DF4FK5774,PUSH LABS LIMITED
984500CCD1E390D88103,ASIABILL COMPANY LIMITED
984500CD4663A969J318,ЕКОНТ ФИНАНСОВИ УСЛУГИ
984500CD9P74D0648863,MWH CAPITAL PTY. LTD.
984500CE70CE18B59H08,UDIAL SERVICES LIMITED
984500CE7F3C41D9FF04,TRANSPURE SOLUTIONS PRIVATE LIMITED
984500CFB54ABB2BDC29,MANIGO SERVICES LTD
984500CHV795155R3845,HARBOUR AND HILLS FINANCIAL SERVICES LIMITED
984500CN513F5D601D28,"SCHWERIN BOYLE CAPITAL MANAGEMENT, INC."
984500COB81DYBD38402,"ש.ט.ב. יוניון בע""מ"
984500CPE9B0AC040677,دينار للصرافة
984500CQ3RD675E56F54,KONSENTUS LTD
984500CUEFV367E75648,"UAB ""SME Finance Leasing"""
984500CZF485DFC10D74,THOMAS EXCHANGE UK LIMITED
984500CZF87YC87A7845,ADMINISTRADORA GENERAL DE FONDOS SURA S.A.
984500D07I4486AAEC46,FOXY FINANCIAL SERVICES LTD
984500D0F381CE6S7023,EXTRAFIN S.P.A.
984500D1D115CCC3DD33,CORPORATE ALLIANCE GROUP PTY LTD
984500D1KB7C42A7L371,"Kooperatīvā krājaizdevu sabiedrība ""AlfaBeta"""
984500D2A6K03EDFA743,PARADIS TECH LTD.
984500D2AP5BBE2F0F63,Bank of Dongguan International Limited
984500D2D55A5DAZ8A48,BANCO CENTRAL DEL ECUADOR
984500D5BFE46F914039,UNISON GLOBAL MARKETS (UGM) LTD
984500D5YB2B3AJC5C52,Monezia Limited
984500D60CB98D1E8857,FoF AuAg Asset Management AB
984500D6830E5AE87G42,NIUM SOLUTIONS LIMITED
984500D68AA11MEAA541,PANASONIC ASIA PACIFIC PTE. LTD.
984500D6BD78ECFFDF83,CPS TRANSFERS LIMITED
984500D777AEM2J03719,آرجينتيكس ديفك المحدودة
984500D78F7FBF61E608,PARTNER CAPITAL LIMITED
984500D80A04542EDA78,TEEPARAM EXCHANGE LIMITED
984500D85875B0A5AB16,JILLION GROUP INTERNATIONAL TRADING LIMITED
984500D90FBAIA6A6969,"UAB ""International Payment Union"""
984500D93F456E0J1209,GREAT INTERNATIONAL PTY LTD
984500D95H456Y64CF82,BOXPAY SERVICES INC.
984500D96BB70781B427,LEATHERBACK LTD
984500D9B40DDC76D653,PAYWRX CONNECT LTD.
984500DA4D7147C75C36,FIRST SHANGHAI SECURITIES LIMITED
984500DACE2DEA36A039,DIGIDOE LTD
984500DB91E5A48E7F26,HARMONIIE
984500DB97EF65F4J761,CODA PAYMENTS PTE. LTD.
984500DBFF2E7LF82D92,HUMMINGBIRD INTERCOMS PTY LTD
984500DC2BB2D8440D47,MELON TECHNOLOGIES LIMITED
984500DC41F2E7BUF032,UAB EDS INVEST 2
984500DCA7975D3C5051,W1TTY GLOBAL LTD
984500DCDC755383B122,METACOMP PTE. LTD.
984500DCXD39S0EBB881,Mollie Holding B.V.
984500DE6C86DBB8ED95,Vyriausioji tarnybinės etikos komisija
984500DE6E7403810494,Central Bank of Samoa
984500DEC50P97BB5B31,GLOBAL ÖDEME HİZMETLERİ ANONİM ŞİRKETİ
984500DFZ464CBB5AE37,ЛТЗ ИНВЕСТМЪНТС
984500DI67BF9DHEC290,"FINHERO, UAB"
984500DJ3A614A6ANB75,BAKAAL WORLDWIDE PTY LTD
984500DMB41WF7AF9E92,"UAB ""Finansinės paslaugos ""Contis"""
984500DT1F773E7D0570,REIBANQ LTD
984500DXAFBF2A9D9870,BAZAR MONEY TRANSFER LTD
984500E00BEA36A5MF69,BUNQ B.V. SUCURSAL EN ESPAÑA
984500E0454539C47582,SOUTHLAND BUILDING SOCIETY
984500E0487O4AGD4A33,INTESA SANPAOLO SPA
984500E0P0SE9994EB21,HAB GOV STRATEGICS GLOBAL VCAG LIMITED
984500E3C6BE7CB4U738,TMF Services SA
984500E46098Q9OYAD50,QUID NZ LIMITED
984500E4A005BB1EE404,"UAB ""ConnectPay"""
984500E4B0C3B2B8A357,XGD FinTech Limited
984500E4EBB0154F9176,Lowbee Technologies Limited
984500E4FEFCYA0F5D10,CHANNEL CAPITAL PTY LTD
984500E4P65D4B43B745,نيمكارد لخدمات الدفعيات ش.ذ.م.م
984500E544064C38D056,"NESTLE BUSINESS SERVICES AOA, INC."
984500E5468B65R8D057,UAB TeslaPay
984500E6N10CBF80LE25,BANCO ECONOMICO S.A.
984500E72ATEB70EAF53,Mirabank akcionarsko društvo Beograd-Novi Beograd
984500E90A1407E3WE59,COMUNE DI POVIGLIO
984500E91AF9696F2A46,"FinCause, UAB"
984500E94AADNFAAE833,SQUARE PEG ADVISORS PTY LTD
984500E96FEB6A05EB13,BANFICO LTD
984500E981B17M94BC09,OPTIMAL CURRENCY LIMITED
984500E9853D1B2CAF18,OPAL FINTECH PTE. LTD.
984500E9BA5549D6JF51,ALCHELYST LIMITED
984500EA12D8D8D7BA38,WITTY GLOBAL UAB
984500EA45E6D803C031,NUMISMA BANK
984500EA5OJ845F9D798,POLLEN TECHNOLOGIES LIMITED
984500EA7097C1075A31,INVICTUS VENTURES LIMITED
984500EA8E4848080D25,BRIT FX LIMITED
984500EAA6DFEU42S988,POLICE CREDIT UNION LIMITED
984500EAC75LY766FD73,CSL CAPITAL (UK) LIMITED
984500EC0995BSC69210,BCB PAYMENTS LIMITED
984500EC4A4A3EACED91,Bitpanda Financial Services GmbH
984500EC6065ECA67367,OÜ NeuroNext
984500ECA704DEB08695,COFIDIS
984500ECB3B8BSDD0D88,FINDUCTIVE LTD
984500ED9D7A079BC177,GREENTRAIL PARTNERS LLP
984500EF9EFD8CC75E77,Pesapeer Inc.
984500EFECE5FB1DEG93,QUEENSLAND COUNTRY BANK LIMITED
984500EMDDPE7CE3E037,PRO CAPITAL LIMITED
984500F01Z7BAEEA8F48,Swansea Building Society
984500F096E3A5DA6H27,"акціонерне товариство ""МОТОР-БАНК"""
984500F09DEFE05EB772,UAB CREDIT SERVICE
984500F0P425E944SB70,Công Ty TNHH Bảo Hiểm Nhân Thọ AIA (Việt Nam)
984500F114A7A665F739,"Original Technologies, Inc."
984500F14BB61A86EJ25,Qwikwire Billing Systems Inc.
984500F1D7AB06C45480,"סמסונג אלקטרוניקס ישראל בע""מ"
984500F2AB4AB2F3CD52,COLIBRIX LIMITED
984500F2F00481C3JF35,POLICE FINANCIAL SERVICES LIMITED
984500F360CI55DF3878,SYNERGY MARINE PTE. LTD.
984500F368F25C9DF746,TSW PTY LTD
984500F3E67C1D6D1486,Ele Bank Limited
984500F3F115F6696F22,"АКЦІОНЕРНЕ ТОВАРИСТВО ""БТА БАНК"""
984500F46A6AFD68DD59,FLUTTERWAVE UK LIMITED
984500F4VC06LRAD2B29,"AlphaPay, UAB"
984500F4X4MF39CE4626,NAVRO PAYMENTS EUROPE LIMITED
984500F560E4T2D5B873,XACE LIMITED
984500F58560FCEC5A34,J.P. MORGAN CORREDORES DE BOLSA SPA
984500F642EBCC839S96,MASCHIO HOLDING S.P.A.
984500F67BC77H2F3D58,CURRENXIE UK LTD
984500F711567EDB8885,JagoLink Limited
984500F71C4M9RDZ6B27,BAT CHILE S.A.
984500F776NEBD7D6538,INTRACLEAR LIMITED
984500F7D3A258R1CB96,CITIBANK EUROPE PUBLIC LIMITED COMPANY
984500F7F3EB6650JZ86,UTR8 AP Limited
984500F8692E5FF6B956,DECADE PARTNERS PTY LTD
984500F8BAA59T7CCA87,FOMO PAY PTE. LTD.
984500F8PR8F79EEHZ61,"California Bank of Commerce, National Association"
984500F92CD97KH11373,REMIT CHOICE LIMITED
984500F93UBA93FBC372,MKR CAPITAL PTY LIMITED
984500F9558E3P4Y4609,SHIFT FINANCIAL PTY LTD
984500F97FRM9D92B150,APERTURE TRAVEL SL
984500F9A6EAA3E8A013,Clearshift UAB
984500F9Z76CCR8ABA32,WORLDLINE MERCHANT SERVICES UK LIMITED
984500FA107576ED0798,UNION INVESTMENT MANAGEMENT LIMITED
984500FA9ERS2F1D3E68,HABIB BANK LIMITED
984500FA9FA55D2FC079,Photon Dance (Hong Kong) Limited
984500FAF0A25F8FEE16,UKFX HOLDINGS LTD
984500FAKD92ED3B9484,REVOLUT PAYMENTS NEW ZEALAND PTY LTD
984500FB0CC7DBA47U64,"""Swedbank lizingas"", UAB"
984500FC40B906157691,BROWN BROTHERS HARRIMAN TRUSTEE SERVICES (IRELAND) LIMITED
984500FC50EA47A66F97,Majestic Financial UAB
984500FC5DDA539BX698,CBIPAY PRIVATE LIMITED
984500FD54FFF8EM4A77,Vivid Money S.A. Netherlands Branch
984500FED703B805FD84,EasyEuro Financial Services Limited
984500FEE6FFA2F0F092,FNALITY SERVICES LIMITED
984500FF0FF79H4DA434,ORBIT MONEY INC.
984500FFEJN0B8H58A68,Summit National Bank
984500FFFE69A7776E73,د افغانستان اسلمي بانک
984500FJ90Z94B589885,PAYBYPAGO LIMITED
984500FVAE852DH46N74,ZIGLU LIMITED
984500G3C1AF4847D181,MUFG ALTERNATIVE FUND SERVICES (IRELAND) LIMITED
984500G877EBABBI0742,COMUNE DI CASTELBELFORTE
984500GE1A2C37EHQB81,EastNets Europe S.A.
984500H8A5FAJBE1X429,PPS EU
984500HA439A14E3EI66,ATTUNGA CAPITAL PTY LTD
984500I6CF3C8BC0C913,Monemon AS
984500I946OECF1WAD49,PITECO SRL
984500J248AUE7637430,SLEEK TECH (PTE. LTD.)
984500J595A5FH589E15,Uždaroji akcinė bendrovė Valstybės investicijų valdymo agentūra
984500J9B52E3945O150,BnB Transfer Corp.
984500JC4FB2E66B4E11,PURSE MONEY PLATFORM LTD.
984500JD1B92DCB19383,PT Multi Karya Utama Abadi
984500JD651152F1B839,Modhumoti Bank PLC.
984500JD94H7B3QDCC31,RIGEL LUMINOUS Kommanditbolag
984500K2EV4FBF5BF375,Contomobile UAB
984500KD8AE1A49ED771,EONX SERVICES PTY LTD
984500KF379BB1D06211,DEVELOPMENT BANK OF KENYA LIMITED
984500LDB7CC86861F40,"Payswix, UAB"
984500ME084DE2A1C955,"UAB ""FinoMark"""
984500N6G4897238C351,RACKAN TECHNOLOGIES INC.
984500NDO61D9CCF7919,ARDO FOODS
984500OFBCB94CE51A36,"SERVICIO UNITELLER, INC."
984500P91088CK2C7188,ARRIVEE AU PTY LTD
984500PAFF0898AA6673,SOLARIS INVESTMENT MANAGEMENT LIMITED
984500PCCFE50AA00B25,UAB EDS INVEST
984500PE969F681AA144,MARKETNODE PTE. LTD.
984500Q7VF0CBD1EC477,HAMILTON12 PTY LTD
984500R2B00E5EE0DC75,Kotak Mahindra Bank Limited
984500RA3C8D14E60606,REIBANQ LLC
984500S1DD0DC36M3867,"STACLAR, INC."
984500SB75F058462A12,Alpha FX Europe Limited
984500SFA1006DBC3C06,PAYSEND PLC
984500T04A55D1A09D74,Shoucheng Holdings Limited
984500T6X61NF9642F85,UK FIRST FINTECH LIMITED
984500TAAEBF99250C52,bunq B.V.
984500TCE88DBC158B47,TOWLE & CO.
984500UC92F8I0943058,ATLASPAY FINANCE LTD.
984500UK2D89B6B9A527,ZEPTO PAYMENTS PTY LTD
984500V149KFIB0EB902,JFC - JUERGEN FITSCHEN & CO. INTERNATIONALE FINANZDIENSTLEISTUNGEN AG
984500V1D69DFCBADB37,اكفيلنت للاستثمارات المحدودة
984500Y9095675F95276,BRUEGGER INVEST LIMITED
984500Y9EFK3ECAB6S98,MODUS UK LIMITED
984500ZA6Q06C3C4F933,First Digital Trust Limited
984500ZB6B62007A9E64,SUN PAY LIMITED
984500ZY09R5EA640540,FINSTREET GLOBAL CLEARING AND SETTLEMENT LIMITED
98840001WHNDKDPRG163,유진투자증권
9884000FA36R0MQ6BS39,현대엔지니어링(주)
98840019Y9P721BO0L96,(주)부산은행
98840020G1SNQHQVFV92,사단법인 금융결제원
9884002AESDO4YW87G32,삼성에스디아이(주)
9884002PK8LBY3KYPR47,(주)와이어바알리
9884003BDN8IHOGQD988,주식회사 비엔케이투자증권
9884003BST95MRI0WC08,토러스자산운용 주식회사
9884003EXVX59QZ8G195,이지스자산운용 주식회사
9884003QI97V522SG241,주식회사 유핀테크허브
9884003ZDFKPSMHI6K41,(주)광주은행
988400414BC6YYX2DV16,쿼드자산운용(주)
9884004XGHBLMVZ1XS10,케이비자산운용 주식회사
9884005V7R53DST09B80,스마일게이트자산운용
988400662OOI21B0TO06,건설공제조합
9884006CMDI1H9SN2072,한화자산운용 주식회사
9884006EZCR1XJ6KJB50,우리자산운용 (주)
98840072S6T63E2V1291,미래에셋증권 주식회사
9884007ER46L6N7EI764,삼성전자(주)
9884007K3OQBSO71FR40,주식회사 아이엠뱅크
9884007XHIYD533HQV15,수협은행
9884008938PK154I3A92,씨제이제일제당(주)
9884008CWUPRJHIDDT21,주식회사 더블유자산운용
9884008H9HW0YBMTJT20,"The Korea Development Bank, Hong Kong Branch"
9884008RRMX1X5HV6625,한국예탁결제원
988400A4IF6CUX39VR74,디비자산운용 주식회사
988400AGT3JXQYVF5146,디비증권(주)
988400CEQG9N710HN313,현대건설(주)
988400DGSKKAL7QI7830,주식회사 카카오페이증권
988400DJJ9SUL3GA8E54,SK증권(주)
988400E5HRVX81AYLM04,포스코홀딩스 주식회사
988400ELY3V7JJ4IMZ89,다이와증권캐피탈마켓코리아 주식회사
988400EPSI5KXNVPID11,현대자산운용 주식회사
988400F25DEHZ2XONM95,아이비케이자산운용 주식회사
988400G2OSO7PF901308,우정사업본부
988400GFRE4IDFPE9E64,삼성물산 주식회사
988400GSDJCW3LKJBD20,농협은행 주식회사
988400HDAY5KIVHGZ188,삼성이앤에이 주식회사
988400HJA9E0ZVDHRS65,현대모비스(주)
988400I0G9CMEALRXU49,디에스투자증권(주)
988400IES4EIG7O06940,(주) 엘지화학
988400IHZEWTN9N0WY45,다올투자증권
988400JA8GW5JM9DFW54,주식회사 미즈호은행
988400JDQ0WGIZL7RZ16,유진자산운용(주)
988400JMBDK47EW0Z936,삼성화재해상보험 주식회사
988400KGTFIQBMUD0106,기계설비건설공제조합
988400KJ8W8L5SJ29X98,흥국자산운용(주)
988400KREXMGP83RA206,신한자산운용(주)
988400KRF0GT8EY7B414,유리자산운용(주)
988400KT463JESBH1R48,키움투자자산운용(주)
988400KTHH2LMUX7EB48,엘지이노텍 주식회사
988400KXJ03CDTKDV406,한화투자증권 주식회사
988400L9OXZRT6KP2E12,부국증권(주)
988400LAJVLLUZX59929,티아이자산운용주식회사
988400LNV2HDRKV1CX25,에셋플러스자산운용주식회사
988400MDI0VPQMW49822,엔에이치아문디자산운용 주식회사
988400O27CNGJA2QWJ18,키움증권(주)
988400OSK0T9LDTWNC20,삼성중공업 (주)
988400P37K91W0SABO95,엘지디스플레이 주식회사
988400P5GM9DGVVOJQ79,에이치엘만도 주식회사
988400PHWH9YL15DSD57,케이씨지아이자산운용 주식회사
988400PXP70BWVSJVF07,SK이노베이션 주식회사
988400Q859G2UG51UX20,(주)전북은행
988400QC6B9Y6NV55763,신영증권 주식회사
988400QR5Y4VT749PV71,삼성자산운용 (주)
988400RBIWE3YA18PK12,중소기업은행
988400RBTJTHNUOHE716,삼성증권주식회사
988400RJMAA73U397325,리딩투자증권(주)
988400RMQFTGZIOG0609,LG전자(주)
988400SM6BU7Q5ZQRV92,삼성액티브자산운용(주)
988400SR8XGNC82K2Y53,교보악사자산운용(주)
988400T354OS9KEUI974,대신자산운용 (주)
988400TCDOXEUPWQR670,트러스톤자산운용(주)
988400TFZILHBD5M3R71,한국가스공사
988400TIJQ7OXV27CO29,브이아이자산운용(주)
988400TPNFJZDPI94Y56,롯데케미칼주식회사
988400TQBSBIY8BALO31,주식회사 모인
988400TV7PA9U9PUTQ56,흥국증권 주식회사
988400U6RDXNJ5ZRN304,현대글로비스 주식회사
988400V4GKRHB27A6T36,주식회사 트래블월렛
988400V56O5EZ2OFVO54,현대차증권(주)
988400VAVCFSK6VF9Q87,주식회사 카카오뱅크
988400VEX1D4FMHJ8002,서울보증보험(주)
988400VYE6E0WYSM4S92,삼성생명보험 (주)
988400WORE06JMSEKC47,메리츠증권 주식회사
988400WRFB76BCL1CF93,셀레니언자산운용 주식회사
988400XRZR2TLX3GLG53,현대인베스트먼트자산운용(주)
988400XS10PE37QW6R37,미래에셋자산운용 (주)
988400XVFBKLEN3H6407,다올 자산운용 주식회사
988400Y298KYBHWRBS28,교보생명보험 (주)
988400YGTKWY5K5CP805,아이비케이투자증권 주식회사
988400YQ1HB57UBCGL88,한국증권금융(주)
988400YSNC2GPYHOYM09,한양증권(주)
988400ZJV6ISYBLQX875,주식회사 케이티앤지
988400ZKCI3R9DQHR320,한화생명보험 (주)
98INKCEEHOU5YJS0HQ88,Queensland Treasury Corporation
9CZ7TVMR36CYD5TZBS50,Banque Internationale à Luxembourg
9DJT3UXIJIZJI4WXO774,BANK OF AMERICA CORPORATION
9F443AVI6KXI3MYCLS29,INVESCO CANADA LTD.
9F7FYEMEKZYO6PH0TT88,J. ARON & COMPANY (SINGAPORE) PTE.
9FOPMWYDO3HTZWH0BU41,BARCLAYS BANK (SUISSE) SA
9G2GJRT7BRGD6ZNJFT50,MORGAN STANLEY INDIA PRIMARY DEALER PRIVATE LIMITED
9IJ8IHZ6JWJ492COB778,Azimut Investments S.A.
9J6MBOOO7BECTDTUZW19,Deutsche Bank Securities Inc.
9JWDDS4WWM2FGGV7KI02,FULCRUM ASSET MANAGEMENT LLP
9KBIXMK6BHK6T4OV3F48,Commerzbank Finance & Covered Bond S.A.
9KOGW2C2FCIOJQ7FF485,"Česká spořitelna, a.s."
9LIMABRJ9VPV74PBJB17,"Hinsdale Bank & Trust Company, National Association"
9N3UAJSNOUXFKQLF3V18,PPL CORPORATION
9OHRLVP761BPMNU1LB96,Bank of Botswana
9P9HXM53DT5S724JQ665,DELL BANK INTERNATIONAL DESIGNATED ACTIVITY COMPANY
9PO87UV78U1JHLR68X04,AIG FINANCIAL PRODUCTS CORP.
9R7GPTSO7KV3UQJZQ078,MORGAN STANLEY & CO. LLC
9W4ONDYI7MRRJYXY8R34,BANQUE DE FRANCE
9ZHRYM6F437SQJ6OUG95,Raiffeisen Bank International AG
A1HSJG70TDPQP5RVXO92,SUNRISE PARTNERS LIMITED PARTNERSHIP
A386VRLKH29CI1NZ2V69,GOLDMAN SACHS MORTGAGE COMPANY
A5GWLFH3KM7YV2SFQL84,BELFIUS BANK SA NV
A6NZLYKYN1UV7VVGFX65,ARGENTA SPAARBANK
A7K1TZLY7RJ9LLYFB736,ABRAXAS CAPITAL MANAGEMENT LIMITED
A7LWHWVH0PWZDS51XX82,THE HAVI GROUP LIMITED PARTNERSHIP
AALGVYK6RWPEUC46UZ70,BANCO CENTRAL DO BRASIL
ABI575BLVRNZNB173H23,"ENSIGN PEAK ADVISORS, INC."
AC28XWWI3WIBK2824319,BARCLAYS CAPITAL INC.
AD6GFRVSDT01YPT1CS68,"PNC Bank, National Association"
AELIZRVUG3YVEFFUVL97,Natixis Corporate and Investment Banking Luxembourg
AHYI0DDQ2LCHPGHJC422,Merrill Lynch International & Co. C.V.
AJOW550HA7E8YNKF5D89,SONY GLOBAL TREASURY SERVICES PLC
ATUEL7OJR5057F2PV266,DBS BANK LTD.
B04NRHIPCDFJHUDELO60,FIDELITY & GUARANTY LIFE INSURANCE COMPANY
B1V7KEBTPIMZEU4LTD58,FEDERAL NATIONAL MORTGAGE ASSOCIATION
B2XP4TQXVO2CZP3OMQ85,PRUDENTIAL GLOBAL FUNDING LLC
B3BS7ACMDUWISF18KY76,BAUSCH HEALTH COMPANIES INC.
B3YMDTGLQBI8P83MLI39,GOLDMAN SACHS INVESTMENTS (MAURITIUS) I LIMITED
B4TYDEB6GKMZO031MB27,"Bank of America, National Association"
B54J6IEFOSR38YA4GB52,"Citigroup Global Markets Luxembourg S.à r.l. ,"
B56X417LBD2Z4OSG0F76,บริษัท หลักทรัพย์ ซิตี้คอร์ป (ประเทศไทย) จำกัด
B64D6Y3LBJS4ANNPCU93,NIBC Bank N.V.
B6ARUI4946ST4S7WOU88,"בנק הפועלים בע""מ"
B81CK4ESI35472RHJ606,Landesbank Baden-Württemberg
B85ZYWEZ5IZCZ2WNIO12,YAPI VE KREDİ BANKASI ANONİM ŞİRKETİ
B94HV8SXGDD3J5XESU08,Old Second National Bank
BB3BGO3LCED63R8R9R41,BANK POLSKIEJ SPÓŁDZIELCZOŚCI SPÓŁKA AKCYJNA
BBNK6BK30UQKFSNV2N31,BMO ASSET MANAGEMENT CORP.
BFLFJ4PXRGDML87ZYT33,"BankUnited, National Association"
BFM4HY1ZHOCH3K3E4934,M&G INVESTMENT MANAGEMENT LIMITED
BFM8T61CT2L1QCEMIK50,UBS AG
BFRUOW7W8D392UIUAW55,MORGAN STANLEY INVESTMENT MANAGEMENT LIMITED
BFXS5XCH7N0Y05NIXW11,ABN AMRO Bank N.V.
BG8P3GI5QU6LUUX5HI38,GIC PRIVATE LIMITED
BM17OAZYCGELSC5QPE03,CELESTIAL AVIATION SERVICES LIMITED
BMDZF480JZJBBPMJOE66,RECORD CURRENCY MANAGEMENT LIMITED
BMSV765KS3ZUWB7LXV33,Banco J.P. Morgan S.A.
BNYCRRX33E5OU2WAW724,GOLDMAN SACHS (INDIA) CAPITAL MARKETS LIMITED
BPVCRK3Q3YVWC7DUJZ16,MONDRIAN INVESTMENT PARTNERS LIMITED
BQ4BKCS1HXDV9HN80Z93,"META PLATFORMS, INC."
BRMFSB724YSBQNIBI571,First Bank & Trust
BSGEFEIOM18Y80CKCV46,NATIONAL BANK OF CANADA
BSQNZQQA7EN1FNKZHR16,NORTHERN TRUST FIDUCIARY SERVICES (IRELAND) LIMITED
BSYCX13Y0NOTV14V9N85,REPSOL SA
BTTMB0NK8Z95AV16HC04,Goldman Sachs Investments Holdings (Asia) Limited
BWS7DNS2Z4NPKPNYKL75,WELLS FARGO SECURITIES INTERNATIONAL LIMITED
BZLRL03D3GPGMOGFO832,INTERNATIONAL FLAVORS & FRAGRANCES INC.
BZO2P8KHO2O10H5QQ663,ITAU UNIBANCO S.A.
C398JSK21YCXWM603F55,"Barrington Bank & Trust Company, National Association"
C3GTMMZIHMY46P4OIX74,株式会社三菱UFJ銀行
C5654JQHZUHN0772B561,USAA Federal Savings Bank
C6J3FGIWG6MBDGTE8F80,BROOKFIELD CORPORATION
CADMV8WVNQO7XM117W54,State of Michigan Retirement System
CAF7KSNT1N0CTA93RI98,NORD/LB Luxembourg S.A. Covered Bond Bank
CF5M58QA35CFPUX70H17,"GOLDMAN SACHS ASSET MANAGEMENT, L.P."
CGYP50QBGGR6NCHTSN68,BANQUE NATIONALE DE BELGIQUE
CHSQDSVI1UI96Y2SW097,"Акционерное общество ""РенКап Банк"""
CHUG8XYMLY1EQ4GUVU89,GM INVESTMENT TRUSTEES LIMITED
CIKZWI6KV077KV2E2J69,Rizal Commercial Banking Corporation
CKDHZ2X64EEBQCSP7013,FMC CORPORATION
CLHA5EVJO4FMZ2WOBV70,"Northbrook Bank and Trust Company, National Association"
CMIGEWPLHL4M7ZV0IZ88,CAPITA PLC
CO6GC26LCGGRTUESIP55,"THE BANK OF EAST ASIA, LIMITED"
COINQMNIM6RBU631DD85,Arvest Bank
COOWI3L2W9TPYR3WJX37,First Horizon Bank
CP88MHYI8OS3NLQSLS47,TDC PENSIONSKASSE
CQ7WZ4NOFWT7FAE6Q943,FLUOR CORPORATION
CSVTK36R0PNGXEM7NS14,"Truist Securities, Inc."
CWZ8NZDH5SKY12Q4US31,CİTİBANK ANONİM ŞİRKETİ
CYYGQCGNHMHPSMRL3R97,HSBC SECURITIES (USA) INC.
D0YRP5433PQXOG2EDM32,"TIPTREE ADVISORS, LLC"
D1HEB8VEU6D9M8ZUXG17,UniCredit Bank Austria AG
D2F0VEF263OY4T3YK397,NCL INVESTMENTS LIMITED
D2OIGPB6E66YOBJ9GT20,BMW Bank GmbH
D320H52OX3ORPZL51H12,GOLDMAN SACHS DO BRASIL BANCO MULTIPLO S.A.
D32W5EBLENJC27207O81,Emprise Bank
D38AC76TAMYI50NBPX33,WAFD BANK
D3W7PCXCBRQLL17DZ313,WORLD KINECT CORPORATION
D5FWQUJWZY07LV3DO749,CITIGROUP GLOBAL MARKETS AUSTRALIA PTY LIMITED
D8RBTOL3JO2Q6IEO0F34,Origin Bank
DBL8DHRKOXEUHU7IVM29,Mackenzie Financial Corporation
DBYY4KGNR325IPTNLN46,GOLDMAN SACHS STRATEGIC INVESTMENTS (ASIA) L.L.C.
DCQFH37O1JGEEWG3HN05,CITIBANK JAPAN LIMITED
DF0BVHAOM8TIXBR3S960,الاتحاد للطيران ش م ع
DFKMC7AUPF2H39L1JO20,Alaska Permanent Fund
DG3RU1DBUFHT4ZF9WN62,Coöperatieve Rabobank U.A.
DGQCSV2PHVF7I2743539,Nomura International PLC
DIZES5CFO5K3I5R58746,Landesbank Hessen-Thüringen Girozentrale
DJYC2L0IWKO41Q0QJU67,BANK OF AMERICA MALAYSIA BERHAD
DK2F1ZT37U6QR8FQCO46,"PFA PENSION, FORSIKRINGSAKTIESELSKAB."
DKGVVH5FKILG8R13CO13,COMPAGNIE DE FINANCEMENT FONCIER
DKTEQ75O7X3COBPLT084,UBS O'CONNOR LLC
DL6FFRRLF74S01HE2M14,CREDIT SUISSE SECURITIES (EUROPE) LIMITED
DLEP71J34FBYRCZ61289,CITIGROUP GLOBAL MARKETS
DLW6DM0GV5KUNK1CX084,"U. S. STEEL KOŠICE, S.R.O."
DMEG9G4MHH34U2LK2N42,"GRAHAM CAPITAL MANAGEMENT, L.P."
DP2LLK0GI8VQGPIH8M72,ゴールドマン・サックス・クレディット・パートナーズ合同会社
DQ2T0MMUTO0IPF9G9Z35,AMUNDI ASSET MANAGEMENT
DRMSV1Q0EKMEXLAU1P80,"Citizens Bank, National Association"
DS830JTTZQN6GK0I2E41,LKQ CORPORATION
DSNHHQ2B9X5N6OUJ1236,NORDDEUTSCHE LANDESBANK - GIROZENTRALE -
DSXF0WRHCYLQSOBXNI70,MFS INTERNATIONAL (U.K.) LIMITED
DVCTKZJG5QM5XGM4TR05,CBC BANQUE
DW6MQVZNJSSKVELT9F22,"Česká exportní banka, a.s."
DXCAIPBUG5H0Q58VYG03,BERKLEY INSURANCE COMPANY
DY9DBNI4W8J63Z298033,HSBC BANK AUSTRALIA LIMITED
DYDGRK7GSRNXQ5UFWV53,씨티그룹글로벌마켓증권 주식회사
DZ466HY86D4U5HRY0D72,"Scout Investments, Inc."
DZC62HF6UIZYJ08V1J90,"Fulton Bank, National Association"
DZZ47B9A52ZJ6LT6VV95,DEUTSCHE PFANDBRIEFBANK AG
E1OI0SEUGJMPPTKRDD35,WALGREEN CO.
E1U3T9WF3OQZPH0PPJ84,CITICORP INTERNATIONAL LIMITED
E26EDV109X6EEPBKVH76,CENTRICA PLC
E51AOUORNWWT747CBW71,SAFRA SECURITIES LLC
E57ODZWZ7FF32TWEFA76,"Citibank, National Association"
E58DKGMJYYYJLN8C3868,CREDIT SUISSE INTERNATIONAL
E5C5M16QUC5ENFIRR536,CNP VITA ASSICURA S.P.A.
E7EXN6FJGRUTJYNZ3Z71,International Monetary Fund
E9QMI16COCH7MS48VM71,FIG LLC
EAUO72Q8FCR1S0XGYJ21,"MetLife Investment Management, LLC"
EBX30MC15ELIMN60BF76,UNIPER GLOBAL COMMODITIES SE
ECPGFXU8A2SHKVVGJI15,INVESCO LTD.
ECUNPD9TC7ARPR4G0150,"Stichting Bedrijfstakpensioenfonds voor de Groothandel in Vlakglas, de Groothandel in Verf, het Glasbewerkings- en het Glazeniersbedrijf"
EE21I29HG6U2CDOO8372,"CRÈDIT ANDORRÀ, SA"
EIIY70MZ51Q4RSX07995,FIDEURAM ASSET MANAGEMENT (IRELAND) DESIGNATED ACTIVITY COMPANY
EJ3P8B7HPQFKAH6YME79,BANQUE PALATINE
EJB2G4QSKP5BMB1FBW66,"GLOBAL ENDOWMENT MANAGEMENT, LP"
EK6GB9U3U58PDI411C94,RENAISSANCERE HOLDINGS LTD.
ELIVI87TQRWDXCF1XT74,맥쿼리증권 주식회사
EM2U0UPRO83F878KCP52,"AMERICAN CENTURY INVESTMENT MANAGEMENT, INC."
EM3OJIQQ3XN4CDFFNZ30,HISCOX UNDERWRITING GROUP SERVICES LIMITED
EM9NIB0WONJGQBM1NS92,BMO Life Assurance Company
EMTKKMJN2BHVKBWS4553,"BRIDGEWATER ASSOCIATES, LP"
EN5TNI6CI43VEPAMHL14,WESTPAC BANKING CORPORATION
EOAQF6H83OMJLRM1LZ09,LSV ASSET MANAGEMENT
EOJCGSUI4NX234BL7V57,SORGENIA S.P.A.
EQTWLK1G7ODGC2MGLV11,Regions Bank
EQYXK86SF381Q21S3020,BANK OF AMERICA EUROPE DESIGNATED ACTIVITY COMPANY
ERE94C0BSULG2RM19605,RIKSGÄLDSKONTORET
ES7IP3U3RHIGC71XBU11,Royal Bank of Canada
ETYRV6ORNFJB5NONI676,UBS Financial Services Inc.
EV2XZWMLLXF2QRX0CD47,Kommuninvest i Sverige Aktiebolag
EVQ6EP3QESDF386W4D54,"CHARLES SCHWAB INVESTMENT MANAGEMENT, INC."
EZKODONU5TYHW4PP1R34,Aareal Bank AG
F01VVKN4DRF2NWKGQ283,ICBC STANDARD BANK PLC
F0HUI1NY1AZMJMD8LP67,HSBC CONTINENTAL EUROPE
F0NSGPZP6E9C38IHRE61,STICHTING BEDRIJFSPENSIOENFONDS VOOR DE AGRARISCHE EN VOEDSELVOORZIENINGSHANDEL
F1VTUC8HSLB88691RU64,"RONIN CAPITAL, LLC"
F226TOH6YD6XJB17KS62,LCH LIMITED
F28JOQ8OBWCFUYM0UX93,East West Bank
F2TJC7HPPHLHU1AQMP98,SABRE GLBL INC.
F3JS33DEI6XQ4ZBPTN86,Skandinaviska Enskilda Banken AB
F4G136OIPBYND1F41110,DEXIA
F58I6BK23LKYT8F1SB71,"OCEAN SPRAY CRANBERRIES, INC."
F68F5WN6OGTEHIP5ZT82,SIB (CYPRUS) LIMITED
F8FLXU8CQ2Y5N8404U64,"AMBAC FINANCIAL SERVICES, LLC"
F8SB4JFBSYQFRQEH3Z21,NATIONAL AUSTRALIA BANK LIMITED
F947Y6L7DTLMY45NSP66,ARTEMIS FUND MANAGERS LIMITED
FAJ59K74IZRGQOSHUS25,T. ROWE PRICE INTERNATIONAL LTD
FC84SDXS4OIPCPCJUB92,MASTERCARD INTERNATIONAL INCORPORATED
FCPMTJRVS5D8DX0SXH56,"ZAZOVE ASSOCIATES, L.L.C."
FDXQ75GPEQKRPWABYN63,CIBC Bank USA
FE0BULMG7PY8G4MG7C65,HARTFORD INVESTMENT MANAGEMENT COMPANY
FE70I3MHDCWOZWK19W48,株式会社八十二長野銀行
FEC0Y1CCYRHRVFG4SA10,"Claren Road Asset Management, LLC"
FEJVAWZKM2TUOXDMG690,HBK MASTER FUND L.P.
FGGD2R1VDFRPRIX22S49,GOLDMAN SACHS AUSTRALIA CAPITAL MARKETS PTY LTD
FGJPAKKCTZVSKZXNBS63,株式会社　千葉銀行
FHYNAGT8UJJJOGL0BI58,"MORGAN STANLEY MEXICO, CASA DE BOLSA SA DE CV"
FI6C7E5PBUB3F9K43B44,TD GLOBAL FINANCE UNLIMITED COMPANY
FJ25I6IOF0UFGLIP9G17,HIBISCUS GROUP LIMITED
FJLMAU760Z63Y1BTJ736,STICHTING AHOLD DELHAIZE PENSIOEN
FKT8632221BKH80JX336,花旗(台灣)商業銀行股份有限公司
FLI3LAZGPQ82RIDEI291,AXA BELGIUM
FOR8UP27PHTHYVLBNG30,GOLDMAN SACHS & CO. LLC
FPCHGTHKVH9ZWXS7S453,NATIONAL GAS TRANSMISSION PLC
FR5LCKFTG8054YNNRU85,ABBVIE INC.
FRDRIPF3EKNDJ2CQJL29,ELI LILLY AND COMPANY
FSYF6LD38E2T7VTXIN35,QIC LIMITED
FT6J43S06X6CLJ0R0B48,Cathay Bank
FTZNEQBV4KBH60FK7W59,Virginia Retirement System
FU7RSW4CQQY98A2O7J66,"BOKF, National Association"
FW2FPJ6GDBIAYMEK6K90,"COHEN & STEERS CAPITAL MANAGEMENT, INC."
FXTQ4ZPKCKHOYH68QD94,SUVA
FY6H55HKZCD6H09Z1Q81,"BANCO GENERAL (OVERSEAS), INC."
FYRC3KHM4DQBX5PWG390,North Dallas Bank & Trust Co.
G05OZ4J4E05KDATL0J93,AG INSURANCE
G1KG0OQD10NOMCMLDZ35,BP INTERNATIONAL LIMITED
G1MLHIS0N32I3QPILB75,"Morgan Stanley Bank, N.A."
G1MSYD2DQZX30V5DMX12,BARNES GROUP INC.
G5AHTAP80NWA3Q8RDC78,Frost Bank
G5GSEF7VJP5I7OUK5573,BARCLAYS BANK PLC
G6RQYH0IRIK3ZW7ADP84,BANCO INTERAMERICANO DE FINANZAS
G7D5LKZKIBRMES6BO437,JANUS HENDERSON INVESTORS US LLC
G7WFA3G3MT5YHH8CHG81,SMBC NIKKO CAPITAL MARKETS LIMITED
G8ZTNESVNKW4NN761W05,ABN AMRO Clearing Bank N.V.
GDI8P8WHFH4PS5YTU851,"HAITONG BANK, S.A."
GDN5JXQ4P5NZE28ZRC90,City National Bank of Florida
GDWTXX036O1TB7DW3U69,"MERRILL LYNCH CAPITAL SERVICES, INC."
GGDZP1UYGU9STUHRDP48,MERRILL LYNCH INTERNATIONAL
GHB2MWKUGMC6CJY68K02,Hilltop Investments Limited
GKOMIK4RDJGHEF0VNP11,SONOCO PRODUCTS COMPANY
GL16H1DHB0QSHP25F723,"PROLOGIS, L.P."
GLU7INWNWH88J9XBXD45,"EIDP, INC"
GM5QSXQQAM4ITFP54720,"TJM INVESTMENTS, LLC"
GP3V77BIVE9P1GT44767,EMPLOYEES PROVIDENT FUND BOARD
GP5DT10VX1QRQUKVBK64,AL Sydbank A/S
GTQYZJON3I7SXRNJTT73,BSK 1818 AG
GUNTJCA81C7IHNBGI392,GFI SECURITIES LIMITED
GW2DWCFPKNYH3HYDE780,AVIVA INVESTORS PENSIONS LIMITED
GXD89W4U4TMNFJGWF050,"NUVEEN INVESTMENTS, INC."
GZ55VJM9NHMQN9MXI182,RUSSELL INVESTMENTS LIMITED
H0DVMU0L02TWMCXB1I98,INCOME INSURANCE LIMITED
H0HWWEVOF2OSX76KYU55,LATVIJAS BANKA
H0YX5LBGKDVOWCXBZ594,SBAB Bank AB (publ)
H1FJE8H61JGM1JSGM897,Koninklijke Philips N.V.
H2OFQI2FJX0T8IHKL414,MOMENTIVE PERFORMANCE MATERIALS INC.
H3F39CAXWQRVWURFXL38,"ASSURANT, INC."
H441S2FJOUSVWTYA1B25,ARTISAN PARTNERS LIMITED PARTNERSHIP
H4L0GO2EO3KH91N1E506,GOLDMAN SACHS INDIA INVESTMENTS (SINGAPORE) PTE. LTD.
H4L111UFY8R4QSMQLC28,ODDO BHF Asset Management GmbH
H6IQ3SWWWBLDBI06ZX04,Swissquote Bank SA
H78JPHZB1QNX0K20TF95,GOLDMAN SACHS ASSET MANAGEMENT INTERNATIONAL
H7FNTJ4851HG0EXQ1Z70,LLOYDS BANK PLC
H8IL47RD6E7GDGW3GE61,"MAVERICK CAPITAL, LTD."
H8MIG1MMPR6JXUQVBM04,BANK BPH SPÓŁKA AKCYJNA
H8N91ZZ5ZBHE2NQ34P83,Ontario Teachers' Pension Plan Board
HB7FFAZI0OMZ8PP8OE26,SOCIETY FOR WORLDWIDE INTERBANK FINANCIAL TELECOMMUNICATION
HDBLS2Q6GV1LSKQPBS54,Albemarle Corporation
HDUQYNW53X081TMBDI48,BANK OF AMERICA MEXICO SA INSTITUCION DE BANCA MULTIPLE
HF8BWE2C1TG67OAQYS07,Institutional Capital LLC
HGBOLILQXWER4SAL2I23,"Automatic Data Processing, Inc."
HHG9K35P002IYX1DLM46,VAN LANSCHOT KEMPEN INVESTMENT MANAGEMENT N.V.
HHWAT5TDOYZMM26KKQ73,SNAP-ON INCORPORATED
HHX3T53LK1P186EUNV37,THE OPEC FUND FOR INTERNATIONAL DEVELOPMENT
HIDXEG9BLUJZKBGUT764,Bank-Fund Staff Federal Credit Union
HK15VDWNE3FL77FUSC13,OMERS ADMINISTRATION CORPORATION
HL3H1H2BGXWVG3BSWR90,Philip Morris International Inc.
HL5S0Q35D58KLZHEX572,SCULPTOR CAPITAL LP
HLYYNH7UQUORYSJQCN42,BRISTOL-MYERS SQUIBB COMPANY
HNA11KL5IPFHAHIL7615,Halcyon Event-Driven Management LP
HO0K6ZULL3QE6S6SFW60,LAURENTIAN BANK OF CANADA
HPFHU0OQ28E4N0NFVK49,The Bank of New York Mellon
HS1F8TAWP3K9648AX190,POLAR CAPITAL PARTNERS LIMITED
HT0H8FKXOMR4OFPJ7A30,LIONTRUST INVESTMENT PARTNERS LLP
HTQNUFL6OI5TZ7V7SI73,Aargauische Kantonalbank
HUX2X73FUCYHUVH1BK78,KeyBank National Association
HV5W8PGLJ127N2SFSM23,Basler Kantonalbank
HWIPDOTRM1EKRPKYKH81,Northern Trust Global Services SE
HWR6ATEU4L0XN8IT6Y39,Caisse de dépôt et placement du Québec
HWUPKR0MPOU8FGXBT394,Apple Inc.
HYBZ5SXKW67ICKUUWH81,Central Bank of Trinidad and Tobago
HZ2UJ1VIET2YWDH4V256,RESOLUTION LIFE AUSTRALASIA LIMITED
HZFDOR6TCRSIQLKQTX32,FMS Wertmanagement
HZSN7FQBPO5IEWYIGC72,ANZ BANK NEW ZEALAND LIMITED
I3V0QMU25665KBGBGX85,MORGAN STANLEY UK GROUP
I4FCMHK73SETXRML8V69,GAM Investment Management (Switzerland) AG
I4K14LL95N2PHDL7EG85,MORGAN ADVANCED MATERIALS PLC
I64VGYDQZPNN2ULXC257,AUTORIDADE MONETÁRIA DE MACAU
I6SS27Q1Q3385V753S50,Raiffeisenlandesbank Oberösterreich Aktiengesellschaft
I6USJ58BDV2BO5KP3C31,"MONETA MONEY BANK, A.S."
I70W3N0Z6KOX8FYIH023,Peoples Bank
I72RQ3PNLDPW8R7JIJ56,JET2 PLC
I7331LVCZKQKX5T7XV54,MORGAN STANLEY CAPITAL SERVICES LLC
I7E80LI4NVVT41W1WB02,BofA証券株式会社
I7ETN0QQO2AHZZGHJ389,KOMMUNALBANKEN AS
I9O8MELCUVOTLJABOX92,"ADM INVESTOR SERVICES, INC."
IBY5X3QKOI3QLECZM838,California Public Employees' Retirement System
ICE2EP6D98PQUILVRZ91,"BECTON, DICKINSON AND COMPANY"
ID68VQS76NCQMZURWQ33,"Pharmaceutical Product Development, LLC"
IEUW0AW31PB5M40NL881,"WATER ISLAND CAPITAL, LLC"
IEY25V8W6D7HRX2LB395,BALYASNY ASSET MANAGEMENT L.P.
IFI2X3INNNHQPFRTNK08,ARROWGRASS CAPITAL PARTNERS LLP
IFQSIUC9AGQV2NE8CN25,Columbia Bank
IH5EFCAY91O8SVS0VX92,OXBOW CARBON LLC
II61D6IY86YZ37HBBL25,Bankers Trust Company
IK9CLH4U15AXJVV22968,RENAISSANCE SECURITIES (CYPRUS) LIMITED
IMLFIB452UYDHKHFYF82,Maryland State Retirement and Pension System
IMRQEARW2X0ZMJAJ5J58,花旗银行（中国）有限公司
INR2EJN1ERAN0W5ZP974,MICROSOFT CORPORATION
IO66REGK3RCBAMA8HR66,UNITED OVERSEAS BANK LIMITED
IOG4E947OATN0KJYSD45,LVMH MOET HENNESSY LOUIS VUITTON
IPLPO8C7P68Q5FFRI280,"UNION BANCAIRE PRIVEE, UBP SA"
ISRPG12PN4EIEOEMW547,HONEYWELL INTERNATIONAL INC.
ITME2JXGKN2DXQ6A9Y56,ABRDN ALTERNATIVE INVESTMENTS LIMITED
IUGPUX5LWRZ3B6KIZ697,Ameris Bank
IVNH9ABHJY5L0X3RKW69,MORGAN STANLEY CAPITAL PRODUCTS LLC
IW6U7MSNP42O5K5M6380,Stichting Pensioenfonds PDN
IWFK35GSRKL2OLE5C129,"MESIROW FINANCIAL INVESTMENT MANAGEMENT, INC."
IWRPHSOCNXSI3QXAB332,BROOKFIELD PUBLIC SECURITIES GROUP LLC
IWRZQFYIRJ0IMURZBB68,Johnson Bank
IWUQB36BXD6OWD6X4T14,American Airlines Group Inc.
IYKCAVNFR8QGF00HV840,"Komerční banka, a.s."
J0BT117NKN8Q96G8DR45,MARKETFIELD ASSET MANAGEMENT LLC
J1Y4PL5OEWM2K0OMTW95,Abu Dhabi Investment Authority
J4CP7MHCXR8DAQMKIL78,BANCA MONTE DEI PASCHI DI SIENA S.P.A.
J6FZKP08Z2X6Q8KQ7U12,"ZIEGLER CAPITAL MANAGEMENT, LLC"
JAK0ZABYQXDI5R26CX11,GOLDMAN SACHS FUTURES PTE LTD
JB11ZK3Z2RFU15QNWV97,DBS BANK (HONG KONG) LIMITED
JBONEPAGQXF4QP29B387,三菱UFJ信託銀行株式会社
JD3QAJDNG52JLJXV1L22,CANADA LIFE LIMITED
JE4WFFEELMVPFZ0G1E77,AGC株式会社
JE75XDS7HR68LR10V064,SUSQUEHANNA IRELAND LIMITED
JEUFSKG6IVQKO61Q0T61,NEW YORK STATE COMMON RETIREMENT FUND
JFC10ZULKO4X2E3HBY86,The Ohio State University
JHE42UYNWWTJB8YTTU19,AUSTRALIA AND NEW ZEALAND BANKING GROUP LIMITED
JI7UF5B1HLMJCTRRDK59,GS EUROPEAN STRATEGIC INVESTMENT GROUP B.V.
JIZPN2RX3UMNOYIDI313,"LOOMIS, SAYLES & COMPANY, L.P."
JJF4RP35YKMAPSXPQX93,BANKENES SIKRINGSFOND
JJKC32MCHWDI71265Z06,Truist Bank
JJRYDUHUMCZ72M58YS96,PPM AMERICA INC.
JJYR6MFKFF6CF8DBZ078,"THE HANOVER INSURANCE GROUP, INC."
JLP5FSPH9WPSHY3NIM24,NEDERLANDSE WATERSCHAPSBANK N.V.
JLS56RAMYQZECFUF2G44,ING BELGIUM
JOAJT0QKF9HWVYTX5K56,"OAKTREE CAPITAL MANAGEMENT, L.P."
JON937H5HNZFJ4QPF387,"ADVENT CAPITAL MANAGEMENT, LLC"
JOR7RJTXUXBRJ4UA5G70,Coca-Cola Europacific Partners API Pty Ltd
JQ6MIRE0WE1ONXB1RI12,TOCQUEVILLE ASSET MANAGEMENT L.P.
JSIUP508MD2LG5X2QY79,HERMES INVESTMENT MANAGEMENT LTD
JU1U6S0DG9YLT7N8ZV32,BANCO COMERCIAL PORTUGUÊS S.A.
JUNT405OW8OY5GN4DX16,HSBC TRINKAUS & BURKHARDT GMBH
JXVDGS5S9B24GX37XG09,N.S. INVESTMENTS HOLDING LIMITED
JY55GUVP9NLVWS4QEU03,Stifel Bank
K0ZDN2CBIQC0EHBKNK35,Enterprise Bank & Trust
K1MOBB3OPSBBQO554R76,Banque Cantonale Vaudoise
K3NEK11EF7N3JVJE7V46,KOHLBERG KRAVIS ROBERTS & CO. L.P.
K594WS65VDU4L82KSC94,Capital International Sàrl
K5HU16E3LMSVCCJJJ255,MUFG SECURITIES AMERICAS INC.
K6Q0W1PS1L1O4IQL9C32,J.P. MORGAN SECURITIES PLC
K6TGFVR08V0ZMUN5Y834,CORNWALL INVESTMENTS LIMITED
K80PJMCDA9MAE5C8IO91,LITASCO SA
K8MS7FD7N5Z2WQ51AZ71,BANCO BILBAO VIZCAYA ARGENTARIA SOCIEDAD ANONIMA
K9GVOSA3K4VCFYTRDS10,"DUMAC, INC."
K9WDOH4D2PYBSLSOB484,BARCLAYS CAPITAL SECURITIES LIMITED
KB1H1DSPRFMYMCUFXT09,"Wells Fargo Bank, National Association"
KBKKYLHYO9UROVENIL92,MITSUI BUSSAN COMMODITIES LTD
KBVRJ5K57JZ3E2AVWX40,ING FINANCIAL MARKETS LLC
KD3XUN7C6T14HNAYLU02,Goldman Sachs Bank USA
KD42ZHXK1RKWQPOALA84,CHEYNE CAPITAL MANAGEMENT (UK) LLP
KDTEY8BWE486IKZ3CC07,PACCAR INC
KFFJPUZ2QTMB3WGC0S72,"CAPITAL INTERNATIONAL, INC."
KFUXYFTU2LHQFQZDQG45,KERESKEDELMI ÉS HITELBANK ZÁRTKÖRŰEN MŰKÖDŐ RÉSZVÉNYTÁRSASÁG
KG0ECHUB6SFORDPJZK65,"GRANTHAM, MAYO, VAN OTTERLOO & CO. LLC"
KGCEPHLVVKVRZYO1T647,BNP Paribas Fortis
KH5WLG8F7WO34IHOSP67,PenSam Pension forsikringsaktieselskab
KHCL65TP05J1HUW2D560,QUINTET PRIVATE BANK (EUROPE) S.A.
KJ4X2QKKG3K6PVOW7F88,"GREENLIGHT CAPITAL, INC."
KNPC1X7GHDZW8U2ZSF89,BANK OF CHINA (HONG KONG) LIMITED
KNX7SDWKC6VPO07OOC32,"Banco Cuscatlan de El Salvador, S.A."
KPTCWFWJ4GW0WZNEMH59,Bank of America Merrill Lynch Banco Multiplo S.A.
KR6LSKV3BTSJRD41IF75,"UniCredit Bank Czech Republic and Slovakia, a.s."
KRXXK3K6ZU5I4X4VTH24,"MCKINSEY & COMPANY, INC."
KSRXYW3EHSEF8KM62609,"FORT WASHINGTON INVESTMENT ADVISORS, INC."
KUR85E5PS4GQFZTFC130,"NEW ENGLAND ASSET MANAGEMENT, INC."
KVIPTY4PULAPGC1VVD26,三菱商事株式会社
KWEQRKOXHSILUL8AQG52,NOMURA CORPORATE RESEARCH AND ASSET MANAGEMENT INC.
KX1WK48MPD4Y2NCUIZ63,NATIXIS
KY37LUS27QQX7BB93L28,NESTLÉ S.A.
L1KYU4S2DP5PX3R3OJ59,PFANDBRIEFBANK (ÖSTERREICH) AG
L2GZWMSRUEFTFNIS0711,PAYDEN & RYGEL
L2KC90IV40R3Y0N9C517,CNH INDUSTRIAL FINANCE S.P.A.
L35YSDFOIH056VDJ2557,GARANTIBANK INTERNATIONAL N.V.
L3I9ZG2KFGXZ61BMYR72,THE BANK OF NOVA SCOTIA
L3SY9D4RJMJFBSBYVP64,INFINITY CAPITAL MARKETS LIMITED
L47NHHI0Z9X22DV46U41,Beiersdorf Aktiengesellschaft
L64HM9LHPDOS1B9HJC68,BMO CAPITAL MARKETS LIMITED
L9VVX1KT5TFTKS0MLF66,First-Citizens Bank & Trust Company
LAFEQBG3V1MID89I5N78,EVELYN PARTNERS INVESTMENT SERVICES LIMITED
LAXUQCHT4FH58LRZDY46,ENGIE
LBIZXW7X2N50PETIH863,STAR Financial Bank
LBQ3CAGQB6M55WHL3G85,"PAYPAL, INC."
LC2LS8O497851NSB4L61,CLOSE BROTHERS LIMITED
LCRP2FU30ZJ0KVP0SB64,"Rose Grove Capital Management, LLC"
LCUAWMT4M5H8DJ8DFH49,1st Source Bank
LCVS0ZFM6BF6PZ5QVY11,PUTNAM INVESTMENTS LIMITED
LCZ7XYGSLJUHFXXNXD88,CME GROUP INC.
LDG6RF24I6N1BRNH5Z95,NIKE EUROPEAN OPERATIONS NETHERLANDS B.V.
LDVFX8JEECFFE8HRWA73,First National Bank of Omaha
LEBZ6VLQ6I8XB1NHVY15,BRUKER CORPORATION
LIU16F6VZJSD6UKHD557,NYKREDIT REALKREDIT A/S
LJ75NJJ4OTU9R5ABOJ82,"JUPITER INVESTMENT CO., LTD."
LKAJX4ZOK2R6D9THVO59,Schweizerische Nationalbank
LKDKCHLJBEZTNVVOYC68,CANTILLON CAPITAL MANAGEMENT LLP
LO6J21CTB52FW2R3US61,HOWARD HUGHES MEDICAL INSTITUTE
LOO0AWXR8GF142JCO404,"CASSA CENTRALE BANCA - CREDITO COOPERATIVO ITALIANO S.P.A., O IN FORMA ABBREVIATA CASSA CENTRALE"
LORM1GNEU1DKEW527V90,"REINSURANCE GROUP OF AMERICA, INCORPORATED"
LRTJ90BDKWYUKQ3QY816,VITOL SA
LUZQVYP4VS22CLWDAR65,3M COMPANY
LVR1UQE8OOCO93IHEB52,Northwest Bank
LZ2C6E0W5W7LQMX5ZI37,Heidelberg Materials AG
M02M7XSKLMK96MWKNF95,Capital Research and Management Company
M2M9DTFX7VM34QT15B77,株式会社中国銀行
M2QPTC2XABA0ZKY4TY96,"MTGRP, L.L.C."
M312WZV08Y7LYUC71685,Swedbank AB
M31AVDIX8NY21MAUQF46,PENSION INSURANCE CORPORATION PLC
M35WBEXQYIYXS60OGD30,"HOTCHKIS AND WILEY CAPITAL MANAGEMENT, LLC"
M3LKFDNSJGJ7TMLH6Z15,BMO Nesbitt Burns Inc.
M67H5PRC0NQKM73ZAS82,DAIWA CAPITAL MARKETS AMERICA INC.
M87HG6JO2AFP5WQKJK94,株式会社みなと銀行
M89DPJD7DZVSZDTFG617,NORTHERN TRUST GLOBAL INVESTMENTS LIMITED
M8LYVLF5DOB9X0LZOW72,BANK OF ISRAEL
MAES062Z21O4RZ2U7M96,DANSKE BANK A/S
MB56QSRJ3E5ZE1TK5Y54,三菱UFJ eスマート証券株式会社
MBNUM2BPBDO7JBLYG310,CITIGROUP GLOBAL MARKETS INC.
MCXHCL35UUWDZK7NCQ61,S&T Bank
MI3TLH1I0D58ORE24Q14,VP BANK AG
MICYFSA6QEQ67047FP57,ALPHAONE SICAV-FIS
MIM2K09LFYD4IB163W58,DAIWA CAPITAL MARKETS EUROPE LIMITED
MINO79WLOO247M1IL051,AIRBUS SE
MKP1B7E76TN04CD85Z79,BANK OCHRONY ŚRODOWISKA SPÓŁKA AKCYJNA
ML61HP3A4MKTTA1ZB671,Leonteq Securities AG
MLH7B1BVFWXZVST01715,FRANKLIN TEMPLETON INVESTMENT MANAGEMENT LIMITED
MMYX0N4ZEZ13Z4XCG897,THE BANK OF NEW YORK MELLON
MP3J6QPYPGN75NVW2S34,KIMBERLY-CLARK CORPORATION
MP6I5ZYZBEU3UXPYFY54,HSBC BANK PLC
MPIAF880DFNL0D5S1M94,"MANIKAY PARTNERS, LLC"
MQILSVGGL6RJH5NDWP11,NUMERIC INVESTORS LLC
MQYWO6Z3UE51YVCIZM39,"BLUEFIN CAPITAL MANAGEMENT, LLC"
MR92GTD0MJTTTTQDVG45,"SIMON PROPERTY GROUP, L.P."
MSFSBD3QN1GSN7Q6C537,COMMONWEALTH BANK OF AUSTRALIA
MV4O55SH8HO6KQSGW013,First Financial Bank
MVSF5N1N7K0NUHWL0X34,State Board of Administration of Florida
MWFSX38ED3OPH2LWN965,Israel Discount Bank of New York
MXKQVM4U1OHBQWFPG196,J. ARON & COMPANY LLC
MYTK5NHHP1G8TVFGT193,CITIBANK DEL PERU S.A
MZI1VDH2BQLFZGLQDO60,M.M.Warburg & CO (AG & Co.) Kommanditgesellschaft auf Aktien
N1FBEDJ5J41VKZLO2475,CITIBANK EUROPE PUBLIC LIMITED COMPANY
N1YIDVMMKBHFYCCAIX69,THE GUARDIAN LIFE INSURANCE COMPANY OF AMERICA
N22C6FNZ44MX4YZS4L75,BAILLIE GIFFORD & CO LIMITED
N2VLGYMEEBIU3PFSUY86,AMSTED Industries Incorporated
N4BHALMXL3GMZKCUON55,CAMECO CORPORATION
N4JDFKKH2FTD8RKFXO39,CREDIT INDUSTRIEL ET COMMERCIAL
N747OI7JINV7RUUH6190,BPER BANCA S.P.A.
N77SNR5PJCXH58YZC794,"CERBERUS CAPITAL MANAGEMENT, L.P."
N7LGVZM7X4UQ66T7LT74,BANK OF NEW ZEALAND
N7TVEU8EOUBOLJHJ5857,GOLDMAN SACHS (INDIA) FINANCE PRIVATE LIMITED
N9FYJ29MC81JI74MJE92,GOLDMAN SACHS INTERNATIONAL BANK
NE1PHO9ND2IW0GH2HN70,FEROX MASTER FUND LIMITED
NENLL5EWGF6RJIPK9Q81,SMBC Nikko Bank (Luxembourg) S.A.
NFONVGN05Z0FMN5PEC35,COMPAGNIE DE SAINT-GOBAIN
NHBDILHZTYCNBV5UYZ31,Svenska Handelsbanken AB
NHXOBHMY8K53VRC7MZ54,CLYDESDALE BANK PLC
NI14Y5UMU60O7JE9P611,Adecco Group AG
NICH5Q04ADUV9SN3Q390,BRED BANQUE POPULAIRE
NJ2Z3LWOIYWE0BE0UJ21,CATER ALLEN LIMITED
NL2I5A3IM3D6VE6JQP41,NATIONAL COUNTIES BUILDING SOCIETY
NMH2KF074RKAGTH4CM63,BNP PARIBAS BANK POLSKA SPÓŁKA AKCYJNA
NNVPP80YIZGEY2314M97,ICCREA BANCA SPA - ISTITUTO CENTRALE DEL CREDITO COOPERATIVO E PIU' BREVEMENTE ICCREA BANCA SPA
NOWQE5VNFR21TFXCVQ15,"GENERAL ATLANTIC SERVICE COMPANY, L.P."
NPOTUCXQYGXX5PO6VH74,"INVEX, LLC"
NQQ6HPCNCCU6TUTQYE16,Bank of Montréal
NR6J7JBMKZEPF7O0VC95,Arizona State Retirement System
NS06VQ44R3RZCX46T398,WWD RUBY LIMITED
NS54DT27LJMDYN1YFP35,HYPO VORARLBERG BANK AG
NSGZD26XPW2CUM2JKU70,HANCOCK WHITNEY BANK
NT7C58H5HPZYKZDPOO64,SMBC BANK INTERNATIONAL PLC
NUXTG47HHHM1K2L0SG39,한국스탠다드차타드은행
NVFY7J3BRKK56Q11HF07,LOUIS DREYFUS COMPANY SUISSE SA
NYUQZJ2GTTMDCT7UWF49,CAPULA INVESTMENT MANAGEMENT LLP
O06XD7BJ4EPXNABVFN69,TEACHERS INS & ANNUITY ASSN OF AMERICA
O1L57OXARD4ZXEUQ2H57,Lombard Odier Asset Management (Switzerland) SA
O1XJOLUR1WM26WDL7V31,"CC Arbitrage, Ltd."
O26QTPAJC1X7058KCW11,"JEFFERIES FINANCIAL SERVICES, INC."
O2RNE8IBXP4R0TD8PU41,SOCIETE GENERALE
O37NHJVF7S22I1ONOU83,"INVESCO ADVISERS, INC."
O4Y7EKCXHW1SOHRFNV75,SMBC MANUBANK
O5N0L82GSC7BHP2MC052,BANCO MORGAN STANLEY S.A.
O7YCEUWQXFIO1CHULC69,三菱UFJモルガン・スタンレー証券株式会社
O8VR8MK4M5SM9ZVEFS35,LEEDS BUILDING SOCIETY
OC1LZNN2LF5WTJ5RIL89,"AKAMAI TECHNOLOGIES, INC."
ODPJHX88REWAR2291J70,CHENAVARI CREDIT PARTNERS LLP
ODVCVCQG2BP6VHV36M30,"AMERICAN INTERNATIONAL GROUP, INC."
OFIZ7W1WYFJC3YYSG330,GSFS INVESTMENTS I CORP.
OJ2TIQSVQND4IZYYK658,Allianz Global Investors GmbH
OJH4M4RQMT1WXN2BNC32,BANCO POPULAR DE PUERTO RICO
OML71K8X303XQONU6T67,EBAY INC.
ONQ59JN8QUELL00VMM35,CREDITEX BROKERAGE LLP
OQ3T05P7YR8P5YJEVI93,BANK OF SCOTLAND PLC
OQSJ1DU9TAOC51A47K68,STARBUCKS CORPORATION
OR26NJF0ZNSU7D87TT35,"KLEINHEINZ CAPITAL PARTNERS, INC."
ORQTRC074CWLT3DKHT41,"VENTAS, INC."
OUB893BYM4R6CVFWWL56,Bank Indonesia
OV6W8S6QX2D1J857QP30,MIZUHO CAPITAL MARKETS LLC
OW6OFBNCKXC4US5C7523,EQUINOR ASA
OW98DAHRYWEWRO3I5140,"CASTLELAKE, L.P."
OWKQKLHXA6FSY7WZIY02,BANCO SAFRA S A
OXTKY6Q8X53C9ILVV871,"Nomura Securities International, Inc."
OYBTEPGMMVOOBN382445,Andra AP-fonden
OYO6KC46QF54MHNL5D43,MORGAN STANLEY INDIA COMPANY PRIVATE LIMITED
OYWNLMHNBQQ7BAH3EE86,Alpine Bank
OYYH0Z8IB2DTHP2LUB59,Helaba Invest Kapitalanlagegesellschaft mbH
OZ7MS5KHJY6WIPGXQW23,Farmers & Merchants Bank of Central California
OZE6KXY9QQPR8EJ8WL20,"DONALDSON COMPANY, INC."
P0J8I7M2E0A77CKF1705,"COBANK, ACB"
P1YWXH8PCUI8T0JZPR89,MACQUARIE STRUCTURED PRODUCTS (EUROPE) GMBH
P2HWO703XN8TPXCGU747,NEXENT BANK N.V.
P392SPI69NXUSZMACF80,蒙特利尔银行（中国）有限公司
P3RPN9OJFCXUPJWB1Q09,HSBC BANK MALAYSIA BERHAD
P41R60HC414IWQA1XW02,International Development Association
P4GTT6GF1W40CVIMFR43,POWSZECHNA KASA OSZCZĘDNOŚCI BANK POLSKI SPÓŁKA AKCYJNA
P51APF31W83ZXOAYTK67,MPS Global Securities LLC
P5SP0XPUO3I6PBITKC96,JUST RETIREMENT LIMITED
P5XEQYFJP74DYQX88M80,CAPULA GLOBAL RELATIVE VALUE MASTER FUND LIMITED
P7GC0W65KB5CEIHLDX81,Horizon Bank
P7PQG12H75LFHQHXV541,"MERRILL LYNCH COMMODITIES, INC."
PCTXNQGRJVR3OG33JG65,TELSTRA CORPORATION LIMITED
PEV4R57V251HNE6CG093,Moneycorp US Inc.
PJQDPSI1D8J2Q1IM3G17,"INSTITUTO DE CREDITO OFICIAL, EPE"
PK168Q24DU7QQ2T4QF97,Morgan Stanley France
PKVU22HMQQ0KHUAQDH05,シティグループ証券株式会社
PNWU8O0BLT17BBV61Y18,Bank Julius Bär & Co. AG
PQ0RAP85KK9Z75ONZW93,BANK OF CYPRUS PUBLIC COMPANY LIMITED
PQEBSF10YW5QXWIKTJ21,ABC INTERNATIONAL BANK PLC
PQLMYUFDGPG4H0E88R88,"JUMP TRADING, LLC"
PQOH26KWDF7CG10L6792,ERSTE GROUP BANK AG
PRIPO6EZQLPB5ACK1O39,GAM LONDON LIMITED
PRNXTNXHBI0TSY1V8P17,ZAGREBAČKA BANKA DIONIČKO DRUŠTVO
PSNL19R2RXX5U3QWHI44,MEDIOBANCA - BANCA DI CREDITO FINANZIARIO S.P.A.
PSZXLEV07O5MHRRFCW56,BANQUE DE LUXEMBOURG
PT3QB789TSUIDF371261,THE TORONTO-DOMINION BANK
PTCQB104N23FMNK2RZ28,SANTANDER UK PLC
PUBZ8X9O2VZN0WHEH824,GOLDENTREE ASSET MANAGEMENT LP
PUEWZW8WWWYNMQLRNB74,KUMPULAN WANG PERSARAAN (DIPERBADANKAN)
PVOAXTNJ8YETEURG1M80,Pacific Coast Bankers' Bank
PWDS3JJ631D5N70JXG61,NEUBERGER BERMAN BD LLC
PWEFG14QWWESISQ84C69,IKB Deutsche Industriebank Aktiengesellschaft
PYP0H2SV8A5CAWW3CJ35,MATTERHORN INVESTMENT MANAGEMENT LLP
Q0M0CZB4YN6JZ65WXI09,SEALED AIR CORPORATION
Q1LZYWZB8MP978IE8693,State Teachers Retirement System of Ohio
Q2CCMS6R0AS67HJMBN42,"Delta Air Lines, Inc."
Q2GQA2KF6XJ24W42G291,The Governor and Company of the Bank of Ireland
Q4ZWFZ2PKK979ZCHTR12,GLENCORE AG
Q5BP2UEQ48R75BOTCB92,"Československá obchodní banka, a. s."
Q9MAIUP40P25UFBFG033,E.ON SE
QBB7LJ15BSZOYGYACQ50,Merrill Lynch Canada Inc.
QBQ9RQU3AMJWXCSSRO70,"MARVIN & PALMER ASSOCIATES, INC."
QDKAGR3JUOYB2K885877,ECOM AGROINDUSTRIAL CORP. LIMITED
QE0Q0253K88YAGNPE356,BANCO DO BRASIL SA
QFC8ZCW3Q5PRXU1XTM60,THE STANDARD BANK OF SOUTH AFRICA
QFROUN1UWUYU0DVIWD51,"Fifth Third Bank, National Association"
QGPGHQ1ENZOOLJRFTH41,"WesBanco Bank, Inc."
QHBGK66HXMWOEPOCKW80,BREVAN HOWARD ASSET MANAGEMENT LLP
QINWV8RCPXRMH5IWUL13,CITIBANK BERHAD
QKL54NQY28TCDAI75F60,INTERNATIONAL FINANCE CORPORATION
QKYETM5PIJGB3UEHL050,"FORWARD MANAGEMENT, LLC"
QLPCKOOKVX32FUELX240,POWSZECHNY ZAKŁAD UBEZPIECZEŃ SPÓŁKA AKCYJNA
QMFTATNCJ89QAEGW7553,MBNA LIMITED
QP3XKRKS0CX2T3O07L95,CARGILL GLOBAL FUNDING PLC
QPC8XYAEE1MD4H0QLN27,Public Employees Retirement System of Ohio
QPLH1J8M7Y52YWI9GF53,CENTRAL BANK OF EGYPT
QQ0OZ8J9C4B5QT1XDG31,JOHN HANCOCK LIFE INSURANCE COMPANY (USA)
QS3ZEAHRBZY9228Z0111,Bank Julius Baer Europe S.A.
QSP7HRK0K2UU3EDN8D71,Bank of Labor
QZQVIWRC4GBR80XTCY46,PRINCIPAL GLOBAL INVESTORS (EUROPE) LIMITED
R05X5UQ874RGFF7HHD84,"FEDERATED HERMES, INC."
R0MUWSFPU8MPRO8K5P83,BNP PARIBAS
R1HZTRVJIPINQ3O52818,MERRILL LYNCH (SINGAPORE) PTE. LTD.
R1IO4YJ0O79SMWVCHB58,BANQUE CENTRALE DE COMPENSATION
R1M5GEBRD9KDMQP40H64,RESLOC IT S.R.L.
R4JCCCVQDL5DDQ72CN47,"Marathon Asset Management, L.P."
R4JP3Q69EBZT5QTDBY11,J.P. MORGAN SECURITIES SINGAPORE PRIVATE LIMITED
R4YOWDNU5R1VQV3H8H28,VITOL INC.
R4ZEGXBLATT51TRX0263,ELEVATECH LIMITED
R6KJ2D7C3UT8OVTWHS39,Union Bank and Trust Company
R6ZXK5P01NP6HXSY1S07,Massachusetts Mutual Life Insurance Company
R7CQUF1DQM73HUTV1078,"Banque et Caisse d'Epargne de l'Etat, Luxembourg"
R7JQ9JTCFHXBQU4XIT26,Firstrust Savings Bank
R7PBZAZDQSEPFEF1VM14,TWENTYFOUR ASSET MANAGEMENT LLP
R7RX8ER1V4666J8D1I38,ICICI BANK LIMITED
R83QYRLEMH4ZSHI0L097,SANTANDER FINANCIAL SERVICES PLC
R88YAY8UVCFDFTMT7D20,"THE BOSTON CONSULTING GROUP, INC."
RA4FKR1AA05ZK88M8034,Broadway National Bank
RB0PEZSDGCO3JS6CEU02,株式会社みずほ銀行
RBOZJWQSGG785TW30Z85,GOLDMAN SACHS CANADA CREDIT PARTNERS CO
RCC7EN1MKNPEUBXPWY52,"INDUS CAPITAL PARTNERS, LLC"
RCGZFPDMRW58VJ54VR07,"SALESFORCE, INC."
RCHLEX768F0OLFP5BQ12,PARTNERRE ASSET MANAGEMENT CORPORATION
RCNB6OTYUAMMP879YW96,BNP PARIBAS SECURITIES CORP.
RG3IZJKPYQ4H6IQPIC08,Addiko Bank dioničko društvo
RIL4VBPDB0M7Z3KXSF19,Arion banki hf.
RILFO74KP1CM8P6PCT96,STANDARD CHARTERED BANK
RKISU8PSZM3XRHZTAV86,MASTERCARD EUROPE
RM2F4G3WBQ8R9OKYRH19,Mercantile Bank
RMIUOB4TUI6OFKZ3HL40,Stichting Pensioenfonds Rail & Openbaar Vervoer
RR3QWICWWIPCS8A4S074,NATWEST MARKETS PLC
RRAN7P32P0W0YY4XQW79,BANCA PROFILO S.P.A.
RRR42I7GG51DB5HDQR14,THE REGENTS OF THE UNIVERSITY OF CALIFORNIA
RRUN0TCQ1K2JDV7MXO75,Oberbank AG
RU6VTXUC5TNXNI3V7Y80,AIA Company Limited
RUC0QBLBRPRCU4W1NE59,BMO CAPITAL MARKETS CORP.
RUOKPID0PZ0UWJYU9J61,JOHN DEERE BANK S.A.
RVHJWBXLJ1RFUBSY1F30,THE BOEING COMPANY
RVHOHKPBCJ2GSJ37YH94,한국은행
RWESXOGR61NDWTFBLX79,GOLDMAN SACHS FINANCIAL MARKETS PTY LTD
RXU43ANVI3MGLXA9UI89,GOOGLE ASIA PACIFIC PTE. LTD.
RY3KI4Q2655O2GIL8D68,BANCA INVESTIS S.P.A.
RYIQ38Y7N5HHLLFE7C98,GOLDMAN SACHS (LABUAN) COMPANY LIMITED
RZP0S2BXNUO20ZHKCV45,FUBON BANK (HONG KONG) LIMITED
RZWY7R33X3LFQMZKJY46,"WESTERN UNION FINANCIAL SERVICES, INC."
S0Q3AHZRL5K6VQE35M07,First Merchants Bank
S47G4LTMUL0K7R8EEO87,"AJO, LP"
S5THZMDUJCTQZBTRVI98,JEFFERIES INTERNATIONAL LIMITED
S6R4BFPO6FOBLEYUYF07,CHANOS & COMPANY L.P.
S81F8KH474EY7PUWI149,Goldman Sachs Bank AG
S9W7RUFKHG4PSCEMDI15,"GS EQUITY MARKETS, L.P."
SC4P6WZO702RYEIU7J93,南洋商業銀行有限公司
SCRYQ25DTVRHYYMM6P89,"Banco Santander México S.A., Institución De Banca Múltiple, Grupo Financiero Santander México"
SCXU27XKBAEK2N4T4H42,TRIUMPH II INVESTMENTS (IRELAND) DESIGNATED ACTIVITY COMPANY
SDCMU2LVKGV2AF1KWP64,Principal Life Insurance Company
SGEF8ONDMNWWB3ZGX755,VF EUROPE B.V.B.A.
SGXZS5T6LB2RET473S56,"Общество с ограниченной ответственностью ""Ориджин Банк"""
SI5RG2M0WQQLZCXKRM20,BANCO DE SABADELL S.A.
SI7YQSVPFZBSQ878IC17,Western Alliance Bank
SIQNE3E5N1WZ40Z2SU44,DIMENSIONAL FUND ADVISORS LTD.
SK6WG1E6ZYO1H0HHS346,"HIGHBRIDGE CAPITAL MANAGEMENT, LLC"
SKAWBH4Z0RECR2N34P32,MERRILL LYNCH MEXICO SA DE CV CASA DE BOLSA
SLI1CVYMJ21DST0Q8K25,ABSA BANK
SN633FGTWNSOZMOJY680,E D F TRADING LIMITED
SNZ2OJLFK8MNNCLQOF39,CHICAGO MERCANTILE EXCHANGE INC.
SOONBKS278KNT41MRI67,MS Equity Financing Services (Luxembourg) S.à r.l.
SQEISV1ELQFV4EDRBN58,CAISSE REG CREDIT AGRIC MUT NORMANDIE
SR3J0ZUTXT7OTFT2VU03,CIMB BANK BERHAD
SS1TRMSN6BRNMOREEV51,"Flagstar Bank, National Association"
SS58IXU92ZSUMORZFG95,MAGYAR NEMZETI BANK
SSER7O0CV66FF0PRYK94,CITIBANK-COLOMBIA SA
STORV56GLTB9YUIOAQ77,"MOORE CAPITAL MANAGEMENT, LP"
STSLBRI8PHD0YH5NDL06,BANK OF AMERICA YATIRIM BANK ANONİM ŞİRKETİ
SUHPWJ4TBNAH1YMQM073,ELLIOTT MANAGEMENT CORPORATION
SUVUFHICNZMP2WKHG940,TD SECURITIES (USA) LLC
SV60HQBVB2DXO09D8H53,"AMERICAN EXPRESS TRAVEL RELATED SERVICES COMPANY, INC."
SVY0G6B4KT28NN8SQC97,BARING ASSET MANAGEMENT LIMITED
SVY0KHTJZBP60K295346,DZ PRIVATBANK AG
SX0CI4F7GVW5530ZMN03,WELLS FARGO BANK INTERNATIONAL UNLIMITED COMPANY
SYTQ2EMJ2A26V6NEWC29,CONSULTA LIMITED
T0YOOBZO4L6YAD6SAV65,ELECTRABEL
T2JDLWSPN9D0WKNLFW09,GS DIVERSIFIED FUNDING LLC
T2ZG1WRWZ4BUCMQL9224,"THE GAP, INC."
T33OE4AS4QXXS2TT7X50,ICE CLEAR CREDIT LLC
T558DTCZ76WU46MG6W68,"Arrow Reinsurance Company, Limited"
T5UYO5SYLC8K73MJQX30,City of Chicago
T68X8LLAQYRNDV034K14,United Community Bank
T6FIZBDPKLYJKFCRVK44,UBS SECURITIES LLC
TAE73CY392TBWJ3O3305,NEW YORK LIFE INSURANCE COMPANY
TC7LRO17HPNPLTAV0H77,NEW SOUTH WALES TREASURY CORPORATION
TE95MP18LLV7KCA03I56,SWISS RE FINANCIAL PRODUCTS CORPORATION
TGK3KJG6UJLG6VRMTI83,PINE RIVER CAPITAL MANAGEMENT L.P.
TGXMDCOL1HNZDMIM4I06,"STATE STREET GLOBAL ADVISORS, AUSTRALIA, LIMITED"
TIJEY45X097ZK7UNQS80,"DAVIDSON KEMPNER EUROPEAN PARTNERS, LLP"
TINT358G1SSHR3L3PW36,ANGLO AMERICAN CAPITAL PLC
TKB215ALODPWJCGKWC47,INTERACTIVE INVESTOR SERVICES LIMITED
TKPE0FGSGCIV1TZ04B42,Swisscanto Fondsleitung AG
TKT6FH38184ZYBTPKS77,Rockland Trust Company
TL2N6M87CW970S5SV098,NATURGY ENERGY GROUP SA
TNWE6LERP1CI9IDAZB80,"D. E. SHAW & CO., L.P."
TO822O0VT80V06K0FH57,CAIXA GERAL DE DEPÓSITOS S.A.
TPS0Q8GFSZF45ZZFL873,Société Générale Luxembourg
TQFFKDBY0PPZVC5WE666,BANCO BOCOM BBM S.A.
TQGGX44O6QNOWG6KDA63,SOUND POINT LUNA LLC
TR24TWEY5RVRQV65HD49,"Santander Bank, N.A."
TU5V87TL5Q0UV1EW4H93,FCE BANK PLC
TUJEXRL8G554770XYV09,KBC INVESTMENTS LIMITED
TUKDD90GPC79G1KOE162,Hamburg Commercial Bank AG
TVJ8SHLIZL0RGWGDTN03,"SMBC CAPITAL MARKETS, INC."
TWBHJZDB2TYBXZPLM625,KEYRIDGE ASSET MANAGEMENT LIMITED
TXDSU46SXBWIGJ8G8E98,RBC EUROPE LIMITED
TZY4KQ6WP35IRETGM191,THE STATE BANK OF PAKISTAN
U0HUTGM2UEREXFHM6H12,Canada Post Corporation Registered Pension Plan
U18EU85S5BE6LJPFV937,ING AM INTERFINANCE SERVICES B.V.
U2RJRI7ZJKFU8SBMUZ02,NUFCOR INTERNATIONAL LIMITED
U4CM8G7R81JF4FNVS566,P. SCHOENFELD ASSET MANAGEMENT LP
U4ONQX15J3RO8XCKE979,"RAYMOND JAMES & ASSOCIATES, INC."
U5GM11MGWU2W8SI6OD15,BANCO CENTRAL DE CHILE
U7M81AY481YLIOR75625,MUFG SECURITIES EMEA PLC
U8K0SDHEW2A30M4SPI26,"Banco Citibank (Panama), S.A."
UAIAINAJ28P30E5GWE37,BGL BNP Paribas
UCPL15L0T7IZTJH6UT16,Caisse de retraite d'Hydro-Québec
UE2136O97NLB5BYP9H04,MCDONALD'S CORPORATION
UGKYQUOFW6QSIS3P4P93,LEGO SYSTEM A/S
UI802FYJ52XDB7N4KN18,BANCA NAZIONALE DEL LAVORO S.P.A. O IN FORMA CONTRATTA BNL S.P.A.
UKZ46SXGNYCZK0UOZE76,Corporación Andina de Fomento
UL01OYG5OMLM5G6CFM03,ATKINSRÉALIS GROUP INC.
UNNSMVDGOK7RJKJZAU82,GS Capital Funding Ltd
UNYGG3DC3W0FZQWM1779,ИНГ БАНК (ЕВРАЗИЯ) АКЦИОНЕРНОЕ ОБЩЕСТВО
UP4PYCBEYT1VDFFKZW28,"TWEEDY, BROWNE COMPANY LLC"
UPMVBH3EU3LS6P1KR697,"Amerant Bank, National Association"
UQZ4EDMHL4ZESPZY3752,MOTIVA ENTERPRISES LLC
UU497BMAZ1ZKIT3YNT03,FIL Investments International
UUUAZ6TU8W2Q6HG0WH41,"Dandelion Payments, Inc."
UVCP0ONBRH8AI9HEYC97,Teacher Retirement System Of Texas
UWJKFUJFZ02DKWI3RY53,THE COCA-COLA COMPANY
UWW8KS1LHU1Y53BO4861,Pensionskasse des Bundes PUBLICA
UWZVXQ7RYVASQWHGSK83,GOLDMAN SACHS FOREIGN EXCHANGE (SINGAPORE) LLP
UXIATLMNPCXXT5KR1S08,BANK FÜR INTERNATIONALEN ZAHLUNGSAUSGLEICH
V0VY22PV9D0HFTF8EI62,SPARKASSE OBERÖSTERREICH BANK AG
V48XYRSNOB3HY0J4NK61,INTESA SANPAOLO IMI SECURITIES CORP.
V4YIID3C9LS8K1QHH057,The Board of the Pension Protection Fund
VA9A2N6HFS91CU3OYI58,BANK OF AMERICA SINGAPORE LIMITED
VB7RXNZGO6KVDABYB880,MORGAN STANLEY CAPITAL GROUP INC.
VBHFXSYT7OG62HNT8T76,BANQUE FEDERATIVE DU CREDIT MUTUEL
VDYMYTQGZZ6DU0912C88,BAYERISCHE LANDESBANK
VF1AUT09OCSW5Y7OE568,"GOLDMAN SACHS FINANCIAL MARKETS, L.P."
VGB4JDQHF6JTNV02DJ20,CITIBANK SINGAPORE LIMITED
VGK36I3HQLFBS6HGLO94,N. M. ROTHSCHILD & SONS LIMITED
VGO3WGL8H45T73F4RR92,"HENRY SCHEIN, INC."
VGRQXHF3J8VDLUA7XE92,INTERNATIONAL BUSINESS MACHINES CORPORATION
VISE071ADXGCST1W4H53,BOSE CORPORATION
VJ7YGYZZGIKEBSVIZU31,中華民國中央銀行
VKU1UKDS9E7LYLMACP54,Inter-American Development Bank
VLR6T6E60GH5GUS0XX16,MORGAN STANLEY SECURITIES LIMITED
VMDPCBOQ43W3PZTYZL93,Middlesex Savings Bank
VMQ5TW8ZKH9FK4NGPY42,NOMURA INVESTMENT MANAGEMENT BUSINESS TRUST
VN1JLT1F3FLLVN3FZG89,First Commonwealth Bank
VNJ8GUF91FD6KSMJCG78,J.P. Morgan (Suisse) SA
VNOO6EITDJ2YUEBMSZ83,"UMB Bank, National Association"
VR4B1033DFSW6GD35B69,"RAMIUS ADVISORS, L.L.C."
VURY5GY8X0LH5X1N8S52,Accident Compensation Corporation
VVT2B79I2Z4U3R6BY589,AON GLOBAL LIMITED
VVTM7QTMTM782I8PXM66,Banque J. Safra Sarasin (Luxembourg) SA
VWMYAEQSTOPNV0SUGU82,BANKINTER SOCIEDAD ANONIMA
VX43JDHPWL0M8GQ0QU45,"Публичное акционерное общество ""Банк ПСБ"""
VY0GIYI3352UC4XOP168,State of Wisconsin Investment Board
VYVVCKR63DVZZN70PB21,"WELLS FARGO SECURITIES, LLC"
W0IG4VKGKE8BV0Q3ML15,Fondo de Garantías de Instituciones Financieras
W22LROWP2IHZNBB6K528,GOLDMAN SACHS INTERNATIONAL
W2RVX391BFSQJQAGEM62,CREDIT COOPERATIF
W36P7R5BB3PLKR2CEY21,VARIANCE CAPITAL ASSET MANAGEMENT LLP
W38RGI023J3WT1HWRP32,Siemens Aktiengesellschaft
W463RBJCCG6EN0SH0D70,LYXOR/BLACK DIAMOND ARBITRAGE FUND LIMITED
W51AX6427FJZJFPF8H34,BNP PARIBAS ASSET MANAGEMENT EUROPE
W7C6N01L2N24B4TYEO11,"GS FINANCIAL SERVICES II, LLC"
W7L3VLU8EHQY34Z36697,BOMBARDIER INC.
W85O53OGKSNJNYNJES25,HSBC GLOBAL ASSET MANAGEMENT (FRANCE)
W9NG6WMZIYEU8VEDOG48,ØRSTED A/S
WAM6YERMS7OXFZUOY219,LCH.CLEARNET LLC
WBY05W75IL9CPDJW0453,"BAIN CAPITAL CREDIT, LP"
WDJNR2L6D8RWOEB8T652,TEXAS INSTRUMENTS INCORPORATED
WE0I402RW25AU38DTI13,Banner Bank
WGII3666BEDR02O24131,NOMURA BANK INTERNATIONAL PLC.
WHENKOULSSK7WUM60H03,WHIRLPOOL CORPORATION
WHKXQACZ14C5XRO8LW03,HP INC.
WHNDYF9DQS0MLKC7XL76,APG ASSET MANAGEMENT US INC.
WI2LX3UJCNUVBTJ0PY28,DYSON FINANCE LIMITED
WJHQ8HJCNBR1V6EQ1R27,AVIVA INVESTORS GLOBAL SERVICES LIMITED
WK4GSNIW4D0EC2DB7Z69,"American Family Mutual Insurance Company, S.I."
WM8HZVNQD6SIY7TWON61,"INGALLS & SNYDER, LLC"
WOCMU6HCI0OJWNPRZS33,ENEL - SPA
WOPZ3KWZW5JSJMG3U094,"R.J. O'BRIEN & ASSOCIATES, LLC"
WRJR7GS4GTRECRRTVX92,CATERPILLAR INC.
WV0OVGBTLUP1XIUJE722,"Webster Bank, National Association"
WVM1F03F86RQLLTEVE84,EagleBank
WWB2V0FCW3A0EE3ZJN75,Manufacturers and Traders Trust Company
WWJYKHS2UNKSDW8XLB53,First Hawaiian Bank
WXD0EHQRPI7HKN3I5T57,YORKSHIRE BUILDING SOCIETY
WZXENZYOKU8NUC8FYC12,OMNI PARTNERS LLP
X0V79C0OOSCP8T3CJZ56,CARMIGNAC GESTION
X0XUGKC9FD2CYUQNC010,株式会社あおぞら銀行
X1H61UOUXUPKXR51OV18,"GOLDMAN SACHS MITSUI MARINE DERIVATIVE PRODUCTS, L.P."
X2EUTZGMHS8RBQFIUS93,BANCO VOTORANTIM S.A.
X2RCP68VSVZIHLC2RN17,LOCKHEED MARTIN INVESTMENT MANAGEMENT COMPANY
X3CZP3CK64YBHON1LE12,NATWEST MARKETS N.V.
X57JK1U580XATGR67572,ROLLS-ROYCE PLC
X5AV1MBDXGRPX5UGMX13,STANDARD CHARTERED BANK (HONG KONG) LIMITED
X66BE8MK2LLDJM6D6D64,"OLD WEST INVESTMENT MANAGEMENT, LLC"
X6T32LKEPUT8LQMW6755,Republic Bank & Trust Company
X87LBO0OFEU7S3WI0T57,INVESCO ASSET MANAGEMENT LIMITED
X8NPN6PWJOM1QCTYFV34,TRANS UNION LLC
X8V2II80XTQHRH7NCB19,Eastern Bank
XC7Z0BA39TU7L1AKOJ12,First American Bank
XCJQ23OWIJNLHN7RQC93,URENCO LIMITED
XDFJ0CYCOO1FXRFTQS51,Fresenius SE & Co. KGaA
XEIEFTLYDQ1MZ6TZV015,CHS Inc.
XHHJLS4K4RE32QO2EY65,CITIGROUP GLOBAL MARKETS MAURITIUS PRIVATE LIMITED
XI1AXH5I1HKZ3EV6RB78,ELQ INVESTORS II LTD
XILNWRPRTWRS0ELWD465,THE GREAT EASTERN LIFE ASSURANCE COMPANY LIMITED
XJC7517PZOP2KEVT5Z73,"CARLSON CAPITAL, L.P."
XJCRTTYJVBMA22IXL619,Bank of Hawaii
XJI53DCPL7QABOWK4Z75,"AVNET, INC."
XKZZ2JZF41MRHTR1V493,CITIGROUP GLOBAL MARKETS LIMITED
XLEZHWWOI4HFQDGL4793,BANK HANDLOWY W WARSZAWIE SPÓŁKA AKCYJNA
XPSKD1VTEQPKCHBEKQ95,野村證券株式会社
XSEIVPHR09PO48CVIT31,VITOL ASIA PTE LTD
XTC5E2QFTEF0435JWL77,NEDERLANDSE FINANCIERINGS-MAATSCHAPPIJ VOOR ONTWIKKELINGSLANDEN N.V.
XUQGBG45F6A0S031JI10,SMBC DERIVATIVE PRODUCTS LIMITED
XZYM01I1402576QWNU05,SCHRODER & CO. LIMITED
XZYUUT6IYN31D9K77X08,J.P. Morgan Structured Products B.V.
Y28RT6GGYJ696PMW8T44,UNICREDIT BANK HUNGARY ZRT.
Y64HK18CMXIV6KGY3S63,LONE PINE CAPITAL LLC
Y6ZDD9FP4P8JSSJMW954,BOSTON SCIENTIFIC CORPORATION
Y87794H0US1R65VBXU25,WALMART INC.
Y8Q4DL57WLZZ2M8L0J36,"VARDE MANAGEMENT, L.P."
YAWJZJYEQ7M1SYMOS462,TEREX CORPORATION
YCZ8C13B1NIESD9DNZ63,"SABA CAPITAL MANAGEMENT, L.P."
YD1UKK50ZKDG6RHUUW75,RABOBANK AUSTRALIA LIMITED
YECGIQFQIWLO416X9K03,"WCG Management, L.P."
YF5U1PMQND8LTA68GO19,BANCA POPOLARE DI SONDRIO (SUISSE) SA
YH0V7ZHY352ITDGEYB83,"Braskem Idesa, S.A.P.I."
YIC3WZ4VO0ZQ38Z36K22,GOLDMAN SACHS (SINGAPORE) PTE.
YJLNZ4REDJZWRWLDCF04,EVEREN CAPITAL CORPORATION
YJW4XPRSVL5L1ANG2086,CITIBANK CANADA
YMEGZFW4SBUSS5BQXF88,COLGATE-PALMOLIVE COMPANY
YMPRWNXSOB0OBFVWSR29,กองทุนบำเหน็จบำนาญข้าราชการ
YMUU1WGHJKORF9E36I98,"INTERMONTE SIM S.P.A. SIGLABILE ANCHE COME ""INTERMONTE - SOCIETA' DI INTERMEDIAZIONE MOBILIARE S.P.A."" ""INTERMONTE SOCIETA' DI INTERMEDIAZIONE MO BILIARE P.A."" ""INTERMONTE SIMPA"" ""INTERMONTE SIM"""
YN1R0VWIBDPXRJR4IY48,Citigroup Global Markets Asia Limited
YNC1ROWOECDOX6CEPL81,GOLDMAN SACHS CREDIT PARTNERS L.P.
YP72O3NKHJPQEEM7IG98,MELLON INVESTMENTS CORPORATION
YPDWHPJEN355HAXY7F78,Colorado Public Employees' Retirement Association
YPYKXXTR8TFDH54ZMB45,"WOODWARD, INC."
YQI2CPR3Z44KAR0HG822,The Park Bank
YSNZLTNDXKLPB9QGOZ10,AVIVA INTERNATIONAL INSURANCE LIMITED
YUEDD7W89PH0FV8Q2S28,BANK OF ENGLAND
YVC19L6NOWRA51XIKW06,HARRIS ASSOCIATES L.P.
YVE6V0WZG64JLXC7QM27,Sumitomo Mitsui Trust Bank (U.S.A.) Limited
YVKDD31NE51M8HDJRZ58,SARASIN & PARTNERS LLP
YYPPRNO5HB304LHFVG31,GOOGLE IRELAND LIMITED
YZ5LCPJYQSK6OCUD1D21,بنك صحار الدولي
YZO9YEGEO4VYDZMDWF93,בנק מזרחי טפחות בעמ
Z01USBBL6F1B8YY65Y44,J.P. MORGAN INTERNATIONAL DERIVATIVES LTD.
Z06S12H6N9QRJ8HHN626,MORGAN STANLEY BANK INTERNATIONAL LIMITED
Z0MI2JT14K8OXYZWX446,ING CAPITAL MARKETS LLC
Z15BMIOX8DDH0X2OBP21,THE SHERWIN-WILLIAMS COMPANY
Z2VZBHUMB7PWWJ63I008,TOYOTA MOTOR CREDIT CORPORATION
Z3MU650ZFGLYFSRINB42,"ALLSPRING GLOBAL INVESTMENTS GP, LLC"
Z6MHCSLXHKYG4B6PHW02,Export Development Canada
Z7LVXXWM8HZPKF5T2355,NATIONWIDE MUTUAL INSURANCE COMPANY
Z7MH1W2L9XB781A36156,PGGM VERMOGENSBEHEER B.V.
Z9B60TNDM8U1G327S712,"BAIN CAPITAL CREDIT, LTD."
ZAYQDKTCATIXF9OQY690,Firstrand Bank
ZBU7VFV5NIMN4ILRFC23,CANACCORD GENUITY LIMITED
ZBUT11V806EZRVTWT807,J.P. MORGAN SECURITIES LLC
ZE2ZWJ5BTIQJ8M0C6K34,NATWEST MARKETS SECURITIES INC.
ZF85QS7OXKPBG52R7N18,"Associated Bank, National Association"
ZI8Q1A8EI8LQFJNM0D94,PERSHING LLC
ZIOWCTVW4JM2K5HXCC78,KIRKOSWALD CAPITAL MANAGEMENT LIMITED
ZK20IRVULVW9FAFTDD35,BayernInvest Kapitalverwaltungsgesellschaft mbH
ZKNTRMKPV369G3GYL686,LMR PARTNERS LLP
ZLECI7ED2QMWFGYCXZ59,ITV PLC
ZMHGNT7ZPKZ3UFZ8EO46,State Street Bank International GmbH
ZNHTL6O2WODTKMPF1Z48,"Fore Research & Management, LP"
ZOMOLU8CGIZRYZ7PFU34,三菱UFJ証券ホールディングス株式会社
ZPI2XEZ4ZQ7KCRWLH953,"MUDRICK CAPITAL MANAGEMENT, L.P."
ZQUIP1CSZO8LXRBSOU78,THE DOW CHEMICAL COMPANY
ZS9HP6MR4W44MEAWG315,PICTET ASSET MANAGEMENT LIMITED
ZSK5S5FM60ONOHQC8V45,DRW INVESTMENTS (UK) LIMITED
ZSLF02UC3X1JFV1UX676,GOLDMAN SACHS PARIS INC ET CIE
ZTMSNXROF84AHWJNKQ93,International Bank for Reconstruction and Development
ZWLMVGRO8HNAFT1TJ507,AXIS SPECIALTY LIMITED
ZWNFQ48RUL8VJZ2AIC12,BGC BROKERS L.P.
ZX5LQJBHZ3NFEMZ34U07,LIFE TECHNOLOGIES CORPORATION
ZXLTQRYIK6IJH3R0IK66,BANCO BTG PACTUAL S.A.
ZXTNNR37O4UOIGYDYY55,MERRILL LYNCH BANK AND TRUST COMPANY (CAYMAN) LIMITED
ZXV72XFMG8HDWWYVKP59,"ARBOR RESEARCH & TRADING, LLC"
ZYD50HD5BLUKX115L075,INNIO Jenbacher GmbH & Co OG
ZYXJDNVM2JI3VBM8G556,AMPLIFON S.P.A.
